path	authority	rows	first	last	licence	source note (first comment lines)
archive/tables/moral-auth-mena/gulfA/off-awqaf-abudhabi-2014.txt	AE-AWQAF	209	2013-04-11	2014-12-22	restricted or unknown: kept out of the public repo	Awqaf UAE, Abu Dhabi city monthly tables 2013-2014 (archived PDFs from awqaf.gov.ae/Uploads/prayertimes/). F S D A M I [imsak]
archive/tables/round/data-gulf-egypt/off-ae-awqaf-abudhabi-20260925.txt	AE-AWQAF	1	2026-09-25	2026-09-25	restricted or unknown: kept out of the public repo	Awqaf UAE https://www.awqaf.gov.ae/prayer-times (أبوظبي / أبوظبي), read 2026-09-25 in a browser
archive/tables/round/data-gulf-egypt/off-ae-awqaf-ajman-20260925.txt	AE-AWQAF	1	2026-09-25	2026-09-25	restricted or unknown: kept out of the public repo	Awqaf UAE https://www.awqaf.gov.ae/prayer-times (عجمان / عجمان), read 2026-09-25 in a browser
archive/tables/round/data-gulf-egypt/off-ae-awqaf-alain-20260925.txt	AE-AWQAF	1	2026-09-25	2026-09-25	restricted or unknown: kept out of the public repo	Awqaf UAE https://www.awqaf.gov.ae/prayer-times (أبوظبي / العين), read 2026-09-25 in a browser
archive/tables/round/data-gulf-egypt/off-ae-awqaf-dibba-20260925.txt	AE-AWQAF	1	2026-09-25	2026-09-25	restricted or unknown: kept out of the public repo	Awqaf UAE https://www.awqaf.gov.ae/prayer-times (الفجيرة / الفجيرة دبا البدية), read 2026-09-25 in a browser
archive/tables/round/data-gulf-egypt/off-ae-awqaf-fujairah-20260925.txt	AE-AWQAF	1	2026-09-25	2026-09-25	restricted or unknown: kept out of the public repo	Awqaf UAE https://www.awqaf.gov.ae/prayer-times (الفجيرة / الفجيرة), read 2026-09-25 in a browser
archive/tables/round/data-gulf-egypt/off-ae-awqaf-rak-20260925.txt	AE-AWQAF	1	2026-09-25	2026-09-25	restricted or unknown: kept out of the public repo	Awqaf UAE https://www.awqaf.gov.ae/prayer-times (رأس الخيمة / رأس الخيمة), read 2026-09-25 in a browser
archive/tables/round/data-gulf-egypt/off-ae-awqaf-ruwais-20260925.txt	AE-AWQAF	1	2026-09-25	2026-09-25	restricted or unknown: kept out of the public repo	Awqaf UAE https://www.awqaf.gov.ae/prayer-times (أبوظبي / الرويس الشويهات), read 2026-09-25 in a browser
archive/tables/round/data-gulf-egypt/off-ae-awqaf-sharjah-20260925.txt	AE-AWQAF	1	2026-09-25	2026-09-25	restricted or unknown: kept out of the public repo	Awqaf UAE https://www.awqaf.gov.ae/prayer-times (الشارقة / الشارقة), read 2026-09-25 in a browser
archive/tables/round/data-gulf-egypt/off-ae-awqaf-uaq-20260925.txt	AE-AWQAF	1	2026-09-25	2026-09-25	restricted or unknown: kept out of the public repo	Awqaf UAE https://www.awqaf.gov.ae/prayer-times (أم القيوين / أم القيوين), read 2026-09-25 in a browser
archive/tables/round/data-gulf-egypt/off-ae-awqaf-zayedcity-20260925.txt	AE-AWQAF	1	2026-09-25	2026-09-25	restricted or unknown: kept out of the public repo	Awqaf UAE https://www.awqaf.gov.ae/prayer-times (أبوظبي / مدينة زايد), read 2026-09-25 in a browser
archive/tables/moral-auth-world/namerica/us-east/masjid-manhattan.txt	US-MOSQUE	365	2026-01-01	2026-12-31	restricted or unknown: kept out of the public repo	
archive/tables/round/data-gulf-egypt/off-ae-iacad-dubai-2026.txt	AE-IACAD	365	2026-01-01	2026-12-31	restricted or unknown: kept out of the public repo	UAE, Dubai IACAD (Islamic Affairs & Charitable Activities Dept) official times, dubai. Source: Wayback Machine captures of https://www.iacad.gov.ae/Documents/Prayer%20Timings%20-%20Dubai%20<year>.xlsx (live site Cloudflare-blocks scripted access), fetched 2026-09-25; files: iacad-Dubai_2022.xlsx (36
archive/tables/round/data-gulf-egypt/off-ae-iacad-dubai-2027.txt	AE-IACAD	365	2027-01-01	2027-12-31	restricted or unknown: kept out of the public repo	DERIVED: IACAD perpetual table (dubai) assigned to 2027 dates (same month-day times every year)
archive/tables/round/data-gulf-egypt/off-ae-iacad-dubai-2028.txt	AE-IACAD	366	2028-01-01	2028-12-31	restricted or unknown: kept out of the public repo	DERIVED: IACAD perpetual table (dubai) assigned to 2028 dates (same month-day times every year)
archive/tables/round/data-gulf-egypt/off-ae-iacad-dubai-2029.txt	AE-IACAD	365	2029-01-01	2029-12-31	restricted or unknown: kept out of the public repo	DERIVED: IACAD perpetual table (dubai) assigned to 2029 dates (same month-day times every year)
archive/tables/round/data-gulf-egypt/off-ae-iacad-dubai.txt	AE-IACAD	1273	2022-01-01	2025-06-26	restricted or unknown: kept out of the public repo	UAE, Dubai IACAD (Islamic Affairs & Charitable Activities Dept) official times, dubai. Source: Wayback Machine captures of https://www.iacad.gov.ae/Documents/Prayer%20Timings%20-%20Dubai%20<year>.xlsx (live site Cloudflare-blocks scripted access), fetched 2026-09-25; files: iacad-Dubai_2022.xlsx (36
archive/tables/round/data-gulf-egypt/off-ae-iacad-dubairural-2026.txt	AE-IACAD	365	2026-01-01	2026-12-31	restricted or unknown: kept out of the public repo	UAE, Dubai IACAD (Islamic Affairs & Charitable Activities Dept) official times, dubairural. Source: Wayback Machine captures of https://www.iacad.gov.ae/Documents/Prayer%20Timings%20-%20Dubai%20Rural%20<year>.xlsx (live site Cloudflare-blocks scripted access), fetched 2026-09-25; files: iacad-Dubai_
archive/tables/round/data-gulf-egypt/off-ae-iacad-dubairural.txt	AE-IACAD	1273	2022-01-01	2025-06-26	restricted or unknown: kept out of the public repo	UAE, Dubai IACAD (Islamic Affairs & Charitable Activities Dept) official times, dubairural. Source: Wayback Machine captures of https://www.iacad.gov.ae/Documents/Prayer%20Timings%20-%20Dubai%20Rural%20<year>.xlsx (live site Cloudflare-blocks scripted access), fetched 2026-09-25; files: iacad-Dubai_
archive/tables/round/data-gulf-egypt/off-ae-iacad-hatta-2026.txt	AE-IACAD	365	2026-01-01	2026-12-31	restricted or unknown: kept out of the public repo	UAE, Dubai IACAD (Islamic Affairs & Charitable Activities Dept) official times, hatta. Source: Wayback Machine captures of https://www.iacad.gov.ae/Documents/Prayer%20Timings%20-%20Hatta%20<year>.xlsx (live site Cloudflare-blocks scripted access), fetched 2026-09-25; files: iacad-Hatta_2025.xlsx (17
archive/tables/round/data-gulf-egypt/off-ae-iacad-hatta-2027.txt	AE-IACAD	365	2027-01-01	2027-12-31	restricted or unknown: kept out of the public repo	DERIVED: IACAD perpetual table (hatta) assigned to 2027 dates (same month-day times every year)
archive/tables/round/data-gulf-egypt/off-ae-iacad-hatta-2028.txt	AE-IACAD	366	2028-01-01	2028-12-31	restricted or unknown: kept out of the public repo	DERIVED: IACAD perpetual table (hatta) assigned to 2028 dates (same month-day times every year)
archive/tables/round/data-gulf-egypt/off-ae-iacad-hatta-2029.txt	AE-IACAD	365	2029-01-01	2029-12-31	restricted or unknown: kept out of the public repo	DERIVED: IACAD perpetual table (hatta) assigned to 2029 dates (same month-day times every year)
archive/tables/round/data-gulf-egypt/off-ae-iacad-hatta.txt	AE-IACAD	908	2023-01-01	2025-06-26	restricted or unknown: kept out of the public repo	UAE, Dubai IACAD (Islamic Affairs & Charitable Activities Dept) official times, hatta. Source: Wayback Machine captures of https://www.iacad.gov.ae/Documents/Prayer%20Timings%20-%20Hatta%20<year>.xlsx (live site Cloudflare-blocks scripted access), fetched 2026-09-25; files: iacad-Hatta_2025.xlsx (17
archive/tables/moral-auth-mena/gulfA/off-kt-abu-dhabi.txt	AE-KT-SECONDARY	30	2026-09-01	2026-09-30	restricted or unknown: kept out of the public repo	Khaleej Times abu-dhabi, current month (source not credited on page) https://www.khaleejtimes.com/prayer-time-uae/abu-dhabi
archive/tables/moral-auth-mena/gulfA/off-kt-dubai.txt	AE-KT-SECONDARY	30	2026-09-01	2026-09-30	restricted or unknown: kept out of the public repo	Khaleej Times dubai, current month (source not credited on page) https://www.khaleejtimes.com/prayer-time-uae/dubai
archive/tables/moral-auth-mena/gulfA/off-kt-fujairah.txt	AE-KT-SECONDARY	30	2026-09-01	2026-09-30	restricted or unknown: kept out of the public repo	Khaleej Times fujairah, current month (source not credited on page) https://www.khaleejtimes.com/prayer-time-uae/fujairah
archive/tables/moral-auth-mena/gulfA/off-kt-ras-al-khaimah.txt	AE-KT-SECONDARY	30	2026-09-01	2026-09-30	restricted or unknown: kept out of the public repo	Khaleej Times ras-al-khaimah, current month (source not credited on page) https://www.khaleejtimes.com/prayer-time-uae/ras-al-khaimah
archive/tables/moral-auth-mena/gulfA/off-kt-sharjah.txt	AE-KT-SECONDARY	30	2026-09-01	2026-09-30	restricted or unknown: kept out of the public repo	Khaleej Times sharjah, current month (source not credited on page) https://www.khaleejtimes.com/prayer-time-uae/sharjah
archive/tables/off-kt-dubai-sep.txt	AE-KT-SECONDARY	30	2026-09-01	2026-09-30	restricted or unknown: kept out of the public repo	Khaleej Times Dubai, September 2026 (source not credited on page)
archive/tables/off-kt-dubai.txt	AE-KT-SECONDARY	2	2026-09-24	2026-09-25	restricted or unknown: kept out of the public repo	
archive/tables/round/data-gulf-egypt/off-ae-kt-abudhabi-sep2026.txt	AE-KT-SECONDARY	30	2026-09-01	2026-09-30	restricted or unknown: kept out of the public repo	Khaleej Times https://www.khaleejtimes.com/prayer-time-uae/abu-dhabi fetched 2026-09-25 (source not credited on page)
archive/tables/round/data-gulf-egypt/off-ae-kt-ajman-sep2026.txt	AE-KT-SECONDARY	30	2026-09-01	2026-09-30	restricted or unknown: kept out of the public repo	Khaleej Times https://www.khaleejtimes.com/prayer-time-uae/ajman fetched 2026-09-25 (source not credited on page)
archive/tables/round/data-gulf-egypt/off-ae-kt-dubai-sep2026.txt	AE-KT-SECONDARY	30	2026-09-01	2026-09-30	restricted or unknown: kept out of the public repo	Khaleej Times https://www.khaleejtimes.com/prayer-time-uae/dubai fetched 2026-09-25 (source not credited on page)
archive/tables/round/data-gulf-egypt/off-ae-kt-fujairah-sep2026.txt	AE-KT-SECONDARY	30	2026-09-01	2026-09-30	restricted or unknown: kept out of the public repo	Khaleej Times https://www.khaleejtimes.com/prayer-time-uae/fujairah fetched 2026-09-25 (source not credited on page)
archive/tables/round/data-gulf-egypt/off-ae-kt-rasalkhaimah-sep2026.txt	AE-KT-SECONDARY	30	2026-09-01	2026-09-30	restricted or unknown: kept out of the public repo	Khaleej Times https://www.khaleejtimes.com/prayer-time-uae/ras-al-khaimah fetched 2026-09-25 (source not credited on page)
archive/tables/round/data-gulf-egypt/off-ae-kt-sharjah-sep2026.txt	AE-KT-SECONDARY	30	2026-09-01	2026-09-30	restricted or unknown: kept out of the public repo	Khaleej Times https://www.khaleejtimes.com/prayer-time-uae/sharjah fetched 2026-09-25 (source not credited on page)
archive/tables/round/data-gulf-egypt/off-ae-kt-ummalquwain-sep2026.txt	AE-KT-SECONDARY	30	2026-09-01	2026-09-30	restricted or unknown: kept out of the public repo	Khaleej Times https://www.khaleejtimes.com/prayer-time-uae/umm-al-quwain fetched 2026-09-25 (source not credited on page)
archive/tables/moral-auth-world/europe/verify/kmsh-tirana.txt	AL-KMSH	365	2026-01-01	2026-12-31	restricted or unknown: kept out of the public repo	
archive/tables/moral-auth-world/europe/nordic/off-iggo-wien.txt	AT-IGGO	184	2026-03-01	2026-12-31	restricted or unknown: kept out of the public repo	
archive/tables/moral-auth-world/europe/verify/iggoe-wien.txt	AT-IGGO	122	2026-03-01	2026-12-31	restricted or unknown: kept out of the public repo	
archive/tables/moral-auth-world/africaoceania/lma-1448.txt	AU-LMA	349	2026-06-16	2027-06-05	restricted or unknown: kept out of the public repo	
archive/tables/moral-auth-world/lakemba-nodst.txt	AU-LMA	30	2026-10-01	2026-10-31	restricted or unknown: kept out of the public repo	
archive/tables/off-lakemba-oct.txt	AU-LMA	31	2026-10-01	2026-10-31	restricted or unknown: kept out of the public repo	
archive/tables/moral-auth-world/europe/verify/vk-banjaluka-2026.txt	BA-IZ	365	2026-01-01	2026-12-31	restricted or unknown: kept out of the public repo	
archive/tables/moral-auth-world/europe/verify/vk-bihac-2026.txt	BA-IZ	365	2026-01-01	2026-12-31	restricted or unknown: kept out of the public repo	
archive/tables/moral-auth-world/europe/verify/vk-sarajevo-2026.txt	BA-IZ	365	2026-01-01	2026-12-31	restricted or unknown: kept out of the public repo	
archive/tables/moral-auth-world/europe/verify/vk-sarajevo-base-old.txt	BA-IZ	365	2026-01-01	2026-12-31	restricted or unknown: kept out of the public repo	
archive/tables/moral-auth-world/europe/verify/vk-sarajevo-base.txt	BA-IZ	365	2026-01-01	2026-12-31	restricted or unknown: kept out of the public repo	
archive/tables/off-vaktija-sarajevo.txt	BA-IZ	2	2026-09-25	2026-10-01	restricted or unknown: kept out of the public repo	
archive/tables/off-ifb-dhaka.txt	BD-IFB	5	2026-10-01	2026-10-30	restricted or unknown: kept out of the public repo	Islamic Foundation Bangladesh permanent Dhaka timetable, October rows (F S D A M I), read from the PDF image
archive/tables/moral-auth-world/europe/emb-2026.txt	BE-EMB	360	2026-01-01	2026-12-31	restricted or unknown: kept out of the public repo	
archive/tables/off-emb-oct.txt	BE-EMB	31	2026-10-01	2026-10-31	restricted or unknown: kept out of the public repo	
archive/tables/moral-auth-mena/gulfB/off-bh-1448.txt	BH-SCIA	355	2026-06-16	2027-06-05	restricted or unknown: kept out of the public repo	
archive/tables/moral-auth-world/namerica/canada/cal-calgary-islamic-centre-sw.txt	CA-MOSQUE	365	2026-01-01	2026-12-31	restricted or unknown: kept out of the public repo	
archive/tables/moral-auth-world/namerica/canada/cal-islamic-information-society.txt	CA-MOSQUE	365	2026-01-01	2026-12-31	restricted or unknown: kept out of the public repo	
archive/tables/moral-auth-world/namerica/canada/edm-al-medina-masjid.txt	CA-MOSQUE	365	2026-01-01	2026-12-31	restricted or unknown: kept out of the public repo	
archive/tables/moral-auth-world/namerica/canada/edm-al-omari-masjid.txt	CA-MOSQUE	365	2026-01-01	2026-12-31	restricted or unknown: kept out of the public repo	
archive/tables/moral-auth-world/namerica/canada/edm-assiddiq-islamic-center.txt	CA-MOSQUE	340	2026-01-01	2026-12-31	restricted or unknown: kept out of the public repo	
archive/tables/moral-auth-world/namerica/canada/edm-markaz-al-imam-malik.txt	CA-MOSQUE	365	2026-01-01	2026-12-31	restricted or unknown: kept out of the public repo	
archive/tables/moral-auth-world/namerica/canada/edm-masjid-al-ansar.txt	CA-MOSQUE	365	2026-01-01	2026-12-31	restricted or unknown: kept out of the public repo	
archive/tables/moral-auth-world/namerica/canada/edm-masjid-al-farooq.txt	CA-MOSQUE	365	2026-01-01	2026-12-31	restricted or unknown: kept out of the public repo	
archive/tables/moral-auth-world/namerica/canada/mtl-aisha-islamic-center.txt	CA-MOSQUE	365	2026-01-01	2026-12-31	restricted or unknown: kept out of the public repo	
archive/tables/moral-auth-world/namerica/canada/mtl-al-andalous.txt	CA-MOSQUE	365	2026-01-01	2026-12-31	restricted or unknown: kept out of the public repo	
archive/tables/moral-auth-world/namerica/canada/mtl-al-madinah-center.txt	CA-MOSQUE	365	2026-01-01	2026-12-31	restricted or unknown: kept out of the public repo	
archive/tables/moral-auth-world/namerica/canada/mtl-assuna-annabawiyah.txt	CA-MOSQUE	365	2026-01-01	2026-12-31	restricted or unknown: kept out of the public repo	
archive/tables/moral-auth-world/namerica/canada/mtl-canadian-islamic-center-aljamieh.txt	CA-MOSQUE	365	2026-01-01	2026-12-31	restricted or unknown: kept out of the public repo	
archive/tables/moral-auth-world/namerica/canada/mtl-ccml-longueuil.txt	CA-MOSQUE	365	2026-01-01	2026-12-31	restricted or unknown: kept out of the public repo	
archive/tables/moral-auth-world/namerica/canada/mtl-centre-islamique-badr.txt	CA-MOSQUE	365	2026-01-01	2026-12-31	restricted or unknown: kept out of the public repo	
archive/tables/moral-auth-world/namerica/canada/mtl-dar-al-arkam.txt	CA-MOSQUE	365	2026-01-01	2026-12-31	restricted or unknown: kept out of the public repo	
archive/tables/moral-auth-world/namerica/canada/mtl-islamic-center-west-island.txt	CA-MOSQUE	365	2026-01-01	2026-12-31	restricted or unknown: kept out of the public repo	
archive/tables/moral-auth-world/namerica/canada/mtl-islamic-centre-of-quebec-icq.txt	CA-MOSQUE	365	2026-01-01	2026-12-31	restricted or unknown: kept out of the public repo	
archive/tables/moral-auth-world/namerica/canada/mtl-islamic-services-of-quebec.txt	CA-MOSQUE	365	2026-01-01	2026-12-31	restricted or unknown: kept out of the public repo	
archive/tables/moral-auth-world/namerica/canada/mtl-kbw-laval.txt	CA-MOSQUE	365	2026-01-01	2026-12-31	restricted or unknown: kept out of the public repo	
archive/tables/moral-auth-world/namerica/canada/mtl-mac-al-rawdah.txt	CA-MOSQUE	365	2026-01-01	2026-12-31	restricted or unknown: kept out of the public repo	
archive/tables/moral-auth-world/namerica/canada/mtl-masjid-al-salam.txt	CA-MOSQUE	365	2026-01-01	2026-12-31	restricted or unknown: kept out of the public repo	
archive/tables/moral-auth-world/namerica/canada/mtl-masjid-makkah-al-mukarramah.txt	CA-MOSQUE	365	2026-01-01	2026-12-31	restricted or unknown: kept out of the public repo	
archive/tables/moral-auth-world/namerica/canada/mtl-masjid-taiba.txt	CA-MOSQUE	365	2026-01-01	2026-12-31	restricted or unknown: kept out of the public repo	
archive/tables/moral-auth-world/namerica/canada/ott-abdullah-issa-masjid.txt	CA-MOSQUE	365	2026-01-01	2026-12-31	restricted or unknown: kept out of the public repo	
archive/tables/moral-auth-world/namerica/canada/ott-jami-omar.txt	CA-MOSQUE	214	2026-06-01	2026-12-31	restricted or unknown: kept out of the public repo	
archive/tables/moral-auth-world/namerica/canada/ott-kanata-muslim-association.txt	CA-MOSQUE	365	2026-01-01	2026-12-31	restricted or unknown: kept out of the public repo	
archive/tables/moral-auth-world/namerica/canada/ott-mac-abrar-masjid.txt	CA-MOSQUE	365	2026-01-01	2026-12-31	restricted or unknown: kept out of the public repo	
archive/tables/moral-auth-world/namerica/canada/ott-ottawa-main-mosque.txt	CA-MOSQUE	365	2026-01-01	2026-12-31	restricted or unknown: kept out of the public repo	
archive/tables/moral-auth-world/namerica/canada/ott-ottawa-south-mosque.txt	CA-MOSQUE	365	2026-01-01	2026-12-31	restricted or unknown: kept out of the public repo	
archive/tables/moral-auth-world/namerica/canada/tor-anatolia-islamic-centre.txt	CA-MOSQUE	365	2026-01-01	2026-12-31	restricted or unknown: kept out of the public repo	
archive/tables/moral-auth-world/namerica/canada/tor-icco-mississauga.txt	CA-MOSQUE	365	2026-01-01	2026-12-31	restricted or unknown: kept out of the public repo	
archive/tables/moral-auth-world/namerica/canada/tor-islamic-foundation-of-toronto.txt	CA-MOSQUE	365	2026-01-01	2026-12-31	restricted or unknown: kept out of the public repo	
archive/tables/moral-auth-world/namerica/canada/tor-islamic-institute-of-toronto.txt	CA-MOSQUE	365	2026-01-01	2026-12-31	restricted or unknown: kept out of the public repo	
archive/tables/moral-auth-world/namerica/canada/tor-islamic-society-of-markham.txt	CA-MOSQUE	365	2026-01-01	2026-12-31	restricted or unknown: kept out of the public repo	
archive/tables/moral-auth-world/namerica/canada/tor-jame-abu-bakr-siddique-sma.txt	CA-MOSQUE	70	2026-06-01	2026-12-10	restricted or unknown: kept out of the public repo	
archive/tables/moral-auth-world/namerica/canada/tor-mac-masjid-toronto-mawaqit.txt	CA-MOSQUE	365	2026-01-01	2026-12-31	restricted or unknown: kept out of the public repo	
archive/tables/moral-auth-world/namerica/canada/tor-madina-masjid-hilal.txt	CA-MOSQUE	365	2026-01-01	2026-12-31	restricted or unknown: kept out of the public repo	
archive/tables/moral-auth-world/namerica/canada/tor-taric-islamic-centre.txt	CA-MOSQUE	365	2026-01-01	2026-12-31	restricted or unknown: kept out of the public repo	
archive/tables/moral-auth-world/namerica/canada/van-eyup-sultan-mosque-burnaby.txt	CA-MOSQUE	365	2026-01-01	2026-12-31	restricted or unknown: kept out of the public repo	
archive/tables/moral-auth-world/namerica/canada/van-masjid-al-rahmah-bcma-surrey-east.txt	CA-MOSQUE	31	2025-10-01	2025-10-31	restricted or unknown: kept out of the public repo	
archive/tables/moral-auth-world/namerica/canada/van-masjid-al-salaam-bcma-burnaby-2015.txt	CA-MOSQUE	180	2015-07-01	2015-12-31	restricted or unknown: kept out of the public repo	
archive/tables/moral-auth-world/namerica/canada/van-surrey-jamea-masjid-bcma.txt	CA-MOSQUE	30	2026-09-01	2026-09-30	restricted or unknown: kept out of the public repo	
archive/tables/moral-auth-world/namerica/prior/mac-toronto-mawaqit-2026.txt	CA-MOSQUE	365	2026-01-01	2026-12-31	restricted or unknown: kept out of the public repo	
archive/tables/moral-auth-world/namerica/prior/mac-toronto-oct.txt	CA-MOSQUE	31	2026-10-01	2026-10-31	restricted or unknown: kept out of the public repo	
archive/tables/off-mac-toronto-oct.txt	CA-MOSQUE	31	2026-10-01	2026-10-31	restricted or unknown: kept out of the public repo	
archive/tables/moral-auth-world/centralasia/off_ast.txt	CENTRAL-ASIA	365	2026-01-01	2026-12-31	restricted or unknown: kept out of the public repo	
archive/tables/moral-auth-world/centralasia/off_mkh.txt	CENTRAL-ASIA	30	2026-09-01	2026-09-30	restricted or unknown: kept out of the public repo	
archive/tables/moral-auth-world/centralasia/off_tas.txt	CENTRAL-ASIA	14	2024-07-31	2026-09-25	restricted or unknown: kept out of the public repo	
archive/tables/moral-auth-world/centralasia/off_tas2.txt	CENTRAL-ASIA	18	2024-07-31	2026-09-25	restricted or unknown: kept out of the public repo	
archive/tables/moral-auth-world/centralasia/off_tas3.txt	CENTRAL-ASIA	2	2026-09-25	2026-09-26	restricted or unknown: kept out of the public repo	
archive/tables/moral-auth-world/europe/verify/fids-zh.txt	CH-FIDS	32	2026-09-25	2026-10-26	restricted or unknown: kept out of the public repo	
archive/tables/moral-auth-world/europe/igmg-berlin.txt	DE-IGMG	153	2026-09-01	2027-12-31	restricted or unknown: kept out of the public repo	
archive/tables/moral-auth-world/europe/nordic/off-hbkcc-cph-365.txt	DK-HBKCC	365	2026-01-01	2026-12-31	restricted or unknown: kept out of the public repo	
archive/tables/moral-auth-world/europe/nordic/off-hbkcc-cph-local.txt	DK-HBKCC	365	2026-01-01	2026-12-31	restricted or unknown: kept out of the public repo	
archive/tables/moral-auth-world/europe/nordic/off-hbkcc-cph.txt	DK-HBKCC	366	2026-01-01	2026-12-31	restricted or unknown: kept out of the public repo	
archive/tables/moral-auth-world/europe/verify/hbkcc-cph-local.txt	DK-HBKCC	365	2026-01-01	2026-12-31	restricted or unknown: kept out of the public repo	
archive/tables/moral-auth-world/europe/verify/hbkcc-cph.txt	DK-HBKCC	365	2026-01-01	2026-12-31	restricted or unknown: kept out of the public repo	
archive/tables/moral-auth-world/europe/nordic/off-wakf-cph-points.txt	DK-WAKF	5	2025-03-19	2026-09-25	restricted or unknown: kept out of the public repo	
archive/tables/agentB/alger_rabi2.txt	DZ-MARW	29	2026-09-13	2026-10-11	restricted or unknown: kept out of the public repo	Algiers, Ministry of Religious Affairs and Waqfs, official calendar 1448 AH (Alger.pdf page 5, Rabi' II 1448)
archive/tables/moral-auth-mena/maghreb/dz_adrar.txt	DZ-MARW	8	2026-09-13	2026-10-11	restricted or unknown: kept out of the public repo	
archive/tables/moral-auth-mena/maghreb/dz_alger1447.txt	DZ-MARW	8	2025-06-27	2025-12-05	restricted or unknown: kept out of the public repo	
archive/tables/moral-auth-mena/maghreb/dz_alger_all.txt	DZ-MARW	40	2026-06-16	2027-02-19	restricted or unknown: kept out of the public repo	
archive/tables/moral-auth-mena/maghreb/dz_djelfa.txt	DZ-MARW	8	2026-09-13	2026-10-11	restricted or unknown: kept out of the public repo	
archive/tables/off-alger.txt	DZ-MARW	29	2026-09-13	2026-10-11	restricted or unknown: kept out of the public repo	
archive/tables/round/data-maghreb-libya/dz/Adrar_ocr.txt	DZ-MARW	342	2026-06-16	2027-06-05	restricted or unknown: kept out of the public repo	
archive/tables/round/data-maghreb-libya/dz/Adrar_resolved.txt	DZ-MARW	355	2026-06-16	2027-06-05	restricted or unknown: kept out of the public repo	
archive/tables/round/data-maghreb-libya/dz/Alger_ocr.txt	DZ-MARW	342	2026-06-16	2027-06-05	restricted or unknown: kept out of the public repo	
archive/tables/round/data-maghreb-libya/dz/Alger_resolved.txt	DZ-MARW	355	2026-06-16	2027-06-05	restricted or unknown: kept out of the public repo	
archive/tables/round/data-maghreb-libya/dz/Djelfa_ocr.txt	DZ-MARW	332	2026-06-16	2027-06-05	restricted or unknown: kept out of the public repo	
archive/tables/round/data-maghreb-libya/dz/Djelfa_resolved.txt	DZ-MARW	355	2026-06-16	2027-06-05	restricted or unknown: kept out of the public repo	
archive/tables/round/data-maghreb-libya/off-marw-adrar.txt	DZ-MARW	355	2026-06-16	2027-06-05	restricted or unknown: kept out of the public repo	Algeria, Ministry of Religious Affairs and Waqfs, official calendar 1448 AH: https://marw.gov.dz/media/calendrier/1448/Adrar.pdf fetched 2026-09-25; OCR (tesseract, multi-pass vote) of the 12 month pages + manual checks; dates from the calendar's own month-start table
archive/tables/round/data-maghreb-libya/off-marw-alger.txt	DZ-MARW	355	2026-06-16	2027-06-05	restricted or unknown: kept out of the public repo	Algeria, Ministry of Religious Affairs and Waqfs, official calendar 1448 AH: https://marw.gov.dz/media/calendrier/1448/Alger.pdf fetched 2026-09-25; OCR (tesseract, multi-pass vote) of the 12 month pages + manual checks; dates from the calendar's own month-start table
archive/tables/round/data-maghreb-libya/off-marw-djelfa.txt	DZ-MARW	355	2026-06-16	2027-06-05	restricted or unknown: kept out of the public repo	Algeria, Ministry of Religious Affairs and Waqfs, official calendar 1448 AH: https://marw.gov.dz/media/calendrier/1448/Djelfa.pdf fetched 2026-09-25; OCR (tesseract, multi-pass vote) of the 12 month pages + manual checks; dates from the calendar's own month-start table
archive/tables/round/data-maghreb-libya/off-marw-oran.txt	DZ-MARW	355	2026-06-16	2027-06-05	restricted or unknown: kept out of the public repo	Algeria MARW 1448 calendar: Oran = Alger daily table (https://marw.gov.dz/media/calendrier/1448/Alger.pdf, fetched 2026-09-25) + the calendar's own monthly difference row for Oran (read from the page images). This is how the ministry publishes Oran: there is no separate daily table.
archive/tables/round/data-maghreb-libya/off-marw-tamanrasset.txt	DZ-MARW	355	2026-06-16	2027-06-05	restricted or unknown: kept out of the public repo	Algeria MARW 1448 calendar: Tamanrasset = Adrar daily table (https://marw.gov.dz/media/calendrier/1448/Adrar.pdf, fetched 2026-09-25) + the calendar's own half-monthly difference row for Tamanrasset (read from the page images). This is how the ministry publishes Tamanrasset: there is no separate dai
archive/tables/moral-auth-mena/nile/cairo_esa.txt	EG-ESA	13	2024-05-24	2026-09-25	restricted or unknown: kept out of the public repo	Cairo, ESA praytimes.aspx (Wayback snapshots in agentB/esa_wb_*.html + live 25 Sep 2026); 24h
archive/tables/moral-auth-mena/nile/cairo_esa_plain.txt	EG-ESA	13	2024-05-24	2026-09-25	restricted or unknown: kept out of the public repo	
archive/tables/moral-auth-mena/nile/eg_cairo_5months.txt	EG-ESA	150	2025-12-01	2026-09-30	restricted or unknown: kept out of the public repo	
archive/tables/moral-auth-mena/nile/eg_cairo_all.txt	EG-ESA	163	2024-05-24	2026-09-30	restricted or unknown: kept out of the public repo	
archive/tables/moral-auth-mena/nile/eg_cairo_dec25.txt	EG-ESA	31	2025-12-01	2025-12-31	restricted or unknown: kept out of the public repo	
archive/tables/moral-auth-mena/nile/eg_cairo_feb26.txt	EG-ESA	28	2026-02-01	2026-02-28	restricted or unknown: kept out of the public repo	
archive/tables/moral-auth-mena/nile/eg_cairo_jun26.txt	EG-ESA	30	2026-06-01	2026-06-30	restricted or unknown: kept out of the public repo	
archive/tables/moral-auth-mena/nile/eg_cairo_mar26.txt	EG-ESA	31	2026-03-01	2026-03-31	restricted or unknown: kept out of the public repo	
archive/tables/round/data-gulf-egypt/_qa_print.txt	QA-CALENDARHOUSE	118	2026-02-18	2026-09-11	restricted or unknown: kept out of the public repo	
archive/tables/round/data-gulf-egypt/off-eg-alexandria.txt	EG-ESA	52	2024-05-24	2026-09-30	restricted or unknown: kept out of the public repo	Egypt, ESA (Egyptian General Authority for Survey) official times for alexandria (الاسكندريه). Sources: A=https://www.dar-alifta.org/ar/Prayer/GetPrayer?town=<name> (Dar al-Ifta, "according to the calculations of the Egyptian General Authority for Survey"), fetched 2026-09-25 | C=Wayback captures of
archive/tables/round/data-gulf-egypt/off-eg-arish.txt	EG-ESA	52	2024-05-24	2026-09-30	restricted or unknown: kept out of the public repo	Egypt, ESA (Egyptian General Authority for Survey) official times for arish (العريش). Sources: A=https://www.dar-alifta.org/ar/Prayer/GetPrayer?town=<name> (Dar al-Ifta, "according to the calculations of the Egyptian General Authority for Survey"), fetched 2026-09-25 | C=Wayback captures of https://
archive/tables/round/data-gulf-egypt/off-eg-aswan.txt	EG-ESA	52	2024-05-24	2026-09-30	restricted or unknown: kept out of the public repo	Egypt, ESA (Egyptian General Authority for Survey) official times for aswan (اسوان). Sources: A=https://www.dar-alifta.org/ar/Prayer/GetPrayer?town=<name> (Dar al-Ifta, "according to the calculations of the Egyptian General Authority for Survey"), fetched 2026-09-25 | C=Wayback captures of https://w
archive/tables/round/data-gulf-egypt/off-eg-bawiti.txt	EG-ESA	52	2024-05-24	2026-09-30	restricted or unknown: kept out of the public repo	Egypt, ESA (Egyptian General Authority for Survey) official times for bawiti (البويطي). Sources: A=https://www.dar-alifta.org/ar/Prayer/GetPrayer?town=<name> (Dar al-Ifta, "according to the calculations of the Egyptian General Authority for Survey"), fetched 2026-09-25 | C=Wayback captures of https:
archive/tables/round/data-gulf-egypt/off-eg-cairo.txt	EG-ESA	409	2024-05-24	2026-09-30	restricted or unknown: kept out of the public repo	Egypt, ESA (Egyptian General Authority for Survey) official times for cairo (القاهره). Sources: A=https://www.dar-alifta.org/ar/Prayer/GetPrayer?town=<name> (Dar al-Ifta, "according to the calculations of the Egyptian General Authority for Survey"), fetched 2026-09-25 | B=Wayback captures of https:/
archive/tables/round/data-gulf-egypt/off-eg-catherine.txt	EG-ESA	52	2024-05-24	2026-09-30	restricted or unknown: kept out of the public repo	Egypt, ESA (Egyptian General Authority for Survey) official times for catherine (كاترين). Sources: A=https://www.dar-alifta.org/ar/Prayer/GetPrayer?town=<name> (Dar al-Ifta, "according to the calculations of the Egyptian General Authority for Survey"), fetched 2026-09-25 | C=Wayback captures of http
archive/tables/round/data-gulf-egypt/off-eg-dabaa.txt	EG-ESA	52	2024-05-24	2026-09-30	restricted or unknown: kept out of the public repo	Egypt, ESA (Egyptian General Authority for Survey) official times for dabaa (الضبعه). Sources: A=https://www.dar-alifta.org/ar/Prayer/GetPrayer?town=<name> (Dar al-Ifta, "according to the calculations of the Egyptian General Authority for Survey"), fetched 2026-09-25 | C=Wayback captures of https://
archive/tables/round/data-gulf-egypt/off-eg-dahab.txt	EG-ESA	23	2024-05-24	2026-09-25	restricted or unknown: kept out of the public repo	Egypt, ESA (Egyptian General Authority for Survey) official times for dahab (دهب). Sources: C=Wayback captures of https://www.esa.gov.eg/praytimes.aspx (ESA daily all-cities table) + live page fetched 2026-09-25 coordinates used for comparison: None (app cities.csv, GeoNames); zone Africa/Cairo
archive/tables/round/data-gulf-egypt/off-eg-damietta.txt	EG-ESA	52	2024-05-24	2026-09-30	restricted or unknown: kept out of the public repo	Egypt, ESA (Egyptian General Authority for Survey) official times for damietta (دمياط). Sources: A=https://www.dar-alifta.org/ar/Prayer/GetPrayer?town=<name> (Dar al-Ifta, "according to the calculations of the Egyptian General Authority for Survey"), fetched 2026-09-25 | C=Wayback captures of https:
archive/tables/round/data-gulf-egypt/off-eg-edfu.txt	EG-ESA	52	2024-05-24	2026-09-30	restricted or unknown: kept out of the public repo	Egypt, ESA (Egyptian General Authority for Survey) official times for edfu (ادفو). Sources: A=https://www.dar-alifta.org/ar/Prayer/GetPrayer?town=<name> (Dar al-Ifta, "according to the calculations of the Egyptian General Authority for Survey"), fetched 2026-09-25 | C=Wayback captures of https://www
archive/tables/round/data-gulf-egypt/off-eg-farafra.txt	EG-ESA	52	2024-05-24	2026-09-30	restricted or unknown: kept out of the public repo	Egypt, ESA (Egyptian General Authority for Survey) official times for farafra (الفرافره). Sources: A=https://www.dar-alifta.org/ar/Prayer/GetPrayer?town=<name> (Dar al-Ifta, "according to the calculations of the Egyptian General Authority for Survey"), fetched 2026-09-25 | C=Wayback captures of http
archive/tables/round/data-gulf-egypt/off-eg-halaib.txt	EG-ESA	52	2024-05-24	2026-09-30	restricted or unknown: kept out of the public repo	Egypt, ESA (Egyptian General Authority for Survey) official times for halaib (حلايب). Sources: A=https://www.dar-alifta.org/ar/Prayer/GetPrayer?town=<name> (Dar al-Ifta, "according to the calculations of the Egyptian General Authority for Survey"), fetched 2026-09-25 | C=Wayback captures of https://
archive/tables/round/data-gulf-egypt/off-eg-hurghada.txt	EG-ESA	52	2024-05-24	2026-09-30	restricted or unknown: kept out of the public repo	Egypt, ESA (Egyptian General Authority for Survey) official times for hurghada (الغردقه). Sources: A=https://www.dar-alifta.org/ar/Prayer/GetPrayer?town=<name> (Dar al-Ifta, "according to the calculations of the Egyptian General Authority for Survey"), fetched 2026-09-25 | C=Wayback captures of http
archive/tables/round/data-gulf-egypt/off-eg-kharga.txt	EG-ESA	52	2024-05-24	2026-09-30	restricted or unknown: kept out of the public repo	Egypt, ESA (Egyptian General Authority for Survey) official times for kharga (الخارجه). Sources: A=https://www.dar-alifta.org/ar/Prayer/GetPrayer?town=<name> (Dar al-Ifta, "according to the calculations of the Egyptian General Authority for Survey"), fetched 2026-09-25 | C=Wayback captures of https:
archive/tables/round/data-gulf-egypt/off-eg-luxor.txt	EG-ESA	52	2024-05-24	2026-09-30	restricted or unknown: kept out of the public repo	Egypt, ESA (Egyptian General Authority for Survey) official times for luxor (الاقصر). Sources: A=https://www.dar-alifta.org/ar/Prayer/GetPrayer?town=<name> (Dar al-Ifta, "according to the calculations of the Egyptian General Authority for Survey"), fetched 2026-09-25 | C=Wayback captures of https://
archive/tables/round/data-gulf-egypt/off-eg-matruh.txt	EG-ESA	52	2024-05-24	2026-09-30	restricted or unknown: kept out of the public repo	Egypt, ESA (Egyptian General Authority for Survey) official times for matruh (مطروح). Sources: A=https://www.dar-alifta.org/ar/Prayer/GetPrayer?town=<name> (Dar al-Ifta, "according to the calculations of the Egyptian General Authority for Survey"), fetched 2026-09-25 | C=Wayback captures of https://
archive/tables/round/data-gulf-egypt/off-eg-mut.txt	EG-ESA	52	2024-05-24	2026-09-30	restricted or unknown: kept out of the public repo	Egypt, ESA (Egyptian General Authority for Survey) official times for mut (موط (الداخله )). Sources: A=https://www.dar-alifta.org/ar/Prayer/GetPrayer?town=<name> (Dar al-Ifta, "according to the calculations of the Egyptian General Authority for Survey"), fetched 2026-09-25 | C=Wayback captures of ht
archive/tables/round/data-gulf-egypt/off-eg-nuweiba.txt	EG-ESA	52	2024-05-24	2026-09-30	restricted or unknown: kept out of the public repo	Egypt, ESA (Egyptian General Authority for Survey) official times for nuweiba (نويبع). Sources: A=https://www.dar-alifta.org/ar/Prayer/GetPrayer?town=<name> (Dar al-Ifta, "according to the calculations of the Egyptian General Authority for Survey"), fetched 2026-09-25 | C=Wayback captures of https:/
archive/tables/round/data-gulf-egypt/off-eg-portsaid.txt	EG-ESA	52	2024-05-24	2026-09-30	restricted or unknown: kept out of the public repo	Egypt, ESA (Egyptian General Authority for Survey) official times for portsaid (بورسعيد). Sources: A=https://www.dar-alifta.org/ar/Prayer/GetPrayer?town=<name> (Dar al-Ifta, "according to the calculations of the Egyptian General Authority for Survey"), fetched 2026-09-25 | C=Wayback captures of http
archive/tables/round/data-gulf-egypt/off-eg-qusair.txt	EG-ESA	52	2024-05-24	2026-09-30	restricted or unknown: kept out of the public repo	Egypt, ESA (Egyptian General Authority for Survey) official times for qusair (القصير). Sources: A=https://www.dar-alifta.org/ar/Prayer/GetPrayer?town=<name> (Dar al-Ifta, "according to the calculations of the Egyptian General Authority for Survey"), fetched 2026-09-25 | C=Wayback captures of https:/
archive/tables/round/data-gulf-egypt/off-eg-rafah.txt	EG-ESA	52	2024-05-24	2026-09-30	restricted or unknown: kept out of the public repo	Egypt, ESA (Egyptian General Authority for Survey) official times for rafah (رفح الجديده). Sources: A=https://www.dar-alifta.org/ar/Prayer/GetPrayer?town=<name> (Dar al-Ifta, "according to the calculations of the Egyptian General Authority for Survey"), fetched 2026-09-25 | C=Wayback captures of htt
archive/tables/round/data-gulf-egypt/off-eg-rasgharib.txt	EG-ESA	52	2024-05-24	2026-09-30	restricted or unknown: kept out of the public repo	Egypt, ESA (Egyptian General Authority for Survey) official times for rasgharib (راس غارب). Sources: A=https://www.dar-alifta.org/ar/Prayer/GetPrayer?town=<name> (Dar al-Ifta, "according to the calculations of the Egyptian General Authority for Survey"), fetched 2026-09-25 | C=Wayback captures of ht
archive/tables/round/data-gulf-egypt/off-eg-sallum.txt	EG-ESA	52	2024-05-24	2026-09-30	restricted or unknown: kept out of the public repo	Egypt, ESA (Egyptian General Authority for Survey) official times for sallum (السلوم). Sources: A=https://www.dar-alifta.org/ar/Prayer/GetPrayer?town=<name> (Dar al-Ifta, "according to the calculations of the Egyptian General Authority for Survey"), fetched 2026-09-25 | C=Wayback captures of https:/
archive/tables/round/data-gulf-egypt/off-eg-shalatin.txt	EG-ESA	52	2024-05-24	2026-09-30	restricted or unknown: kept out of the public repo	Egypt, ESA (Egyptian General Authority for Survey) official times for shalatin (شلاتين). Sources: A=https://www.dar-alifta.org/ar/Prayer/GetPrayer?town=<name> (Dar al-Ifta, "according to the calculations of the Egyptian General Authority for Survey"), fetched 2026-09-25 | C=Wayback captures of https
archive/tables/round/data-gulf-egypt/off-eg-sharm.txt	EG-ESA	52	2024-05-24	2026-09-30	restricted or unknown: kept out of the public repo	Egypt, ESA (Egyptian General Authority for Survey) official times for sharm (شرم الشيخ). Sources: A=https://www.dar-alifta.org/ar/Prayer/GetPrayer?town=<name> (Dar al-Ifta, "according to the calculations of the Egyptian General Authority for Survey"), fetched 2026-09-25 | C=Wayback captures of https
archive/tables/round/data-gulf-egypt/off-eg-sidibarrani.txt	EG-ESA	52	2024-05-24	2026-09-30	restricted or unknown: kept out of the public repo	Egypt, ESA (Egyptian General Authority for Survey) official times for sidibarrani (سيدي براني). Sources: A=https://www.dar-alifta.org/ar/Prayer/GetPrayer?town=<name> (Dar al-Ifta, "according to the calculations of the Egyptian General Authority for Survey"), fetched 2026-09-25 | C=Wayback captures o
archive/tables/round/data-gulf-egypt/off-eg-siwa.txt	EG-ESA	52	2024-05-24	2026-09-30	restricted or unknown: kept out of the public repo	Egypt, ESA (Egyptian General Authority for Survey) official times for siwa (واحه سيوه). Sources: A=https://www.dar-alifta.org/ar/Prayer/GetPrayer?town=<name> (Dar al-Ifta, "according to the calculations of the Egyptian General Authority for Survey"), fetched 2026-09-25 | C=Wayback captures of https:
archive/tables/round/data-gulf-egypt/off-eg-suez.txt	EG-ESA	52	2024-05-24	2026-09-30	restricted or unknown: kept out of the public repo	Egypt, ESA (Egyptian General Authority for Survey) official times for suez (السويس). Sources: A=https://www.dar-alifta.org/ar/Prayer/GetPrayer?town=<name> (Dar al-Ifta, "according to the calculations of the Egyptian General Authority for Survey"), fetched 2026-09-25 | C=Wayback captures of https://w
archive/tables/round/data-gulf-egypt/off-eg-taba.txt	EG-ESA	52	2024-05-24	2026-09-30	restricted or unknown: kept out of the public repo	Egypt, ESA (Egyptian General Authority for Survey) official times for taba (طابا). Sources: A=https://www.dar-alifta.org/ar/Prayer/GetPrayer?town=<name> (Dar al-Ifta, "according to the calculations of the Egyptian General Authority for Survey"), fetched 2026-09-25 | C=Wayback captures of https://www
archive/tables/round/data-gulf-egypt/off-eg-tor.txt	EG-ESA	52	2024-05-24	2026-09-30	restricted or unknown: kept out of the public repo	Egypt, ESA (Egyptian General Authority for Survey) official times for tor (الطور). Sources: A=https://www.dar-alifta.org/ar/Prayer/GetPrayer?town=<name> (Dar al-Ifta, "according to the calculations of the Egyptian General Authority for Survey"), fetched 2026-09-25 | C=Wayback captures of https://www
archive/tables/round/data-gulf-egypt/off-eg-toshka.txt	EG-ESA	52	2024-05-24	2026-09-30	restricted or unknown: kept out of the public repo	Egypt, ESA (Egyptian General Authority for Survey) official times for toshka (توشكي). Sources: A=https://www.dar-alifta.org/ar/Prayer/GetPrayer?town=<name> (Dar al-Ifta, "according to the calculations of the Egyptian General Authority for Survey"), fetched 2026-09-25 | C=Wayback captures of https://
archive/tables/moral-auth-world/europe/nordic/off-mq-hel-darulaman.txt	EUROPE	366	2026-01-01	2026-12-31	restricted or unknown: kept out of the public repo	
archive/tables/moral-auth-world/europe/nordic/off-mq-hel-rabita-365.txt	EUROPE	365	2026-01-01	2026-12-31	restricted or unknown: kept out of the public repo	
archive/tables/moral-auth-world/europe/nordic/off-mq-hel-rabita.txt	EUROPE	366	2026-01-01	2026-12-31	restricted or unknown: kept out of the public repo	
archive/tables/moral-auth-world/europe/nordic/off-mq-horsens-365.txt	EUROPE	365	2026-01-01	2026-12-31	restricted or unknown: kept out of the public repo	
archive/tables/moral-auth-world/europe/nordic/off-mq-horsens-yunus.txt	EUROPE	366	2026-01-01	2026-12-31	restricted or unknown: kept out of the public repo	
archive/tables/moral-auth-world/europe/nordic/off-mq-malmo-ic-365.txt	EUROPE	365	2026-01-01	2026-12-31	restricted or unknown: kept out of the public repo	
archive/tables/moral-auth-world/europe/nordic/off-mq-malmo-ic.txt	EUROPE	366	2026-01-01	2026-12-31	restricted or unknown: kept out of the public repo	
archive/tables/moral-auth-world/europe/nordic/off-mq-odense-iman.txt	EUROPE	366	2026-01-01	2026-12-31	restricted or unknown: kept out of the public repo	
archive/tables/moral-auth-world/europe/nordic/off-mq-oslo-dzemat-365.txt	EUROPE	365	2026-01-01	2026-12-31	restricted or unknown: kept out of the public repo	
archive/tables/moral-auth-world/europe/nordic/off-mq-oslo-dzemat.txt	EUROPE	366	2026-01-01	2026-12-31	restricted or unknown: kept out of the public repo	
archive/tables/moral-auth-world/europe/verify/hel-rabita.txt	FI-RABITA	365	2026-01-01	2026-12-31	restricted or unknown: kept out of the public repo	
archive/tables/off-elm-oct.txt	GB-LUPT	31	2026-10-01	2026-10-31	restricted or unknown: kept out of the public repo	
archive/tables/off-kemenag-jakarta.txt	ID-KEMENAG	61	2026-09-01	2026-10-31	restricted or unknown: kept out of the public repo	
archive/tables/round/data-diyanet-kemenag/off-kemenag-bandaaceh.txt	ID-KEMENAG	365	2026-01-01	2026-12-31	restricted or unknown: kept out of the public repo	source https://api.myquran.com/v2/sholat/jadwal/0119/<yyyy>/<mm> (myQuran republication of Kemenag bimasislam.kemenag.go.id schedule; KOTA BANDA ACEH, ACEH; months 2026-01..2026-12) fetched 2026-09-25
archive/tables/round/data-diyanet-kemenag/off-kemenag-bandung.txt	ID-KEMENAG	365	2026-01-01	2026-12-31	restricted or unknown: kept out of the public repo	source https://api.myquran.com/v2/sholat/jadwal/1219/<yyyy>/<mm> (myQuran republication of Kemenag bimasislam.kemenag.go.id schedule; KOTA BANDUNG, JAWA BARAT; months 2026-01..2026-12) fetched 2026-09-25
archive/tables/round/data-diyanet-kemenag/off-kemenag-batu.txt	ID-KEMENAG	365	2026-01-01	2026-12-31	restricted or unknown: kept out of the public repo	source https://api.myquran.com/v2/sholat/jadwal/1630/<yyyy>/<mm> (myQuran republication of Kemenag bimasislam.kemenag.go.id schedule; KOTA BATU, JAWA TIMUR; months 2026-01..2026-12) fetched 2026-09-25
archive/tables/round/data-diyanet-kemenag/off-kemenag-bogor.txt	ID-KEMENAG	365	2026-01-01	2026-12-31	restricted or unknown: kept out of the public repo	source https://api.myquran.com/v2/sholat/jadwal/1222/<yyyy>/<mm> (myQuran republication of Kemenag bimasislam.kemenag.go.id schedule; KOTA BOGOR, JAWA BARAT; months 2026-01..2026-12) fetched 2026-09-25
archive/tables/round/data-diyanet-kemenag/off-kemenag-bukittinggi.txt	ID-KEMENAG	365	2026-01-01	2026-12-31	restricted or unknown: kept out of the public repo	source https://api.myquran.com/v2/sholat/jadwal/0313/<yyyy>/<mm> (myQuran republication of Kemenag bimasislam.kemenag.go.id schedule; KOTA BUKITTINGGI, SUMATERA BARAT; months 2026-01..2026-12) fetched 2026-09-25
archive/tables/round/data-diyanet-kemenag/off-kemenag-denpasar.txt	ID-KEMENAG	365	2026-01-01	2026-12-31	restricted or unknown: kept out of the public repo	source https://api.myquran.com/v2/sholat/jadwal/1709/<yyyy>/<mm> (myQuran republication of Kemenag bimasislam.kemenag.go.id schedule; KOTA DENPASAR, BALI; months 2026-01..2026-12) fetched 2026-09-25
archive/tables/round/data-diyanet-kemenag/off-kemenag-garut.txt	ID-KEMENAG	365	2026-01-01	2026-12-31	restricted or unknown: kept out of the public repo	source https://api.myquran.com/v2/sholat/jadwal/1208/<yyyy>/<mm> (myQuran republication of Kemenag bimasislam.kemenag.go.id schedule; KAB. GARUT, JAWA BARAT; months 2026-01..2026-12) fetched 2026-09-25
archive/tables/round/data-diyanet-kemenag/off-kemenag-jakarta.txt	ID-KEMENAG	365	2026-01-01	2026-12-31	restricted or unknown: kept out of the public repo	source https://api.myquran.com/v2/sholat/jadwal/1301/<yyyy>/<mm> (myQuran republication of Kemenag bimasislam.kemenag.go.id schedule; KOTA JAKARTA, DKI JAKARTA; months 2026-01..2026-12) fetched 2026-09-25
archive/tables/round/data-diyanet-kemenag/off-kemenag-jayapura.txt	ID-KEMENAG	365	2026-01-01	2026-12-31	restricted or unknown: kept out of the public repo	source https://api.myquran.com/v2/sholat/jadwal/3329/<yyyy>/<mm> (myQuran republication of Kemenag bimasislam.kemenag.go.id schedule; KOTA JAYAPURA, PAPUA; months 2026-01..2026-12) fetched 2026-09-25
archive/tables/round/data-diyanet-kemenag/off-kemenag-jayawijaya.txt	ID-KEMENAG	365	2026-01-01	2026-12-31	restricted or unknown: kept out of the public repo	source https://api.myquran.com/v2/sholat/jadwal/3308/<yyyy>/<mm> (myQuran republication of Kemenag bimasislam.kemenag.go.id schedule; KAB. JAYAWIJAYA, PAPUA; months 2026-01..2026-12) fetched 2026-09-25
archive/tables/round/data-diyanet-kemenag/off-kemenag-makassar.txt	ID-KEMENAG	365	2026-01-01	2026-12-31	restricted or unknown: kept out of the public repo	source https://api.myquran.com/v2/sholat/jadwal/2622/<yyyy>/<mm> (myQuran republication of Kemenag bimasislam.kemenag.go.id schedule; KOTA MAKASSAR, SULAWESI SELATAN; months 2026-01..2026-12) fetched 2026-09-25
archive/tables/round/data-diyanet-kemenag/off-kemenag-malang.txt	ID-KEMENAG	365	2026-01-01	2026-12-31	restricted or unknown: kept out of the public repo	source https://api.myquran.com/v2/sholat/jadwal/1634/<yyyy>/<mm> (myQuran republication of Kemenag bimasislam.kemenag.go.id schedule; KOTA MALANG, JAWA TIMUR; months 2026-01..2026-12) fetched 2026-09-25
archive/tables/round/data-diyanet-kemenag/off-kemenag-wonosobo.txt	ID-KEMENAG	365	2026-01-01	2026-12-31	restricted or unknown: kept out of the public repo	source https://api.myquran.com/v2/sholat/jadwal/1429/<yyyy>/<mm> (myQuran republication of Kemenag bimasislam.kemenag.go.id schedule; KAB. WONOSOBO, JAWA TENGAH; months 2026-01..2026-12) fetched 2026-09-25
archive/tables/moral-auth-mena/gulfA/off-alanba-kuwait-fixed.txt	KW-ALANBA-SECONDARY	24	2019-02-27	2026-07-23	restricted or unknown: kept out of the public repo	Al-Anba Kuwait 2019-2026 with page date shifted -1 day where that clearly fits better (stale pages)
archive/tables/moral-auth-mena/gulfA/off-alanba-kuwait.txt	KW-ALANBA-SECONDARY	50	2016-10-17	2026-07-23	restricted or unknown: kept out of the public repo	Al-Anba newspaper, Kuwait daily prayer times (source not credited on page), Wayback snapshots of https://www.alanba.com.kw/prayers/
archive/tables/round/data-gulf-egypt/off-kw-alanba-kuwait.txt	KW-ALANBA-SECONDARY	25	2019-02-28	2026-07-23	restricted or unknown: kept out of the public repo	Kuwait, Al-Anba newspaper daily prayer box (source NOT credited on page; secondary, not the Ministry of Awqaf), Wayback captures of https://www.alanba.com.kw/prayers/ (cached by another agent, read 2026-09-25); only pages stating their date
archive/tables/off-kuwait-25sep.txt	KW-AWQAF	1	2026-09-25	2026-09-25	restricted or unknown: kept out of the public repo	
archive/tables/moral-auth-world/centralasia/off_ala.txt	KZ-QMDB	365	2026-01-01	2026-12-31	restricted or unknown: kept out of the public repo	
archive/tables/moral-auth-world/centralasia/off_ala_imsak.txt	KZ-QMDB	365	2026-01-01	2026-12-31	restricted or unknown: kept out of the public repo	
archive/tables/moral-auth-mena/nile/tripoli.txt	LY-IFTA	14	2025-09-16	2026-10-02	restricted or unknown: kept out of the public repo	Tripoli, Awqaf/Dar al-Ifta; archived awqaf homepage (agentB/libya2.json) + api.ifta.ly 25 Sep-2 Oct 2026 (imsak last col)
archive/tables/moral-auth-mena/nile/tripoli_all.txt	LY-IFTA	25	2025-04-19	2026-10-02	restricted or unknown: kept out of the public repo	Tripoli: awqaf.gov.ly homepage Wayback captures (capture date; the page may lag a day) + api.ifta.ly 25 Sep - 2 Oct 2026
archive/tables/off-darifta-cairo-sep.txt	EG-DARALIFTA	30	2026-09-01	2026-09-30	restricted or unknown: kept out of the public repo	
archive/tables/off-ifta-tripoli.txt	LY-IFTA	8	2026-09-25	2026-10-02	restricted or unknown: kept out of the public repo	
archive/tables/round/data-maghreb-libya/off-libya-alkomos.txt	LY-IFTA	2	2026-09-25	2026-09-26	restricted or unknown: kept out of the public repo	https://awqaf.gov.ly/ prayer widget AJAX (https://awqaf.gov.ly/sovinel/admin-ajax.php action=get_prayer_times city=Alkomos) fetched 2026-09-25T21:29:03Z -- Libya (Dar al-Ifta / General Authority of Awqaf and Islamic Affairs); further sources: https://awqaf.gov.ly/ prayer widget AJAX (https://awqaf.g
archive/tables/round/data-maghreb-libya/off-libya-almarag.txt	LY-IFTA	2	2026-09-25	2026-09-26	restricted or unknown: kept out of the public repo	https://awqaf.gov.ly/ prayer widget AJAX (https://awqaf.gov.ly/sovinel/admin-ajax.php action=get_prayer_times city=Almarag) fetched 2026-09-25T21:29:03Z -- Libya (Dar al-Ifta / General Authority of Awqaf and Islamic Affairs); further sources: https://awqaf.gov.ly/ prayer widget AJAX (https://awqaf.g
archive/tables/round/data-maghreb-libya/off-libya-alzaweya.txt	LY-IFTA	2	2026-09-25	2026-09-26	restricted or unknown: kept out of the public repo	https://awqaf.gov.ly/ prayer widget AJAX (https://awqaf.gov.ly/sovinel/admin-ajax.php action=get_prayer_times city=Alzaweya) fetched 2026-09-25T21:29:03Z -- Libya (Dar al-Ifta / General Authority of Awqaf and Islamic Affairs); further sources: https://awqaf.gov.ly/ prayer widget AJAX (https://awqaf.
archive/tables/round/data-maghreb-libya/off-libya-banywalead.txt	LY-IFTA	2	2026-09-25	2026-09-26	restricted or unknown: kept out of the public repo	https://awqaf.gov.ly/ prayer widget AJAX (https://awqaf.gov.ly/sovinel/admin-ajax.php action=get_prayer_times city=BanyWalead) fetched 2026-09-25T21:29:03Z -- Libya (Dar al-Ifta / General Authority of Awqaf and Islamic Affairs); further sources: https://awqaf.gov.ly/ prayer widget AJAX (https://awqa
archive/tables/round/data-maghreb-libya/off-libya-beda.txt	LY-IFTA	2	2026-09-25	2026-09-26	restricted or unknown: kept out of the public repo	https://awqaf.gov.ly/ prayer widget AJAX (https://awqaf.gov.ly/sovinel/admin-ajax.php action=get_prayer_times city=beda) fetched 2026-09-25T21:29:03Z -- Libya (Dar al-Ifta / General Authority of Awqaf and Islamic Affairs); further sources: https://awqaf.gov.ly/ prayer widget AJAX (https://awqaf.gov.
archive/tables/round/data-maghreb-libya/off-libya-benghazi.txt	LY-IFTA	2	2026-09-25	2026-09-26	restricted or unknown: kept out of the public repo	https://awqaf.gov.ly/ prayer widget AJAX (https://awqaf.gov.ly/sovinel/admin-ajax.php action=get_prayer_times city=Benghazi) fetched 2026-09-25T21:29:03Z -- Libya (Dar al-Ifta / General Authority of Awqaf and Islamic Affairs); further sources: https://awqaf.gov.ly/ prayer widget AJAX (https://awqaf.
archive/tables/round/data-maghreb-libya/off-libya-breaka.txt	LY-IFTA	2	2026-09-25	2026-09-26	restricted or unknown: kept out of the public repo	https://awqaf.gov.ly/ prayer widget AJAX (https://awqaf.gov.ly/sovinel/admin-ajax.php action=get_prayer_times city=Breaka) fetched 2026-09-25T21:29:03Z -- Libya (Dar al-Ifta / General Authority of Awqaf and Islamic Affairs); further sources: https://awqaf.gov.ly/ prayer widget AJAX (https://awqaf.go
archive/tables/round/data-maghreb-libya/off-libya-derna.txt	LY-IFTA	2	2026-09-25	2026-09-26	restricted or unknown: kept out of the public repo	https://awqaf.gov.ly/ prayer widget AJAX (https://awqaf.gov.ly/sovinel/admin-ajax.php action=get_prayer_times city=Derna) fetched 2026-09-25T21:29:03Z -- Libya (Dar al-Ifta / General Authority of Awqaf and Islamic Affairs); further sources: https://awqaf.gov.ly/ prayer widget AJAX (https://awqaf.gov
archive/tables/round/data-maghreb-libya/off-libya-ejdabya.txt	LY-IFTA	2	2026-09-25	2026-09-26	restricted or unknown: kept out of the public repo	https://awqaf.gov.ly/ prayer widget AJAX (https://awqaf.gov.ly/sovinel/admin-ajax.php action=get_prayer_times city=Ejdabya) fetched 2026-09-25T21:29:03Z -- Libya (Dar al-Ifta / General Authority of Awqaf and Islamic Affairs); further sources: https://awqaf.gov.ly/ prayer widget AJAX (https://awqaf.g
archive/tables/round/data-maghreb-libya/off-libya-ekdames.txt	LY-IFTA	2	2026-09-25	2026-09-26	restricted or unknown: kept out of the public repo	https://awqaf.gov.ly/ prayer widget AJAX (https://awqaf.gov.ly/sovinel/admin-ajax.php action=get_prayer_times city=Ekdames) fetched 2026-09-25T21:29:03Z -- Libya (Dar al-Ifta / General Authority of Awqaf and Islamic Affairs); further sources: https://awqaf.gov.ly/ prayer widget AJAX (https://awqaf.g
archive/tables/round/data-maghreb-libya/off-libya-emsaed.txt	LY-IFTA	2	2026-09-25	2026-09-26	restricted or unknown: kept out of the public repo	https://awqaf.gov.ly/ prayer widget AJAX (https://awqaf.gov.ly/sovinel/admin-ajax.php action=get_prayer_times city=Emsaed) fetched 2026-09-25T21:29:03Z -- Libya (Dar al-Ifta / General Authority of Awqaf and Islamic Affairs); further sources: https://awqaf.gov.ly/ prayer widget AJAX (https://awqaf.go
archive/tables/round/data-maghreb-libya/off-libya-hoon.txt	LY-IFTA	2	2026-09-25	2026-09-26	restricted or unknown: kept out of the public repo	https://awqaf.gov.ly/ prayer widget AJAX (https://awqaf.gov.ly/sovinel/admin-ajax.php action=get_prayer_times city=Hoon) fetched 2026-09-25T21:29:03Z -- Libya (Dar al-Ifta / General Authority of Awqaf and Islamic Affairs); further sources: https://awqaf.gov.ly/ prayer widget AJAX (https://awqaf.gov.
archive/tables/round/data-maghreb-libya/off-libya-jalo.txt	LY-IFTA	2	2026-09-25	2026-09-26	restricted or unknown: kept out of the public repo	https://awqaf.gov.ly/ prayer widget AJAX (https://awqaf.gov.ly/sovinel/admin-ajax.php action=get_prayer_times city=Jalo) fetched 2026-09-25T21:29:03Z -- Libya (Dar al-Ifta / General Authority of Awqaf and Islamic Affairs); further sources: https://awqaf.gov.ly/ prayer widget AJAX (https://awqaf.gov.
archive/tables/round/data-maghreb-libya/off-libya-koufra.txt	LY-IFTA	2	2026-09-25	2026-09-26	restricted or unknown: kept out of the public repo	https://awqaf.gov.ly/ prayer widget AJAX (https://awqaf.gov.ly/sovinel/admin-ajax.php action=get_prayer_times city=Koufra) fetched 2026-09-25T21:29:03Z -- Libya (Dar al-Ifta / General Authority of Awqaf and Islamic Affairs); further sources: https://awqaf.gov.ly/ prayer widget AJAX (https://awqaf.go
archive/tables/round/data-maghreb-libya/off-libya-mosrata.txt	LY-IFTA	2	2026-09-25	2026-09-26	restricted or unknown: kept out of the public repo	https://awqaf.gov.ly/ prayer widget AJAX (https://awqaf.gov.ly/sovinel/admin-ajax.php action=get_prayer_times city=Mosrata) fetched 2026-09-25T21:29:03Z -- Libya (Dar al-Ifta / General Authority of Awqaf and Islamic Affairs); further sources: https://awqaf.gov.ly/ prayer widget AJAX (https://awqaf.g
archive/tables/round/data-maghreb-libya/off-libya-ojala.txt	LY-IFTA	2	2026-09-25	2026-09-26	restricted or unknown: kept out of the public repo	https://awqaf.gov.ly/ prayer widget AJAX (https://awqaf.gov.ly/sovinel/admin-ajax.php action=get_prayer_times city=Ojala) fetched 2026-09-25T21:29:03Z -- Libya (Dar al-Ifta / General Authority of Awqaf and Islamic Affairs); further sources: https://awqaf.gov.ly/ prayer widget AJAX (https://awqaf.gov
archive/tables/round/data-maghreb-libya/off-libya-raslanof.txt	LY-IFTA	2	2026-09-25	2026-09-26	restricted or unknown: kept out of the public repo	https://awqaf.gov.ly/ prayer widget AJAX (https://awqaf.gov.ly/sovinel/admin-ajax.php action=get_prayer_times city=Raslanof) fetched 2026-09-25T21:29:03Z -- Libya (Dar al-Ifta / General Authority of Awqaf and Islamic Affairs); further sources: https://awqaf.gov.ly/ prayer widget AJAX (https://awqaf.
archive/tables/round/data-maghreb-libya/off-libya-sabha.txt	LY-IFTA	2	2026-09-25	2026-09-26	restricted or unknown: kept out of the public repo	https://awqaf.gov.ly/ prayer widget AJAX (https://awqaf.gov.ly/sovinel/admin-ajax.php action=get_prayer_times city=Sabha) fetched 2026-09-25T21:29:03Z -- Libya (Dar al-Ifta / General Authority of Awqaf and Islamic Affairs); further sources: https://awqaf.gov.ly/ prayer widget AJAX (https://awqaf.gov
archive/tables/round/data-maghreb-libya/off-libya-sert.txt	LY-IFTA	2	2026-09-25	2026-09-26	restricted or unknown: kept out of the public repo	https://awqaf.gov.ly/ prayer widget AJAX (https://awqaf.gov.ly/sovinel/admin-ajax.php action=get_prayer_times city=Sert) fetched 2026-09-25T21:29:03Z -- Libya (Dar al-Ifta / General Authority of Awqaf and Islamic Affairs); further sources: https://awqaf.gov.ly/ prayer widget AJAX (https://awqaf.gov.
archive/tables/round/data-maghreb-libya/off-libya-tobrek.txt	LY-IFTA	2	2026-09-25	2026-09-26	restricted or unknown: kept out of the public repo	https://awqaf.gov.ly/ prayer widget AJAX (https://awqaf.gov.ly/sovinel/admin-ajax.php action=get_prayer_times city=Tobrek) fetched 2026-09-25T21:29:03Z -- Libya (Dar al-Ifta / General Authority of Awqaf and Islamic Affairs); further sources: https://awqaf.gov.ly/ prayer widget AJAX (https://awqaf.go
archive/tables/round/data-maghreb-libya/off-libya-tripoli.txt	LY-IFTA	27	2025-03-23	2026-10-02	restricted or unknown: kept out of the public repo	https://api.ifta.ly/api/v1/prayer-time fetched 2026-09-25 (Dar al-Ifta, Tripoli, 2026-09-25..2026-10-02) -- Libya (Dar al-Ifta / General Authority of Awqaf and Islamic Affairs); further sources: https://web.archive.org/web/20250323181311/https://awqaf.gov.ly/ (widget, Tripoli default; fetched 2026-0
archive/tables/round/data-maghreb-libya/off-libya-zaleaten.txt	LY-IFTA	2	2026-09-25	2026-09-26	restricted or unknown: kept out of the public repo	https://awqaf.gov.ly/ prayer widget AJAX (https://awqaf.gov.ly/sovinel/admin-ajax.php action=get_prayer_times city=Zaleaten) fetched 2026-09-25T21:29:03Z -- Libya (Dar al-Ifta / General Authority of Awqaf and Islamic Affairs); further sources: https://awqaf.gov.ly/ prayer widget AJAX (https://awqaf.
archive/tables/moral-auth-mena/maghreb/ma_casa_202501.txt	MA-HABOUS	30	2025-01-02	2025-01-31	restricted or unknown: kept out of the public repo	
archive/tables/moral-auth-mena/maghreb/ma_casa_202609.txt	MA-HABOUS	30	2026-09-13	2026-10-12	restricted or unknown: kept out of the public repo	
archive/tables/moral-auth-mena/maghreb/ma_ifrane_202609.txt	MA-HABOUS	30	2026-09-13	2026-10-12	restricted or unknown: kept out of the public repo	
archive/tables/moral-auth-mena/maghreb/ma_imilchil_202609.txt	MA-HABOUS	30	2026-09-13	2026-10-12	restricted or unknown: kept out of the public repo	
archive/tables/moral-auth-mena/maghreb/ma_laayoune_202405.txt	MA-HABOUS	29	2024-05-10	2024-06-07	restricted or unknown: kept out of the public repo	
archive/tables/moral-auth-mena/maghreb/ma_rabat_2022_2023.txt	MA-HABOUS	5	2022-06-26	2023-11-01	restricted or unknown: kept out of the public repo	
archive/tables/moral-auth-mena/maghreb/ma_rabat_202402.txt	MA-HABOUS	30	2024-02-11	2024-03-11	restricted or unknown: kept out of the public repo	
archive/tables/moral-auth-mena/maghreb/ma_rabat_202609.txt	MA-HABOUS	30	2026-09-13	2026-10-12	restricted or unknown: kept out of the public repo	
archive/tables/moral-auth-mena/maghreb/ma_ramadan1445.txt	MA-HABOUS	30	2024-03-12	2024-04-10	restricted or unknown: kept out of the public repo	
archive/tables/off-habous-casa.txt	MA-HABOUS	23	2026-09-20	2026-10-12	restricted or unknown: kept out of the public repo	
archive/tables/round/data-maghreb-libya/off-habous-casablanca.txt	MA-HABOUS	210	2015-02-20	2026-10-12	restricted or unknown: kept out of the public repo	https://www.habous.gov.ma/prieres/index.php?ville=58 fetched 2026-09-25 (2026-09-13..2026-10-12, current Hijri month, times in UTC+0) -- Ministry of Habous and Islamic Affairs, Morocco; further sources: https://web.archive.org/web/20150317074506id_/http://habous.gov.ma/prieres/horaire_hijri.php?vill
archive/tables/round/data-maghreb-libya/off-habous-dakhla.txt	MA-HABOUS	60	2022-07-30	2026-10-12	restricted or unknown: kept out of the public repo	https://www.habous.gov.ma/prieres/index.php?ville=165 fetched 2026-09-25 (2026-09-13..2026-10-12, current Hijri month, times in UTC+0) -- Ministry of Habous and Islamic Affairs, Morocco; further sources: https://web.archive.org/web/20220813233057id_/https://habous.gov.ma/prieres/horaire_hijri_2.php?
archive/tables/round/data-maghreb-libya/off-habous-default.txt	MA-HABOUS	480	2019-04-07	2022-02-02	restricted or unknown: kept out of the public repo	https://web.archive.org/web/20190414155757id_/http://www.habous.gov.ma/prieres/horaire_hijri.php (Wayback capture of habous.gov.ma, fetched 2026-09-25; 2019-04-07..2019-05-06, legal time Africa/Casablanca) -- Ministry of Habous and Islamic Affairs, Morocco; further sources: https://web.archive.org/w
archive/tables/round/data-maghreb-libya/off-habous-figuig.txt	MA-HABOUS	120	2019-03-08	2026-10-12	restricted or unknown: kept out of the public repo	https://www.habous.gov.ma/prieres/index.php?ville=33 fetched 2026-09-25 (2026-09-13..2026-10-12, current Hijri month, times in UTC+0) -- Ministry of Habous and Islamic Affairs, Morocco; further sources: https://web.archive.org/web/20190323223139id_/http://www.habous.gov.ma/prieres/horaire_hijri.php?
archive/tables/round/data-maghreb-libya/off-habous-ifrane.txt	MA-HABOUS	30	2026-09-13	2026-10-12	restricted or unknown: kept out of the public repo	https://www.habous.gov.ma/prieres/index.php?ville=100 fetched 2026-09-25 (2026-09-13..2026-10-12, current Hijri month, times in UTC+0) -- Ministry of Habous and Islamic Affairs, Morocco; further sources:
archive/tables/round/data-maghreb-libya/off-habous-laayoune.txt	MA-HABOUS	236	2019-08-03	2026-10-12	restricted or unknown: kept out of the public repo	https://www.habous.gov.ma/prieres/index.php?ville=156 fetched 2026-09-25 (2026-09-13..2026-10-12, current Hijri month, times in UTC+0) -- Ministry of Habous and Islamic Affairs, Morocco; further sources: https://web.archive.org/web/20190822160453id_/http://www.habous.gov.ma/prieres/horaire_hijri.php
archive/tables/round/data-maghreb-libya/off-habous-lagouira.txt	MA-HABOUS	60	2022-07-30	2026-10-12	restricted or unknown: kept out of the public repo	https://www.habous.gov.ma/prieres/index.php?ville=166 fetched 2026-09-25 (2026-09-13..2026-10-12, current Hijri month, times in UTC+0) -- Ministry of Habous and Islamic Affairs, Morocco; further sources: https://web.archive.org/web/20220813233059id_/https://habous.gov.ma/prieres/horaire_hijri_2.php?
archive/tables/round/data-maghreb-libya/off-habous-midelt.txt	MA-HABOUS	60	2022-07-30	2026-10-12	restricted or unknown: kept out of the public repo	https://www.habous.gov.ma/prieres/index.php?ville=136 fetched 2026-09-25 (2026-09-13..2026-10-12, current Hijri month, times in UTC+0) -- Ministry of Habous and Islamic Affairs, Morocco; further sources: https://web.archive.org/web/20220813232948id_/https://habous.gov.ma/prieres/horaire_hijri_2.php?
archive/tables/round/data-maghreb-libya/off-habous-oujda.txt	MA-HABOUS	60	2022-07-30	2026-10-12	restricted or unknown: kept out of the public repo	https://www.habous.gov.ma/prieres/index.php?ville=31 fetched 2026-09-25 (2026-09-13..2026-10-12, current Hijri month, times in UTC+0) -- Ministry of Habous and Islamic Affairs, Morocco; further sources: https://web.archive.org/web/20220813232501id_/https://habous.gov.ma/prieres/horaire_hijri_2.php?v
archive/tables/round/data-maghreb-libya/off-habous-rabat.txt	MA-HABOUS	90	2022-07-30	2026-10-12	restricted or unknown: kept out of the public repo	https://www.habous.gov.ma/prieres/index.php?ville=1 fetched 2026-09-25 (2026-09-13..2026-10-12, current Hijri month, times in UTC+0) -- Ministry of Habous and Islamic Affairs, Morocco; further sources: https://web.archive.org/web/20220813232343id_/https://habous.gov.ma/prieres/horaire_hijri_2.php?vi
archive/tables/round/data-maghreb-libya/off-habous-tangier.txt	MA-HABOUS	60	2022-07-30	2026-10-12	restricted or unknown: kept out of the public repo	https://www.habous.gov.ma/prieres/index.php?ville=14 fetched 2026-09-25 (2026-09-13..2026-10-12, current Hijri month, times in UTC+0) -- Ministry of Habous and Islamic Affairs, Morocco; further sources: https://web.archive.org/web/20220813232416id_/https://habous.gov.ma/prieres/horaire_hijri_2.php?v
archive/tables/moral-auth-world/europe/mw-ahibba-2026.txt	MAWAQIT-MOSQUE	365	2026-01-01	2026-12-31	restricted or unknown: kept out of the public repo	
archive/tables/moral-auth-world/europe/mw-ihsane-2026.txt	MAWAQIT-MOSQUE	365	2026-01-01	2026-12-31	restricted or unknown: kept out of the public repo	
archive/tables/moral-auth-world/namerica/mcw/calgary-2026-m0-janoct.txt	MOONSIGHTING-COMMITTEE	304	2026-01-01	2026-10-31	restricted or unknown: kept out of the public repo	
archive/tables/moral-auth-world/namerica/mcw/calgary-2026-m0.txt	MOONSIGHTING-COMMITTEE	365	2026-01-01	2026-12-31	restricted or unknown: kept out of the public repo	
archive/tables/moral-auth-world/namerica/mcw/edmonton-2026-m0-janoct.txt	MOONSIGHTING-COMMITTEE	304	2026-01-01	2026-10-31	restricted or unknown: kept out of the public repo	
archive/tables/moral-auth-world/namerica/mcw/edmonton-2026-m0.txt	MOONSIGHTING-COMMITTEE	365	2026-01-01	2026-12-31	restricted or unknown: kept out of the public repo	
archive/tables/moral-auth-world/namerica/mcw/edmonton-2026-m2.txt	MOONSIGHTING-COMMITTEE	365	2026-01-01	2026-12-31	restricted or unknown: kept out of the public repo	
archive/tables/moral-auth-world/namerica/mcw/toronto-2026-m0.txt	MOONSIGHTING-COMMITTEE	365	2026-01-01	2026-12-31	restricted or unknown: kept out of the public repo	
archive/tables/moral-auth-world/namerica/mcw/toronto-2026-m2.txt	MOONSIGHTING-COMMITTEE	365	2026-01-01	2026-12-31	restricted or unknown: kept out of the public repo	
archive/tables/agentB/mr1.txt	MR-MAIEO	2	2024-09-04	2024-09-15	restricted or unknown: kept out of the public repo	Nouakchott: Alakhbar citing ministry imsakiya: imsak+5 = fajr (Ramadan 1447, 1 Ramadan = 19 Feb 2026 assumed) ministry homepage block Rabi I 1446 (date within 4 Sep - 3 Oct 2024; test 2024-09-04)
archive/tables/agentB/mr_1445.txt	MR-MAIEO	7	2024-03-11	2024-04-09	restricted or unknown: kept out of the public repo	Nouakchott, Ministry of Islamic Affairs imsakiya Ramadan 1445 (fajr sunrise dhuhr asr MAGHRIB(=listed maghrib col) isha)
archive/tables/moral-auth-mena/maghreb/mr_ndb_1444.txt	MR-MAIEO	8	2023-03-23	2023-04-21	restricted or unknown: kept out of the public repo	
archive/tables/moral-auth-mena/maghreb/mr_ndb_1444_magh.txt	MR-MAIEO	8	2023-03-23	2023-04-21	restricted or unknown: kept out of the public repo	
archive/tables/moral-auth-mena/maghreb/mr_nkc_1445_full.txt	MR-MAIEO	30	2024-03-11	2024-04-09	restricted or unknown: kept out of the public repo	date imsak fajr sunrise dhuhr asr ghurub maghrib isha
archive/tables/moral-auth-mena/maghreb/mr_nkc_1445_magh.txt	MR-MAIEO	30	2024-03-11	2024-04-09	restricted or unknown: kept out of the public repo	
archive/tables/moral-auth-mena/maghreb/mr_nkc_1445_rows.txt	MR-MAIEO	30	2024-03-11	2024-04-09	restricted or unknown: kept out of the public repo	
archive/tables/off-nkc-1445.txt	MR-MAIEO	7	2024-03-11	2024-04-09	restricted or unknown: kept out of the public repo	
archive/tables/moral-auth-world/sea/off-KTN01.txt	MY-JAKIM	365	2026-01-01	2026-12-31	restricted or unknown: kept out of the public repo	
archive/tables/moral-auth-world/sea/off-KTN02.txt	MY-JAKIM	365	2026-01-01	2026-12-31	restricted or unknown: kept out of the public repo	
archive/tables/moral-auth-world/sea/off-SGR01.txt	MY-JAKIM	365	2026-01-01	2026-12-31	restricted or unknown: kept out of the public repo	
archive/tables/off-jakim-kl-year.txt	MY-JAKIM	365	2026-01-01	2026-12-31	restricted or unknown: kept out of the public repo	
archive/tables/off-jakim-kl.txt	MY-JAKIM	61	2026-09-01	2026-10-31	restricted or unknown: kept out of the public repo	
archive/tables/round/data-wide-band/off-jakim-JHR01-2025-mirror.txt	MY-JAKIM	365	2025-01-01	2025-12-31	restricted or unknown: kept out of the public repo	JAKIM e-solat zone JHR01 2025 via public mirror https://api.waktusolat.app/v2/solat/JHR01?year=2025&month=1..12 fetched 2026-09-25 (times as Unix seconds, shown in UTC+8)
archive/tables/round/data-wide-band/off-jakim-JHR01.txt	MY-JAKIM	365	2026-01-01	2026-12-31	restricted or unknown: kept out of the public repo	JAKIM e-solat zone JHR01 2026: https://www.e-solat.gov.my/index.php?r=esolatApi/takwimsolat&period=year&zone=JHR01 fetched 2026-09-25 (serverTime 2026-09-26 05:05:25)
archive/tables/round/data-wide-band/off-jakim-JHR02-2025-mirror.txt	MY-JAKIM	365	2025-01-01	2025-12-31	restricted or unknown: kept out of the public repo	JAKIM e-solat zone JHR02 2025 via public mirror https://api.waktusolat.app/v2/solat/JHR02?year=2025&month=1..12 fetched 2026-09-25 (times as Unix seconds, shown in UTC+8)
archive/tables/round/data-wide-band/off-jakim-JHR02.txt	MY-JAKIM	365	2026-01-01	2026-12-31	restricted or unknown: kept out of the public repo	JAKIM e-solat zone JHR02 2026: https://www.e-solat.gov.my/index.php?r=esolatApi/takwimsolat&period=year&zone=JHR02 fetched 2026-09-25 (serverTime 2026-09-26 05:04:24)
archive/tables/round/data-wide-band/off-jakim-KTN01-2025-mirror.txt	MY-JAKIM	365	2025-01-01	2025-12-31	restricted or unknown: kept out of the public repo	JAKIM e-solat zone KTN01 2025 via public mirror https://api.waktusolat.app/v2/solat/KTN01?year=2025&month=1..12 fetched 2026-09-25 (times as Unix seconds, shown in UTC+8)
archive/tables/round/data-wide-band/off-jakim-KTN01.txt	MY-JAKIM	365	2026-01-01	2026-12-31	restricted or unknown: kept out of the public repo	JAKIM e-solat zone KTN01 2026: https://www.e-solat.gov.my/index.php?r=esolatApi/takwimsolat&period=year&zone=KTN01 fetched 2026-09-25 (serverTime 2026-09-26 05:05:07)
archive/tables/round/data-wide-band/off-jakim-PHG01-2025-mirror.txt	MY-JAKIM	365	2025-01-01	2025-12-31	restricted or unknown: kept out of the public repo	JAKIM e-solat zone PHG01 2025 via public mirror https://api.waktusolat.app/v2/solat/PHG01?year=2025&month=1..12 fetched 2026-09-25 (times as Unix seconds, shown in UTC+8)
archive/tables/round/data-wide-band/off-jakim-PHG01.txt	MY-JAKIM	365	2026-01-01	2026-12-31	restricted or unknown: kept out of the public repo	JAKIM e-solat zone PHG01 2026: https://www.e-solat.gov.my/index.php?r=esolatApi/takwimsolat&period=year&zone=PHG01 fetched 2026-09-25 (serverTime 2026-09-26 05:05:28)
archive/tables/round/data-wide-band/off-jakim-PHG06-2025-mirror.txt	MY-JAKIM	365	2025-01-01	2025-12-31	restricted or unknown: kept out of the public repo	JAKIM e-solat zone PHG06 2025 via public mirror https://api.waktusolat.app/v2/solat/PHG06?year=2025&month=1..12 fetched 2026-09-25 (times as Unix seconds, shown in UTC+8)
archive/tables/round/data-wide-band/off-jakim-PHG06.txt	MY-JAKIM	365	2026-01-01	2026-12-31	restricted or unknown: kept out of the public repo	JAKIM e-solat zone PHG06 2026: https://www.e-solat.gov.my/index.php?r=esolatApi/takwimsolat&period=year&zone=PHG06 fetched 2026-09-25 (serverTime 2026-09-26 05:05:14)
archive/tables/round/data-wide-band/off-jakim-PLS01-2025-mirror.txt	MY-JAKIM	365	2025-01-01	2025-12-31	restricted or unknown: kept out of the public repo	JAKIM e-solat zone PLS01 2025 via public mirror https://api.waktusolat.app/v2/solat/PLS01?year=2025&month=1..12 fetched 2026-09-25 (times as Unix seconds, shown in UTC+8)
archive/tables/round/data-wide-band/off-jakim-PLS01.txt	MY-JAKIM	365	2026-01-01	2026-12-31	restricted or unknown: kept out of the public repo	JAKIM e-solat zone PLS01 2026: https://www.e-solat.gov.my/index.php?r=esolatApi/takwimsolat&period=year&zone=PLS01 fetched 2026-09-25 (serverTime 2026-09-26 05:04:55)
archive/tables/round/data-wide-band/off-jakim-PNG01-2025-mirror.txt	MY-JAKIM	365	2025-01-01	2025-12-31	restricted or unknown: kept out of the public repo	JAKIM e-solat zone PNG01 2025 via public mirror https://api.waktusolat.app/v2/solat/PNG01?year=2025&month=1..12 fetched 2026-09-25 (times as Unix seconds, shown in UTC+8)
archive/tables/round/data-wide-band/off-jakim-PNG01.txt	MY-JAKIM	365	2026-01-01	2026-12-31	restricted or unknown: kept out of the public repo	JAKIM e-solat zone PNG01 2026: https://www.e-solat.gov.my/index.php?r=esolatApi/takwimsolat&period=year&zone=PNG01 fetched 2026-09-25 (serverTime 2026-09-26 05:05:31)
archive/tables/round/data-wide-band/off-jakim-SBH01-2025-mirror.txt	MY-JAKIM	365	2025-01-01	2025-12-31	restricted or unknown: kept out of the public repo	JAKIM e-solat zone SBH01 2025 via public mirror https://api.waktusolat.app/v2/solat/SBH01?year=2025&month=1..12 fetched 2026-09-25 (times as Unix seconds, shown in UTC+8)
archive/tables/round/data-wide-band/off-jakim-SBH01.txt	MY-JAKIM	365	2026-01-01	2026-12-31	restricted or unknown: kept out of the public repo	JAKIM e-solat zone SBH01 2026: https://www.e-solat.gov.my/index.php?r=esolatApi/takwimsolat&period=year&zone=SBH01 fetched 2026-09-25 (serverTime 2026-09-26 05:05:11)
archive/tables/round/data-wide-band/off-jakim-SBH06-2025-mirror.txt	MY-JAKIM	365	2025-01-01	2025-12-31	restricted or unknown: kept out of the public repo	JAKIM e-solat zone SBH06 2025 via public mirror https://api.waktusolat.app/v2/solat/SBH06?year=2025&month=1..12 fetched 2026-09-25 (times as Unix seconds, shown in UTC+8)
archive/tables/round/data-wide-band/off-jakim-SBH06.txt	MY-JAKIM	365	2026-01-01	2026-12-31	restricted or unknown: kept out of the public repo	JAKIM e-solat zone SBH06 2026: https://www.e-solat.gov.my/index.php?r=esolatApi/takwimsolat&period=year&zone=SBH06 fetched 2026-09-25 (serverTime 2026-09-26 05:05:19)
archive/tables/round/data-wide-band/off-jakim-SBH07-2025-mirror.txt	MY-JAKIM	365	2025-01-01	2025-12-31	restricted or unknown: kept out of the public repo	JAKIM e-solat zone SBH07 2025 via public mirror https://api.waktusolat.app/v2/solat/SBH07?year=2025&month=1..12 fetched 2026-09-25 (times as Unix seconds, shown in UTC+8)
archive/tables/round/data-wide-band/off-jakim-SBH07.txt	MY-JAKIM	365	2026-01-01	2026-12-31	restricted or unknown: kept out of the public repo	JAKIM e-solat zone SBH07 2026: https://www.e-solat.gov.my/index.php?r=esolatApi/takwimsolat&period=year&zone=SBH07 fetched 2026-09-25 (serverTime 2026-09-26 05:04:59)
archive/tables/round/data-wide-band/off-jakim-SGR01-2025-mirror.txt	MY-JAKIM	365	2025-01-01	2025-12-31	restricted or unknown: kept out of the public repo	JAKIM e-solat zone SGR01 2025 via public mirror https://api.waktusolat.app/v2/solat/SGR01?year=2025&month=1..12 fetched 2026-09-25 (times as Unix seconds, shown in UTC+8)
archive/tables/round/data-wide-band/off-jakim-SGR01.txt	MY-JAKIM	365	2026-01-01	2026-12-31	restricted or unknown: kept out of the public repo	JAKIM e-solat zone SGR01 2026: https://www.e-solat.gov.my/index.php?r=esolatApi/takwimsolat&period=year&zone=SGR01 fetched 2026-09-25 (serverTime 2026-09-26 05:05:35)
archive/tables/round/data-wide-band/off-jakim-SWK08-2025-mirror.txt	MY-JAKIM	365	2025-01-01	2025-12-31	restricted or unknown: kept out of the public repo	JAKIM e-solat zone SWK08 2025 via public mirror https://api.waktusolat.app/v2/solat/SWK08?year=2025&month=1..12 fetched 2026-09-25 (times as Unix seconds, shown in UTC+8)
archive/tables/round/data-wide-band/off-jakim-SWK08-2026-mirror.txt	MY-JAKIM	365	2026-01-01	2026-12-31	restricted or unknown: kept out of the public repo	JAKIM e-solat zone SWK08 2026 via public mirror https://api.waktusolat.app/v2/solat/SWK08?year=2026&month=1..12 fetched 2026-09-25 (times as Unix seconds, shown in UTC+8)
archive/tables/round/data-wide-band/off-jakim-SWK08.txt	MY-JAKIM	365	2026-01-01	2026-12-31	restricted or unknown: kept out of the public repo	JAKIM e-solat zone SWK08 2026: https://www.e-solat.gov.my/index.php?r=esolatApi/takwimsolat&period=year&zone=SWK08 fetched 2026-09-25 (serverTime 2026-09-26 05:05:03)
archive/tables/round/data-wide-band/off-jakim-WLY01-2025-mirror.txt	MY-JAKIM	365	2025-01-01	2025-12-31	restricted or unknown: kept out of the public repo	JAKIM e-solat zone WLY01 2025 via public mirror https://api.waktusolat.app/v2/solat/WLY01?year=2025&month=1..12 fetched 2026-09-25 (times as Unix seconds, shown in UTC+8)
archive/tables/round/data-wide-band/off-jakim-WLY01-2026-mirror.txt	MY-JAKIM	365	2026-01-01	2026-12-31	restricted or unknown: kept out of the public repo	JAKIM e-solat zone WLY01 2026 via public mirror https://api.waktusolat.app/v2/solat/WLY01?year=2026&month=1..12 fetched 2026-09-25 (times as Unix seconds, shown in UTC+8)
archive/tables/round/data-wide-band/off-jakim-WLY01.txt	MY-JAKIM	365	2026-01-01	2026-12-31	restricted or unknown: kept out of the public repo	JAKIM e-solat zone WLY01 2026: https://www.e-solat.gov.my/index.php?r=esolatApi/takwimsolat&period=year&zone=WLY01 fetched 2026-09-25 (serverTime 2026-09-26 05:05:38)
archive/tables/round/data-wide-band/off-jakim-WLY02-2025-mirror.txt	MY-JAKIM	365	2025-01-01	2025-12-31	restricted or unknown: kept out of the public repo	JAKIM e-solat zone WLY02 2025 via public mirror https://api.waktusolat.app/v2/solat/WLY02?year=2025&month=1..12 fetched 2026-09-25 (times as Unix seconds, shown in UTC+8)
archive/tables/round/data-wide-band/off-jakim-WLY02.txt	MY-JAKIM	365	2026-01-01	2026-12-31	restricted or unknown: kept out of the public repo	JAKIM e-solat zone WLY02 2026: https://www.e-solat.gov.my/index.php?r=esolatApi/takwimsolat&period=year&zone=WLY02 fetched 2026-09-25 (serverTime 2026-09-26 05:05:22)
archive/tables/moral-auth-world/europe/nordic/off-cjas-oslo.txt	NO-CJAS	365	2026-01-01	2026-12-31	restricted or unknown: kept out of the public repo	
archive/tables/moral-auth-world/europe/nordic/off-irn-oslo-2026-hanafi.txt	NO-IRN	365	2026-01-01	2026-12-31	restricted or unknown: kept out of the public repo	
archive/tables/moral-auth-world/europe/nordic/off-irn-oslo-2026.txt	NO-IRN	365	2026-01-01	2026-12-31	restricted or unknown: kept out of the public repo	
archive/tables/moral-auth-world/europe/nordic/off-irn-tromso-2026.txt	NO-IRN	365	2026-01-01	2026-12-31	restricted or unknown: kept out of the public repo	
archive/tables/moral-auth-world/europe/nordic/off-irn-trondheim-2026.txt	NO-IRN	365	2026-01-01	2026-12-31	restricted or unknown: kept out of the public repo	
archive/tables/moral-auth-world/africaoceania/fianz-akl.txt	NZ-FIANZ	122	2026-03-01	2026-12-31	restricted or unknown: kept out of the public repo	
archive/tables/moral-auth-mena/gulfB/off-om-muscat-2021-2031.txt	OM-MARA	123	2021-01-01	2031-09-30	restricted or unknown: kept out of the public repo	
archive/tables/moral-auth-mena/gulfB/off-om-muscat-2026.txt	OM-MARA	365	2026-01-01	2026-12-31	restricted or unknown: kept out of the public repo	
archive/tables/moral-auth-mena/gulfB/off-qch-derived-2026.txt	QA-CALENDARHOUSE	365	2026-01-01	2026-12-31	restricted or unknown: kept out of the public repo	Calendar House Doha 2026 derived = ministry API with Dhuhr and Asr +1 (verified identical on 119 CH days otherwise)
archive/tables/moral-auth-mena/gulfB/off-qch-doha.txt	QA-CALENDARHOUSE	89	2026-06-16	2026-10-11	restricted or unknown: kept out of the public repo	
archive/tables/moral-auth-mena/gulfB/qch_noram.txt	QA-CALENDARHOUSE	306	2026-01-01	2026-12-31	restricted or unknown: kept out of the public repo	Calendar House Doha 2026 derived = ministry API with Dhuhr and Asr +1 (verified identical on 119 CH days otherwise)
archive/tables/moral-auth-mena/gulfB/qch_ram.txt	QA-CALENDARHOUSE	30	2026-02-17	2026-03-18	restricted or unknown: kept out of the public repo	
archive/tables/off-qatar-doha-ramadan1447.txt	QA-CALENDARHOUSE	30	2026-02-18	2026-03-19	restricted or unknown: kept out of the public repo	Qatar Calendar House, Ramadan 1447 imsakiya for Doha (qatarch.com emsakya.pdf), 24h
archive/tables/off-qatarch-wakra.txt	QA-CALENDARHOUSE	1	2026-09-25	2026-09-25	restricted or unknown: kept out of the public repo	
archive/tables/off-qch-riyadh.txt	QA-CALENDARHOUSE	1	2026-09-25	2026-09-25	restricted or unknown: kept out of the public repo	
archive/tables/round/data-gulf-egypt/off-qa-qch-abudhabi-web.txt	QA-CALENDARHOUSE	50	2023-02-03	2026-06-17	restricted or unknown: kept out of the public repo	Qatar Calendar House website header prayData (city abudhabi, as computed by qatarch.com), Wayback captures of https://www.qatarch.com/* (one per day), fetched 2026-09-25; date = server "today" (calData) / capture date UTC+3
archive/tables/round/data-gulf-egypt/off-qa-qch-abusamra-web.txt	QA-CALENDARHOUSE	50	2023-02-03	2026-06-17	restricted or unknown: kept out of the public repo	Qatar Calendar House website header prayData (city abusamra, as computed by qatarch.com), Wayback captures of https://www.qatarch.com/* (one per day), fetched 2026-09-25; date = server "today" (calData) / capture date UTC+3
archive/tables/round/data-gulf-egypt/off-qa-qch-doha-pdf.txt	QA-CALENDARHOUSE	88	2026-06-16	2026-09-11	restricted or unknown: kept out of the public repo	Qatar Calendar House (Dar al-Taqweem al-Qatari) monthly calendar PDFs, Doha; source files from https://www.qatarch.com/public/uploads/orginal/documents/ (e.g. "3) Rabia I 1448.pdf"), copies read 2026-09-25
archive/tables/round/data-gulf-egypt/off-qa-qch-doha-ramadan1447.txt	QA-CALENDARHOUSE	30	2026-02-18	2026-03-19	restricted or unknown: kept out of the public repo	Qatar Calendar House, Ramadan 1447 imsakiya for Doha, https://www.qatarch.com/public/uploads/orginal/emsakia/emsakya.pdf fetched 2026-09-25 (transcribed from the rendered page; the PDF text layer drops digits), 24h
archive/tables/round/data-gulf-egypt/off-qa-qch-doha-web.txt	QA-CALENDARHOUSE	50	2023-02-03	2026-06-17	restricted or unknown: kept out of the public repo	Qatar Calendar House website header prayData (city doha, as computed by qatarch.com), Wayback captures of https://www.qatarch.com/* (one per day), fetched 2026-09-25; date = server "today" (calData) / capture date UTC+3
archive/tables/round/data-gulf-egypt/off-qa-qch-dukhan-web.txt	QA-CALENDARHOUSE	50	2023-02-03	2026-06-17	restricted or unknown: kept out of the public repo	Qatar Calendar House website header prayData (city dukhan, as computed by qatarch.com), Wayback captures of https://www.qatarch.com/* (one per day), fetched 2026-09-25; date = server "today" (calData) / capture date UTC+3
archive/tables/round/data-gulf-egypt/off-qa-qch-halul-web.txt	QA-CALENDARHOUSE	11	2025-10-18	2026-06-17	restricted or unknown: kept out of the public repo	Qatar Calendar House website header prayData (city halul, as computed by qatarch.com), Wayback captures of https://www.qatarch.com/* (one per day), fetched 2026-09-25; date = server "today" (calData) / capture date UTC+3
archive/tables/round/data-gulf-egypt/off-qa-qch-kuwait-web.txt	QA-CALENDARHOUSE	50	2023-02-03	2026-06-17	restricted or unknown: kept out of the public repo	Qatar Calendar House website header prayData (city kuwait, as computed by qatarch.com), Wayback captures of https://www.qatarch.com/* (one per day), fetched 2026-09-25; date = server "today" (calData) / capture date UTC+3
archive/tables/round/data-gulf-egypt/off-qa-qch-madinah-web.txt	QA-CALENDARHOUSE	50	2023-02-03	2026-06-17	restricted or unknown: kept out of the public repo	Qatar Calendar House website header prayData (city madinah, as computed by qatarch.com), Wayback captures of https://www.qatarch.com/* (one per day), fetched 2026-09-25; date = server "today" (calData) / capture date UTC+3
archive/tables/round/data-gulf-egypt/off-qa-qch-makkah-web.txt	QA-CALENDARHOUSE	49	2023-02-03	2026-06-17	restricted or unknown: kept out of the public repo	Qatar Calendar House website header prayData (city makkah, as computed by qatarch.com), Wayback captures of https://www.qatarch.com/* (one per day), fetched 2026-09-25; date = server "today" (calData) / capture date UTC+3
archive/tables/round/data-gulf-egypt/off-qa-qch-manama-web.txt	QA-CALENDARHOUSE	50	2023-02-03	2026-06-17	restricted or unknown: kept out of the public repo	Qatar Calendar House website header prayData (city manama, as computed by qatarch.com), Wayback captures of https://www.qatarch.com/* (one per day), fetched 2026-09-25; date = server "today" (calData) / capture date UTC+3
archive/tables/round/data-gulf-egypt/off-qa-qch-mesaieed-web.txt	QA-CALENDARHOUSE	50	2023-02-03	2026-06-17	restricted or unknown: kept out of the public repo	Qatar Calendar House website header prayData (city mesaieed, as computed by qatarch.com), Wayback captures of https://www.qatarch.com/* (one per day), fetched 2026-09-25; date = server "today" (calData) / capture date UTC+3
archive/tables/round/data-gulf-egypt/off-qa-qch-muscat-web.txt	QA-CALENDARHOUSE	50	2023-02-03	2026-06-17	restricted or unknown: kept out of the public repo	Qatar Calendar House website header prayData (city muscat, as computed by qatarch.com), Wayback captures of https://www.qatarch.com/* (one per day), fetched 2026-09-25; date = server "today" (calData) / capture date UTC+3
archive/tables/round/data-gulf-egypt/off-qa-qch-riyadh-web.txt	QA-CALENDARHOUSE	50	2023-02-03	2026-06-17	restricted or unknown: kept out of the public repo	Qatar Calendar House website header prayData (city riyadh, as computed by qatarch.com), Wayback captures of https://www.qatarch.com/* (one per day), fetched 2026-09-25; date = server "today" (calData) / capture date UTC+3
archive/tables/round/data-gulf-egypt/off-qa-qch-shamal-web.txt	QA-CALENDARHOUSE	50	2023-02-03	2026-06-17	restricted or unknown: kept out of the public repo	Qatar Calendar House website header prayData (city shamal, as computed by qatarch.com), Wayback captures of https://www.qatarch.com/* (one per day), fetched 2026-09-25; date = server "today" (calData) / capture date UTC+3
archive/tables/moral-auth-mena/gulfB/off-qa-ministry-2026.txt	QA-MINISTRY	365	2026-01-01	2026-12-31	restricted or unknown: kept out of the public repo	Qatar Ministry of Awqaf API meiaservicesext.islam.gov.qa/ServicesBrokerGatewayAPI/api/PrayerTimes?date=DD-MM-YYYY (Doha), 24h
archive/tables/moral-auth-world/centralasia/off_msk.txt	RU-DUMRF	29	2024-05-02	2026-09-25	restricted or unknown: kept out of the public repo	
archive/tables/moral-auth-world/centralasia/off_msk_all.txt	RU-DUMRF	120	2024-05-02	2026-09-25	restricted or unknown: kept out of the public repo	
archive/tables/moral-auth-world/centralasia/off_msk_months.txt	RU-DUMRF	92	2025-06-01	2026-08-31	restricted or unknown: kept out of the public repo	DUM RF monthly images (Wayback): June 2025, July 2026, August 2026 — Moscow and Moscow oblast
archive/tables/moral-auth-world/centralasia/off_kzn.txt	RU-DUMRT	365	2026-01-01	2026-12-31	CC BY 4.0, attribution: Spiritual Administration of Muslims of the Republic of Tatarstan	
archive/tables/moral-auth-world/centralasia/off_kzn_mosque.txt	RU-DUMRT	365	2026-01-01	2026-12-31	CC BY 4.0, attribution: Spiritual Administration of Muslims of the Republic of Tatarstan	
archive/tables/off-uq-makkah-3p.txt	SA-UMMALQURA	1	2026-09-20	2026-09-20	restricted or unknown: kept out of the public repo	
archive/tables/round/data-umm-al-qura/off-uq-abha.txt	SA-UMMALQURA	1095	2025-01-01	2027-12-31	restricted or unknown: kept out of the public repo	source: https://umqserv.kacst.gov.sa/api/v1/Prayer/GetPrayerByYear?lang=en&format=24&yg=2025&lat=18.22&lon=42.51&zone=3 fetched 2026-09-25T21:02:08Z ; https://umqserv.kacst.gov.sa/api/v1/Prayer/GetPrayerByYear?lang=en&format=24&yg=2026&lat=18.22&lon=42.51&zone=3 fetched 2026-09-25T20:54:16Z ; https:
archive/tables/round/data-umm-al-qura/off-uq-al-kharkhir.txt	SA-UMMALQURA	365	2026-01-01	2026-12-31	restricted or unknown: kept out of the public repo	source: https://umqserv.kacst.gov.sa/api/v1/Prayer/GetPrayerByYear?lang=en&format=24&yg=2026&lat=18.85&lon=51.819&zone=3 fetched 2026-09-25T21:02:40Z (the JSON API that the official prayer-times page https://www.ummulqura.org.sa/ calls, KACST; city coordinates from https://www.ummulqura.org.sa/asset
archive/tables/round/data-umm-al-qura/off-uq-at-tuwal.txt	SA-UMMALQURA	365	2026-01-01	2026-12-31	restricted or unknown: kept out of the public repo	source: https://umqserv.kacst.gov.sa/api/v1/Prayer/GetPrayerByYear?lang=en&format=24&yg=2026&lat=16.528&lon=42.9685&zone=3 fetched 2026-09-25T21:02:46Z (the JSON API that the official prayer-times page https://www.ummulqura.org.sa/ calls, KACST; city coordinates from https://www.ummulqura.org.sa/ass
archive/tables/round/data-umm-al-qura/off-uq-dammam.txt	SA-UMMALQURA	1095	2025-01-01	2027-12-31	restricted or unknown: kept out of the public repo	source: https://umqserv.kacst.gov.sa/api/v1/Prayer/GetPrayerByYear?lang=en&format=24&yg=2025&lat=26.44&lon=50.1&zone=3 fetched 2026-09-25T21:01:46Z ; https://umqserv.kacst.gov.sa/api/v1/Prayer/GetPrayerByYear?lang=en&format=24&yg=2026&lat=26.44&lon=50.1&zone=3 fetched 2026-09-25T20:54:16Z ; https://
archive/tables/round/data-umm-al-qura/off-uq-haql.txt	SA-UMMALQURA	365	2026-01-01	2026-12-31	restricted or unknown: kept out of the public repo	source: https://umqserv.kacst.gov.sa/api/v1/Prayer/GetPrayerByYear?lang=en&format=24&yg=2026&lat=29.3&lon=34.95&zone=3 fetched 2026-09-25T21:02:21Z (the JSON API that the official prayer-times page https://www.ummulqura.org.sa/ calls, KACST; city coordinates from https://www.ummulqura.org.sa/assets/
archive/tables/round/data-umm-al-qura/off-uq-jeddah.txt	SA-UMMALQURA	1095	2025-01-01	2027-12-31	restricted or unknown: kept out of the public repo	source: https://umqserv.kacst.gov.sa/api/v1/Prayer/GetPrayerByYear?lang=en&format=24&yg=2025&lat=21.5&lon=39.17&zone=3 fetched 2026-09-25T21:01:38Z ; https://umqserv.kacst.gov.sa/api/v1/Prayer/GetPrayerByYear?lang=en&format=24&yg=2026&lat=21.5&lon=39.17&zone=3 fetched 2026-09-25T20:54:16Z ; https://
archive/tables/round/data-umm-al-qura/off-uq-madinah.txt	SA-UMMALQURA	1095	2025-01-01	2027-12-31	restricted or unknown: kept out of the public repo	source: https://umqserv.kacst.gov.sa/api/v1/Prayer/GetPrayerByYear?lang=en&format=24&yg=2025&lat=24.54&lon=39.63&zone=3 fetched 2026-09-25T21:01:18Z ; https://umqserv.kacst.gov.sa/api/v1/Prayer/GetPrayerByYear?lang=en&format=24&yg=2026&lat=24.54&lon=39.63&zone=3 fetched 2026-09-25T20:54:16Z ; https:
archive/tables/round/data-umm-al-qura/off-uq-makkah.txt	SA-UMMALQURA	2557	2024-01-01	2030-12-31	restricted or unknown: kept out of the public repo	source: https://umqserv.kacst.gov.sa/api/v1/Prayer/GetPrayerByYear?lang=en&format=24&yg=2024&lat=21.426666&lon=39.831666&zone=3 fetched 2026-09-25T21:14:59Z ; https://umqserv.kacst.gov.sa/api/v1/Prayer/GetPrayerByYear?lang=en&format=24&yg=2025&lat=21.426666&lon=39.831666&zone=3 fetched 2026-09-25T21
archive/tables/round/data-umm-al-qura/off-uq-riyadh.txt	SA-UMMALQURA	2557	2024-01-01	2030-12-31	restricted or unknown: kept out of the public repo	source: https://umqserv.kacst.gov.sa/api/v1/Prayer/GetPrayerByYear?lang=en&format=24&yg=2024&lat=24.67&lon=46.69&zone=3 fetched 2026-09-25T21:15:03Z ; https://umqserv.kacst.gov.sa/api/v1/Prayer/GetPrayerByYear?lang=en&format=24&yg=2025&lat=24.67&lon=46.69&zone=3 fetched 2026-09-25T21:01:27Z ; https:
archive/tables/round/data-umm-al-qura/off-uq-tabuk.txt	SA-UMMALQURA	365	2026-01-01	2026-12-31	restricted or unknown: kept out of the public repo	source: https://umqserv.kacst.gov.sa/api/v1/Prayer/GetPrayerByYear?lang=en&format=24&yg=2026&lat=28.4&lon=36.58&zone=3 fetched 2026-09-25T21:02:53Z (the JSON API that the official prayer-times page https://www.ummulqura.org.sa/ calls, KACST; city coordinates from https://www.ummulqura.org.sa/assets/
archive/tables/round/data-umm-al-qura/off-uq-taif.txt	SA-UMMALQURA	365	2026-01-01	2026-12-31	restricted or unknown: kept out of the public repo	source: https://umqserv.kacst.gov.sa/api/v1/Prayer/GetPrayerByYear?lang=en&format=24&yg=2026&lat=21.25&lon=40.4&zone=3 fetched 2026-09-25T21:02:49Z (the JSON API that the official prayer-times page https://www.ummulqura.org.sa/ calls, KACST; city coordinates from https://www.ummulqura.org.sa/assets/
archive/tables/round/data-umm-al-qura/off-uq-turaif.txt	SA-UMMALQURA	1827	2024-01-01	2030-12-31	restricted or unknown: kept out of the public repo	source: https://umqserv.kacst.gov.sa/api/v1/Prayer/GetPrayerByYear?lang=en&format=24&yg=2024&lat=31.68&lon=38.66&zone=3 fetched 2026-09-25T21:15:07Z ; https://umqserv.kacst.gov.sa/api/v1/Prayer/GetPrayerByYear?lang=en&format=24&yg=2026&lat=31.68&lon=38.66&zone=3 fetched 2026-09-25T21:02:36Z ; https:
archive/tables/moral-auth-mena/nile/khartoum.txt	SD-FIQH	8	2026-02-18	2026-03-19	restricted or unknown: kept out of the public repo	Khartoum, agentB/sudan1.json ("Khartoum Fiqh Academy Ramadan 2026"), source URL to confirm; corroborated (ruling R74) by a Sudanese news aggregator's Ramadan 2026 imsakiya article attributed to the Fiqh Academy, same day-1 Fajr/Isha, so no longer an isolated data point though still not confirmed as the Academy's own computation; backs sd.ministry's Ramadan-only Isha floor (Maghrib + 90), still not a row
archive/tables/moral-auth-mena/nile/khartoum2022.txt	SD-FIQH	30	2022-04-02	2022-05-01	restricted or unknown: kept out of the public repo	Khartoum State, Ministry of Religious Affairs & Endowments imsakiya Ramadan 1443 (image sd_imsak2022.jpg), UTC+2; Fajr column labelled imsak
archive/tables/moral-auth-world/europe/nordic/off-ifis-stockholm-2025-12.txt	SE-IFIS	31	2025-12-01	2025-12-31	restricted or unknown: kept out of the public repo	
archive/tables/moral-auth-world/europe/nordic/off-ifis-stockholm-2026-02.txt	SE-IFIS	28	2026-02-01	2026-02-28	restricted or unknown: kept out of the public repo	
archive/tables/moral-auth-world/europe/nordic/off-ifis-stockholm-2026-05.txt	SE-IFIS	31	2026-05-01	2026-05-31	restricted or unknown: kept out of the public repo	
archive/tables/moral-auth-world/europe/nordic/off-ifis-stockholm-2026-06.txt	SE-IFIS	30	2026-06-01	2026-06-30	restricted or unknown: kept out of the public repo	
archive/tables/moral-auth-world/europe/nordic/off-ifis-stockholm-2026-09.txt	SE-IFIS	30	2026-09-01	2026-09-30	restricted or unknown: kept out of the public repo	
archive/tables/moral-auth-world/europe/nordic/off-ifis-stockholm-all.txt	SE-IFIS	150	2025-12-01	2026-09-30	restricted or unknown: kept out of the public repo	
archive/tables/moral-auth-world/sea/off-muis-2024.txt	SG-MUIS	366	2024-01-01	2024-12-31	Singapore Open Data Licence v1.0 (data.gov.sg), attribution: Majlis Ugama Islam Singapura	
archive/tables/moral-auth-world/sea/off-muis-2025.txt	SG-MUIS	365	2025-01-01	2025-12-31	Singapore Open Data Licence v1.0 (data.gov.sg), attribution: Majlis Ugama Islam Singapura	
archive/tables/off-muis-2026.txt	SG-MUIS	365	2026-01-01	2026-12-31	Singapore Open Data Licence v1.0 (data.gov.sg), attribution: Majlis Ugama Islam Singapura	
archive/tables/round/data-wide-band/off-muis-singapore-2024.txt	SG-MUIS	366	2024-01-01	2024-12-31	Singapore Open Data Licence v1.0 (data.gov.sg), attribution: Majlis Ugama Islam Singapura	MUIS Singapore 2024: https://data.gov.sg/api/action/datastore_search?resource_id=d_a6a206cba471fe04b62dd886ef5eaf22&limit=2000 (dataset 'Muslim Prayer Timetable (consolidated)', MUIS, Open Data Licence) fetched 2026-09-25; 12-h times converted to 24-h
archive/tables/round/data-wide-band/off-muis-singapore-2025.txt	SG-MUIS	365	2025-01-01	2025-12-31	Singapore Open Data Licence v1.0 (data.gov.sg), attribution: Majlis Ugama Islam Singapura	MUIS Singapore 2025: https://data.gov.sg/api/action/datastore_search?resource_id=d_a6a206cba471fe04b62dd886ef5eaf22&limit=2000 (dataset 'Muslim Prayer Timetable (consolidated)', MUIS, Open Data Licence) fetched 2026-09-25; 12-h times converted to 24-h
archive/tables/round/data-wide-band/off-muis-singapore-2026.txt	SG-MUIS	365	2026-01-01	2026-12-31	Singapore Open Data Licence v1.0 (data.gov.sg), attribution: Majlis Ugama Islam Singapura	MUIS Singapore 2026: https://data.gov.sg/api/action/datastore_search?resource_id=d_a6a206cba471fe04b62dd886ef5eaf22&limit=2000 (dataset 'Muslim Prayer Timetable (consolidated)', MUIS, Open Data Licence) fetched 2026-09-25; 12-h times converted to 24-h
archive/tables/round/data-wide-band/off-muis-singapore.txt	SG-MUIS	1096	2024-01-01	2026-12-31	Singapore Open Data Licence v1.0 (data.gov.sg), attribution: Majlis Ugama Islam Singapura	MUIS Singapore 2024-2026 (one national table): https://data.gov.sg/api/action/datastore_search?resource_id=d_a6a206cba471fe04b62dd886ef5eaf22&limit=2000 (MUIS 'Muslim Prayer Timetable (consolidated)', Open Data Licence) fetched 2026-09-25; the 2025-12-29..2026-12-31 part is identical to https://isom
archive/tables/moral-auth-world/sea/off-JHR02.txt	SOUTHEAST-ASIA	365	2026-01-01	2026-12-31	restricted or unknown: kept out of the public repo	
archive/tables/moral-auth-world/sea/off-PLS01.txt	SOUTHEAST-ASIA	365	2026-01-01	2026-12-31	restricted or unknown: kept out of the public repo	
archive/tables/moral-auth-world/sea/off-PNG01.txt	SOUTHEAST-ASIA	365	2026-01-01	2026-12-31	restricted or unknown: kept out of the public repo	
archive/tables/moral-auth-world/sea/off-SBH07.txt	SOUTHEAST-ASIA	365	2026-01-01	2026-12-31	restricted or unknown: kept out of the public repo	
archive/tables/moral-auth-world/sea/off-SWK04.txt	SOUTHEAST-ASIA	365	2026-01-01	2026-12-31	restricted or unknown: kept out of the public repo	
archive/tables/moral-auth-world/sea/off-bn-2026-09.txt	SOUTHEAST-ASIA	30	2026-09-01	2026-09-30	restricted or unknown: kept out of the public repo	
archive/tables/moral-auth-world/sea/off-bn-2026-clean.txt	SOUTHEAST-ASIA	355	2026-01-01	2026-12-31	restricted or unknown: kept out of the public repo	
archive/tables/moral-auth-world/sea/off-bn-2026.txt	SOUTHEAST-ASIA	363	2026-01-01	2026-12-31	restricted or unknown: kept out of the public repo	
archive/tables/moral-auth-world/sea/off-mq-jakarta-2026-noeq.txt	SOUTHEAST-ASIA	359	2026-01-01	2026-12-31	restricted or unknown: kept out of the public repo	
archive/tables/moral-auth-world/sea/off-mq-jakarta-2026.txt	SOUTHEAST-ASIA	365	2026-01-01	2026-12-31	restricted or unknown: kept out of the public repo	
archive/tables/moral-auth-world/sea/off-mq-mrk.txt	SOUTHEAST-ASIA	123	2026-01-01	2026-10-31	restricted or unknown: kept out of the public repo	
archive/tables/moral-auth-world/sea/off-mq-sby.txt	SOUTHEAST-ASIA	123	2026-01-01	2026-10-31	restricted or unknown: kept out of the public repo	
archive/tables/agentB/tunis_inm.txt	TN-INM	61	2026-09-01	2026-10-31	restricted or unknown: kept out of the public repo	Tunis (INM meteo.tn, gouv 342 deleg 615): date fajr sunrise dhuhr asr maghrib isha
archive/tables/moral-auth-mena/maghreb/tn_tala.txt	TN-INM	1	2026-09-25	2026-09-25	restricted or unknown: kept out of the public repo	
archive/tables/moral-auth-mena/maghreb/tn_tunis1.txt	TN-INM	1	2026-09-25	2026-09-25	restricted or unknown: kept out of the public repo	
archive/tables/moral-auth-mena/maghreb/tn_tunis_2026.txt	TN-INM	183	2026-01-01	2026-12-31	restricted or unknown: kept out of the public repo	
archive/tables/moral-auth-mena/maghreb/tn_tunis_multiyear.txt	TN-INM	58	2019-11-10	2026-12-21	restricted or unknown: kept out of the public repo	2014-01-15 null 2014-03-20 null 2014-05-10 null 2014-06-21 null 2014-08-01 null 2014-09-25 null 2014-11-10 null 2014-12-21 null 2015-01-15 null 2015-03-20 null 2015-05-10 null 2015-06-21 null 2015-08-01 null 2015-09-25 null 2015-11-10 null 2015-12-21 null 2016-01-15 null 2016-03-20 null 2016-05-10 n
archive/tables/off-tunis.txt	TN-INM	61	2026-09-01	2026-10-31	restricted or unknown: kept out of the public repo	
archive/tables/round/data-maghreb-libya/off-inm-benguerdane.txt	TN-INM	122	2026-01-01	2026-12-30	restricted or unknown: kept out of the public repo	Tunisia, Institut National de la Meteorologie: https://www.meteo.tn/horaire_gouvernorat/<date>/353/488 (one request per day) fetched 2026-09-25; sunrise column from https://www.meteo.tn/lever_coucher_gouvernorat/<date>/353/488 ('-' where not fetched); INM reference point 33.139,11.215
archive/tables/round/data-maghreb-libya/off-inm-sfax.txt	TN-INM	365	2026-01-01	2026-12-31	restricted or unknown: kept out of the public repo	Tunisia, Institut National de la Meteorologie: https://www.meteo.tn/horaire_gouvernorat/<date>/359/632 (one request per day) fetched 2026-09-25; sunrise column from https://www.meteo.tn/lever_coucher_gouvernorat/<date>/359/632 ('-' where not fetched); INM reference point 34.733,10.75
archive/tables/round/data-maghreb-libya/off-inm-tabarka.txt	TN-INM	122	2026-01-01	2026-12-30	restricted or unknown: kept out of the public repo	Tunisia, Institut National de la Meteorologie: https://www.meteo.tn/horaire_gouvernorat/<date>/354/497 (one request per day) fetched 2026-09-25; sunrise column from https://www.meteo.tn/lever_coucher_gouvernorat/<date>/354/497 ('-' where not fetched); INM reference point 36.952,8.758
archive/tables/round/data-maghreb-libya/off-inm-tala.txt	TN-INM	122	2026-01-01	2026-12-30	restricted or unknown: kept out of the public repo	Tunisia, Institut National de la Meteorologie: https://www.meteo.tn/horaire_gouvernorat/<date>/362/573 (one request per day) fetched 2026-09-25; sunrise column from https://www.meteo.tn/lever_coucher_gouvernorat/<date>/362/573 ('-' where not fetched); INM reference point 35.572,8.67
archive/tables/round/data-maghreb-libya/off-inm-tataouine.txt	TN-INM	365	2026-01-01	2026-12-31	restricted or unknown: kept out of the public repo	Tunisia, Institut National de la Meteorologie: https://www.meteo.tn/horaire_gouvernorat/<date>/351/624 (one request per day) fetched 2026-09-25; sunrise column from https://www.meteo.tn/lever_coucher_gouvernorat/<date>/351/624 ('-' where not fetched); INM reference point 32.933,10.45
archive/tables/round/data-maghreb-libya/off-inm-tunis.txt	TN-INM	365	2026-01-01	2026-12-31	restricted or unknown: kept out of the public repo	Tunisia, Institut National de la Meteorologie: https://www.meteo.tn/horaire_gouvernorat/<date>/342/615 (one request per day) fetched 2026-09-25; sunrise column from https://www.meteo.tn/lever_coucher_gouvernorat/<date>/342/615 ('-' where not fetched); INM reference point 36.8,10.183
archive/tables/moral-auth-mena/turkiye/tt-11002.txt	TR-DIYANET	396	2026-09-25	2027-12-31	restricted or unknown: kept out of the public repo	
archive/tables/moral-auth-mena/turkiye/tt-11915.txt	TR-DIYANET	396	2026-09-25	2027-12-31	restricted or unknown: kept out of the public repo	
archive/tables/moral-auth-mena/turkiye/tt-13382.txt	TR-DIYANET	396	2026-09-25	2027-12-31	restricted or unknown: kept out of the public repo	
archive/tables/moral-auth-mena/turkiye/tt-13976.txt	TR-DIYANET	396	2026-09-25	2027-12-31	restricted or unknown: kept out of the public repo	
archive/tables/moral-auth-mena/turkiye/tt-14096.txt	TR-DIYANET	396	2026-09-25	2027-12-31	restricted or unknown: kept out of the public repo	
archive/tables/moral-auth-mena/turkiye/tt-9225.txt	TR-DIYANET	396	2026-09-25	2027-12-31	restricted or unknown: kept out of the public repo	
archive/tables/moral-auth-mena/turkiye/tt-9335.txt	TR-DIYANET	396	2026-09-25	2027-12-31	restricted or unknown: kept out of the public repo	
archive/tables/moral-auth-mena/turkiye/tt-9402.txt	TR-DIYANET	396	2026-09-25	2027-12-31	restricted or unknown: kept out of the public repo	
archive/tables/moral-auth-mena/turkiye/tt-9479.txt	TR-DIYANET	396	2026-09-25	2027-12-31	restricted or unknown: kept out of the public repo	
archive/tables/moral-auth-mena/turkiye/tt-9538.txt	TR-DIYANET	396	2026-09-25	2027-12-31	restricted or unknown: kept out of the public repo	
archive/tables/moral-auth-mena/turkiye/tt-9547.txt	TR-DIYANET	396	2026-09-25	2027-12-31	restricted or unknown: kept out of the public repo	
archive/tables/moral-auth-mena/turkiye/tt-9548.txt	TR-DIYANET	396	2026-09-25	2027-12-31	restricted or unknown: kept out of the public repo	
archive/tables/moral-auth-mena/turkiye/tt-9560.txt	TR-DIYANET	396	2026-09-25	2027-12-31	restricted or unknown: kept out of the public repo	
archive/tables/moral-auth-mena/turkiye/tt-9676.txt	TR-DIYANET	396	2026-09-25	2027-12-31	restricted or unknown: kept out of the public repo	
archive/tables/moral-auth-mena/turkiye/tt-ankara.txt	TR-DIYANET	396	2026-09-25	2027-12-31	restricted or unknown: kept out of the public repo	
archive/tables/moral-auth-mena/turkiye/tt-istanbul.txt	TR-DIYANET	396	2026-09-25	2027-12-31	restricted or unknown: kept out of the public repo	
archive/tables/moral-auth-world/europe/nordic/off-diyanet-12618.txt	TR-DIYANET	31	2026-09-26	2026-10-26	restricted or unknown: kept out of the public repo	
archive/tables/moral-auth-world/europe/nordic/off-diyanet-12619.txt	TR-DIYANET	31	2026-09-26	2026-10-26	restricted or unknown: kept out of the public repo	
archive/tables/moral-auth-world/europe/nordic/off-diyanet-12633.txt	TR-DIYANET	31	2026-09-26	2026-10-26	restricted or unknown: kept out of the public repo	
archive/tables/moral-auth-world/europe/nordic/off-diyanet-12929.txt	TR-DIYANET	31	2026-09-25	2026-10-25	restricted or unknown: kept out of the public repo	
archive/tables/moral-auth-world/europe/nordic/off-diyanet-14309.txt	TR-DIYANET	31	2026-09-26	2026-10-26	restricted or unknown: kept out of the public repo	
archive/tables/moral-auth-world/europe/nordic/off-diyanet-14320.txt	TR-DIYANET	31	2026-09-26	2026-10-26	restricted or unknown: kept out of the public repo	
archive/tables/moral-auth-world/europe/nordic/off-diyanet-14331.txt	TR-DIYANET	31	2026-09-26	2026-10-26	restricted or unknown: kept out of the public repo	
archive/tables/moral-auth-world/europe/nordic/off-diyanet-14350.txt	TR-DIYANET	31	2026-09-26	2026-10-26	restricted or unknown: kept out of the public repo	
archive/tables/moral-auth-world/europe/nordic/off-diyanet-14351.txt	TR-DIYANET	31	2026-09-25	2026-10-25	restricted or unknown: kept out of the public repo	
archive/tables/moral-auth-world/europe/nordic/off-diyanet-14383.txt	TR-DIYANET	31	2026-09-26	2026-10-26	restricted or unknown: kept out of the public repo	
archive/tables/moral-auth-world/europe/nordic/off-diyanet-14404.txt	TR-DIYANET	31	2026-09-26	2026-10-26	restricted or unknown: kept out of the public repo	
archive/tables/moral-auth-world/europe/nordic/off-diyanet-14547.txt	TR-DIYANET	31	2026-09-26	2026-10-26	restricted or unknown: kept out of the public repo	
archive/tables/moral-auth-world/europe/nordic/off-diyanet-15702.txt	TR-DIYANET	31	2026-09-25	2026-10-25	restricted or unknown: kept out of the public repo	
archive/tables/moral-auth-world/namerica/us-east/diyanet-center-lanham.txt	TR-DIYANET	499	2025-08-20	2026-12-31	restricted or unknown: kept out of the public repo	
archive/tables/moral-auth-world/namerica/us-east/diyanet-mosque-brooklyn.txt	TR-DIYANET	365	2026-01-01	2026-12-31	restricted or unknown: kept out of the public repo	
archive/tables/off-diyanet-11002.txt	TR-DIYANET	31	2026-09-25	2026-10-25	restricted or unknown: kept out of the public repo	
archive/tables/off-diyanet-11915.txt	TR-DIYANET	31	2026-09-25	2026-10-25	restricted or unknown: kept out of the public repo	
archive/tables/off-diyanet-13382.txt	TR-DIYANET	31	2026-09-25	2026-10-25	restricted or unknown: kept out of the public repo	
archive/tables/off-diyanet-13976.txt	TR-DIYANET	31	2026-09-25	2026-10-25	restricted or unknown: kept out of the public repo	
archive/tables/off-diyanet-14096.txt	TR-DIYANET	31	2026-09-25	2026-10-25	restricted or unknown: kept out of the public repo	
archive/tables/off-diyanet-9225.txt	TR-DIYANET	31	2026-09-25	2026-10-25	restricted or unknown: kept out of the public repo	
archive/tables/off-diyanet-9335.txt	TR-DIYANET	31	2026-09-25	2026-10-25	restricted or unknown: kept out of the public repo	
archive/tables/off-diyanet-9402.txt	TR-DIYANET	31	2026-09-25	2026-10-25	restricted or unknown: kept out of the public repo	
archive/tables/off-diyanet-9479.txt	TR-DIYANET	31	2026-09-25	2026-10-25	restricted or unknown: kept out of the public repo	
archive/tables/off-diyanet-9560.txt	TR-DIYANET	31	2026-09-25	2026-10-25	restricted or unknown: kept out of the public repo	
archive/tables/off-diyanet-9676.txt	TR-DIYANET	31	2026-09-25	2026-10-25	restricted or unknown: kept out of the public repo	
archive/tables/off-diyanet-ankara.txt	TR-DIYANET	31	2026-09-25	2026-10-25	restricted or unknown: kept out of the public repo	
archive/tables/off-diyanet-istanbul.txt	TR-DIYANET	31	2026-09-25	2026-10-25	restricted or unknown: kept out of the public repo	
archive/tables/round/data-diyanet-kemenag/off-diyanet-adana.txt	TR-DIYANET	396	2026-09-25	2027-12-31	restricted or unknown: kept out of the public repo	source https://namazvakitleri.diyanet.gov.tr/tr-TR/9146 (namazvakitleri.diyanet.gov.tr, ADANA/ADANA, IlceID 9146; weekly+monthly+yearly tables) fetched 2026-09-25
archive/tables/round/data-diyanet-kemenag/off-diyanet-ankara.txt	TR-DIYANET	396	2026-09-25	2027-12-31	restricted or unknown: kept out of the public repo	source https://namazvakitleri.diyanet.gov.tr/tr-TR/9206 (namazvakitleri.diyanet.gov.tr, ANKARA/ANKARA, IlceID 9206; weekly+monthly+yearly tables) fetched 2026-09-25
archive/tables/round/data-diyanet-kemenag/off-diyanet-canakkale.txt	TR-DIYANET	396	2026-09-25	2027-12-31	restricted or unknown: kept out of the public repo	source https://namazvakitleri.diyanet.gov.tr/tr-TR/9352 (namazvakitleri.diyanet.gov.tr, CANAKKALE/CANAKKALE, IlceID 9352; weekly+monthly+yearly tables) fetched 2026-09-25
archive/tables/round/data-diyanet-kemenag/off-diyanet-edirne.txt	TR-DIYANET	396	2026-09-25	2027-12-31	restricted or unknown: kept out of the public repo	source https://namazvakitleri.diyanet.gov.tr/tr-TR/9419 (namazvakitleri.diyanet.gov.tr, EDIRNE/EDIRNE, IlceID 9419; weekly+monthly+yearly tables) fetched 2026-09-25
archive/tables/round/data-diyanet-kemenag/off-diyanet-erzurum.txt	TR-DIYANET	396	2026-09-25	2027-12-31	restricted or unknown: kept out of the public repo	source https://namazvakitleri.diyanet.gov.tr/tr-TR/9451 (namazvakitleri.diyanet.gov.tr, ERZURUM/ERZURUM, IlceID 9451; weekly+monthly+yearly tables) fetched 2026-09-25
archive/tables/round/data-diyanet-kemenag/off-diyanet-gokceada.txt	TR-DIYANET	396	2026-09-25	2027-12-31	restricted or unknown: kept out of the public repo	source https://namazvakitleri.diyanet.gov.tr/tr-TR/9354 (namazvakitleri.diyanet.gov.tr, CANAKKALE/GOKCEADA, IlceID 9354; weekly+monthly+yearly tables) fetched 2026-09-25
archive/tables/round/data-diyanet-kemenag/off-diyanet-hakkari.txt	TR-DIYANET	396	2026-09-25	2027-12-31	restricted or unknown: kept out of the public repo	source https://namazvakitleri.diyanet.gov.tr/tr-TR/9507 (namazvakitleri.diyanet.gov.tr, HAKKARI/HAKKARI, IlceID 9507; weekly+monthly+yearly tables) fetched 2026-09-25
archive/tables/round/data-diyanet-kemenag/off-diyanet-hatay.txt	TR-DIYANET	396	2026-09-25	2027-12-31	restricted or unknown: kept out of the public repo	source https://namazvakitleri.diyanet.gov.tr/tr-TR/20089 (namazvakitleri.diyanet.gov.tr, HATAY/HATAY, IlceID 20089; weekly+monthly+yearly tables) fetched 2026-09-25
archive/tables/round/data-diyanet-kemenag/off-diyanet-igdir.txt	TR-DIYANET	396	2026-09-25	2027-12-31	restricted or unknown: kept out of the public repo	source https://namazvakitleri.diyanet.gov.tr/tr-TR/9522 (namazvakitleri.diyanet.gov.tr, IGDIR/IGDIR, IlceID 9522; weekly+monthly+yearly tables) fetched 2026-09-25
archive/tables/round/data-diyanet-kemenag/off-diyanet-istanbul.txt	TR-DIYANET	396	2026-09-25	2027-12-31	restricted or unknown: kept out of the public repo	source https://namazvakitleri.diyanet.gov.tr/tr-TR/9541 (namazvakitleri.diyanet.gov.tr, ISTANBUL/ISTANBUL, IlceID 9541; weekly+monthly+yearly tables) fetched 2026-09-25
archive/tables/round/data-diyanet-kemenag/off-diyanet-karaman.txt	TR-DIYANET	396	2026-09-25	2027-12-31	restricted or unknown: kept out of the public repo	source https://namazvakitleri.diyanet.gov.tr/tr-TR/9587 (namazvakitleri.diyanet.gov.tr, KARAMAN/KARAMAN, IlceID 9587; weekly+monthly+yearly tables) fetched 2026-09-25
archive/tables/round/data-diyanet-kemenag/off-diyanet-kars.txt	TR-DIYANET	396	2026-09-25	2027-12-31	restricted or unknown: kept out of the public repo	source https://namazvakitleri.diyanet.gov.tr/tr-TR/9594 (namazvakitleri.diyanet.gov.tr, KARS/KARS, IlceID 9594; weekly+monthly+yearly tables) fetched 2026-09-25
archive/tables/round/data-diyanet-kemenag/off-diyanet-tekirdag.txt	TR-DIYANET	396	2026-09-25	2027-12-31	restricted or unknown: kept out of the public repo	source https://namazvakitleri.diyanet.gov.tr/tr-TR/9879 (namazvakitleri.diyanet.gov.tr, TEKIRDAG/TEKIRDAG, IlceID 9879; weekly+monthly+yearly tables) fetched 2026-09-25
archive/tables/round/data-diyanet-kemenag/off-diyanet-van.txt	TR-DIYANET	396	2026-09-25	2027-12-31	restricted or unknown: kept out of the public repo	source https://namazvakitleri.diyanet.gov.tr/tr-TR/9930 (namazvakitleri.diyanet.gov.tr, VAN/VAN, IlceID 9930; weekly+monthly+yearly tables) fetched 2026-09-25
archive/tables/moral-auth-world/africaoceania/diy-bro.txt	TR-DIYANET-ABROAD	31	2026-09-25	2026-10-25	restricted or unknown: kept out of the public repo	
archive/tables/moral-auth-world/africaoceania/diy-mel.txt	TR-DIYANET-ABROAD	31	2026-09-25	2026-10-25	restricted or unknown: kept out of the public repo	
archive/tables/moral-auth-world/africaoceania/diy-syd.txt	TR-DIYANET-ABROAD	31	2026-09-25	2026-10-25	restricted or unknown: kept out of the public repo	
archive/tables/moral-auth-world/europe/dy-amsterdam.txt	TR-DIYANET-ABROAD	396	2026-09-25	2027-12-31	restricted or unknown: kept out of the public repo	
archive/tables/moral-auth-world/europe/dy-ankara.txt	TR-DIYANET-ABROAD	396	2026-09-25	2027-12-31	restricted or unknown: kept out of the public repo	
archive/tables/moral-auth-world/europe/dy-berlin.txt	TR-DIYANET-ABROAD	396	2026-09-25	2027-12-31	restricted or unknown: kept out of the public repo	
archive/tables/moral-auth-world/europe/dy-brussels.txt	TR-DIYANET-ABROAD	396	2026-09-25	2027-12-31	restricted or unknown: kept out of the public repo	
archive/tables/moral-auth-world/europe/dy-freiburg.txt	TR-DIYANET-ABROAD	396	2026-09-25	2027-12-31	restricted or unknown: kept out of the public repo	
archive/tables/moral-auth-world/europe/dy-istanbul.txt	TR-DIYANET-ABROAD	396	2026-09-25	2027-12-31	restricted or unknown: kept out of the public repo	
archive/tables/moral-auth-world/europe/dy-london.txt	TR-DIYANET-ABROAD	396	2026-09-25	2027-12-31	restricted or unknown: kept out of the public repo	
archive/tables/moral-auth-world/europe/dy-munich.txt	TR-DIYANET-ABROAD	396	2026-09-25	2027-12-31	restricted or unknown: kept out of the public repo	
archive/tables/moral-auth-world/europe/dy-paris.txt	TR-DIYANET-ABROAD	396	2026-09-25	2027-12-31	restricted or unknown: kept out of the public repo	
archive/tables/moral-auth-world/europe/verify/dy-cph-as2026.txt	TR-DIYANET-ABROAD	396	2026-01-01	2026-12-31	restricted or unknown: kept out of the public repo	
archive/tables/moral-auth-world/europe/verify/dy-cph.txt	TR-DIYANET-ABROAD	396	2026-09-26	2027-12-31	restricted or unknown: kept out of the public repo	
archive/tables/moral-auth-world/europe/verify/dy-oslo.txt	TR-DIYANET-ABROAD	396	2026-09-25	2027-12-31	restricted or unknown: kept out of the public repo	
archive/tables/moral-auth-world/europe/verify/dy-prishtina.txt	TR-DIYANET-ABROAD	396	2026-09-26	2027-12-31	restricted or unknown: kept out of the public repo	
archive/tables/moral-auth-world/europe/verify/dy-sarajevo.txt	TR-DIYANET-ABROAD	396	2026-09-25	2027-12-31	restricted or unknown: kept out of the public repo	
archive/tables/moral-auth-world/europe/verify/dy-stockholm-as2026.txt	TR-DIYANET-ABROAD	396	2026-01-01	2026-12-31	restricted or unknown: kept out of the public repo	
archive/tables/moral-auth-world/europe/verify/dy-stockholm-x.txt	TR-DIYANET-ABROAD	396	2025-12-01	2026-11-30	restricted or unknown: kept out of the public repo	
archive/tables/moral-auth-world/europe/verify/dy-stockholm.txt	TR-DIYANET-ABROAD	396	2026-09-25	2027-12-31	restricted or unknown: kept out of the public repo	
archive/tables/moral-auth-world/europe/verify/dy-tirana.txt	TR-DIYANET-ABROAD	396	2026-09-26	2027-12-31	restricted or unknown: kept out of the public repo	
archive/tables/moral-auth-world/europe/verify/dy-wien-as2026.txt	TR-DIYANET-ABROAD	396	2026-01-01	2026-12-31	restricted or unknown: kept out of the public repo	
archive/tables/moral-auth-world/europe/verify/dy-wien.txt	TR-DIYANET-ABROAD	396	2026-09-26	2027-12-31	restricted or unknown: kept out of the public repo	
archive/tables/moral-auth-world/europe/verify/dy-zurich.txt	TR-DIYANET-ABROAD	396	2026-09-26	2027-12-31	restricted or unknown: kept out of the public repo	
archive/tables/moral-auth-world/ukfr/bcm_0925.txt	UK-FRANCE	1	2026-09-25	2026-09-25	restricted or unknown: kept out of the public repo	
archive/tables/moral-auth-world/ukfr/dids_nov2026.txt	UK-FRANCE	30	2026-11-01	2026-11-30	restricted or unknown: kept out of the public repo	
archive/tables/moral-auth-world/ukfr/dids_sep2026.txt	UK-FRANCE	30	2026-09-01	2026-09-30	restricted or unknown: kept out of the public repo	
archive/tables/moral-auth-world/ukfr/elm2026_han.txt	UK-FRANCE	365	2026-01-01	2026-12-31	restricted or unknown: kept out of the public repo	
archive/tables/moral-auth-world/ukfr/elm2026_std.txt	UK-FRANCE	365	2026-01-01	2026-12-31	restricted or unknown: kept out of the public repo	
archive/tables/moral-auth-world/ukfr/fr_aboubakr.txt	UK-FRANCE	365	2026-01-01	2026-12-31	restricted or unknown: kept out of the public repo	
archive/tables/moral-auth-world/ukfr/fr_alamel.txt	UK-FRANCE	365	2026-01-01	2026-12-31	restricted or unknown: kept out of the public repo	
archive/tables/moral-auth-world/ukfr/fr_drancy.txt	UK-FRANCE	365	2026-01-01	2026-12-31	restricted or unknown: kept out of the public repo	
archive/tables/moral-auth-world/ukfr/fr_lyon_aae.txt	UK-FRANCE	365	2026-01-01	2026-12-31	restricted or unknown: kept out of the public repo	
archive/tables/moral-auth-world/ukfr/fr_mars_bilal.txt	UK-FRANCE	365	2026-01-01	2026-12-31	restricted or unknown: kept out of the public repo	
archive/tables/moral-auth-world/ukfr/gcm_sep2026_han.txt	UK-FRANCE	30	2026-09-01	2026-09-30	restricted or unknown: kept out of the public repo	
archive/tables/moral-auth-world/ukfr/gcm_sep2026_std.txt	UK-FRANCE	30	2026-09-01	2026-09-30	restricted or unknown: kept out of the public repo	
archive/tables/moral-auth-world/ukfr/glm_sep2026.txt	UK-FRANCE	30	2026-09-01	2026-09-30	restricted or unknown: kept out of the public repo	
archive/tables/moral-auth-world/ukfr/gmp_mw2026.txt	UK-FRANCE	365	2026-01-01	2026-12-31	restricted or unknown: kept out of the public repo	
archive/tables/moral-auth-world/ukfr/gmp_oct2025.txt	UK-FRANCE	9	2025-10-01	2025-10-31	restricted or unknown: kept out of the public repo	
archive/tables/moral-auth-world/ukfr/gmp_sep2026.txt	UK-FRANCE	30	2026-09-01	2026-09-30	restricted or unknown: kept out of the public repo	
archive/tables/moral-auth-world/ukfr/icci_year.txt	UK-FRANCE	365	2026-01-01	2026-12-31	restricted or unknown: kept out of the public repo	
archive/tables/moral-auth-world/ukfr/ie_clongriffin.txt	UK-FRANCE	365	2026-01-01	2026-12-31	restricted or unknown: kept out of the public repo	
archive/tables/moral-auth-world/ukfr/ie_lucan.txt	UK-FRANCE	365	2026-01-01	2026-12-31	restricted or unknown: kept out of the public repo	
archive/tables/moral-auth-world/ukfr/ifi_dublin_a.txt	UK-FRANCE	365	2026-01-01	2026-12-31	restricted or unknown: kept out of the public repo	
archive/tables/moral-auth-world/ukfr/ifi_dublin_b.txt	UK-FRANCE	365	2026-01-01	2026-12-31	restricted or unknown: kept out of the public repo	
archive/tables/moral-auth-world/ukfr/ifi_dublin_local.txt	UK-FRANCE	365	2026-01-01	2026-12-31	restricted or unknown: kept out of the public repo	
archive/tables/moral-auth-world/ukfr/mcm_sep2026.txt	UK-FRANCE	7	2026-09-01	2026-09-30	restricted or unknown: kept out of the public repo	
archive/tables/moral-auth-world/namerica/_e.txt	US-MOSQUE	21	2026-01-01	2026-10-28	restricted or unknown: kept out of the public repo	
archive/tables/moral-auth-world/namerica/_i.txt	US-MOSQUE	21	2026-06-01	2026-12-30	restricted or unknown: kept out of the public repo	
archive/tables/moral-auth-world/namerica/_m.txt	US-MOSQUE	16	2026-06-01	2026-12-30	restricted or unknown: kept out of the public repo	
archive/tables/moral-auth-world/namerica/prior/hikmah-sep.txt	US-MOSQUE	30	2026-09-01	2026-09-30	restricted or unknown: kept out of the public repo	
archive/tables/moral-auth-world/namerica/prior/iccny-sep.txt	US-MOSQUE	30	2026-09-01	2026-09-30	restricted or unknown: kept out of the public repo	
archive/tables/moral-auth-world/namerica/us-east/86th-st-islamic-center-bay-ridge.txt	US-MOSQUE	365	2026-01-01	2026-12-31	restricted or unknown: kept out of the public repo	
archive/tables/moral-auth-world/namerica/us-east/adams-sterling.txt	US-MOSQUE	365	2026-01-01	2026-12-31	restricted or unknown: kept out of the public repo	
archive/tables/moral-auth-world/namerica/us-east/al-iman-mosque-astoria.txt	US-MOSQUE	365	2026-01-01	2026-12-31	restricted or unknown: kept out of the public repo	
archive/tables/moral-auth-world/namerica/us-east/ams-dearborn.txt	US-MOSQUE	30	2026-09-12	2026-10-11	restricted or unknown: kept out of the public repo	
archive/tables/moral-auth-world/namerica/us-east/dar-al-hijrah-falls-church.txt	US-MOSQUE	365	2026-01-01	2026-12-31	restricted or unknown: kept out of the public repo	
archive/tables/moral-auth-world/namerica/us-east/dar-al-noor-manassas.txt	US-MOSQUE	365	2026-01-01	2026-12-31	restricted or unknown: kept out of the public repo	
archive/tables/moral-auth-world/namerica/us-east/dar-us-salaam-college-park.txt	US-MOSQUE	60	2026-06-01	2026-09-30	restricted or unknown: kept out of the public repo	
archive/tables/moral-auth-world/namerica/us-east/downtown-islamic-center-chicago.txt	US-MOSQUE	1	2026-09-25	2026-09-25	restricted or unknown: kept out of the public repo	
archive/tables/moral-auth-world/namerica/us-east/iagd-rochester-hills.txt	US-MOSQUE	122	2026-06-01	2026-12-31	restricted or unknown: kept out of the public repo	
archive/tables/moral-auth-world/namerica/us-east/iccny-96th-street.txt	US-MOSQUE	122	2026-06-01	2026-12-31	restricted or unknown: kept out of the public repo	
archive/tables/moral-auth-world/namerica/us-east/icnvt-fairfax.txt	US-MOSQUE	365	2026-01-01	2026-12-31	restricted or unknown: kept out of the public repo	
archive/tables/moral-auth-world/namerica/us-east/islamic-center-washington.txt	US-MOSQUE	212	2027-01-01	2027-07-31	restricted or unknown: kept out of the public repo	
archive/tables/moral-auth-world/namerica/us-east/islamic-foundation-villa-park.txt	US-MOSQUE	365	2026-01-01	2026-12-31	restricted or unknown: kept out of the public repo	
archive/tables/moral-auth-world/namerica/us-east/jamaica-muslim-center.txt	US-MOSQUE	122	2026-06-01	2026-12-31	restricted or unknown: kept out of the public repo	
archive/tables/moral-auth-world/namerica/us-east/makki-masjid-chicago.txt	US-MOSQUE	122	2026-06-01	2026-12-31	restricted or unknown: kept out of the public repo	
archive/tables/moral-auth-world/namerica/us-east/masjid-al-taqwa-ann-arbor.txt	US-MOSQUE	122	2026-06-01	2026-12-31	restricted or unknown: kept out of the public repo	
archive/tables/moral-auth-world/namerica/us-east/masjid-darussalam-lombard.txt	US-MOSQUE	122	2025-10-01	2026-09-30	restricted or unknown: kept out of the public repo	
archive/tables/moral-auth-world/namerica/us-east/mcc-chicago.txt	US-MOSQUE	124	2025-12-01	2026-10-31	restricted or unknown: kept out of the public repo	
archive/tables/moral-auth-world/namerica/us-east/mcc-silver-spring.txt	US-MOSQUE	7	2026-09-24	2026-09-30	restricted or unknown: kept out of the public repo	
archive/tables/moral-auth-world/namerica/us-east/mec-morton-grove.txt	US-MOSQUE	124	2025-12-01	2026-10-31	restricted or unknown: kept out of the public repo	
archive/tables/moral-auth-world/namerica/us-east/mosque-foundation-bridgeview.txt	US-MOSQUE	122	2026-06-01	2026-12-31	restricted or unknown: kept out of the public repo	
archive/tables/moral-auth-world/namerica/us-east/muslim-unity-center-bloomfield-hills.txt	US-MOSQUE	2	2026-09-22	2026-09-25	restricted or unknown: kept out of the public repo	
archive/tables/moral-auth-world/namerica/us-east/oppc-orland-park.txt	US-MOSQUE	122	2025-10-01	2026-09-30	restricted or unknown: kept out of the public repo	
archive/tables/moral-auth-world/namerica/us-east/raw/WRONG-dar-al-taqwa-fontana-ca.txt	US-MOSQUE	122	2026-06-01	2026-12-31	restricted or unknown: kept out of the public repo	
archive/tables/moral-auth-world/namerica/us-east/raw/check-iagd-pdf.txt	US-MOSQUE	30	2026-09-01	2026-09-30	restricted or unknown: kept out of the public repo	
archive/tables/moral-auth-world/namerica/us-east/raw/check-mf-pdf.txt	US-MOSQUE	30	2026-09-01	2026-09-30	restricted or unknown: kept out of the public repo	
archive/tables/moral-auth-world/namerica/us-east/raw/mccchi-2025-12-transcribed.txt	US-MOSQUE	33	2025-12-01	2026-01-02	restricted or unknown: kept out of the public repo	Transcribed by eye from https://mccchicago.org/wp-content/uploads/2025/01/Dec2025-PTT-Ads-1.pdf page 1 (plus the Jan 1-2 2026 rows) yyyy-mm-dd fajr sunrise zuhr asr maghrib_MCC maghrib_MEC isha
archive/tables/moral-auth-world/namerica/us-east/tawheed-center-detroit.txt	US-MOSQUE	365	2026-01-01	2026-12-31	restricted or unknown: kept out of the public repo	
archive/tables/moral-auth-world/namerica/us-sw/al-farooq-atlanta.txt	US-MOSQUE	2	2026-09-25	2026-09-26	restricted or unknown: kept out of the public repo	
archive/tables/moral-auth-world/namerica/us-sw/east-cobb-marietta.txt	US-MOSQUE	364	2026-01-01	2026-12-31	restricted or unknown: kept out of the public repo	
archive/tables/moral-auth-world/namerica/us-sw/epic-plano.txt	US-MOSQUE	365	2025-10-01	2026-09-30	restricted or unknown: kept out of the public repo	
archive/tables/moral-auth-world/namerica/us-sw/iant-richardson.txt	US-MOSQUE	365	2026-01-01	2026-12-31	restricted or unknown: kept out of the public repo	
archive/tables/moral-auth-world/namerica/us-sw/icoi-irvine.txt	US-MOSQUE	365	2026-01-01	2026-12-31	restricted or unknown: kept out of the public repo	
archive/tables/moral-auth-world/namerica/us-sw/icsgv-rowland-heights.txt	US-MOSQUE	1	2026-09-25	2026-09-25	restricted or unknown: kept out of the public repo	
archive/tables/moral-auth-world/namerica/us-sw/iioc-anaheim.txt	US-MOSQUE	365	2026-01-01	2026-12-31	restricted or unknown: kept out of the public repo	
archive/tables/moral-auth-world/namerica/us-sw/isgh-houston.txt	US-MOSQUE	365	2025-02-01	2026-04-30	restricted or unknown: kept out of the public repo	
archive/tables/moral-auth-world/namerica/us-sw/islamic-center-frisco.txt	US-MOSQUE	365	2026-01-01	2026-12-31	restricted or unknown: kept out of the public repo	
archive/tables/moral-auth-world/namerica/us-sw/islamic-center-irving.txt	US-MOSQUE	365	2026-01-01	2026-12-31	restricted or unknown: kept out of the public repo	
archive/tables/moral-auth-world/namerica/us-sw/isoc-garden-grove.txt	US-MOSQUE	333	2026-02-02	2026-12-31	restricted or unknown: kept out of the public repo	
archive/tables/moral-auth-world/namerica/us-sw/king-fahad-culver-city.txt	US-MOSQUE	30	2026-09-01	2026-09-30	restricted or unknown: kept out of the public repo	
archive/tables/moral-auth-world/namerica/us-sw/maryam-sugar-land.txt	US-MOSQUE	365	2026-01-01	2026-12-31	restricted or unknown: kept out of the public repo	
archive/tables/moral-auth-world/namerica/us-sw/masjid-yaseen-garland-pdf.txt	US-MOSQUE	30	2026-09-01	2026-09-30	restricted or unknown: kept out of the public repo	
archive/tables/moral-auth-world/namerica/us-sw/masjid-yaseen-garland.txt	US-MOSQUE	365	2026-01-01	2026-12-31	restricted or unknown: kept out of the public repo	
archive/tables/moral-auth-world/namerica/us-sw/mca-santa-clara.txt	US-MOSQUE	365	2026-01-01	2026-12-31	restricted or unknown: kept out of the public repo	
archive/tables/moral-auth-world/namerica/us-sw/mishkah-houston.txt	US-MOSQUE	365	2026-01-01	2026-12-31	restricted or unknown: kept out of the public repo	
archive/tables/moral-auth-world/namerica/us-sw/ocif-mission-viejo-annual2014.txt	US-MOSQUE	365	2014-01-01	2014-12-31	restricted or unknown: kept out of the public repo	
archive/tables/moral-auth-world/namerica/us-sw/ocif-mission-viejo.txt	US-MOSQUE	30	2026-09-01	2026-09-30	restricted or unknown: kept out of the public repo	
archive/tables/moral-auth-world/namerica/us-sw/plano-masjid-iacc.txt	US-MOSQUE	365	2026-01-01	2026-12-31	restricted or unknown: kept out of the public repo	
archive/tables/moral-auth-world/centralasia/wb_muslimuz_times2.txt	UZ-BOARD	2	2026-04-11	2026-07-19	restricted or unknown: kept out of the public repo	
archive/tables/moral-auth-world/europe/verify/bik-imsak.txt	XK-BIK	365	2026-01-01	2026-12-31	restricted or unknown: kept out of the public repo	
archive/tables/moral-auth-world/europe/verify/bik-prishtina.txt	XK-BIK	365	2026-01-01	2026-12-31	restricted or unknown: kept out of the public repo	
archive/tables/moral-auth-world/europe/verify/bik-sabah.txt	XK-BIK	365	2026-01-01	2026-12-31	restricted or unknown: kept out of the public repo	
archive/tables/moral-auth-world/africaoceania/off-mjc-sep.txt	ZA-CAPE	30	2026-09-01	2026-09-30	restricted or unknown: kept out of the public repo	
archive/tables/moral-auth-world/africaoceania/wembley-H.txt	ZA-CAPE	214	2026-06-21	2027-06-05	restricted or unknown: kept out of the public repo	
archive/tables/moral-auth-world/africaoceania/wembley-S.txt	ZA-CAPE	214	2026-06-21	2027-06-05	restricted or unknown: kept out of the public repo	
archive/tables/off-wembley-cpt.txt	ZA-CAPE	15	2026-09-17	2026-10-01	restricted or unknown: kept out of the public repo	
archive/tables/moral-auth-world/africaoceania/di-dbn-H.txt	ZA-DARULIHSAN	365	2026-01-01	2026-12-31	restricted or unknown: kept out of the public repo	
archive/tables/moral-auth-world/africaoceania/di-dbn-S.txt	ZA-DARULIHSAN	365	2026-01-01	2026-12-31	restricted or unknown: kept out of the public repo	
archive/tables/moral-auth-world/africaoceania/di-dsm-H.txt	ZA-DARULIHSAN	365	2026-01-01	2026-12-31	restricted or unknown: kept out of the public repo	
archive/tables/moral-auth-world/africaoceania/di-dsm-S.txt	ZA-DARULIHSAN	365	2026-01-01	2026-12-31	restricted or unknown: kept out of the public repo	
archive/tables/moral-auth-world/africaoceania/di-pta-H.txt	ZA-DARULIHSAN	365	2026-01-01	2026-12-31	restricted or unknown: kept out of the public repo	
archive/tables/moral-auth-world/africaoceania/di-pta-S.txt	ZA-DARULIHSAN	365	2026-01-01	2026-12-31	restricted or unknown: kept out of the public repo	
archive/tables/moral-auth-world/africaoceania/di-znz-H.txt	ZA-DARULIHSAN	365	2026-01-01	2026-12-31	restricted or unknown: kept out of the public repo	
archive/tables/moral-auth-world/africaoceania/di-znz-S.txt	ZA-DARULIHSAN	365	2026-01-01	2026-12-31	restricted or unknown: kept out of the public repo	
archive/tables/moral-auth-world/africaoceania/jam-cpt-H.txt	ZA-JAMIAT	365	2026-01-01	2026-12-31	restricted or unknown: kept out of the public repo	
archive/tables/moral-auth-world/africaoceania/jam-cpt-S.txt	ZA-JAMIAT	365	2026-01-01	2026-12-31	restricted or unknown: kept out of the public repo	
archive/tables/moral-auth-world/africaoceania/jam-jhb-H.txt	ZA-JAMIAT	365	2026-01-01	2026-12-31	restricted or unknown: kept out of the public repo	
archive/tables/moral-auth-world/africaoceania/jam-jhb-S.txt	ZA-JAMIAT	365	2026-01-01	2026-12-31	restricted or unknown: kept out of the public repo	
archive/tables/off-jamiat-cpt-oct-S.txt	ZA-JAMIAT	31	2026-10-01	2026-10-31	restricted or unknown: kept out of the public repo	
archive/tables/off-jamiat-jhb-oct-H.txt	ZA-JAMIAT	31	2026-10-01	2026-10-31	restricted or unknown: kept out of the public repo	
archive/tables/off-jamiat-jhb-oct-S.txt	ZA-JAMIAT	31	2026-10-01	2026-10-31	restricted or unknown: kept out of the public repo	
archive/tables/off-jamiat-jhb-year-H.txt	ZA-JAMIAT	365	2026-01-01	2026-12-31	restricted or unknown: kept out of the public repo	
archive/tables/round/data-wide-band/off-jamiat-blm-H-2025.txt	ZA-JAMIAT	365	2025-01-01	2025-12-31	restricted or unknown: kept out of the public repo	Jamiatul Ulama (jamiat.org.za) perpetual salaah times, Bloemfontein - 29 8 S, 26 14 E - Time Zone: +2.0; Asr/Isha (H); perpetual table mapped onto 2025: https://salaahtimes.starlite.za.net/jamiat/perpetual/export-csv.php?id=13e8e7f3520e66b731971f4fb9a72b8601c0af3e (linked from https://jamiat.org.za/
archive/tables/round/data-wide-band/off-jamiat-blm-H-2026.txt	ZA-JAMIAT	365	2026-01-01	2026-12-31	restricted or unknown: kept out of the public repo	Jamiatul Ulama (jamiat.org.za) perpetual salaah times, Bloemfontein - 29 8 S, 26 14 E - Time Zone: +2.0; Asr/Isha (H); perpetual table mapped onto 2026: https://salaahtimes.starlite.za.net/jamiat/perpetual/export-csv.php?id=13e8e7f3520e66b731971f4fb9a72b8601c0af3e (linked from https://jamiat.org.za/
archive/tables/round/data-wide-band/off-jamiat-blm-H-2027.txt	ZA-JAMIAT	365	2027-01-01	2027-12-31	restricted or unknown: kept out of the public repo	Jamiatul Ulama (jamiat.org.za) perpetual salaah times, Bloemfontein - 29 8 S, 26 14 E - Time Zone: +2.0; Asr/Isha (H); perpetual table mapped onto 2027: https://salaahtimes.starlite.za.net/jamiat/perpetual/export-csv.php?id=13e8e7f3520e66b731971f4fb9a72b8601c0af3e (linked from https://jamiat.org.za/
archive/tables/round/data-wide-band/off-jamiat-blm-H-2028.txt	ZA-JAMIAT	366	2028-01-01	2028-12-31	restricted or unknown: kept out of the public repo	Jamiatul Ulama (jamiat.org.za) perpetual salaah times, Bloemfontein - 29 8 S, 26 14 E - Time Zone: +2.0; Asr/Isha (H); perpetual table mapped onto 2028: https://salaahtimes.starlite.za.net/jamiat/perpetual/export-csv.php?id=13e8e7f3520e66b731971f4fb9a72b8601c0af3e (linked from https://jamiat.org.za/
archive/tables/round/data-wide-band/off-jamiat-blm-H-2029.txt	ZA-JAMIAT	365	2029-01-01	2029-12-31	restricted or unknown: kept out of the public repo	Jamiatul Ulama (jamiat.org.za) perpetual salaah times, Bloemfontein - 29 8 S, 26 14 E - Time Zone: +2.0; Asr/Isha (H); perpetual table mapped onto 2029: https://salaahtimes.starlite.za.net/jamiat/perpetual/export-csv.php?id=13e8e7f3520e66b731971f4fb9a72b8601c0af3e (linked from https://jamiat.org.za/
archive/tables/round/data-wide-band/off-jamiat-blm-S-2025.txt	ZA-JAMIAT	365	2025-01-01	2025-12-31	restricted or unknown: kept out of the public repo	Jamiatul Ulama (jamiat.org.za) perpetual salaah times, Bloemfontein - 29 8 S, 26 14 E - Time Zone: +2.0; Asr/Isha (S); perpetual table mapped onto 2025: https://salaahtimes.starlite.za.net/jamiat/perpetual/export-csv.php?id=13e8e7f3520e66b731971f4fb9a72b8601c0af3e (linked from https://jamiat.org.za/
archive/tables/round/data-wide-band/off-jamiat-blm-S-2026.txt	ZA-JAMIAT	365	2026-01-01	2026-12-31	restricted or unknown: kept out of the public repo	Jamiatul Ulama (jamiat.org.za) perpetual salaah times, Bloemfontein - 29 8 S, 26 14 E - Time Zone: +2.0; Asr/Isha (S); perpetual table mapped onto 2026: https://salaahtimes.starlite.za.net/jamiat/perpetual/export-csv.php?id=13e8e7f3520e66b731971f4fb9a72b8601c0af3e (linked from https://jamiat.org.za/
archive/tables/round/data-wide-band/off-jamiat-blm-S-2027.txt	ZA-JAMIAT	365	2027-01-01	2027-12-31	restricted or unknown: kept out of the public repo	Jamiatul Ulama (jamiat.org.za) perpetual salaah times, Bloemfontein - 29 8 S, 26 14 E - Time Zone: +2.0; Asr/Isha (S); perpetual table mapped onto 2027: https://salaahtimes.starlite.za.net/jamiat/perpetual/export-csv.php?id=13e8e7f3520e66b731971f4fb9a72b8601c0af3e (linked from https://jamiat.org.za/
archive/tables/round/data-wide-band/off-jamiat-blm-S-2028.txt	ZA-JAMIAT	366	2028-01-01	2028-12-31	restricted or unknown: kept out of the public repo	Jamiatul Ulama (jamiat.org.za) perpetual salaah times, Bloemfontein - 29 8 S, 26 14 E - Time Zone: +2.0; Asr/Isha (S); perpetual table mapped onto 2028: https://salaahtimes.starlite.za.net/jamiat/perpetual/export-csv.php?id=13e8e7f3520e66b731971f4fb9a72b8601c0af3e (linked from https://jamiat.org.za/
archive/tables/round/data-wide-band/off-jamiat-blm-S-2029.txt	ZA-JAMIAT	365	2029-01-01	2029-12-31	restricted or unknown: kept out of the public repo	Jamiatul Ulama (jamiat.org.za) perpetual salaah times, Bloemfontein - 29 8 S, 26 14 E - Time Zone: +2.0; Asr/Isha (S); perpetual table mapped onto 2029: https://salaahtimes.starlite.za.net/jamiat/perpetual/export-csv.php?id=13e8e7f3520e66b731971f4fb9a72b8601c0af3e (linked from https://jamiat.org.za/
archive/tables/round/data-wide-band/off-jamiat-cpt-H-2025.txt	ZA-JAMIAT	365	2025-01-01	2025-12-31	restricted or unknown: kept out of the public repo	Jamiatul Ulama (jamiat.org.za) perpetual salaah times, Cape Town - 33 56 S, 18 28 E - Time Zone: +2.0; Asr/Isha (H); perpetual table mapped onto 2025: https://salaahtimes.starlite.za.net/jamiat/perpetual/export-csv.php?id=a8e12c9f28bf220e8243849cd2231fd9fb427566 (linked from https://jamiat.org.za/sa
archive/tables/round/data-wide-band/off-jamiat-cpt-H-2026.txt	ZA-JAMIAT	365	2026-01-01	2026-12-31	restricted or unknown: kept out of the public repo	Jamiatul Ulama (jamiat.org.za) perpetual salaah times, Cape Town - 33 56 S, 18 28 E - Time Zone: +2.0; Asr/Isha (H); perpetual table mapped onto 2026: https://salaahtimes.starlite.za.net/jamiat/perpetual/export-csv.php?id=a8e12c9f28bf220e8243849cd2231fd9fb427566 (linked from https://jamiat.org.za/sa
archive/tables/round/data-wide-band/off-jamiat-cpt-H-2027.txt	ZA-JAMIAT	365	2027-01-01	2027-12-31	restricted or unknown: kept out of the public repo	Jamiatul Ulama (jamiat.org.za) perpetual salaah times, Cape Town - 33 56 S, 18 28 E - Time Zone: +2.0; Asr/Isha (H); perpetual table mapped onto 2027: https://salaahtimes.starlite.za.net/jamiat/perpetual/export-csv.php?id=a8e12c9f28bf220e8243849cd2231fd9fb427566 (linked from https://jamiat.org.za/sa
archive/tables/round/data-wide-band/off-jamiat-cpt-H-2028.txt	ZA-JAMIAT	366	2028-01-01	2028-12-31	restricted or unknown: kept out of the public repo	Jamiatul Ulama (jamiat.org.za) perpetual salaah times, Cape Town - 33 56 S, 18 28 E - Time Zone: +2.0; Asr/Isha (H); perpetual table mapped onto 2028: https://salaahtimes.starlite.za.net/jamiat/perpetual/export-csv.php?id=a8e12c9f28bf220e8243849cd2231fd9fb427566 (linked from https://jamiat.org.za/sa
archive/tables/round/data-wide-band/off-jamiat-cpt-H-2029.txt	ZA-JAMIAT	365	2029-01-01	2029-12-31	restricted or unknown: kept out of the public repo	Jamiatul Ulama (jamiat.org.za) perpetual salaah times, Cape Town - 33 56 S, 18 28 E - Time Zone: +2.0; Asr/Isha (H); perpetual table mapped onto 2029: https://salaahtimes.starlite.za.net/jamiat/perpetual/export-csv.php?id=a8e12c9f28bf220e8243849cd2231fd9fb427566 (linked from https://jamiat.org.za/sa
archive/tables/round/data-wide-band/off-jamiat-cpt-S-2025.txt	ZA-JAMIAT	365	2025-01-01	2025-12-31	restricted or unknown: kept out of the public repo	Jamiatul Ulama (jamiat.org.za) perpetual salaah times, Cape Town - 33 56 S, 18 28 E - Time Zone: +2.0; Asr/Isha (S); perpetual table mapped onto 2025: https://salaahtimes.starlite.za.net/jamiat/perpetual/export-csv.php?id=a8e12c9f28bf220e8243849cd2231fd9fb427566 (linked from https://jamiat.org.za/sa
archive/tables/round/data-wide-band/off-jamiat-cpt-S-2026.txt	ZA-JAMIAT	365	2026-01-01	2026-12-31	restricted or unknown: kept out of the public repo	Jamiatul Ulama (jamiat.org.za) perpetual salaah times, Cape Town - 33 56 S, 18 28 E - Time Zone: +2.0; Asr/Isha (S); perpetual table mapped onto 2026: https://salaahtimes.starlite.za.net/jamiat/perpetual/export-csv.php?id=a8e12c9f28bf220e8243849cd2231fd9fb427566 (linked from https://jamiat.org.za/sa
archive/tables/round/data-wide-band/off-jamiat-cpt-S-2027.txt	ZA-JAMIAT	365	2027-01-01	2027-12-31	restricted or unknown: kept out of the public repo	Jamiatul Ulama (jamiat.org.za) perpetual salaah times, Cape Town - 33 56 S, 18 28 E - Time Zone: +2.0; Asr/Isha (S); perpetual table mapped onto 2027: https://salaahtimes.starlite.za.net/jamiat/perpetual/export-csv.php?id=a8e12c9f28bf220e8243849cd2231fd9fb427566 (linked from https://jamiat.org.za/sa
archive/tables/round/data-wide-band/off-jamiat-cpt-S-2028.txt	ZA-JAMIAT	366	2028-01-01	2028-12-31	restricted or unknown: kept out of the public repo	Jamiatul Ulama (jamiat.org.za) perpetual salaah times, Cape Town - 33 56 S, 18 28 E - Time Zone: +2.0; Asr/Isha (S); perpetual table mapped onto 2028: https://salaahtimes.starlite.za.net/jamiat/perpetual/export-csv.php?id=a8e12c9f28bf220e8243849cd2231fd9fb427566 (linked from https://jamiat.org.za/sa
archive/tables/round/data-wide-band/off-jamiat-cpt-S-2029.txt	ZA-JAMIAT	365	2029-01-01	2029-12-31	restricted or unknown: kept out of the public repo	Jamiatul Ulama (jamiat.org.za) perpetual salaah times, Cape Town - 33 56 S, 18 28 E - Time Zone: +2.0; Asr/Isha (S); perpetual table mapped onto 2029: https://salaahtimes.starlite.za.net/jamiat/perpetual/export-csv.php?id=a8e12c9f28bf220e8243849cd2231fd9fb427566 (linked from https://jamiat.org.za/sa
archive/tables/round/data-wide-band/off-jamiat-dbn-H-2025.txt	ZA-JAMIAT	365	2025-01-01	2025-12-31	restricted or unknown: kept out of the public repo	Jamiatul Ulama (jamiat.org.za) perpetual salaah times, Durban - 29 55 S, 31 0 E - Time Zone: +2.0; Asr/Isha (H); perpetual table mapped onto 2025: https://salaahtimes.starlite.za.net/jamiat/perpetual/export-csv.php?id=712755729da76a79096bdf78b8842bf22e349ecd (linked from https://jamiat.org.za/salaah
archive/tables/round/data-wide-band/off-jamiat-dbn-H-2026.txt	ZA-JAMIAT	365	2026-01-01	2026-12-31	restricted or unknown: kept out of the public repo	Jamiatul Ulama (jamiat.org.za) perpetual salaah times, Durban - 29 55 S, 31 0 E - Time Zone: +2.0; Asr/Isha (H); perpetual table mapped onto 2026: https://salaahtimes.starlite.za.net/jamiat/perpetual/export-csv.php?id=712755729da76a79096bdf78b8842bf22e349ecd (linked from https://jamiat.org.za/salaah
archive/tables/round/data-wide-band/off-jamiat-dbn-H-2027.txt	ZA-JAMIAT	365	2027-01-01	2027-12-31	restricted or unknown: kept out of the public repo	Jamiatul Ulama (jamiat.org.za) perpetual salaah times, Durban - 29 55 S, 31 0 E - Time Zone: +2.0; Asr/Isha (H); perpetual table mapped onto 2027: https://salaahtimes.starlite.za.net/jamiat/perpetual/export-csv.php?id=712755729da76a79096bdf78b8842bf22e349ecd (linked from https://jamiat.org.za/salaah
archive/tables/round/data-wide-band/off-jamiat-dbn-H-2028.txt	ZA-JAMIAT	366	2028-01-01	2028-12-31	restricted or unknown: kept out of the public repo	Jamiatul Ulama (jamiat.org.za) perpetual salaah times, Durban - 29 55 S, 31 0 E - Time Zone: +2.0; Asr/Isha (H); perpetual table mapped onto 2028: https://salaahtimes.starlite.za.net/jamiat/perpetual/export-csv.php?id=712755729da76a79096bdf78b8842bf22e349ecd (linked from https://jamiat.org.za/salaah
archive/tables/round/data-wide-band/off-jamiat-dbn-H-2029.txt	ZA-JAMIAT	365	2029-01-01	2029-12-31	restricted or unknown: kept out of the public repo	Jamiatul Ulama (jamiat.org.za) perpetual salaah times, Durban - 29 55 S, 31 0 E - Time Zone: +2.0; Asr/Isha (H); perpetual table mapped onto 2029: https://salaahtimes.starlite.za.net/jamiat/perpetual/export-csv.php?id=712755729da76a79096bdf78b8842bf22e349ecd (linked from https://jamiat.org.za/salaah
archive/tables/round/data-wide-band/off-jamiat-dbn-S-2025.txt	ZA-JAMIAT	365	2025-01-01	2025-12-31	restricted or unknown: kept out of the public repo	Jamiatul Ulama (jamiat.org.za) perpetual salaah times, Durban - 29 55 S, 31 0 E - Time Zone: +2.0; Asr/Isha (S); perpetual table mapped onto 2025: https://salaahtimes.starlite.za.net/jamiat/perpetual/export-csv.php?id=712755729da76a79096bdf78b8842bf22e349ecd (linked from https://jamiat.org.za/salaah
archive/tables/round/data-wide-band/off-jamiat-dbn-S-2026.txt	ZA-JAMIAT	365	2026-01-01	2026-12-31	restricted or unknown: kept out of the public repo	Jamiatul Ulama (jamiat.org.za) perpetual salaah times, Durban - 29 55 S, 31 0 E - Time Zone: +2.0; Asr/Isha (S); perpetual table mapped onto 2026: https://salaahtimes.starlite.za.net/jamiat/perpetual/export-csv.php?id=712755729da76a79096bdf78b8842bf22e349ecd (linked from https://jamiat.org.za/salaah
archive/tables/round/data-wide-band/off-jamiat-dbn-S-2027.txt	ZA-JAMIAT	365	2027-01-01	2027-12-31	restricted or unknown: kept out of the public repo	Jamiatul Ulama (jamiat.org.za) perpetual salaah times, Durban - 29 55 S, 31 0 E - Time Zone: +2.0; Asr/Isha (S); perpetual table mapped onto 2027: https://salaahtimes.starlite.za.net/jamiat/perpetual/export-csv.php?id=712755729da76a79096bdf78b8842bf22e349ecd (linked from https://jamiat.org.za/salaah
archive/tables/round/data-wide-band/off-jamiat-dbn-S-2028.txt	ZA-JAMIAT	366	2028-01-01	2028-12-31	restricted or unknown: kept out of the public repo	Jamiatul Ulama (jamiat.org.za) perpetual salaah times, Durban - 29 55 S, 31 0 E - Time Zone: +2.0; Asr/Isha (S); perpetual table mapped onto 2028: https://salaahtimes.starlite.za.net/jamiat/perpetual/export-csv.php?id=712755729da76a79096bdf78b8842bf22e349ecd (linked from https://jamiat.org.za/salaah
archive/tables/round/data-wide-band/off-jamiat-dbn-S-2029.txt	ZA-JAMIAT	365	2029-01-01	2029-12-31	restricted or unknown: kept out of the public repo	Jamiatul Ulama (jamiat.org.za) perpetual salaah times, Durban - 29 55 S, 31 0 E - Time Zone: +2.0; Asr/Isha (S); perpetual table mapped onto 2029: https://salaahtimes.starlite.za.net/jamiat/perpetual/export-csv.php?id=712755729da76a79096bdf78b8842bf22e349ecd (linked from https://jamiat.org.za/salaah
archive/tables/round/data-wide-band/off-jamiat-jhb-H-2025.txt	ZA-JAMIAT	365	2025-01-01	2025-12-31	restricted or unknown: kept out of the public repo	Jamiatul Ulama (jamiat.org.za) perpetual salaah times, Johannesburg - 26 10 S, 28 2 E - Time Zone: +2.0; Asr/Isha (H); perpetual table mapped onto 2025: https://salaahtimes.starlite.za.net/jamiat/perpetual/export-csv.php?id=fdead345d15555d292e52a041aef1c4e402369b8 (linked from https://jamiat.org.za/
archive/tables/round/data-wide-band/off-jamiat-jhb-H-2026.txt	ZA-JAMIAT	365	2026-01-01	2026-12-31	restricted or unknown: kept out of the public repo	Jamiatul Ulama (jamiat.org.za) perpetual salaah times, Johannesburg - 26 10 S, 28 2 E - Time Zone: +2.0; Asr/Isha (H); perpetual table mapped onto 2026: https://salaahtimes.starlite.za.net/jamiat/perpetual/export-csv.php?id=fdead345d15555d292e52a041aef1c4e402369b8 (linked from https://jamiat.org.za/
archive/tables/round/data-wide-band/off-jamiat-jhb-H-2027.txt	ZA-JAMIAT	365	2027-01-01	2027-12-31	restricted or unknown: kept out of the public repo	Jamiatul Ulama (jamiat.org.za) perpetual salaah times, Johannesburg - 26 10 S, 28 2 E - Time Zone: +2.0; Asr/Isha (H); perpetual table mapped onto 2027: https://salaahtimes.starlite.za.net/jamiat/perpetual/export-csv.php?id=fdead345d15555d292e52a041aef1c4e402369b8 (linked from https://jamiat.org.za/
archive/tables/round/data-wide-band/off-jamiat-jhb-H-2028.txt	ZA-JAMIAT	366	2028-01-01	2028-12-31	restricted or unknown: kept out of the public repo	Jamiatul Ulama (jamiat.org.za) perpetual salaah times, Johannesburg - 26 10 S, 28 2 E - Time Zone: +2.0; Asr/Isha (H); perpetual table mapped onto 2028: https://salaahtimes.starlite.za.net/jamiat/perpetual/export-csv.php?id=fdead345d15555d292e52a041aef1c4e402369b8 (linked from https://jamiat.org.za/
archive/tables/round/data-wide-band/off-jamiat-jhb-H-2029.txt	ZA-JAMIAT	365	2029-01-01	2029-12-31	restricted or unknown: kept out of the public repo	Jamiatul Ulama (jamiat.org.za) perpetual salaah times, Johannesburg - 26 10 S, 28 2 E - Time Zone: +2.0; Asr/Isha (H); perpetual table mapped onto 2029: https://salaahtimes.starlite.za.net/jamiat/perpetual/export-csv.php?id=fdead345d15555d292e52a041aef1c4e402369b8 (linked from https://jamiat.org.za/
archive/tables/round/data-wide-band/off-jamiat-jhb-S-2025.txt	ZA-JAMIAT	365	2025-01-01	2025-12-31	restricted or unknown: kept out of the public repo	Jamiatul Ulama (jamiat.org.za) perpetual salaah times, Johannesburg - 26 10 S, 28 2 E - Time Zone: +2.0; Asr/Isha (S); perpetual table mapped onto 2025: https://salaahtimes.starlite.za.net/jamiat/perpetual/export-csv.php?id=fdead345d15555d292e52a041aef1c4e402369b8 (linked from https://jamiat.org.za/
archive/tables/round/data-wide-band/off-jamiat-jhb-S-2026.txt	ZA-JAMIAT	365	2026-01-01	2026-12-31	restricted or unknown: kept out of the public repo	Jamiatul Ulama (jamiat.org.za) perpetual salaah times, Johannesburg - 26 10 S, 28 2 E - Time Zone: +2.0; Asr/Isha (S); perpetual table mapped onto 2026: https://salaahtimes.starlite.za.net/jamiat/perpetual/export-csv.php?id=fdead345d15555d292e52a041aef1c4e402369b8 (linked from https://jamiat.org.za/
archive/tables/round/data-wide-band/off-jamiat-jhb-S-2027.txt	ZA-JAMIAT	365	2027-01-01	2027-12-31	restricted or unknown: kept out of the public repo	Jamiatul Ulama (jamiat.org.za) perpetual salaah times, Johannesburg - 26 10 S, 28 2 E - Time Zone: +2.0; Asr/Isha (S); perpetual table mapped onto 2027: https://salaahtimes.starlite.za.net/jamiat/perpetual/export-csv.php?id=fdead345d15555d292e52a041aef1c4e402369b8 (linked from https://jamiat.org.za/
archive/tables/round/data-wide-band/off-jamiat-jhb-S-2028.txt	ZA-JAMIAT	366	2028-01-01	2028-12-31	restricted or unknown: kept out of the public repo	Jamiatul Ulama (jamiat.org.za) perpetual salaah times, Johannesburg - 26 10 S, 28 2 E - Time Zone: +2.0; Asr/Isha (S); perpetual table mapped onto 2028: https://salaahtimes.starlite.za.net/jamiat/perpetual/export-csv.php?id=fdead345d15555d292e52a041aef1c4e402369b8 (linked from https://jamiat.org.za/
archive/tables/round/data-wide-band/off-jamiat-jhb-S-2029.txt	ZA-JAMIAT	365	2029-01-01	2029-12-31	restricted or unknown: kept out of the public repo	Jamiatul Ulama (jamiat.org.za) perpetual salaah times, Johannesburg - 26 10 S, 28 2 E - Time Zone: +2.0; Asr/Isha (S); perpetual table mapped onto 2029: https://salaahtimes.starlite.za.net/jamiat/perpetual/export-csv.php?id=fdead345d15555d292e52a041aef1c4e402369b8 (linked from https://jamiat.org.za/
archive/tables/round/data-wide-band/off-jamiat-pe-H-2025.txt	ZA-JAMIAT	365	2025-01-01	2025-12-31	restricted or unknown: kept out of the public repo	Jamiatul Ulama (jamiat.org.za) perpetual salaah times, Port Elizabeth - 33 58 S, 25 33 E - Time Zone: +2.0; Asr/Isha (H); perpetual table mapped onto 2025: https://salaahtimes.starlite.za.net/jamiat/perpetual/export-csv.php?id=a0c80a4c16b36e8e04878464768e2e6b735056e0 (linked from https://jamiat.org.
archive/tables/round/data-wide-band/off-jamiat-pe-H-2026.txt	ZA-JAMIAT	365	2026-01-01	2026-12-31	restricted or unknown: kept out of the public repo	Jamiatul Ulama (jamiat.org.za) perpetual salaah times, Port Elizabeth - 33 58 S, 25 33 E - Time Zone: +2.0; Asr/Isha (H); perpetual table mapped onto 2026: https://salaahtimes.starlite.za.net/jamiat/perpetual/export-csv.php?id=a0c80a4c16b36e8e04878464768e2e6b735056e0 (linked from https://jamiat.org.
archive/tables/round/data-wide-band/off-jamiat-pe-H-2027.txt	ZA-JAMIAT	365	2027-01-01	2027-12-31	restricted or unknown: kept out of the public repo	Jamiatul Ulama (jamiat.org.za) perpetual salaah times, Port Elizabeth - 33 58 S, 25 33 E - Time Zone: +2.0; Asr/Isha (H); perpetual table mapped onto 2027: https://salaahtimes.starlite.za.net/jamiat/perpetual/export-csv.php?id=a0c80a4c16b36e8e04878464768e2e6b735056e0 (linked from https://jamiat.org.
archive/tables/round/data-wide-band/off-jamiat-pe-H-2028.txt	ZA-JAMIAT	366	2028-01-01	2028-12-31	restricted or unknown: kept out of the public repo	Jamiatul Ulama (jamiat.org.za) perpetual salaah times, Port Elizabeth - 33 58 S, 25 33 E - Time Zone: +2.0; Asr/Isha (H); perpetual table mapped onto 2028: https://salaahtimes.starlite.za.net/jamiat/perpetual/export-csv.php?id=a0c80a4c16b36e8e04878464768e2e6b735056e0 (linked from https://jamiat.org.
archive/tables/round/data-wide-band/off-jamiat-pe-H-2029.txt	ZA-JAMIAT	365	2029-01-01	2029-12-31	restricted or unknown: kept out of the public repo	Jamiatul Ulama (jamiat.org.za) perpetual salaah times, Port Elizabeth - 33 58 S, 25 33 E - Time Zone: +2.0; Asr/Isha (H); perpetual table mapped onto 2029: https://salaahtimes.starlite.za.net/jamiat/perpetual/export-csv.php?id=a0c80a4c16b36e8e04878464768e2e6b735056e0 (linked from https://jamiat.org.
archive/tables/round/data-wide-band/off-jamiat-pe-S-2025.txt	ZA-JAMIAT	365	2025-01-01	2025-12-31	restricted or unknown: kept out of the public repo	Jamiatul Ulama (jamiat.org.za) perpetual salaah times, Port Elizabeth - 33 58 S, 25 33 E - Time Zone: +2.0; Asr/Isha (S); perpetual table mapped onto 2025: https://salaahtimes.starlite.za.net/jamiat/perpetual/export-csv.php?id=a0c80a4c16b36e8e04878464768e2e6b735056e0 (linked from https://jamiat.org.
archive/tables/round/data-wide-band/off-jamiat-pe-S-2026.txt	ZA-JAMIAT	365	2026-01-01	2026-12-31	restricted or unknown: kept out of the public repo	Jamiatul Ulama (jamiat.org.za) perpetual salaah times, Port Elizabeth - 33 58 S, 25 33 E - Time Zone: +2.0; Asr/Isha (S); perpetual table mapped onto 2026: https://salaahtimes.starlite.za.net/jamiat/perpetual/export-csv.php?id=a0c80a4c16b36e8e04878464768e2e6b735056e0 (linked from https://jamiat.org.
archive/tables/round/data-wide-band/off-jamiat-pe-S-2027.txt	ZA-JAMIAT	365	2027-01-01	2027-12-31	restricted or unknown: kept out of the public repo	Jamiatul Ulama (jamiat.org.za) perpetual salaah times, Port Elizabeth - 33 58 S, 25 33 E - Time Zone: +2.0; Asr/Isha (S); perpetual table mapped onto 2027: https://salaahtimes.starlite.za.net/jamiat/perpetual/export-csv.php?id=a0c80a4c16b36e8e04878464768e2e6b735056e0 (linked from https://jamiat.org.
archive/tables/round/data-wide-band/off-jamiat-pe-S-2028.txt	ZA-JAMIAT	366	2028-01-01	2028-12-31	restricted or unknown: kept out of the public repo	Jamiatul Ulama (jamiat.org.za) perpetual salaah times, Port Elizabeth - 33 58 S, 25 33 E - Time Zone: +2.0; Asr/Isha (S); perpetual table mapped onto 2028: https://salaahtimes.starlite.za.net/jamiat/perpetual/export-csv.php?id=a0c80a4c16b36e8e04878464768e2e6b735056e0 (linked from https://jamiat.org.
archive/tables/round/data-wide-band/off-jamiat-pe-S-2029.txt	ZA-JAMIAT	365	2029-01-01	2029-12-31	restricted or unknown: kept out of the public repo	Jamiatul Ulama (jamiat.org.za) perpetual salaah times, Port Elizabeth - 33 58 S, 25 33 E - Time Zone: +2.0; Asr/Isha (S); perpetual table mapped onto 2029: https://salaahtimes.starlite.za.net/jamiat/perpetual/export-csv.php?id=a0c80a4c16b36e8e04878464768e2e6b735056e0 (linked from https://jamiat.org.
archive/tables/round/data-wide-band/off-jamiat-plk-H-2025.txt	ZA-JAMIAT	365	2025-01-01	2025-12-31	restricted or unknown: kept out of the public repo	Jamiatul Ulama (jamiat.org.za) perpetual salaah times, Pietersburg/Polokwane - 23 53 S, 29 26 E - Time Zone: +2.0; Asr/Isha (H); perpetual table mapped onto 2025: https://salaahtimes.starlite.za.net/jamiat/perpetual/export-csv.php?id=f7a1d15e6d3d2e4ed81da1fda613c7d575a92193 (linked from https://jami
archive/tables/round/data-wide-band/off-jamiat-plk-H-2026.txt	ZA-JAMIAT	365	2026-01-01	2026-12-31	restricted or unknown: kept out of the public repo	Jamiatul Ulama (jamiat.org.za) perpetual salaah times, Pietersburg/Polokwane - 23 53 S, 29 26 E - Time Zone: +2.0; Asr/Isha (H); perpetual table mapped onto 2026: https://salaahtimes.starlite.za.net/jamiat/perpetual/export-csv.php?id=f7a1d15e6d3d2e4ed81da1fda613c7d575a92193 (linked from https://jami
archive/tables/round/data-wide-band/off-jamiat-plk-H-2027.txt	ZA-JAMIAT	365	2027-01-01	2027-12-31	restricted or unknown: kept out of the public repo	Jamiatul Ulama (jamiat.org.za) perpetual salaah times, Pietersburg/Polokwane - 23 53 S, 29 26 E - Time Zone: +2.0; Asr/Isha (H); perpetual table mapped onto 2027: https://salaahtimes.starlite.za.net/jamiat/perpetual/export-csv.php?id=f7a1d15e6d3d2e4ed81da1fda613c7d575a92193 (linked from https://jami
archive/tables/round/data-wide-band/off-jamiat-plk-H-2028.txt	ZA-JAMIAT	366	2028-01-01	2028-12-31	restricted or unknown: kept out of the public repo	Jamiatul Ulama (jamiat.org.za) perpetual salaah times, Pietersburg/Polokwane - 23 53 S, 29 26 E - Time Zone: +2.0; Asr/Isha (H); perpetual table mapped onto 2028: https://salaahtimes.starlite.za.net/jamiat/perpetual/export-csv.php?id=f7a1d15e6d3d2e4ed81da1fda613c7d575a92193 (linked from https://jami
archive/tables/round/data-wide-band/off-jamiat-plk-H-2029.txt	ZA-JAMIAT	365	2029-01-01	2029-12-31	restricted or unknown: kept out of the public repo	Jamiatul Ulama (jamiat.org.za) perpetual salaah times, Pietersburg/Polokwane - 23 53 S, 29 26 E - Time Zone: +2.0; Asr/Isha (H); perpetual table mapped onto 2029: https://salaahtimes.starlite.za.net/jamiat/perpetual/export-csv.php?id=f7a1d15e6d3d2e4ed81da1fda613c7d575a92193 (linked from https://jami
archive/tables/round/data-wide-band/off-jamiat-plk-S-2025.txt	ZA-JAMIAT	365	2025-01-01	2025-12-31	restricted or unknown: kept out of the public repo	Jamiatul Ulama (jamiat.org.za) perpetual salaah times, Pietersburg/Polokwane - 23 53 S, 29 26 E - Time Zone: +2.0; Asr/Isha (S); perpetual table mapped onto 2025: https://salaahtimes.starlite.za.net/jamiat/perpetual/export-csv.php?id=f7a1d15e6d3d2e4ed81da1fda613c7d575a92193 (linked from https://jami
archive/tables/round/data-wide-band/off-jamiat-plk-S-2026.txt	ZA-JAMIAT	365	2026-01-01	2026-12-31	restricted or unknown: kept out of the public repo	Jamiatul Ulama (jamiat.org.za) perpetual salaah times, Pietersburg/Polokwane - 23 53 S, 29 26 E - Time Zone: +2.0; Asr/Isha (S); perpetual table mapped onto 2026: https://salaahtimes.starlite.za.net/jamiat/perpetual/export-csv.php?id=f7a1d15e6d3d2e4ed81da1fda613c7d575a92193 (linked from https://jami
archive/tables/round/data-wide-band/off-jamiat-plk-S-2027.txt	ZA-JAMIAT	365	2027-01-01	2027-12-31	restricted or unknown: kept out of the public repo	Jamiatul Ulama (jamiat.org.za) perpetual salaah times, Pietersburg/Polokwane - 23 53 S, 29 26 E - Time Zone: +2.0; Asr/Isha (S); perpetual table mapped onto 2027: https://salaahtimes.starlite.za.net/jamiat/perpetual/export-csv.php?id=f7a1d15e6d3d2e4ed81da1fda613c7d575a92193 (linked from https://jami
archive/tables/round/data-wide-band/off-jamiat-plk-S-2028.txt	ZA-JAMIAT	366	2028-01-01	2028-12-31	restricted or unknown: kept out of the public repo	Jamiatul Ulama (jamiat.org.za) perpetual salaah times, Pietersburg/Polokwane - 23 53 S, 29 26 E - Time Zone: +2.0; Asr/Isha (S); perpetual table mapped onto 2028: https://salaahtimes.starlite.za.net/jamiat/perpetual/export-csv.php?id=f7a1d15e6d3d2e4ed81da1fda613c7d575a92193 (linked from https://jami
archive/tables/round/data-wide-band/off-jamiat-plk-S-2029.txt	ZA-JAMIAT	365	2029-01-01	2029-12-31	restricted or unknown: kept out of the public repo	Jamiatul Ulama (jamiat.org.za) perpetual salaah times, Pietersburg/Polokwane - 23 53 S, 29 26 E - Time Zone: +2.0; Asr/Isha (S); perpetual table mapped onto 2029: https://salaahtimes.starlite.za.net/jamiat/perpetual/export-csv.php?id=f7a1d15e6d3d2e4ed81da1fda613c7d575a92193 (linked from https://jami
archive/tables/round/data-wide-band/off-jamiat-spb-H-2025.txt	ZA-JAMIAT	365	2025-01-01	2025-12-31	restricted or unknown: kept out of the public repo	Jamiatul Ulama (jamiat.org.za) perpetual salaah times, Springbok Ncape - 29 40 S, 17 53 E - Time Zone: +2.0; Asr/Isha (H); perpetual table mapped onto 2025: https://salaahtimes.starlite.za.net/jamiat/perpetual/export-csv.php?id=09dd6d665f44201302d49b3d4db48785c1eb9668 (linked from https://jamiat.org
archive/tables/round/data-wide-band/off-jamiat-spb-H-2026.txt	ZA-JAMIAT	365	2026-01-01	2026-12-31	restricted or unknown: kept out of the public repo	Jamiatul Ulama (jamiat.org.za) perpetual salaah times, Springbok Ncape - 29 40 S, 17 53 E - Time Zone: +2.0; Asr/Isha (H); perpetual table mapped onto 2026: https://salaahtimes.starlite.za.net/jamiat/perpetual/export-csv.php?id=09dd6d665f44201302d49b3d4db48785c1eb9668 (linked from https://jamiat.org
archive/tables/round/data-wide-band/off-jamiat-spb-H-2027.txt	ZA-JAMIAT	365	2027-01-01	2027-12-31	restricted or unknown: kept out of the public repo	Jamiatul Ulama (jamiat.org.za) perpetual salaah times, Springbok Ncape - 29 40 S, 17 53 E - Time Zone: +2.0; Asr/Isha (H); perpetual table mapped onto 2027: https://salaahtimes.starlite.za.net/jamiat/perpetual/export-csv.php?id=09dd6d665f44201302d49b3d4db48785c1eb9668 (linked from https://jamiat.org
archive/tables/round/data-wide-band/off-jamiat-spb-H-2028.txt	ZA-JAMIAT	366	2028-01-01	2028-12-31	restricted or unknown: kept out of the public repo	Jamiatul Ulama (jamiat.org.za) perpetual salaah times, Springbok Ncape - 29 40 S, 17 53 E - Time Zone: +2.0; Asr/Isha (H); perpetual table mapped onto 2028: https://salaahtimes.starlite.za.net/jamiat/perpetual/export-csv.php?id=09dd6d665f44201302d49b3d4db48785c1eb9668 (linked from https://jamiat.org
archive/tables/round/data-wide-band/off-jamiat-spb-H-2029.txt	ZA-JAMIAT	365	2029-01-01	2029-12-31	restricted or unknown: kept out of the public repo	Jamiatul Ulama (jamiat.org.za) perpetual salaah times, Springbok Ncape - 29 40 S, 17 53 E - Time Zone: +2.0; Asr/Isha (H); perpetual table mapped onto 2029: https://salaahtimes.starlite.za.net/jamiat/perpetual/export-csv.php?id=09dd6d665f44201302d49b3d4db48785c1eb9668 (linked from https://jamiat.org
archive/tables/round/data-wide-band/off-jamiat-spb-S-2025.txt	ZA-JAMIAT	365	2025-01-01	2025-12-31	restricted or unknown: kept out of the public repo	Jamiatul Ulama (jamiat.org.za) perpetual salaah times, Springbok Ncape - 29 40 S, 17 53 E - Time Zone: +2.0; Asr/Isha (S); perpetual table mapped onto 2025: https://salaahtimes.starlite.za.net/jamiat/perpetual/export-csv.php?id=09dd6d665f44201302d49b3d4db48785c1eb9668 (linked from https://jamiat.org
archive/tables/round/data-wide-band/off-jamiat-spb-S-2026.txt	ZA-JAMIAT	365	2026-01-01	2026-12-31	restricted or unknown: kept out of the public repo	Jamiatul Ulama (jamiat.org.za) perpetual salaah times, Springbok Ncape - 29 40 S, 17 53 E - Time Zone: +2.0; Asr/Isha (S); perpetual table mapped onto 2026: https://salaahtimes.starlite.za.net/jamiat/perpetual/export-csv.php?id=09dd6d665f44201302d49b3d4db48785c1eb9668 (linked from https://jamiat.org
archive/tables/round/data-wide-band/off-jamiat-spb-S-2027.txt	ZA-JAMIAT	365	2027-01-01	2027-12-31	restricted or unknown: kept out of the public repo	Jamiatul Ulama (jamiat.org.za) perpetual salaah times, Springbok Ncape - 29 40 S, 17 53 E - Time Zone: +2.0; Asr/Isha (S); perpetual table mapped onto 2027: https://salaahtimes.starlite.za.net/jamiat/perpetual/export-csv.php?id=09dd6d665f44201302d49b3d4db48785c1eb9668 (linked from https://jamiat.org
archive/tables/round/data-wide-band/off-jamiat-spb-S-2028.txt	ZA-JAMIAT	366	2028-01-01	2028-12-31	restricted or unknown: kept out of the public repo	Jamiatul Ulama (jamiat.org.za) perpetual salaah times, Springbok Ncape - 29 40 S, 17 53 E - Time Zone: +2.0; Asr/Isha (S); perpetual table mapped onto 2028: https://salaahtimes.starlite.za.net/jamiat/perpetual/export-csv.php?id=09dd6d665f44201302d49b3d4db48785c1eb9668 (linked from https://jamiat.org
archive/tables/round/data-wide-band/off-jamiat-spb-S-2029.txt	ZA-JAMIAT	365	2029-01-01	2029-12-31	restricted or unknown: kept out of the public repo	Jamiatul Ulama (jamiat.org.za) perpetual salaah times, Springbok Ncape - 29 40 S, 17 53 E - Time Zone: +2.0; Asr/Isha (S); perpetual table mapped onto 2029: https://salaahtimes.starlite.za.net/jamiat/perpetual/export-csv.php?id=09dd6d665f44201302d49b3d4db48785c1eb9668 (linked from https://jamiat.org
archive/tables/round/data-wide-band/off-jamiat-upt-H-2025.txt	ZA-JAMIAT	365	2025-01-01	2025-12-31	restricted or unknown: kept out of the public repo	Jamiatul Ulama (jamiat.org.za) perpetual salaah times, Upington - 28 27 S, 21 14 E - Time Zone: +2.0; Asr/Isha (H); perpetual table mapped onto 2025: https://salaahtimes.starlite.za.net/jamiat/perpetual/export-csv.php?id=53bc000c016a76020a8d36f814d4b2a173355493 (linked from https://jamiat.org.za/sal
archive/tables/round/data-wide-band/off-jamiat-upt-H-2026.txt	ZA-JAMIAT	365	2026-01-01	2026-12-31	restricted or unknown: kept out of the public repo	Jamiatul Ulama (jamiat.org.za) perpetual salaah times, Upington - 28 27 S, 21 14 E - Time Zone: +2.0; Asr/Isha (H); perpetual table mapped onto 2026: https://salaahtimes.starlite.za.net/jamiat/perpetual/export-csv.php?id=53bc000c016a76020a8d36f814d4b2a173355493 (linked from https://jamiat.org.za/sal
archive/tables/round/data-wide-band/off-jamiat-upt-H-2027.txt	ZA-JAMIAT	365	2027-01-01	2027-12-31	restricted or unknown: kept out of the public repo	Jamiatul Ulama (jamiat.org.za) perpetual salaah times, Upington - 28 27 S, 21 14 E - Time Zone: +2.0; Asr/Isha (H); perpetual table mapped onto 2027: https://salaahtimes.starlite.za.net/jamiat/perpetual/export-csv.php?id=53bc000c016a76020a8d36f814d4b2a173355493 (linked from https://jamiat.org.za/sal
archive/tables/round/data-wide-band/off-jamiat-upt-H-2028.txt	ZA-JAMIAT	366	2028-01-01	2028-12-31	restricted or unknown: kept out of the public repo	Jamiatul Ulama (jamiat.org.za) perpetual salaah times, Upington - 28 27 S, 21 14 E - Time Zone: +2.0; Asr/Isha (H); perpetual table mapped onto 2028: https://salaahtimes.starlite.za.net/jamiat/perpetual/export-csv.php?id=53bc000c016a76020a8d36f814d4b2a173355493 (linked from https://jamiat.org.za/sal
archive/tables/round/data-wide-band/off-jamiat-upt-H-2029.txt	ZA-JAMIAT	365	2029-01-01	2029-12-31	restricted or unknown: kept out of the public repo	Jamiatul Ulama (jamiat.org.za) perpetual salaah times, Upington - 28 27 S, 21 14 E - Time Zone: +2.0; Asr/Isha (H); perpetual table mapped onto 2029: https://salaahtimes.starlite.za.net/jamiat/perpetual/export-csv.php?id=53bc000c016a76020a8d36f814d4b2a173355493 (linked from https://jamiat.org.za/sal
archive/tables/round/data-wide-band/off-jamiat-upt-S-2025.txt	ZA-JAMIAT	365	2025-01-01	2025-12-31	restricted or unknown: kept out of the public repo	Jamiatul Ulama (jamiat.org.za) perpetual salaah times, Upington - 28 27 S, 21 14 E - Time Zone: +2.0; Asr/Isha (S); perpetual table mapped onto 2025: https://salaahtimes.starlite.za.net/jamiat/perpetual/export-csv.php?id=53bc000c016a76020a8d36f814d4b2a173355493 (linked from https://jamiat.org.za/sal
archive/tables/round/data-wide-band/off-jamiat-upt-S-2026.txt	ZA-JAMIAT	365	2026-01-01	2026-12-31	restricted or unknown: kept out of the public repo	Jamiatul Ulama (jamiat.org.za) perpetual salaah times, Upington - 28 27 S, 21 14 E - Time Zone: +2.0; Asr/Isha (S); perpetual table mapped onto 2026: https://salaahtimes.starlite.za.net/jamiat/perpetual/export-csv.php?id=53bc000c016a76020a8d36f814d4b2a173355493 (linked from https://jamiat.org.za/sal
archive/tables/round/data-wide-band/off-jamiat-upt-S-2027.txt	ZA-JAMIAT	365	2027-01-01	2027-12-31	restricted or unknown: kept out of the public repo	Jamiatul Ulama (jamiat.org.za) perpetual salaah times, Upington - 28 27 S, 21 14 E - Time Zone: +2.0; Asr/Isha (S); perpetual table mapped onto 2027: https://salaahtimes.starlite.za.net/jamiat/perpetual/export-csv.php?id=53bc000c016a76020a8d36f814d4b2a173355493 (linked from https://jamiat.org.za/sal
archive/tables/round/data-wide-band/off-jamiat-upt-S-2028.txt	ZA-JAMIAT	366	2028-01-01	2028-12-31	restricted or unknown: kept out of the public repo	Jamiatul Ulama (jamiat.org.za) perpetual salaah times, Upington - 28 27 S, 21 14 E - Time Zone: +2.0; Asr/Isha (S); perpetual table mapped onto 2028: https://salaahtimes.starlite.za.net/jamiat/perpetual/export-csv.php?id=53bc000c016a76020a8d36f814d4b2a173355493 (linked from https://jamiat.org.za/sal
archive/tables/round/data-wide-band/off-jamiat-upt-S-2029.txt	ZA-JAMIAT	365	2029-01-01	2029-12-31	restricted or unknown: kept out of the public repo	Jamiatul Ulama (jamiat.org.za) perpetual salaah times, Upington - 28 27 S, 21 14 E - Time Zone: +2.0; Asr/Isha (S); perpetual table mapped onto 2029: https://salaahtimes.starlite.za.net/jamiat/perpetual/export-csv.php?id=53bc000c016a76020a8d36f814d4b2a173355493 (linked from https://jamiat.org.za/sal
archive/tables/moral-auth-world/africaoceania/masjids-cpt-H.txt	ZA-MASJIDS	122	2026-06-01	2026-12-31	restricted or unknown: kept out of the public repo	
archive/tables/moral-auth-world/africaoceania/masjids-cpt-S.txt	ZA-MASJIDS	122	2026-06-01	2026-12-31	restricted or unknown: kept out of the public repo	
archive/tables/moral-auth-world/africaoceania/masjids-durban-H.txt	ZA-MASJIDS	122	2026-03-01	2026-12-31	restricted or unknown: kept out of the public repo	
archive/tables/moral-auth-world/africaoceania/masjids-durban-S.txt	ZA-MASJIDS	122	2026-03-01	2026-12-31	restricted or unknown: kept out of the public repo	
archive/tables/moral-auth-world/africaoceania/masjids-johannesburg-H.txt	ZA-MASJIDS	122	2026-03-01	2026-12-31	restricted or unknown: kept out of the public repo	
archive/tables/moral-auth-world/africaoceania/masjids-johannesburg-S.txt	ZA-MASJIDS	122	2026-03-01	2026-12-31	restricted or unknown: kept out of the public repo	
archive/tables/moral-auth-world/africaoceania/radioislam-jhb-H.txt	ZA-RADIOISLAM	360	2026-01-01	2026-12-30	restricted or unknown: kept out of the public repo	
archive/tables/normalized-7e/jo-awqaf-amman-2021-2024.txt	JO-AWQAF	50	2021-01-08	2024-12-17	restricted or unknown: kept out of the public repo	Jordan Ministry of Awqaf salat-calculator results log (awqaf.gov.jo), web.archive.org captures 2021-2025 (archive/raw/moral-auth-mena/levant/wb/jo_*.html), Amman assumed
archive/tables/normalized-7e/jo-awqaf-amman-2025.txt	JO-AWQAF	30	2025-02-09	2025-12-27	restricted or unknown: kept out of the public repo	Jordan Ministry of Awqaf salat-calculator results log (awqaf.gov.jo), web.archive.org captures 2021-2025 (archive/raw/moral-auth-mena/levant/wb/jo_*.html), Amman assumed
archive/tables/normalized-7e/ps-iftaa-aqsa-2012.txt	PS-IFTAA	72	2012-01-01	2012-12-31	restricted or unknown: kept out of the public repo	Palestine PA Dar al-Iftaa perpetual al-Aqsa table, 2012 printing, http://www.darifta.ps/press/ssalahtime/ssalah2012.pdf via web.archive.org (archive/raw/moral-auth-mena/levant/pif/ssalah2012.txt)
archive/tables/normalized-7e/ps-iftaa-aqsa-2026.txt	PS-IFTAA	6	2026-02-18	2026-03-19	restricted or unknown: kept out of the public repo	Palestine PA Dar al-Iftaa, the same perpetual al-Aqsa table reprinted as the Ramadan 1447 imsakiya image, http://www.darifta.ps/press/imsakiah2026/imsakiah1447.jpg via web.archive.org
archive/tables/manual/ps-iftaa/2026-10-02/aqsa-2012.txt	PS-IFTAA	366	2012-01-01	2012-12-31	restricted or unknown: kept out of the public repo	Palestine PA Dar al-Iftaa perpetual al-Aqsa table (darifta.ps ssalah2012.pdf and riznama2026.pdf, read 2 Oct 2026, identical), al-Aqsa, as printed, mapped onto 2012 (ruling R118)
archive/tables/manual/ps-iftaa/2026-10-02/aqsa-2026.txt	PS-IFTAA	365	2026-01-01	2026-12-31	restricted or unknown: kept out of the public repo	Palestine PA Dar al-Iftaa perpetual al-Aqsa table (darifta.ps ssalah2012.pdf and riznama2026.pdf, read 2 Oct 2026, identical), al-Aqsa, as printed, mapped onto 2026 (ruling R118)
archive/tables/manual/ps-iftaa/2026-10-02/aqsa-2027.txt	PS-IFTAA	365	2027-01-01	2027-12-31	restricted or unknown: kept out of the public repo	Palestine PA Dar al-Iftaa perpetual al-Aqsa table (darifta.ps ssalah2012.pdf and riznama2026.pdf, read 2 Oct 2026, identical), al-Aqsa, as printed, mapped onto 2027 (ruling R118)
archive/tables/manual/ps-iftaa/2026-10-02/nablus-2012.txt	PS-IFTAA	366	2012-01-01	2012-12-31	restricted or unknown: kept out of the public repo	Palestine PA Dar al-Iftaa perpetual al-Aqsa table (darifta.ps ssalah2012.pdf and riznama2026.pdf, read 2 Oct 2026, identical), Nablus, derived: al-Aqsa + 0 (printed offset), mapped onto 2012 (ruling R118)
archive/tables/manual/ps-iftaa/2026-10-02/nablus-2026.txt	PS-IFTAA	365	2026-01-01	2026-12-31	restricted or unknown: kept out of the public repo	Palestine PA Dar al-Iftaa perpetual al-Aqsa table (darifta.ps ssalah2012.pdf and riznama2026.pdf, read 2 Oct 2026, identical), Nablus, derived: al-Aqsa + 0 (printed offset), mapped onto 2026 (ruling R118)
archive/tables/manual/ps-iftaa/2026-10-02/nablus-2027.txt	PS-IFTAA	365	2027-01-01	2027-12-31	restricted or unknown: kept out of the public repo	Palestine PA Dar al-Iftaa perpetual al-Aqsa table (darifta.ps ssalah2012.pdf and riznama2026.pdf, read 2 Oct 2026, identical), Nablus, derived: al-Aqsa + 0 (printed offset), mapped onto 2027 (ruling R118)
archive/tables/manual/ps-iftaa/2026-10-02/hebron-2012.txt	PS-IFTAA	366	2012-01-01	2012-12-31	restricted or unknown: kept out of the public repo	Palestine PA Dar al-Iftaa perpetual al-Aqsa table (darifta.ps ssalah2012.pdf and riznama2026.pdf, read 2 Oct 2026, identical), Hebron, derived: al-Aqsa + 1 (printed offset), mapped onto 2012 (ruling R118)
archive/tables/manual/ps-iftaa/2026-10-02/hebron-2026.txt	PS-IFTAA	365	2026-01-01	2026-12-31	restricted or unknown: kept out of the public repo	Palestine PA Dar al-Iftaa perpetual al-Aqsa table (darifta.ps ssalah2012.pdf and riznama2026.pdf, read 2 Oct 2026, identical), Hebron, derived: al-Aqsa + 1 (printed offset), mapped onto 2026 (ruling R118)
archive/tables/manual/ps-iftaa/2026-10-02/hebron-2027.txt	PS-IFTAA	365	2027-01-01	2027-12-31	restricted or unknown: kept out of the public repo	Palestine PA Dar al-Iftaa perpetual al-Aqsa table (darifta.ps ssalah2012.pdf and riznama2026.pdf, read 2 Oct 2026, identical), Hebron, derived: al-Aqsa + 1 (printed offset), mapped onto 2027 (ruling R118)
archive/tables/manual/ps-iftaa/2026-10-02/gaza-2012.txt	PS-IFTAA	366	2012-01-01	2012-12-31	restricted or unknown: kept out of the public repo	Palestine PA Dar al-Iftaa perpetual al-Aqsa table (darifta.ps ssalah2012.pdf and riznama2026.pdf, read 2 Oct 2026, identical), Gaza, derived: al-Aqsa + 3 (printed offset), mapped onto 2012 (ruling R118)
archive/tables/manual/ps-iftaa/2026-10-02/gaza-2026.txt	PS-IFTAA	365	2026-01-01	2026-12-31	restricted or unknown: kept out of the public repo	Palestine PA Dar al-Iftaa perpetual al-Aqsa table (darifta.ps ssalah2012.pdf and riznama2026.pdf, read 2 Oct 2026, identical), Gaza, derived: al-Aqsa + 3 (printed offset), mapped onto 2026 (ruling R118)
archive/tables/manual/ps-iftaa/2026-10-02/gaza-2027.txt	PS-IFTAA	365	2027-01-01	2027-12-31	restricted or unknown: kept out of the public repo	Palestine PA Dar al-Iftaa perpetual al-Aqsa table (darifta.ps ssalah2012.pdf and riznama2026.pdf, read 2 Oct 2026, identical), Gaza, derived: al-Aqsa + 3 (printed offset), mapped onto 2027 (ruling R118)
archive/tables/manual/ps-iftaa/2026-10-02/ramallah-2026.txt	PS-IFTAA	365	2026-01-01	2026-12-31	restricted or unknown: kept out of the public repo	Palestine PA Dar al-Iftaa perpetual al-Aqsa table (darifta.ps ssalah2012.pdf and riznama2026.pdf, read 2 Oct 2026, identical), Ramallah, derived: al-Aqsa + 0 (printed offset), mapped onto 2026 (ruling R118)
archive/tables/manual/ps-iftaa/2026-10-02/ramallah-2027.txt	PS-IFTAA	365	2027-01-01	2027-12-31	restricted or unknown: kept out of the public repo	Palestine PA Dar al-Iftaa perpetual al-Aqsa table (darifta.ps ssalah2012.pdf and riznama2026.pdf, read 2 Oct 2026, identical), Ramallah, derived: al-Aqsa + 0 (printed offset), mapped onto 2027 (ruling R118)
archive/tables/manual/ps-iftaa/2026-10-02/bethlehem-2026.txt	PS-IFTAA	365	2026-01-01	2026-12-31	restricted or unknown: kept out of the public repo	Palestine PA Dar al-Iftaa perpetual al-Aqsa table (darifta.ps ssalah2012.pdf and riznama2026.pdf, read 2 Oct 2026, identical), Bethlehem, derived: al-Aqsa + 0 (printed offset), mapped onto 2026 (ruling R118)
archive/tables/manual/ps-iftaa/2026-10-02/bethlehem-2027.txt	PS-IFTAA	365	2027-01-01	2027-12-31	restricted or unknown: kept out of the public repo	Palestine PA Dar al-Iftaa perpetual al-Aqsa table (darifta.ps ssalah2012.pdf and riznama2026.pdf, read 2 Oct 2026, identical), Bethlehem, derived: al-Aqsa + 0 (printed offset), mapped onto 2027 (ruling R118)
archive/tables/manual/ps-iftaa/2026-10-02/jenin-2026.txt	PS-IFTAA	365	2026-01-01	2026-12-31	restricted or unknown: kept out of the public repo	Palestine PA Dar al-Iftaa perpetual al-Aqsa table (darifta.ps ssalah2012.pdf and riznama2026.pdf, read 2 Oct 2026, identical), Jenin, derived: al-Aqsa + 0 (printed offset), mapped onto 2026 (ruling R118)
archive/tables/manual/ps-iftaa/2026-10-02/jenin-2027.txt	PS-IFTAA	365	2027-01-01	2027-12-31	restricted or unknown: kept out of the public repo	Palestine PA Dar al-Iftaa perpetual al-Aqsa table (darifta.ps ssalah2012.pdf and riznama2026.pdf, read 2 Oct 2026, identical), Jenin, derived: al-Aqsa + 0 (printed offset), mapped onto 2027 (ruling R118)
archive/tables/manual/ps-iftaa/2026-10-02/jericho-2026.txt	PS-IFTAA	365	2026-01-01	2026-12-31	restricted or unknown: kept out of the public repo	Palestine PA Dar al-Iftaa perpetual al-Aqsa table (darifta.ps ssalah2012.pdf and riznama2026.pdf, read 2 Oct 2026, identical), Jericho, derived: al-Aqsa - 1 (printed offset), mapped onto 2026 (ruling R118)
archive/tables/manual/ps-iftaa/2026-10-02/jericho-2027.txt	PS-IFTAA	365	2027-01-01	2027-12-31	restricted or unknown: kept out of the public repo	Palestine PA Dar al-Iftaa perpetual al-Aqsa table (darifta.ps ssalah2012.pdf and riznama2026.pdf, read 2 Oct 2026, identical), Jericho, derived: al-Aqsa - 1 (printed offset), mapped onto 2027 (ruling R118)
archive/tables/manual/ps-iftaa/2026-10-02/idhna-2026.txt	PS-IFTAA	365	2026-01-01	2026-12-31	restricted or unknown: kept out of the public repo	Palestine PA Dar al-Iftaa perpetual al-Aqsa table (darifta.ps ssalah2012.pdf and riznama2026.pdf, read 2 Oct 2026, identical), Idhna, derived: al-Aqsa + 1 (printed offset), mapped onto 2026 (ruling R118)
archive/tables/manual/ps-iftaa/2026-10-02/idhna-2027.txt	PS-IFTAA	365	2027-01-01	2027-12-31	restricted or unknown: kept out of the public repo	Palestine PA Dar al-Iftaa perpetual al-Aqsa table (darifta.ps ssalah2012.pdf and riznama2026.pdf, read 2 Oct 2026, identical), Idhna, derived: al-Aqsa + 1 (printed offset), mapped onto 2027 (ruling R118)
archive/tables/manual/ps-iftaa/2026-10-02/dura-2026.txt	PS-IFTAA	365	2026-01-01	2026-12-31	restricted or unknown: kept out of the public repo	Palestine PA Dar al-Iftaa perpetual al-Aqsa table (darifta.ps ssalah2012.pdf and riznama2026.pdf, read 2 Oct 2026, identical), Dura, derived: al-Aqsa + 1 (printed offset), mapped onto 2026 (ruling R118)
archive/tables/manual/ps-iftaa/2026-10-02/dura-2027.txt	PS-IFTAA	365	2027-01-01	2027-12-31	restricted or unknown: kept out of the public repo	Palestine PA Dar al-Iftaa perpetual al-Aqsa table (darifta.ps ssalah2012.pdf and riznama2026.pdf, read 2 Oct 2026, identical), Dura, derived: al-Aqsa + 1 (printed offset), mapped onto 2027 (ruling R118)
archive/tables/manual/ps-iftaa/2026-10-02/beit-awwa-2026.txt	PS-IFTAA	365	2026-01-01	2026-12-31	restricted or unknown: kept out of the public repo	Palestine PA Dar al-Iftaa perpetual al-Aqsa table (darifta.ps ssalah2012.pdf and riznama2026.pdf, read 2 Oct 2026, identical), Beit Awwa, derived: al-Aqsa + 1 (printed offset), mapped onto 2026 (ruling R118)
archive/tables/manual/ps-iftaa/2026-10-02/beit-awwa-2027.txt	PS-IFTAA	365	2027-01-01	2027-12-31	restricted or unknown: kept out of the public repo	Palestine PA Dar al-Iftaa perpetual al-Aqsa table (darifta.ps ssalah2012.pdf and riznama2026.pdf, read 2 Oct 2026, identical), Beit Awwa, derived: al-Aqsa + 1 (printed offset), mapped onto 2027 (ruling R118)
archive/tables/manual/ps-iftaa/2026-10-02/tulkarm-2026.txt	PS-IFTAA	365	2026-01-01	2026-12-31	restricted or unknown: kept out of the public repo	Palestine PA Dar al-Iftaa perpetual al-Aqsa table (darifta.ps ssalah2012.pdf and riznama2026.pdf, read 2 Oct 2026, identical), Tulkarm, derived: al-Aqsa + 1 (printed offset), mapped onto 2026 (ruling R118)
archive/tables/manual/ps-iftaa/2026-10-02/tulkarm-2027.txt	PS-IFTAA	365	2027-01-01	2027-12-31	restricted or unknown: kept out of the public repo	Palestine PA Dar al-Iftaa perpetual al-Aqsa table (darifta.ps ssalah2012.pdf and riznama2026.pdf, read 2 Oct 2026, identical), Tulkarm, derived: al-Aqsa + 1 (printed offset), mapped onto 2027 (ruling R118)
archive/tables/manual/ps-iftaa/2026-10-02/rafah-2026.txt	PS-IFTAA	365	2026-01-01	2026-12-31	restricted or unknown: kept out of the public repo	Palestine PA Dar al-Iftaa perpetual al-Aqsa table (darifta.ps ssalah2012.pdf and riznama2026.pdf, read 2 Oct 2026, identical), Rafah, derived: al-Aqsa + 4 (printed offset), mapped onto 2026 (ruling R118)
archive/tables/manual/ps-iftaa/2026-10-02/rafah-2027.txt	PS-IFTAA	365	2027-01-01	2027-12-31	restricted or unknown: kept out of the public repo	Palestine PA Dar al-Iftaa perpetual al-Aqsa table (darifta.ps ssalah2012.pdf and riznama2026.pdf, read 2 Oct 2026, identical), Rafah, derived: al-Aqsa + 4 (printed offset), mapped onto 2027 (ruling R118)
archive/tables/manual/ps-iftaa/2026-10-02/khan-yunis-2026.txt	PS-IFTAA	365	2026-01-01	2026-12-31	restricted or unknown: kept out of the public repo	Palestine PA Dar al-Iftaa perpetual al-Aqsa table (darifta.ps ssalah2012.pdf and riznama2026.pdf, read 2 Oct 2026, identical), Khan Yunis, derived: al-Aqsa + 4 (printed offset), mapped onto 2026 (ruling R118)
archive/tables/manual/ps-iftaa/2026-10-02/khan-yunis-2027.txt	PS-IFTAA	365	2027-01-01	2027-12-31	restricted or unknown: kept out of the public repo	Palestine PA Dar al-Iftaa perpetual al-Aqsa table (darifta.ps ssalah2012.pdf and riznama2026.pdf, read 2 Oct 2026, identical), Khan Yunis, derived: al-Aqsa + 4 (printed offset), mapped onto 2027 (ruling R118)
archive/tables/manual/ps-iftaa/2026-10-02/deir-al-balah-2026.txt	PS-IFTAA	365	2026-01-01	2026-12-31	restricted or unknown: kept out of the public repo	Palestine PA Dar al-Iftaa perpetual al-Aqsa table (darifta.ps ssalah2012.pdf and riznama2026.pdf, read 2 Oct 2026, identical), Deir al-Balah, derived: al-Aqsa + 4 (printed offset), mapped onto 2026 (ruling R118)
archive/tables/manual/ps-iftaa/2026-10-02/deir-al-balah-2027.txt	PS-IFTAA	365	2027-01-01	2027-12-31	restricted or unknown: kept out of the public repo	Palestine PA Dar al-Iftaa perpetual al-Aqsa table (darifta.ps ssalah2012.pdf and riznama2026.pdf, read 2 Oct 2026, identical), Deir al-Balah, derived: al-Aqsa + 4 (printed offset), mapped onto 2027 (ruling R118)
archive/tables/manual/ps-iftaa/2026-10-02/qalqilya-starts-2026.txt	PS-IFTAA	365	2026-01-01	2026-12-31	restricted or unknown: kept out of the public repo	Palestine PA Dar al-Iftaa perpetual al-Aqsa table (darifta.ps ssalah2012.pdf and riznama2026.pdf, read 2 Oct 2026, identical), Qalqilya, derived: al-Aqsa + 2 (its starts; printed offset + 1.5), mapped onto 2026 (ruling R118)
archive/tables/manual/ps-iftaa/2026-10-02/qalqilya-ends-2026.txt	PS-IFTAA	365	2026-01-01	2026-12-31	restricted or unknown: kept out of the public repo	Palestine PA Dar al-Iftaa perpetual al-Aqsa table (darifta.ps ssalah2012.pdf and riznama2026.pdf, read 2 Oct 2026, identical), Qalqilya, derived: al-Aqsa + 1 (its ends; printed offset + 1.5), mapped onto 2026 (ruling R118)
archive/tables/manual/ps-iftaa/2026-10-02/qalqilya-starts-2027.txt	PS-IFTAA	365	2027-01-01	2027-12-31	restricted or unknown: kept out of the public repo	Palestine PA Dar al-Iftaa perpetual al-Aqsa table (darifta.ps ssalah2012.pdf and riznama2026.pdf, read 2 Oct 2026, identical), Qalqilya, derived: al-Aqsa + 2 (its starts; printed offset + 1.5), mapped onto 2027 (ruling R118)
archive/tables/manual/ps-iftaa/2026-10-02/qalqilya-ends-2027.txt	PS-IFTAA	365	2027-01-01	2027-12-31	restricted or unknown: kept out of the public repo	Palestine PA Dar al-Iftaa perpetual al-Aqsa table (darifta.ps ssalah2012.pdf and riznama2026.pdf, read 2 Oct 2026, identical), Qalqilya, derived: al-Aqsa + 1 (its ends; printed offset + 1.5), mapped onto 2027 (ruling R118)
archive/tables/manual/ps-iftaa/2026-10-02/nazareth-2026.txt	PS-IFTAA	365	2026-01-01	2026-12-31	restricted or unknown: kept out of the public repo	Palestine PA Dar al-Iftaa perpetual al-Aqsa table (darifta.ps ssalah2012.pdf and riznama2026.pdf, read 2 Oct 2026, identical), Nazareth, derived: al-Aqsa + 0 (printed offset), mapped onto 2026 (ruling R118)
archive/tables/manual/ps-iftaa/2026-10-02/nazareth-2027.txt	PS-IFTAA	365	2027-01-01	2027-12-31	restricted or unknown: kept out of the public repo	Palestine PA Dar al-Iftaa perpetual al-Aqsa table (darifta.ps ssalah2012.pdf and riznama2026.pdf, read 2 Oct 2026, identical), Nazareth, derived: al-Aqsa + 0 (printed offset), mapped onto 2027 (ruling R118)
archive/tables/manual/ps-iftaa/2026-10-02/umm-al-fahm-2026.txt	PS-IFTAA	365	2026-01-01	2026-12-31	restricted or unknown: kept out of the public repo	Palestine PA Dar al-Iftaa perpetual al-Aqsa table (darifta.ps ssalah2012.pdf and riznama2026.pdf, read 2 Oct 2026, identical), Umm al-Fahm, derived: al-Aqsa + 0 (printed offset), mapped onto 2026 (ruling R118)
archive/tables/manual/ps-iftaa/2026-10-02/umm-al-fahm-2027.txt	PS-IFTAA	365	2027-01-01	2027-12-31	restricted or unknown: kept out of the public repo	Palestine PA Dar al-Iftaa perpetual al-Aqsa table (darifta.ps ssalah2012.pdf and riznama2026.pdf, read 2 Oct 2026, identical), Umm al-Fahm, derived: al-Aqsa + 0 (printed offset), mapped onto 2027 (ruling R118)
archive/tables/manual/ps-iftaa/2026-10-02/tiberias-2026.txt	PS-IFTAA	365	2026-01-01	2026-12-31	restricted or unknown: kept out of the public repo	Palestine PA Dar al-Iftaa perpetual al-Aqsa table (darifta.ps ssalah2012.pdf and riznama2026.pdf, read 2 Oct 2026, identical), Tiberias, derived: al-Aqsa - 1 (printed offset), mapped onto 2026 (ruling R118)
archive/tables/manual/ps-iftaa/2026-10-02/tiberias-2027.txt	PS-IFTAA	365	2027-01-01	2027-12-31	restricted or unknown: kept out of the public repo	Palestine PA Dar al-Iftaa perpetual al-Aqsa table (darifta.ps ssalah2012.pdf and riznama2026.pdf, read 2 Oct 2026, identical), Tiberias, derived: al-Aqsa - 1 (printed offset), mapped onto 2027 (ruling R118)
archive/tables/manual/ps-iftaa/2026-10-02/safed-2026.txt	PS-IFTAA	365	2026-01-01	2026-12-31	restricted or unknown: kept out of the public repo	Palestine PA Dar al-Iftaa perpetual al-Aqsa table (darifta.ps ssalah2012.pdf and riznama2026.pdf, read 2 Oct 2026, identical), Safed, derived: al-Aqsa - 1 (printed offset), mapped onto 2026 (ruling R118)
archive/tables/manual/ps-iftaa/2026-10-02/safed-2027.txt	PS-IFTAA	365	2027-01-01	2027-12-31	restricted or unknown: kept out of the public repo	Palestine PA Dar al-Iftaa perpetual al-Aqsa table (darifta.ps ssalah2012.pdf and riznama2026.pdf, read 2 Oct 2026, identical), Safed, derived: al-Aqsa - 1 (printed offset), mapped onto 2027 (ruling R118)
archive/tables/manual/ps-iftaa/2026-10-02/beisan-2026.txt	PS-IFTAA	365	2026-01-01	2026-12-31	restricted or unknown: kept out of the public repo	Palestine PA Dar al-Iftaa perpetual al-Aqsa table (darifta.ps ssalah2012.pdf and riznama2026.pdf, read 2 Oct 2026, identical), Beisan, derived: al-Aqsa - 1 (printed offset), mapped onto 2026 (ruling R118)
archive/tables/manual/ps-iftaa/2026-10-02/beisan-2027.txt	PS-IFTAA	365	2027-01-01	2027-12-31	restricted or unknown: kept out of the public repo	Palestine PA Dar al-Iftaa perpetual al-Aqsa table (darifta.ps ssalah2012.pdf and riznama2026.pdf, read 2 Oct 2026, identical), Beisan, derived: al-Aqsa - 1 (printed offset), mapped onto 2027 (ruling R118)
archive/tables/manual/ps-iftaa/2026-10-02/haifa-2026.txt	PS-IFTAA	365	2026-01-01	2026-12-31	restricted or unknown: kept out of the public repo	Palestine PA Dar al-Iftaa perpetual al-Aqsa table (darifta.ps ssalah2012.pdf and riznama2026.pdf, read 2 Oct 2026, identical), Haifa, derived: al-Aqsa + 1 (printed offset), mapped onto 2026 (ruling R118)
archive/tables/manual/ps-iftaa/2026-10-02/haifa-2027.txt	PS-IFTAA	365	2027-01-01	2027-12-31	restricted or unknown: kept out of the public repo	Palestine PA Dar al-Iftaa perpetual al-Aqsa table (darifta.ps ssalah2012.pdf and riznama2026.pdf, read 2 Oct 2026, identical), Haifa, derived: al-Aqsa + 1 (printed offset), mapped onto 2027 (ruling R118)
archive/tables/manual/ps-iftaa/2026-10-02/acre-2026.txt	PS-IFTAA	365	2026-01-01	2026-12-31	restricted or unknown: kept out of the public repo	Palestine PA Dar al-Iftaa perpetual al-Aqsa table (darifta.ps ssalah2012.pdf and riznama2026.pdf, read 2 Oct 2026, identical), Acre, derived: al-Aqsa + 1 (printed offset), mapped onto 2026 (ruling R118)
archive/tables/manual/ps-iftaa/2026-10-02/acre-2027.txt	PS-IFTAA	365	2027-01-01	2027-12-31	restricted or unknown: kept out of the public repo	Palestine PA Dar al-Iftaa perpetual al-Aqsa table (darifta.ps ssalah2012.pdf and riznama2026.pdf, read 2 Oct 2026, identical), Acre, derived: al-Aqsa + 1 (printed offset), mapped onto 2027 (ruling R118)
archive/tables/manual/ps-iftaa/2026-10-02/kafr-qasim-2026.txt	PS-IFTAA	365	2026-01-01	2026-12-31	restricted or unknown: kept out of the public repo	Palestine PA Dar al-Iftaa perpetual al-Aqsa table (darifta.ps ssalah2012.pdf and riznama2026.pdf, read 2 Oct 2026, identical), Kafr Qasim, derived: al-Aqsa + 1 (printed offset), mapped onto 2026 (ruling R118)
archive/tables/manual/ps-iftaa/2026-10-02/kafr-qasim-2027.txt	PS-IFTAA	365	2027-01-01	2027-12-31	restricted or unknown: kept out of the public repo	Palestine PA Dar al-Iftaa perpetual al-Aqsa table (darifta.ps ssalah2012.pdf and riznama2026.pdf, read 2 Oct 2026, identical), Kafr Qasim, derived: al-Aqsa + 1 (printed offset), mapped onto 2027 (ruling R118)
archive/tables/manual/ps-iftaa/2026-10-02/tayibe-2026.txt	PS-IFTAA	365	2026-01-01	2026-12-31	restricted or unknown: kept out of the public repo	Palestine PA Dar al-Iftaa perpetual al-Aqsa table (darifta.ps ssalah2012.pdf and riznama2026.pdf, read 2 Oct 2026, identical), Tayibe, derived: al-Aqsa + 1 (printed offset), mapped onto 2026 (ruling R118)
archive/tables/manual/ps-iftaa/2026-10-02/tayibe-2027.txt	PS-IFTAA	365	2027-01-01	2027-12-31	restricted or unknown: kept out of the public repo	Palestine PA Dar al-Iftaa perpetual al-Aqsa table (darifta.ps ssalah2012.pdf and riznama2026.pdf, read 2 Oct 2026, identical), Tayibe, derived: al-Aqsa + 1 (printed offset), mapped onto 2027 (ruling R118)
archive/tables/manual/ps-iftaa/2026-10-02/beersheba-2026.txt	PS-IFTAA	365	2026-01-01	2026-12-31	restricted or unknown: kept out of the public repo	Palestine PA Dar al-Iftaa perpetual al-Aqsa table (darifta.ps ssalah2012.pdf and riznama2026.pdf, read 2 Oct 2026, identical), Beersheba, derived: al-Aqsa + 2 (printed offset), mapped onto 2026 (ruling R118)
archive/tables/manual/ps-iftaa/2026-10-02/beersheba-2027.txt	PS-IFTAA	365	2027-01-01	2027-12-31	restricted or unknown: kept out of the public repo	Palestine PA Dar al-Iftaa perpetual al-Aqsa table (darifta.ps ssalah2012.pdf and riznama2026.pdf, read 2 Oct 2026, identical), Beersheba, derived: al-Aqsa + 2 (printed offset), mapped onto 2027 (ruling R118)
archive/tables/manual/ps-iftaa/2026-10-02/jaffa-2026.txt	PS-IFTAA	365	2026-01-01	2026-12-31	restricted or unknown: kept out of the public repo	Palestine PA Dar al-Iftaa perpetual al-Aqsa table (darifta.ps ssalah2012.pdf and riznama2026.pdf, read 2 Oct 2026, identical), Jaffa, derived: al-Aqsa + 2 (printed offset), mapped onto 2026 (ruling R118)
archive/tables/manual/ps-iftaa/2026-10-02/jaffa-2027.txt	PS-IFTAA	365	2027-01-01	2027-12-31	restricted or unknown: kept out of the public repo	Palestine PA Dar al-Iftaa perpetual al-Aqsa table (darifta.ps ssalah2012.pdf and riznama2026.pdf, read 2 Oct 2026, identical), Jaffa, derived: al-Aqsa + 2 (printed offset), mapped onto 2027 (ruling R118)
archive/tables/manual/ps-iftaa/2026-10-02/lydd-starts-2026.txt	PS-IFTAA	365	2026-01-01	2026-12-31	restricted or unknown: kept out of the public repo	Palestine PA Dar al-Iftaa perpetual al-Aqsa table (darifta.ps ssalah2012.pdf and riznama2026.pdf, read 2 Oct 2026, identical), Lydd, derived: al-Aqsa + 2 (its starts; printed offset + 1.5), mapped onto 2026 (ruling R118)
archive/tables/manual/ps-iftaa/2026-10-02/lydd-ends-2026.txt	PS-IFTAA	365	2026-01-01	2026-12-31	restricted or unknown: kept out of the public repo	Palestine PA Dar al-Iftaa perpetual al-Aqsa table (darifta.ps ssalah2012.pdf and riznama2026.pdf, read 2 Oct 2026, identical), Lydd, derived: al-Aqsa + 1 (its ends; printed offset + 1.5), mapped onto 2026 (ruling R118)
archive/tables/manual/ps-iftaa/2026-10-02/lydd-starts-2027.txt	PS-IFTAA	365	2027-01-01	2027-12-31	restricted or unknown: kept out of the public repo	Palestine PA Dar al-Iftaa perpetual al-Aqsa table (darifta.ps ssalah2012.pdf and riznama2026.pdf, read 2 Oct 2026, identical), Lydd, derived: al-Aqsa + 2 (its starts; printed offset + 1.5), mapped onto 2027 (ruling R118)
archive/tables/manual/ps-iftaa/2026-10-02/lydd-ends-2027.txt	PS-IFTAA	365	2027-01-01	2027-12-31	restricted or unknown: kept out of the public repo	Palestine PA Dar al-Iftaa perpetual al-Aqsa table (darifta.ps ssalah2012.pdf and riznama2026.pdf, read 2 Oct 2026, identical), Lydd, derived: al-Aqsa + 1 (its ends; printed offset + 1.5), mapped onto 2027 (ruling R118)
archive/tables/manual/ps-iftaa/2026-10-02/ramla-starts-2026.txt	PS-IFTAA	365	2026-01-01	2026-12-31	restricted or unknown: kept out of the public repo	Palestine PA Dar al-Iftaa perpetual al-Aqsa table (darifta.ps ssalah2012.pdf and riznama2026.pdf, read 2 Oct 2026, identical), Ramla, derived: al-Aqsa + 2 (its starts; printed offset + 1.5), mapped onto 2026 (ruling R118)
archive/tables/manual/ps-iftaa/2026-10-02/ramla-ends-2026.txt	PS-IFTAA	365	2026-01-01	2026-12-31	restricted or unknown: kept out of the public repo	Palestine PA Dar al-Iftaa perpetual al-Aqsa table (darifta.ps ssalah2012.pdf and riznama2026.pdf, read 2 Oct 2026, identical), Ramla, derived: al-Aqsa + 1 (its ends; printed offset + 1.5), mapped onto 2026 (ruling R118)
archive/tables/manual/ps-iftaa/2026-10-02/ramla-starts-2027.txt	PS-IFTAA	365	2027-01-01	2027-12-31	restricted or unknown: kept out of the public repo	Palestine PA Dar al-Iftaa perpetual al-Aqsa table (darifta.ps ssalah2012.pdf and riznama2026.pdf, read 2 Oct 2026, identical), Ramla, derived: al-Aqsa + 2 (its starts; printed offset + 1.5), mapped onto 2027 (ruling R118)
archive/tables/manual/ps-iftaa/2026-10-02/ramla-ends-2027.txt	PS-IFTAA	365	2027-01-01	2027-12-31	restricted or unknown: kept out of the public repo	Palestine PA Dar al-Iftaa perpetual al-Aqsa table (darifta.ps ssalah2012.pdf and riznama2026.pdf, read 2 Oct 2026, identical), Ramla, derived: al-Aqsa + 1 (its ends; printed offset + 1.5), mapped onto 2027 (ruling R118)
archive/tables/normalized-7e/ps-gaza-awqaf-2020.txt	PS-GAZA-AWQAF	6	2020-06-22	2020-07-21	restricted or unknown: kept out of the public repo	Gaza Ministry of Awqaf imsakiya PDF, Dhul-Qi'dah 1441 (Jun-Jul 2020), http://palwakf.ps/ar/uploads/prayer_times/1441/11.pdf (archive/raw/moral-auth-mena/levant/gz/1441_11.pdf)
archive/tables/normalized-7e/lb-fatwa-beirut-2024.txt	LB-DARALFATWA	365	2024-01-01	2024-12-31	restricted or unknown: kept out of the public repo	Lebanon Dar al-Fatwa mosque-screen feed, Masjidi TV id 26 (Ras Beirut), https://tv.masjidi.app/26 prayer_times_region_json_2.json (archive/raw/moral-auth-mena/main/masjidi_region_2.json), printed on a fixed winter UTC+02:00 clock all year
archive/tables/normalized-7e/lb-fatwa-beirut-dated.txt	LB-DARALFATWA	18	2019-07-20	2026-10-01	restricted or unknown: kept out of the public repo	Lebanon Dar al-Fatwa homepage widget (web.archive.org, archive/raw/moral-auth-mena/levant/wb/dfh*.html) and Al-Liwaa's daily reprint of the same table
archive/tables/normalized-7e/sy-awqaf-damascus-fit.txt	SY-AWQAF	1	2026-02-19	2026-02-19	restricted or unknown: kept out of the public repo	Syria Ministry of Awqaf, a Ramadan 1447 imsakiya sample for Damascus, from the research round (docs/research/2026-09-prayer-times/authorities-arab-world-turkiye.md)
archive/tables/normalized-7e/sy-awqaf-damascus-test.txt	SY-AWQAF	1	2026-10-01	2026-10-01	restricted or unknown: kept out of the public repo	Syria Ministry of Awqaf, a Mawaqit-style sample at the Umayyad Mosque, Damascus, from the research round
archive/tables/normalized-7e/iq-sunni-baghdad-official.txt	IQ-SUNNI	1	2025-12-04	2025-12-04	restricted or unknown: kept out of the public repo	Iraq Sunni Endowment, one dated official sample for Baghdad, from the research round
archive/tables/normalized-7e/iq-sunni-baghdad-waqtazan.txt	IQ-WAQTAZAN-SECONDARY	30	2026-09-19	2026-10-19	restricted or unknown: kept out of the public repo	waqtazan.com, a third-party site stating it publishes the Sunni Endowment's Baghdad table; NOT gated (disagrees with IQ-SUNNI's one official date by 6-27 min, one-sided -- see proof/7e-levant.md)
archive/tables/uk-mawaqit/17345.txt	GB-MOSQUE	365	2026-01-01	2026-12-31	restricted or unknown: kept out of the public repo	BMACC - GLASGOW, its 2026 Mawaqit calendar (mawaqit.net/en/17345), fetched 26 Sep 2026; the research-uk survey of gb.cautious
archive/tables/uk-mawaqit/31937.txt	GB-MOSQUE	365	2026-01-01	2026-12-31	restricted or unknown: kept out of the public repo	Al Rahmah Centre - GLASGOW, its 2026 Mawaqit calendar (mawaqit.net/en/31937), fetched 26 Sep 2026; the research-uk survey of gb.cautious
archive/tables/uk-mawaqit/adam-mosque-dawah-academy-birmingham-b12-8np-united-kingdom-1.txt	GB-MOSQUE	365	2026-01-01	2026-12-31	restricted or unknown: kept out of the public repo	Adam Mosque & Dawah Academy - BIRMINGHAM, its 2026 Mawaqit calendar (mawaqit.net/en/adam-mosque-dawah-academy-birmingham-b12-8np-united-kingdom-1), fetched 26 Sep 2026; the research-uk survey of gb.cautious
archive/tables/uk-mawaqit/al-falah-community-support-centre-birmingham-b12-9qu-united-kingdom.txt	GB-MOSQUE	365	2026-01-01	2026-12-31	restricted or unknown: kept out of the public repo	Al Falah Community Support Centre, its 2026 Mawaqit calendar (mawaqit.net/en/al-falah-community-support-centre-birmingham-b12-9qu-united-kingdom), fetched 26 Sep 2026; the research-uk survey of gb.cautious
archive/tables/uk-mawaqit/al-furqan-mosque-19-carrington-street-glasgow-g4-9aj-united-kingdom.txt	GB-MOSQUE	365	2026-01-01	2026-12-31	restricted or unknown: kept out of the public repo	Al-Furqan Mosque - GLASGOW, its 2026 Mawaqit calendar (mawaqit.net/en/al-furqan-mosque-19-carrington-street-glasgow-g4-9aj-united-kingdom), fetched 26 Sep 2026; the research-uk survey of gb.cautious
archive/tables/uk-mawaqit/al-marifah-academy-leicester-le5-1gz-united-kingdom.txt	GB-MOSQUE	365	2026-01-01	2026-12-31	restricted or unknown: kept out of the public repo	Al Ma'rifah Academy - LEICESTER, its 2026 Mawaqit calendar (mawaqit.net/en/al-marifah-academy-leicester-le5-1gz-united-kingdom), fetched 26 Sep 2026; the research-uk survey of gb.cautious
archive/tables/uk-mawaqit/al-sunnah-mosque-manchester-manchester-m8-9pb-united-kingdom.txt	GB-MOSQUE	365	2026-01-01	2026-12-31	restricted or unknown: kept out of the public repo	Al-Sunnah Mosque Manchester - MANCHESTER, its 2026 Mawaqit calendar (mawaqit.net/en/al-sunnah-mosque-manchester-manchester-m8-9pb-united-kingdom), fetched 26 Sep 2026; the research-uk survey of gb.cautious
archive/tables/uk-mawaqit/alberr-blackburn-bb1-2hu-united-kingdom.txt	GB-MOSQUE	365	2026-01-01	2026-12-31	restricted or unknown: kept out of the public repo	ALBERR - BLACKBURN, its 2026 Mawaqit calendar (mawaqit.net/en/alberr-blackburn-bb1-2hu-united-kingdom), fetched 26 Sep 2026; the research-uk survey of gb.cautious
archive/tables/uk-mawaqit/amanah-masjid-birmingham-b11-1jb-united-kingdom.txt	GB-MOSQUE	365	2026-01-01	2026-12-31	restricted or unknown: kept out of the public repo	Amanah Masjid - Birmingham, its 2026 Mawaqit calendar (mawaqit.net/en/amanah-masjid-birmingham-b11-1jb-united-kingdom), fetched 26 Sep 2026; the research-uk survey of gb.cautious
archive/tables/uk-mawaqit/ashton-jame-mosque-ashton-under-lyne-ol6-7dd-united-kingdom.txt	GB-MOSQUE	365	2026-01-01	2026-12-31	restricted or unknown: kept out of the public repo	Ashton Jam'e Mosque - ASHTON-UNDER-LYNE, its 2026 Mawaqit calendar (mawaqit.net/en/ashton-jame-mosque-ashton-under-lyne-ol6-7dd-united-kingdom), fetched 26 Sep 2026; the research-uk survey of gb.cautious
archive/tables/uk-mawaqit/bishopbriggs-islamic-community-centre-bishopbriggs-g64-1ng-united-kingdom.txt	GB-MOSQUE	365	2026-01-01	2026-12-31	restricted or unknown: kept out of the public repo	Bishopbriggs Islamic Community Centre - GLASGOW, its 2026 Mawaqit calendar (mawaqit.net/en/bishopbriggs-islamic-community-centre-bishopbriggs-g64-1ng-united-kingdom), fetched 26 Sep 2026; the research-uk survey of gb.cautious
archive/tables/uk-mawaqit/brayatee-mosque-birmingham-b18-7pw-united-kingdom.txt	GB-MOSQUE	365	2026-01-01	2026-12-31	restricted or unknown: kept out of the public repo	BRAYATEE MOSQUE - BIRMINGHAM, its 2026 Mawaqit calendar (mawaqit.net/en/brayatee-mosque-birmingham-b18-7pw-united-kingdom), fetched 26 Sep 2026; the research-uk survey of gb.cautious
archive/tables/uk-mawaqit/community-masjid-glasgow-g21-3ba-united-kingdom.txt	GB-MOSQUE	365	2026-01-01	2026-12-31	restricted or unknown: kept out of the public repo	Community Masjid - GLASGOW, its 2026 Mawaqit calendar (mawaqit.net/en/community-masjid-glasgow-g21-3ba-united-kingdom), fetched 26 Sep 2026; the research-uk survey of gb.cautious
archive/tables/uk-mawaqit/dawatul-islam-glasgow-glasgow-g12-8ll-united-kingdom.txt	GB-MOSQUE	365	2026-01-01	2026-12-31	restricted or unknown: kept out of the public repo	Dawatul Islam - GLASGOW, its 2026 Mawaqit calendar (mawaqit.net/en/dawatul-islam-glasgow-glasgow-g12-8ll-united-kingdom), fetched 26 Sep 2026; the research-uk survey of gb.cautious
archive/tables/uk-mawaqit/emaan-community-centre-birmingham-b6-5uh-united-kingdom.txt	GB-MOSQUE	365	2026-01-01	2026-12-31	restricted or unknown: kept out of the public repo	EMAAN COMMUNITY CENTRE, its 2026 Mawaqit calendar (mawaqit.net/en/emaan-community-centre-birmingham-b6-5uh-united-kingdom), fetched 26 Sep 2026; the research-uk survey of gb.cautious
archive/tables/uk-mawaqit/erdington-islamic-foundation-birmingham-b23-6rg-united-kingdom.txt	GB-MOSQUE	365	2026-01-01	2026-12-31	restricted or unknown: kept out of the public repo	BAIT-US-SALAM, its 2026 Mawaqit calendar (mawaqit.net/en/erdington-islamic-foundation-birmingham-b23-6rg-united-kingdom), fetched 26 Sep 2026; the research-uk survey of gb.cautious
archive/tables/uk-mawaqit/faizan-e-madina-bradford-bd3-9le-united-kingdom.txt	GB-MOSQUE	365	2026-01-01	2026-12-31	restricted or unknown: kept out of the public repo	Faizan-e-Madina - BRADFORD, its 2026 Mawaqit calendar (mawaqit.net/en/faizan-e-madina-bradford-bd3-9le-united-kingdom), fetched 26 Sep 2026; the research-uk survey of gb.cautious
archive/tables/uk-mawaqit/faizan-e-madina-halifax-hx1-4jx-united-kingdom.txt	GB-MOSQUE	365	2026-01-01	2026-12-31	restricted or unknown: kept out of the public repo	Faizan E Madina - Halifax, its 2026 Mawaqit calendar (mawaqit.net/en/faizan-e-madina-halifax-hx1-4jx-united-kingdom), fetched 26 Sep 2026; the research-uk survey of gb.cautious
archive/tables/uk-mawaqit/faizan-e-madina-stechford.txt	GB-MOSQUE	365	2026-01-01	2026-12-31	restricted or unknown: kept out of the public repo	Faizan e Madina Stechford, its 2026 Mawaqit calendar (mawaqit.net/en/faizan-e-madina-stechford), fetched 26 Sep 2026; the research-uk survey of gb.cautious
archive/tables/uk-mawaqit/faizan-e-makkah-bradford-bd9-5ab-united-kingdom-1.txt	GB-MOSQUE	365	2026-01-01	2026-12-31	restricted or unknown: kept out of the public repo	Faizan-e-Makkah - BRADFORD, its 2026 Mawaqit calendar (mawaqit.net/en/faizan-e-makkah-bradford-bd9-5ab-united-kingdom-1), fetched 26 Sep 2026; the research-uk survey of gb.cautious
archive/tables/uk-mawaqit/faizan-e-raza-bradford-bd6-3et-united-kingdom.txt	GB-MOSQUE	365	2026-01-01	2026-12-31	restricted or unknown: kept out of the public repo	Faizan E Raza - BRADFORD, its 2026 Mawaqit calendar (mawaqit.net/en/faizan-e-raza-bradford-bd6-3et-united-kingdom), fetched 26 Sep 2026; the research-uk survey of gb.cautious
archive/tables/uk-mawaqit/gambian-islamic-community-centre-smethwick-b66-3eu-united-kingdom.txt	GB-MOSQUE	365	2026-01-01	2026-12-31	restricted or unknown: kept out of the public repo	Gambian Islamic Community Centre - SMETHWICK, its 2026 Mawaqit calendar (mawaqit.net/en/gambian-islamic-community-centre-smethwick-b66-3eu-united-kingdom), fetched 26 Sep 2026; the research-uk survey of gb.cautious
archive/tables/uk-mawaqit/ghosiyah-masjid-keighley-bd21-2ta-united-kingdom.txt	GB-MOSQUE	365	2026-01-01	2026-12-31	restricted or unknown: kept out of the public repo	Ghosiyah Masjid - KEIGHLEY, its 2026 Mawaqit calendar (mawaqit.net/en/ghosiyah-masjid-keighley-bd21-2ta-united-kingdom), fetched 26 Sep 2026; the research-uk survey of gb.cautious
archive/tables/uk-mawaqit/glasgow-mena-trust-glasgow-g4-0bz-united-kingdom.txt	GB-MOSQUE	365	2026-01-01	2026-12-31	restricted or unknown: kept out of the public repo	Mena Trust - GLASGOW, its 2026 Mawaqit calendar (mawaqit.net/en/glasgow-mena-trust-glasgow-g4-0bz-united-kingdom), fetched 26 Sep 2026; the research-uk survey of gb.cautious
archive/tables/uk-mawaqit/glasgow-university-muslim-student-assoc-glasgow-g12-8lg-united-kingdom.txt	GB-MOSQUE	365	2026-01-01	2026-12-31	restricted or unknown: kept out of the public repo	GUMSA, its 2026 Mawaqit calendar (mawaqit.net/en/glasgow-university-muslim-student-assoc-glasgow-g12-8lg-united-kingdom), fetched 26 Sep 2026; the research-uk survey of gb.cautious
archive/tables/uk-mawaqit/hazrat-mujaddid-alf-e-sani-trust-masjid-birmingham-b12-8bg-united-kingdom.txt	GB-MOSQUE	365	2026-01-01	2026-12-31	restricted or unknown: kept out of the public repo	Hazrat Mujaddid Alf-e-Sani Trust Masjid - BIRMINGHAM, its 2026 Mawaqit calendar (mawaqit.net/en/hazrat-mujaddid-alf-e-sani-trust-masjid-birmingham-b12-8bg-united-kingdom), fetched 26 Sep 2026; the research-uk survey of gb.cautious
archive/tables/uk-mawaqit/hco-leicester-le5-4da-united-kingdom-1.txt	GB-MOSQUE	365	2026-01-01	2026-12-31	restricted or unknown: kept out of the public repo	HAMIDIYA - LEICESTER, its 2026 Mawaqit calendar (mawaqit.net/en/hco-leicester-le5-4da-united-kingdom-1), fetched 26 Sep 2026; the research-uk survey of gb.cautious
archive/tables/uk-mawaqit/huda-birmingham.txt	GB-MOSQUE	365	2026-01-01	2026-12-31	restricted or unknown: kept out of the public repo	HUDA MASJID, its 2026 Mawaqit calendar (mawaqit.net/en/huda-birmingham), fetched 26 Sep 2026; the research-uk survey of gb.cautious
archive/tables/uk-mawaqit/jamia-masjid-madni-halifax-hx1-5le-united-kingdom.txt	GB-MOSQUE	365	2026-01-01	2026-12-31	restricted or unknown: kept out of the public repo	Jamia Masjid Madni - Halifax, its 2026 Mawaqit calendar (mawaqit.net/en/jamia-masjid-madni-halifax-hx1-5le-united-kingdom), fetched 26 Sep 2026; the research-uk survey of gb.cautious
archive/tables/uk-mawaqit/jamiyat-tabligh-ul-islam-bradford-bd5-7te-united-kingdom.txt	GB-MOSQUE	365	2026-01-01	2026-12-31	restricted or unknown: kept out of the public repo	Jamia Masjid Tabligh-Ul-Islam Ryan St, its 2026 Mawaqit calendar (mawaqit.net/en/jamiyat-tabligh-ul-islam-bradford-bd5-7te-united-kingdom), fetched 26 Sep 2026; the research-uk survey of gb.cautious
archive/tables/uk-mawaqit/jamiyat-tablighul-islam-bradford-bd4-7hx-united-kingdom.txt	GB-MOSQUE	365	2026-01-01	2026-12-31	restricted or unknown: kept out of the public repo	Jamiyat Tablighul Islam, its 2026 Mawaqit calendar (mawaqit.net/en/jamiyat-tablighul-islam-bradford-bd4-7hx-united-kingdom), fetched 26 Sep 2026; the research-uk survey of gb.cautious
archive/tables/uk-mawaqit/jmah-halifax-west-yorkshire-hx1-4et-united-kingdom.txt	GB-MOSQUE	365	2026-01-01	2026-12-31	restricted or unknown: kept out of the public repo	JMAH Halifax, its 2026 Mawaqit calendar (mawaqit.net/en/jmah-halifax-west-yorkshire-hx1-4et-united-kingdom), fetched 26 Sep 2026; the research-uk survey of gb.cautious
archive/tables/uk-mawaqit/leeds-grand-mosque-leeds-ls6-1sn-united-kingdom.txt	GB-MOSQUE	365	2026-01-01	2026-12-31	restricted or unknown: kept out of the public repo	Leeds Grand Mosque - LEEDS, its 2026 Mawaqit calendar (mawaqit.net/en/leeds-grand-mosque-leeds-ls6-1sn-united-kingdom), fetched 26 Sep 2026; the research-uk survey of gb.cautious
archive/tables/uk-mawaqit/madina-masjid-levenshulme-manchester-m19-3dj-united-kingdom.txt	GB-MOSQUE	365	2026-01-01	2026-12-31	restricted or unknown: kept out of the public repo	Madina Masjid, its 2026 Mawaqit calendar (mawaqit.net/en/madina-masjid-levenshulme-manchester-m19-3dj-united-kingdom), fetched 26 Sep 2026; the research-uk survey of gb.cautious
archive/tables/uk-mawaqit/mahmudsabir-al-furqan-masjid-birmingham-b11-3bz-united-kingdom.txt	GB-MOSQUE	365	2026-01-01	2026-12-31	restricted or unknown: kept out of the public repo	MahmudSabir (Al Furqan) Masjid, its 2026 Mawaqit calendar (mawaqit.net/en/mahmudsabir-al-furqan-masjid-birmingham-b11-3bz-united-kingdom), fetched 26 Sep 2026; the research-uk survey of gb.cautious
archive/tables/uk-mawaqit/majid-adam-a-s-leicester-le2-5qf-united-kingdom.txt	GB-MOSQUE	365	2026-01-01	2026-12-31	restricted or unknown: kept out of the public repo	Masjid Adam (A.S), its 2026 Mawaqit calendar (mawaqit.net/en/majid-adam-a-s-leicester-le2-5qf-united-kingdom), fetched 26 Sep 2026; the research-uk survey of gb.cautious
archive/tables/uk-mawaqit/makki-masjid-halifax.txt	GB-MOSQUE	365	2026-01-01	2026-12-31	restricted or unknown: kept out of the public repo	Makki Masjid - Halifax, its 2026 Mawaqit calendar (mawaqit.net/en/makki-masjid-halifax), fetched 26 Sep 2026; the research-uk survey of gb.cautious
archive/tables/uk-mawaqit/markaz-quba-islamic-centre-leicester-le2-0nq-united-kingdom.txt	GB-MOSQUE	365	2026-01-01	2026-12-31	restricted or unknown: kept out of the public repo	Markaz Quba (Islamic Centre) - LEICESTER, its 2026 Mawaqit calendar (mawaqit.net/en/markaz-quba-islamic-centre-leicester-le2-0nq-united-kingdom), fetched 26 Sep 2026; the research-uk survey of gb.cautious
archive/tables/uk-mawaqit/marwa-masjid-birmingham-b12-9lb-united-kingdom.txt	GB-MOSQUE	365	2026-01-01	2026-12-31	restricted or unknown: kept out of the public repo	Marwa Masjid - BIRMINGHAM, its 2026 Mawaqit calendar (mawaqit.net/en/marwa-masjid-birmingham-b12-9lb-united-kingdom), fetched 26 Sep 2026; the research-uk survey of gb.cautious
archive/tables/uk-mawaqit/masjid-abdul-raheem-birmingham-b34-6bg-united-kingdom.txt	GB-MOSQUE	365	2026-01-01	2026-12-31	restricted or unknown: kept out of the public repo	Masjid Abdul Raheem - BIRMINGHAM, its 2026 Mawaqit calendar (mawaqit.net/en/masjid-abdul-raheem-birmingham-b34-6bg-united-kingdom), fetched 26 Sep 2026; the research-uk survey of gb.cautious
archive/tables/uk-mawaqit/masjid-aisha-leicester-le5-5an-united-kingdom.txt	GB-MOSQUE	365	2026-01-01	2026-12-31	restricted or unknown: kept out of the public repo	Masjid Aisha - LEICESTER, its 2026 Mawaqit calendar (mawaqit.net/en/masjid-aisha-leicester-le5-5an-united-kingdom), fetched 26 Sep 2026; the research-uk survey of gb.cautious
archive/tables/uk-mawaqit/masjid-al-huda-birmingham-b109jf-united-kingdom.txt	GB-MOSQUE	365	2026-01-01	2026-12-31	restricted or unknown: kept out of the public repo	Al-Huda Masjid, its 2026 Mawaqit calendar (mawaqit.net/en/masjid-al-huda-birmingham-b109jf-united-kingdom), fetched 26 Sep 2026; the research-uk survey of gb.cautious
archive/tables/uk-mawaqit/masjid-ar-rashideen-batley-wf17-8lt-united-kingdom.txt	GB-MOSQUE	365	2026-01-01	2026-12-31	restricted or unknown: kept out of the public repo	Masjid Ar-Rashideen - BATLEY, its 2026 Mawaqit calendar (mawaqit.net/en/masjid-ar-rashideen-batley-wf17-8lt-united-kingdom), fetched 26 Sep 2026; the research-uk survey of gb.cautious
archive/tables/uk-mawaqit/masjid-at-taqwa-greater-manchester-ol7-0ag-united-kingdom.txt	GB-MOSQUE	365	2026-01-01	2026-12-31	restricted or unknown: kept out of the public repo	Masjid At Taqwa - GREATER MANCHESTER, its 2026 Mawaqit calendar (mawaqit.net/en/masjid-at-taqwa-greater-manchester-ol7-0ag-united-kingdom), fetched 26 Sep 2026; the research-uk survey of gb.cautious
archive/tables/uk-mawaqit/masjid-e-hidayah-manchester-m16-9dd-united-kingdom.txt	GB-MOSQUE	365	2026-01-01	2026-12-31	restricted or unknown: kept out of the public repo	Masjid-E-Hidayah - MANCHESTER, its 2026 Mawaqit calendar (mawaqit.net/en/masjid-e-hidayah-manchester-m16-9dd-united-kingdom), fetched 26 Sep 2026; the research-uk survey of gb.cautious
archive/tables/uk-mawaqit/masjid-e-iqbal-manchester-m71sn-united-kingdom.txt	GB-MOSQUE	365	2026-01-01	2026-12-31	restricted or unknown: kept out of the public repo	Masjid e Iqbal - MANCHESTER, its 2026 Mawaqit calendar (mawaqit.net/en/masjid-e-iqbal-manchester-m71sn-united-kingdom), fetched 26 Sep 2026; the research-uk survey of gb.cautious
archive/tables/uk-mawaqit/masjid-imam-al-shafii-birmingham-b8-3an-united-kingdom.txt	GB-MOSQUE	365	2026-01-01	2026-12-31	restricted or unknown: kept out of the public repo	Masjid Imam al-Shafi'i - BIRMINGHAM, its 2026 Mawaqit calendar (mawaqit.net/en/masjid-imam-al-shafii-birmingham-b8-3an-united-kingdom), fetched 26 Sep 2026; the research-uk survey of gb.cautious
archive/tables/uk-mawaqit/masjid-imdadia-manchester-m16-9lj-united-kingdom.txt	GB-MOSQUE	365	2026-01-01	2026-12-31	restricted or unknown: kept out of the public repo	Masjid Imdadia, its 2026 Mawaqit calendar (mawaqit.net/en/masjid-imdadia-manchester-m16-9lj-united-kingdom), fetched 26 Sep 2026; the research-uk survey of gb.cautious
archive/tables/uk-mawaqit/masjid-muadh-ibn-jabal-leicester-le5-6tb-united-kingdom.txt	GB-MOSQUE	365	2026-01-01	2026-12-31	restricted or unknown: kept out of the public repo	Masjid Mu'adh Ibn Jabal - LEICESTER, its 2026 Mawaqit calendar (mawaqit.net/en/masjid-muadh-ibn-jabal-leicester-le5-6tb-united-kingdom), fetched 26 Sep 2026; the research-uk survey of gb.cautious
archive/tables/uk-mawaqit/masjid-salaam-community-centre-birmingham-b8-3ph-united-kingdom.txt	GB-MOSQUE	365	2026-01-01	2026-12-31	restricted or unknown: kept out of the public repo	Masjid Salaam & Community Centre - BIRMINGHAM, its 2026 Mawaqit calendar (mawaqit.net/en/masjid-salaam-community-centre-birmingham-b8-3ph-united-kingdom), fetched 26 Sep 2026; the research-uk survey of gb.cautious
archive/tables/uk-mawaqit/masjid-salahudin-glasgow-g40-3sa-united-kingdom.txt	GB-MOSQUE	365	2026-01-01	2026-12-31	restricted or unknown: kept out of the public repo	Masjid Bilal - Glasgow, its 2026 Mawaqit calendar (mawaqit.net/en/masjid-salahudin-glasgow-g40-3sa-united-kingdom), fetched 26 Sep 2026; the research-uk survey of gb.cautious
archive/tables/uk-mawaqit/masjid-usman-arrehman-trust-birminghan-b23-7jg-united-kingdom.txt	GB-MOSQUE	365	2026-01-01	2026-12-31	restricted or unknown: kept out of the public repo	Masjid Usman Ar RahmanTrust - BIRMINGHAM, its 2026 Mawaqit calendar (mawaqit.net/en/masjid-usman-arrehman-trust-birminghan-b23-7jg-united-kingdom), fetched 26 Sep 2026; the research-uk survey of gb.cautious
archive/tables/uk-mawaqit/masjid-zamunta-birmingham-b192ss-united-kingdom.txt	GB-MOSQUE	365	2026-01-01	2026-12-31	restricted or unknown: kept out of the public repo	Masjid Zumunta - BIRMINGHAM, its 2026 Mawaqit calendar (mawaqit.net/en/masjid-zamunta-birmingham-b192ss-united-kingdom), fetched 26 Sep 2026; the research-uk survey of gb.cautious
archive/tables/uk-mawaqit/miec.txt	GB-MOSQUE	365	2026-01-01	2026-12-31	restricted or unknown: kept out of the public repo	Masjid Ibraheem & Education Centre, its 2026 Mawaqit calendar (mawaqit.net/en/miec), fetched 26 Sep 2026; the research-uk survey of gb.cautious
archive/tables/uk-mawaqit/msh-birmingham.txt	GB-MOSQUE	365	2026-01-01	2026-12-31	restricted or unknown: kept out of the public repo	M.S.H.M.C.C. |  مسجد دار الطلبة المسلمين - Birmingham, its 2026 Mawaqit calendar (mawaqit.net/en/msh-birmingham), fetched 26 Sep 2026; the research-uk survey of gb.cautious
archive/tables/uk-mawaqit/muslim-youth-foundation-manchester-m4-1dy-united-kingdom.txt	GB-MOSQUE	365	2026-01-01	2026-12-31	restricted or unknown: kept out of the public repo	Muslim Youth Foundation - MANCHESTER, its 2026 Mawaqit calendar (mawaqit.net/en/muslim-youth-foundation-manchester-m4-1dy-united-kingdom), fetched 26 Sep 2026; the research-uk survey of gb.cautious
archive/tables/uk-mawaqit/najashi-islamic-centre-erdington-b23-6sn-united-kingdom.txt	GB-MOSQUE	365	2026-01-01	2026-12-31	restricted or unknown: kept out of the public repo	NAJASHI ISLAMIC CENTRE, its 2026 Mawaqit calendar (mawaqit.net/en/najashi-islamic-centre-erdington-b23-6sn-united-kingdom), fetched 26 Sep 2026; the research-uk survey of gb.cautious
archive/tables/uk-mawaqit/nimrah-masjid-manchester-m19-3aq-united-kingdom.txt	GB-MOSQUE	365	2026-01-01	2026-12-31	restricted or unknown: kept out of the public repo	Nimrah Masjid, its 2026 Mawaqit calendar (mawaqit.net/en/nimrah-masjid-manchester-m19-3aq-united-kingdom), fetched 26 Sep 2026; the research-uk survey of gb.cautious
archive/tables/uk-mawaqit/quba-islamic-cultural-centre-birmingham-b7-4ny-united-kingdom.txt	GB-MOSQUE	365	2026-01-01	2026-12-31	restricted or unknown: kept out of the public repo	QUBA Islamic Centre - Birmingham, its 2026 Mawaqit calendar (mawaqit.net/en/quba-islamic-cultural-centre-birmingham-b7-4ny-united-kingdom), fetched 26 Sep 2026; the research-uk survey of gb.cautious
archive/tables/uk-mawaqit/sbmca-birmingham-b30-1qd-united-kingdom.txt	GB-MOSQUE	365	2026-01-01	2026-12-31	restricted or unknown: kept out of the public repo	Bournville Masjid & Community Centre - BIRMINGHAM, its 2026 Mawaqit calendar (mawaqit.net/en/sbmca-birmingham-b30-1qd-united-kingdom), fetched 26 Sep 2026; the research-uk survey of gb.cautious
archive/tables/uk-mawaqit/south-birmingham-central-masjid-birmingham-b139ls-united-kingdom.txt	GB-MOSQUE	365	2026-01-01	2026-12-31	restricted or unknown: kept out of the public repo	South Birmingham Central Masjid - BIRMINGHAM, its 2026 Mawaqit calendar (mawaqit.net/en/south-birmingham-central-masjid-birmingham-b139ls-united-kingdom), fetched 26 Sep 2026; the research-uk survey of gb.cautious
archive/tables/uk-mawaqit/stoney-lane-islamic-community-centre-birmingham-b128aj-united-kingdom.txt	GB-MOSQUE	365	2026-01-01	2026-12-31	restricted or unknown: kept out of the public repo	Stoney Lane Islamic Community Centre - BIRMINGHAM, its 2026 Mawaqit calendar (mawaqit.net/en/stoney-lane-islamic-community-centre-birmingham-b128aj-united-kingdom), fetched 26 Sep 2026; the research-uk survey of gb.cautious
archive/tables/uk-mawaqit/strathclyde-muslim-student-association-bristol-g1-2tb-united-kingdom.txt	GB-MOSQUE	365	2026-01-01	2026-12-31	restricted or unknown: kept out of the public repo	Strathclyde Muslim Student Association - BRISTOL, its 2026 Mawaqit calendar (mawaqit.net/en/strathclyde-muslim-student-association-bristol-g1-2tb-united-kingdom), fetched 26 Sep 2026; the research-uk survey of gb.cautious
archive/tables/uk-mawaqit/sultan-bahu-centre-birmingham-b8-2ls-united-kingdom.txt	GB-MOSQUE	365	2026-01-01	2026-12-31	restricted or unknown: kept out of the public repo	Sultan Bahu Centre - BIRMINGHAM, its 2026 Mawaqit calendar (mawaqit.net/en/sultan-bahu-centre-birmingham-b8-2ls-united-kingdom), fetched 26 Sep 2026; the research-uk survey of gb.cautious
archive/tables/uk-mawaqit/taybah-educational-centre-leicester-le5-4hj-united-kingdom.txt	GB-MOSQUE	365	2026-01-01	2026-12-31	restricted or unknown: kept out of the public repo	Taybah Educational Centre - LEICESTER, its 2026 Mawaqit calendar (mawaqit.net/en/taybah-educational-centre-leicester-le5-4hj-united-kingdom), fetched 26 Sep 2026; the research-uk survey of gb.cautious
archive/tables/uk-mawaqit/woodfarm-education-centre-wec-g46-7hf-glasgow-united-kingdom.txt	GB-MOSQUE	365	2026-01-01	2026-12-31	restricted or unknown: kept out of the public repo	Woodfarm Education Centre (WEC), its 2026 Mawaqit calendar (mawaqit.net/en/woodfarm-education-centre-wec-g46-7hf-glasgow-united-kingdom), fetched 26 Sep 2026; the research-uk survey of gb.cautious
archive/tables/uk-mawaqit/wythenshawe-masjid-wythenshawe-m22-4jq-united-kingdom.txt	GB-MOSQUE	365	2026-01-01	2026-12-31	restricted or unknown: kept out of the public repo	Wythenshawe Masjid - WYTHENSHAWE, its 2026 Mawaqit calendar (mawaqit.net/en/wythenshawe-masjid-wythenshawe-m22-4jq-united-kingdom), fetched 26 Sep 2026; the research-uk survey of gb.cautious
archive/tables/uk-mawaqit/yca-cultural-centre-west-bromwich-b70-9sj-united-kingdom.txt	GB-MOSQUE	365	2026-01-01	2026-12-31	restricted or unknown: kept out of the public repo	YCA Cultural Centre Masjid, its 2026 Mawaqit calendar (mawaqit.net/en/yca-cultural-centre-west-bromwich-b70-9sj-united-kingdom), fetched 26 Sep 2026; the research-uk survey of gb.cautious
archive/tables/uk-mawaqit/zawia-mosque-birmingham-b5-7ph-united-kingdom.txt	GB-MOSQUE	365	2026-01-01	2026-12-31	restricted or unknown: kept out of the public repo	Zawia Mosque - BIRMINGHAM, its 2026 Mawaqit calendar (mawaqit.net/en/zawia-mosque-birmingham-b5-7ph-united-kingdom), fetched 26 Sep 2026; the research-uk survey of gb.cautious
archive/tables/uk-mawaqit/zaytuna-masjid-birmingham-b32-1pj-united-kingdom.txt	GB-MOSQUE	365	2026-01-01	2026-12-31	restricted or unknown: kept out of the public repo	ZAYTUNA MASJID مسجد الزيتونة, its 2026 Mawaqit calendar (mawaqit.net/en/zaytuna-masjid-birmingham-b32-1pj-united-kingdom), fetched 26 Sep 2026; the research-uk survey of gb.cautious
archive/tables/uk-mawaqit/zia-ul-quran-jamia-mosque-birmingham-b8-1er-united-kingdom.txt	GB-MOSQUE	365	2026-01-01	2026-12-31	restricted or unknown: kept out of the public repo	Zia-Ul-Quran Jamia Mosque - BIRMINGHAM, its 2026 Mawaqit calendar (mawaqit.net/en/zia-ul-quran-jamia-mosque-birmingham-b8-1er-united-kingdom), fetched 26 Sep 2026; the research-uk survey of gb.cautious
archive/tables/be-mawaqit/el-gazali-camii-antwerpen-2060-belgium.txt	BE-MOSQUE	365	2026-01-01	2026-12-31	restricted or unknown: kept out of the public repo	Moskee El Gazali - ANTWERPEN, its 2026 Mawaqit calendar (mawaqit.net/en/el-gazali-camii-antwerpen-2060-belgium), fetched 28 September 2026; the research-mawaqit spot survey of be.cautious
archive/tables/be-mawaqit/shahjalal-baitul-aman-antwerpen-2060-belgium.txt	BE-MOSQUE	365	2026-01-01	2026-12-31	restricted or unknown: kept out of the public repo	Moskee Shahjalal Baitul Aman - ANTWERPEN, its 2026 Mawaqit calendar (mawaqit.net/en/shahjalal-baitul-aman-antwerpen-2060-belgium), fetched 28 September 2026; the research-mawaqit spot survey of be.cautious
archive/tables/be-mawaqit/taoubat-moskee-antwerpen-2000-belgium.txt	BE-MOSQUE	365	2026-01-01	2026-12-31	restricted or unknown: kept out of the public repo	Taoubat moskee - ANTWERPEN, its 2026 Mawaqit calendar (mawaqit.net/en/taoubat-moskee-antwerpen-2000-belgium), fetched 28 September 2026; the research-mawaqit spot survey of be.cautious
archive/tables/be-mawaqit/al-ghofrane-anderlecht-1070-belgium.txt	BE-MOSQUE	365	2026-01-01	2026-12-31	restricted or unknown: kept out of the public repo	Al Ghoufrane - Anderlecht, its 2026 Mawaqit calendar (mawaqit.net/en/al-ghofrane-anderlecht-1070-belgium), fetched 25 September 2026; the research-mawaqit spot survey of be.cautious
archive/tables/be-mawaqit/mosquee-fatih-de-bruxelles-diyanet-bruxelles-1030-belgium.txt	BE-MOSQUE	365	2026-01-01	2026-12-31	restricted or unknown: kept out of the public repo	Brüksel Fatih Camii (Diyanet) - Bruxelles, its 2026 Mawaqit calendar (mawaqit.net/en/mosquee-fatih-de-bruxelles-diyanet-bruxelles-1030-belgium), fetched 25 September 2026; the research-mawaqit spot survey of be.cautious
archive/tables/be-mawaqit/pakistan-islamic-cultural-centre-bruxelles-1080-belgium.txt	BE-MOSQUE	365	2026-01-01	2026-12-31	restricted or unknown: kept out of the public repo	PAKISTAN ISLAMIC CENTER - Bruxelles, its 2026 Mawaqit calendar (mawaqit.net/en/pakistan-islamic-cultural-centre-bruxelles-1080-belgium), fetched 25 September 2026; the research-mawaqit spot survey of be.cautious
archive/tables/be-mawaqit/masjid-sakina-charleroi-6000-belgium.txt	BE-MOSQUE	365	2026-01-01	2026-12-31	restricted or unknown: kept out of the public repo	Masjid Sakina - CHARLEROI, its 2026 Mawaqit calendar (mawaqit.net/en/masjid-sakina-charleroi-6000-belgium), fetched 28 September 2026; the research-mawaqit spot survey of be.cautious
archive/tables/be-mawaqit/mosquee-des-beaux-arts-de-charleroi-charleroi-6000-belgium.txt	BE-MOSQUE	365	2026-01-01	2026-12-31	restricted or unknown: kept out of the public repo	Charleroi Milli Görüş camii- Beaux-arts - Charleroi, its 2026 Mawaqit calendar (mawaqit.net/en/mosquee-des-beaux-arts-de-charleroi-charleroi-6000-belgium), fetched 28 September 2026; the research-mawaqit spot survey of be.cautious
archive/tables/be-mawaqit/fatih-camii-gent-gent-9000-belgium.txt	BE-MOSQUE	365	2026-01-01	2026-12-31	restricted or unknown: kept out of the public repo	Fatih Camii Gent - GENT, its 2026 Mawaqit calendar (mawaqit.net/en/fatih-camii-gent-gent-9000-belgium), fetched 28 September 2026; the research-mawaqit spot survey of be.cautious
archive/tables/be-mawaqit/jamia-masjid-anwar-e-madina-gent-gent-9000-belgium.txt	BE-MOSQUE	365	2026-01-01	2026-12-31	restricted or unknown: kept out of the public repo	Jamia Masjid Anwar E Madina انوارِ مدینہ - GENT, its 2026 Mawaqit calendar (mawaqit.net/en/jamia-masjid-anwar-e-madina-gent-gent-9000-belgium), fetched 28 September 2026; the research-mawaqit spot survey of be.cautious
archive/tables/be-mawaqit/masjid-bilal-liege-4000-belgium.txt	BE-MOSQUE	365	2026-01-01	2026-12-31	restricted or unknown: kept out of the public repo	Mosquée bilal  مسجد بلال لييج - LIEGE, its 2026 Mawaqit calendar (mawaqit.net/en/masjid-bilal-liege-4000-belgium), fetched 28 September 2026; the research-mawaqit spot survey of be.cautious
archive/tables/be-mawaqit/mosquee-attakwa-msjd-ltqw-liege-4030-belgium.txt	BE-MOSQUE	365	2026-01-01	2026-12-31	restricted or unknown: kept out of the public repo	Mosquée Attakwa مسجد التقوى - LIèGE, its 2026 Mawaqit calendar (mawaqit.net/en/mosquee-attakwa-msjd-ltqw-liege-4030-belgium), fetched 28 September 2026; the research-mawaqit spot survey of be.cautious
archive/tables/ca-mawaqit/ummah-masjid-and-community-centre-halifax.txt	CA-MOSQUE	365	2026-01-01	2026-12-31	restricted or unknown: kept out of the public repo	Ummah Masjid & Community Centre, its 2026 Mawaqit calendar (mawaqit.net/en/ummah-masjid-and-community-centre-halifax), fetched 28 September 2026; the research-mawaqit spot survey of ca.cautious
archive/tables/ca-mawaqit/tci-windsor.txt	CA-MOSQUE	365	2026-01-01	2026-12-31	restricted or unknown: kept out of the public repo	The Clear Islam Information Center - WINDSOR, its 2026 Mawaqit calendar (mawaqit.net/en/tci-windsor), fetched 28 September 2026; the research-mawaqit spot survey of ca.cautious
archive/tables/ca-mawaqit/windsor-islamic-association.txt	CA-MOSQUE	365	2026-01-01	2026-12-31	restricted or unknown: kept out of the public repo	Windsor Islamic Association, its 2026 Mawaqit calendar (mawaqit.net/en/windsor-islamic-association), fetched 28 September 2026; the research-mawaqit spot survey of ca.cautious
archive/tables/ca-mawaqit/manitoba-dawah-center-winnipeg-r3b-2l3-canada.txt	CA-MOSQUE	365	2026-01-01	2026-12-31	restricted or unknown: kept out of the public repo	MANITOBA DAWAH CENTER - WINNIPEG, its 2026 Mawaqit calendar (mawaqit.net/en/manitoba-dawah-center-winnipeg-r3b-2l3-canada), fetched 28 September 2026; the research-mawaqit spot survey of ca.cautious
archive/tables/ca-mawaqit/masjid-bilal-winnipeg-r3e-3l6-canada.txt	CA-MOSQUE	365	2026-01-01	2026-12-31	restricted or unknown: kept out of the public repo	Masjid Bilal, its 2026 Mawaqit calendar (mawaqit.net/en/masjid-bilal-winnipeg-r3e-3l6-canada), fetched 28 September 2026; the research-mawaqit spot survey of ca.cautious
archive/tables/ca-mawaqit/rahma-wpg.txt	CA-MOSQUE	365	2026-01-01	2026-12-31	restricted or unknown: kept out of the public repo	Rahma Masjid, its 2026 Mawaqit calendar (mawaqit.net/en/rahma-wpg), fetched 28 September 2026; the research-mawaqit spot survey of ca.cautious
archive/tables/de-mawaqit/darul-aman-berlin-berlin-10365-germany.txt	DE-MOSQUE	365	2026-01-01	2026-12-31	restricted or unknown: kept out of the public repo	Darul Aman Lichtenberg - BERLIN, its 2026 Mawaqit calendar (mawaqit.net/en/darul-aman-berlin-berlin-10365-germany), fetched 25 September 2026; the research-mawaqit spot survey of de.cautious
archive/tables/de-mawaqit/pak-muhammad-jamia-masjid-berlin-10551-germany-3.txt	DE-MOSQUE	365	2026-01-01	2026-12-31	restricted or unknown: kept out of the public repo	Pak Muhammad Jamia Masjid - BERLIN, its 2026 Mawaqit calendar (mawaqit.net/en/pak-muhammad-jamia-masjid-berlin-10551-germany-3), fetched 25 September 2026; the research-mawaqit spot survey of de.cautious
archive/tables/de-mawaqit/ditib-du-hochfeld-muradiye-moschee-duisburg-47053-germany.txt	DE-MOSQUE	365	2026-01-01	2026-12-31	restricted or unknown: kept out of the public repo	DITIB DU-Hochfeld Muradiye Moschee - DUISBURG, its 2026 Mawaqit calendar (mawaqit.net/en/ditib-du-hochfeld-muradiye-moschee-duisburg-47053-germany), fetched 28 September 2026; the research-mawaqit spot survey of de.cautious
archive/tables/de-mawaqit/masjid-indonesia-frankfurt-frankfurt-60599-germany.txt	DE-MOSQUE	365	2026-01-01	2026-12-31	restricted or unknown: kept out of the public repo	Masjid Indonesia - FRANKFURT, its 2026 Mawaqit calendar (mawaqit.net/en/masjid-indonesia-frankfurt-frankfurt-60599-germany), fetched 28 September 2026; the research-mawaqit spot survey of de.cautious
archive/tables/de-mawaqit/pak-muhammadi-moschee-frankfurt-am-main-60599-germany.txt	DE-MOSQUE	365	2026-01-01	2026-12-31	restricted or unknown: kept out of the public repo	PAK MUHAMMADI MOSCHEE Frankfurt, its 2026 Mawaqit calendar (mawaqit.net/en/pak-muhammadi-moschee-frankfurt-am-main-60599-germany), fetched 28 September 2026; the research-mawaqit spot survey of de.cautious
archive/tables/de-mawaqit/licht-des-islam-moschee-gelsenkirchen-45879-germany.txt	DE-MOSQUE	365	2026-01-01	2026-12-31	restricted or unknown: kept out of the public repo	Licht des Islam Moschee, its 2026 Mawaqit calendar (mawaqit.net/en/licht-des-islam-moschee-gelsenkirchen-45879-germany), fetched 25 September 2026; the research-mawaqit spot survey of de.cautious
archive/tables/de-mawaqit/pak-islami-majlis-e-v-hamburg-20099-germany.txt	DE-MOSQUE	365	2026-01-01	2026-12-31	restricted or unknown: kept out of the public repo	PAK ISLAMI MAJLIS E.V - HAMBURG, its 2026 Mawaqit calendar (mawaqit.net/en/pak-islami-majlis-e-v-hamburg-20099-germany), fetched 28 September 2026; the research-mawaqit spot survey of de.cautious
archive/tables/de-mawaqit/ditib-zentralmoschee-koln-50823-koln-germany.txt	DE-MOSQUE	365	2026-01-01	2026-12-31	restricted or unknown: kept out of the public repo	DİTİB-Zentralmoschee Köln, its 2026 Mawaqit calendar (mawaqit.net/en/ditib-zentralmoschee-koln-50823-koln-germany), fetched 28 September 2026; the research-mawaqit spot survey of de.cautious
archive/tables/de-mawaqit/hilaly-koln.txt	DE-MOSQUE	365	2026-01-01	2026-12-31	restricted or unknown: kept out of the public repo	تقي الدين الهلالي Taqiyyudin Al Hilaly - Köln, its 2026 Mawaqit calendar (mawaqit.net/en/hilaly-koln), fetched 28 September 2026; the research-mawaqit spot survey of de.cautious
archive/tables/de-mawaqit/eyup-sultan-camii-munich-81673-germany.txt	DE-MOSQUE	365	2026-01-01	2026-12-31	restricted or unknown: kept out of the public repo	IGMG Ortsv. München Berg-am-Laim e.V., its 2026 Mawaqit calendar (mawaqit.net/en/eyup-sultan-camii-munich-81673-germany), fetched 28 September 2026; the research-mawaqit spot survey of de.cautious
archive/tables/de-mawaqit/rahma-moschee-msjd-lrhm-munich-81549-germany.txt	DE-MOSQUE	365	2026-01-01	2026-12-31	restricted or unknown: kept out of the public repo	Rahma Moschee - مسجد الرحمة - Munich, its 2026 Mawaqit calendar (mawaqit.net/en/rahma-moschee-msjd-lrhm-munich-81549-germany), fetched 28 September 2026; the research-mawaqit spot survey of de.cautious
archive/tables/de-mawaqit/licht-aus-dem-osten-verein-nordhorn-48529-germany-1.txt	DE-MOSQUE	365	2026-01-01	2026-12-31	restricted or unknown: kept out of the public repo	Licht aus dem Osten Verein - NORDHORN, its 2026 Mawaqit calendar (mawaqit.net/en/licht-aus-dem-osten-verein-nordhorn-48529-germany-1), fetched 25 September 2026; the research-mawaqit spot survey of de.cautious
archive/tables/fr-mawaqit/aboubakr69003.txt	FR-MOSQUE	365	2026-01-01	2026-12-31	restricted or unknown: kept out of the public repo	مسجد أبو بكر الصديق - Lyon, its 2026 Mawaqit calendar (mawaqit.net/en/aboubakr69003), fetched 25 September 2026; the research-mawaqit spot survey of fr.cautious
archive/tables/fr-mawaqit/attawba-lyon.txt	FR-MOSQUE	365	2026-01-01	2026-12-31	restricted or unknown: kept out of the public repo	مسجد التوبة - Lyon, its 2026 Mawaqit calendar (mawaqit.net/en/attawba-lyon), fetched 25 September 2026; the research-mawaqit spot survey of fr.cautious
archive/tables/fr-mawaqit/el-amine-lyon.txt	FR-MOSQUE	365	2026-01-01	2026-12-31	restricted or unknown: kept out of the public repo	El AMINE - Lyon, its 2026 Mawaqit calendar (mawaqit.net/en/el-amine-lyon), fetched 25 September 2026; the research-mawaqit spot survey of fr.cautious
archive/tables/fr-mawaqit/koba-lyon.txt	FR-MOSQUE	365	2026-01-01	2026-12-31	restricted or unknown: kept out of the public repo	مسجد قباء Mosquée Koba - Lyon, its 2026 Mawaqit calendar (mawaqit.net/en/koba-lyon), fetched 25 September 2026; the research-mawaqit spot survey of fr.cautious
archive/tables/fr-mawaqit/m-essalem-lyon.txt	FR-MOSQUE	365	2026-01-01	2026-12-31	restricted or unknown: kept out of the public repo	مسجد السلام-mosquée Es-Salem - Lyon, its 2026 Mawaqit calendar (mawaqit.net/en/m-essalem-lyon), fetched 25 September 2026; the research-mawaqit spot survey of fr.cautious
archive/tables/fr-mawaqit/mosquee-centrale-lyon-ditib-decines-charpieu-69150-france.txt	FR-MOSQUE	365	2026-01-01	2026-12-31	restricted or unknown: kept out of the public repo	Mosquée Centrale LYON DITIB, its 2026 Mawaqit calendar (mawaqit.net/en/mosquee-centrale-lyon-ditib-decines-charpieu-69150-france), fetched 25 September 2026; the research-mawaqit spot survey of fr.cautious
archive/tables/fr-mawaqit/bilal-marseille.txt	FR-MOSQUE	365	2026-01-01	2026-12-31	restricted or unknown: kept out of the public repo	Mosquée  Bilal  بلال - Marseille, its 2026 Mawaqit calendar (mawaqit.net/en/bilal-marseille), fetched 25 September 2026; the research-mawaqit spot survey of fr.cautious
archive/tables/fr-mawaqit/consolat-marseille-13015-france.txt	FR-MOSQUE	365	2026-01-01	2026-12-31	restricted or unknown: kept out of the public repo	Consolat - MARSEILLE, its 2026 Mawaqit calendar (mawaqit.net/en/consolat-marseille-13015-france), fetched 25 September 2026; the research-mawaqit spot survey of fr.cautious
archive/tables/fr-mawaqit/ikram-mosquee-marseille-13014-france.txt	FR-MOSQUE	365	2026-01-01	2026-12-31	restricted or unknown: kept out of the public repo	IKRAM MOSQUÉE - MARSEILLE, its 2026 Mawaqit calendar (mawaqit.net/en/ikram-mosquee-marseille-13014-france), fetched 25 September 2026; the research-mawaqit spot survey of fr.cautious
archive/tables/fr-mawaqit/institut-rissalat-averroes-marseille-13001-france.txt	FR-MOSQUE	365	2026-01-01	2026-12-31	restricted or unknown: kept out of the public repo	Institut Rissalat Averroes - Marseille, its 2026 Mawaqit calendar (mawaqit.net/en/institut-rissalat-averroes-marseille-13001-france), fetched 25 September 2026; the research-mawaqit spot survey of fr.cautious
archive/tables/fr-mawaqit/la-grande-mosquee-ali-hacene-blidi-marseille-13003-france.txt	FR-MOSQUE	365	2026-01-01	2026-12-31	restricted or unknown: kept out of the public repo	La Grande Mosquée Ali Hacene-Blidi - MARSEILLE, its 2026 Mawaqit calendar (mawaqit.net/en/la-grande-mosquee-ali-hacene-blidi-marseille-13003-france), fetched 25 September 2026; the research-mawaqit spot survey of fr.cautious
archive/tables/fr-mawaqit/mosquee-al-taqwa-marseille-13002-france.txt	FR-MOSQUE	365	2026-01-01	2026-12-31	restricted or unknown: kept out of the public repo	Mosquée Al Taqwa, its 2026 Mawaqit calendar (mawaqit.net/en/mosquee-al-taqwa-marseille-13002-france), fetched 25 September 2026; the research-mawaqit spot survey of fr.cautious
archive/tables/nl-mawaqit/el-tawheed-amsterdam-amsterdam-1053sv-netherlands.txt	NL-MOSQUE	365	2026-01-01	2026-12-31	restricted or unknown: kept out of the public repo	El Tawheed Moskee, its 2026 Mawaqit calendar (mawaqit.net/en/el-tawheed-amsterdam-amsterdam-1053sv-netherlands), fetched 25 September 2026; the research-mawaqit spot survey of nl.cautious
archive/tables/nl-mawaqit/markaz-quba-amsterdam-1021kd-netherlands.txt	NL-MOSQUE	365	2026-01-01	2026-12-31	restricted or unknown: kept out of the public repo	Markaz Quba - AMSTERDAM, its 2026 Mawaqit calendar (mawaqit.net/en/markaz-quba-amsterdam-1021kd-netherlands), fetched 25 September 2026; the research-mawaqit spot survey of nl.cautious
archive/tables/nl-mawaqit/mevlana-moskee-amsterdam-1061-da-netherlands.txt	NL-MOSQUE	365	2026-01-01	2026-12-31	restricted or unknown: kept out of the public repo	Mevlana Moskee - AMSTERDAM, its 2026 Mawaqit calendar (mawaqit.net/en/mevlana-moskee-amsterdam-1061-da-netherlands), fetched 25 September 2026; the research-mawaqit spot survey of nl.cautious
archive/tables/nl-mawaqit/ayasofya-moskee-den-haag-den-haag-2571-hc-netherlands.txt	NL-MOSQUE	365	2026-01-01	2026-12-31	restricted or unknown: kept out of the public repo	Ayasofya Moskee, its 2026 Mawaqit calendar (mawaqit.net/en/ayasofya-moskee-den-haag-den-haag-2571-hc-netherlands), fetched 28 September 2026; the research-mawaqit spot survey of nl.cautious
archive/tables/nl-mawaqit/hicret-cami-den-haag-2572-ht-netherlands.txt	NL-MOSQUE	365	2026-01-01	2026-12-31	restricted or unknown: kept out of the public repo	Hicret Cami - DEN HAAG, its 2026 Mawaqit calendar (mawaqit.net/en/hicret-cami-den-haag-2572-ht-netherlands), fetched 28 September 2026; the research-mawaqit spot survey of nl.cautious
archive/tables/nl-mawaqit/moskee-el-islam-msjd-lslm-den-haag-2525-cg-netherlands.txt	NL-MOSQUE	365	2026-01-01	2026-12-31	restricted or unknown: kept out of the public repo	Moskee El Islam | مسجد الإسلام - DEN HAAG, its 2026 Mawaqit calendar (mawaqit.net/en/moskee-el-islam-msjd-lslm-den-haag-2525-cg-netherlands), fetched 28 September 2026; the research-mawaqit spot survey of nl.cautious
archive/tables/nl-mawaqit/moskee-arrahmaan-eindhoven-eindhoven-5612bt-netherlands.txt	NL-MOSQUE	365	2026-01-01	2026-12-31	restricted or unknown: kept out of the public repo	Moskee Arrahmaan Eindhoven, its 2026 Mawaqit calendar (mawaqit.net/en/moskee-arrahmaan-eindhoven-eindhoven-5612bt-netherlands), fetched 28 September 2026; the research-mawaqit spot survey of nl.cautious
archive/tables/nl-mawaqit/ar-abou-bakr-rotterdam.txt	NL-MOSQUE	365	2026-01-01	2026-12-31	restricted or unknown: kept out of the public repo	Moskee Aboubakr  -  مسجد ابوبكر - Rotterdam, its 2026 Mawaqit calendar (mawaqit.net/en/ar-abou-bakr-rotterdam), fetched 28 September 2026; the research-mawaqit spot survey of nl.cautious
archive/tables/nl-mawaqit/iskenderpasa-camii-igmg-rotterdam-3037-bk-netherlands.txt	NL-MOSQUE	365	2026-01-01	2026-12-31	restricted or unknown: kept out of the public repo	Iskenderpasa camii IGMG - ROTTERDAM, its 2026 Mawaqit calendar (mawaqit.net/en/iskenderpasa-camii-igmg-rotterdam-3037-bk-netherlands), fetched 28 September 2026; the research-mawaqit spot survey of nl.cautious
archive/tables/nl-mawaqit/pakistan-islamic-centre-rotterdam-rotterdam-3014-ed-netherlands.txt	NL-MOSQUE	365	2026-01-01	2026-12-31	restricted or unknown: kept out of the public repo	Pakistan Islamic Centre Rotterdam, its 2026 Mawaqit calendar (mawaqit.net/en/pakistan-islamic-centre-rotterdam-rotterdam-3014-ed-netherlands), fetched 28 September 2026; the research-mawaqit spot survey of nl.cautious
archive/tables/nl-mawaqit/alfarouk-utrecht.txt	NL-MOSQUE	365	2026-01-01	2026-12-31	restricted or unknown: kept out of the public repo	المركز الثقافي الإسلامي عمر الفاروق - Utrecht, its 2026 Mawaqit calendar (mawaqit.net/en/alfarouk-utrecht), fetched 28 September 2026; the research-mawaqit spot survey of nl.cautious
archive/tables/nl-mawaqit/utrecht-ulu-moskee-utrecht-3531-bx-netherlands.txt	NL-MOSQUE	365	2026-01-01	2026-12-31	restricted or unknown: kept out of the public repo	HDV Utrecht Ulu Camii, its 2026 Mawaqit calendar (mawaqit.net/en/utrecht-ulu-moskee-utrecht-3531-bx-netherlands), fetched 28 September 2026; the research-mawaqit spot survey of nl.cautious
