id,name
18918,پروٹاراس
52078,زيلع
53157,کاندالہ
53654,موغادیشو
54225,مرکہ
55671,کسمایو
56335,جوہر
57289,ہرجیسہ
58933,غاروی
59611,جالکعیو
60809,دنسور
62691,سیریگابو
63795,بورائو
63949,بوآلے
64013,بوساسو
64021,بوراما
64435,بربرہ
64460,بلدوین
64536,بیدوا
66093,یاسوج
69426,زنجبار
70225,تعز
71334,صعدہ
72968,معرب
73560,لاہج
74477,اب
75337,حجہ
76184,ذمار
77726,عتق
78428,عمران
78751,مخا، یمن
78754,المکلا
79415,الحدیدہ
79455,الحزم
79836,البیضاء
81302,طبرق
87205,درنہ
88319,بنغازی
88903,المرج
89055,البيضاء
89113,اجدابیا
90150,تکریت
94787,کرکوک
94824,کربلا
98182,بغداد
98717,رمادی
98860,نجف
99072,موصل
99135,کوفہ
100077,ابو غریب
101628,تبوک، سعودی عرب
102527,سکاکہ
102891,راس تنورہ
103630,نجران
104515,مکہ
105072,خمیس مشیط
105299,جیزان
105343,جدہ
106281,حائل
107304,بریدہ
107312,بقیق
107797,ظہران
107968,طائف
108410,ریاض
108435,الرس
108512,عرعر
108918,قیوصومہ
109223,مدینہ منورہ
109323,الخبر
109953,البہاح
110336,دمام
110690,ابھا
111822,یزد
112931,تہران
113646,تبریز
113659,طبس
115019,شیراز
116996,ساری، ایران
117392,سقز
119208,قم
119505,قزوین
121110,پیرانشھر
122285,نیشاپور
124665,مشہد
127319,خرمشھر
141349,بردسکن
141681,بندر عباس
144448,اہواز
144616,اہر
145459,آبادان
145531,سورمو
145757,ڈنڈو
146214,پافوس
146268,نیکوسیا
146384,لیماسول
146400,لارناکا
146412,کیرینیہ
146617,فاماگوستا
147105,سوسا
147271,سالیان
147288,ساتلی
147425,نفتچالا
147429,نخچیوان
147611,لیرک
147622,لنکاران
147982,امشلی
148106,فضولی
148290,جلیل آباد
148340,پوشکینو
148354,بیلاگان
148445,آستارا
148565,سروان
148619,آق دام
148730,زنجبار شہر
148842,ویٹے
148942,ووावا
149606,تانگا، تنزانیہ
149658,تابورا
149703,سومباوانگا
149879,سنگیڈا
150006,شینیانگا
151479,نجومبے
152224,موانزا
152451,موسوما
153176,مپانڈا
153209,موشی، تنزانیہ
153220,موروگورو
154380,مبیا
157738,کیگوما
158027,کیباہا
159071,ایرنگا
159908,گیٹا
160196,دودوما
160263,دارالسلام
160677,چاکے چاکے
160961,بوکوبا
161312,بابتی
161325,اروشا
161616,بلخان آباد
161943,قومداغ
162158,بہارلے
162183,اشک آباد
162199,اینیو
163345,ترطوس
164025,صبیخان
167357,منبج
168661,کفر نبل
169389,ادلب
169577,حمص
170017,حماة
170063,حلب
170654,دمشق
170794,دیر الزور
170905,درعا
172408,السويداء
173334,القنيطرة
173377,قامشلی
173576,لاذقیہ
173811,الحسكة
174875,کاپان
174979,آرتاشات
174991,اراراۃ
178443,واجیر
178522,ووی
181032,رویرو
182701,نیئری
183027,نیاہورورو
184433,نانیوکی
184622,ناکورو
184707,نایواشا
184745,نیروبی
185702,مومیاس
186301,ممباسا
187968,مالیندی
188123,ماکیندو
188492,ماچاکوس
189280,لودوار
189386,لیمورو
191220,کیتالے
191299,کیسیی، کینیا
192067,کیلیفی
192126,کیکویو، کینیا
196936,حبس وائن
197745,گاریسا
198476,عمبو، کینیا
198629,الدورت
201463,رواماگانا
202061,کیگالی
202065,کیبویے
203104,بیومبا
203717,ینگامبی
209228,مبوجی میی
210379,لوسامبو
212730,کسنگانی
212902,کندو
214481,کنانگا
214614,کامینا
215771,ازیرو
216281,گوما
216404,گبادولائٹ
217570,بوتا
217695,بونیا
217745,بومبا
217831,بوکاوو
218680,بوئنڈے
220782,تاجورہ
221527,اوبوک
223817,جبوتی علاقہ
223890,دخیل
225037,آرتہ
225284,علی صابح
226234,سوروتی
228971,موبیندے
229268,مبارارا
229278,مبالے
229362,ماسیندی
229911,لوگازی
230166,لیرا، یوگنڈا
230993,کیسورو
231383,کیہیہی
232066,کاسیسے
232422,کمپالا
232522,کالیسیزو
233114,جنجہ
233275,اگانگا
233312,ہویما
233346,گولو
233476,فورٹ پورٹل
233508,انتیبے
233886,بووینگے
234077,بوسیا، یوگنڈا
235039,اروا
237379,انديلے
239899,بریا
240498,بنگاسو
240604,بمبری
241131,وکٹوریا
243590,ہریبا
243787,گوز بیڈا
244128,فادہ
244878,بلٹین
245338,ام تیمان
245669,ادرے
245785,ابےچے
248946,اربد
250441,عمان
250582,مفرق
256598,نیا ماکری
261249,کاماریرو
266045,زحلہ
266826,طرابلس الشام
268064,صیدا
276781,بیروت
277130,بعلبک
278913,نبطیہ والطہطا
281133,غزہ
281146,بیت حانون
281148,بنی سہیلہ
281184,یروشلم
281577,طولکرم
282239,رام اللہ
284315,بیت لحم
284583,السموع
284899,اریحا
285066,الخلیل
285629,ہاولی
285799,الجہرا
285815,الفروانیہ
285839,الاحمدی
286245,صور، عمان
286282,صحار
286621,سلالہ
286987,نزوی
287286,مسقط
287614,خصب، عمان
287832,ابراء
288967,السیب
289317,البریمی
289847,اززاعین
289888,ارریان
289915,الوکرہ
289962,الخور و الدخیرہ
290030,دوحہ
290104,سترہ
290187,مدینہ عیسیٰ
290247,مدینہ حمد
290340,منامہ
290594,ام القیون
291074,راس الخیمہ
292223,دبئی
292672,شارجہ
292688,الرویس
292878,فجیرہ
292913,العین
292932,اجمان
292953,ذید
292968,ابوظبی
293100,صفد
293207,یہود
293286,ام الفحم
293322,طبریہ
293397,تل ابیب
293426,طمرہ
293655,سخنین
293768,رملہ، اسرائیل
293783,رمت ہشارون
293788,رمت غان
293825,کریات شمونہ
293918,فتح تکو
293962,اور یہودا
294068,نتیووت
294071,نتانیا
294074,نیس ضیونا
294078,نیشر
294097,ناصرہ علیا
294098,ناصرہ
294117,نہاریا
294210,مجدال ہعیمق
294421,لد
294514,کفر سبا
294610,کفر کنا
294760,ہود ہشارون
294801,حیفا
294999,جفعاتایم
295064,غدیرا
295277,ایلات
295328,دیمونہ
295365,کرمل شہر
295435,بیت شیان
295514,بنئی برق
295530,بئر السبع
295548,بات یام
295571,باقہ الغربیہ
295629,اشدود
295721,عکہ
295740,عفولہ
296173,یوکسیکووا
296562,یوزگت
298117,وان، ترکی
298299,عشاق
298316,اورلا، ازمیر
298333,شانلی اورفا
298846,تونجیلی
299817,طرسوس، مرسین
300619,سیواس
300796,سیلوان، دیار باقر
300822,سعرد
301209,شمدینلی
303195,عثمانیہ
303827,نیغدے
303831,نو شہر
304081,موش
304184,موغلا
304612,مینےمن
304922,مالاطیہ
305268,کوتاہیا
306474,کوکوتیلی
306571,قونیہ
307515,قر شہر
307654,قیریق قلعہ
307864,کیلیس
308464,قیصری
309527,کارامان
309647,آغری
310641,کامان، قر شہر
310855,کیاحتا
310859,قہرمان مرعش
311046,ازمیر
311073,اسپارتا
311111,اسکندرون
311314,انحیرلیوا
311665,اگدیر
311704,ادیل
314136,گولباشی، آدیامان
314830,غازی عینتاب
315202,اسکی شہر
315368,ارض روم
315373,ارزنجان
315498,ارغلی، قونیہ
315697,المالی
315808,الازیغ
316541,دیار بکر
316634,دینار
317109,دنیزلی
318137,ہکاری
320392,بوردور
320871,بور، نیغدے
321025,بتلیس
321082,بنگول
321580,بیلیچ
321836,باتمان، ترکی
322165,بالیکسیر
322830,آیدین
323777,انطالیہ
323779,انطاکیہ
323786,انقرہ
324496,اکسرائے
324944,اکچاکالے
325303,افیون قرہ حصار
325330,آدیامان
325363,آدانا
330546,مصوع
331180,میکیلے
332288,لالیبیلا
333287,کیرین، ارتریا
333373,کومبولچا
333772,جیمما
333795,جیجیگا
335035,ہرار
339219,دیسیی
339734,دیبری بیرحان
342884,بحر دار
343300,اسمارا
344797,ادوا
344901,مندیفیرا
349114,شربین، مصر
350203,رشيد
353229,10 رمضان شہر
355635,ادفو
358048,دمیاط
358172,دکرنس
358620,سفگا
358840,بلبیس
359792,اسوان
359796,سوئیز
360502,اقصر
360630,قاہرہ
361055,اسماعیلیہ
361058,اسکندریہ
361291,غردقہ
363243,سارندہ
363417,ڈونگولا
363533,زالنجے
363619,یی، جنوبی سوڈان
363656,یمبیو
363885,واو، جنوبی سوڈان
364103,وادمدنی
364367,اویل
365137,ام درمان
365742,توریت
365763,تونج
366847,سنگہ
367308,شندی
367544,سواکین
367927,رمبک
368277,ربک
369004,نیالا
370737,ملکال
371466,لییر ، ساؤتھ سوڈان
371712,کوئچ جوک
372753,کسلا
373141,کادوگلی
373303,جوبا
377039,پورٹ سوڈان
377241,بور، جنوبی سوڈان
378699,النہود
379003,الابیض
379062,القضارف
379252,خرطوم
379303,الجنینہ
379555,الفاشر
380148,الدعین
380173,الدامر
380174,الدمازین
383388,سیایا
385038,رفاع
400769,لاسکانود
415189,عدن
418863,اصفہان
423549,رومونگے
425378,بوجومبرا
428515,بوبونزا
430021,سبیتوکے
430569,نگوزی
430952,کایانزا
432456,کیروندو
438400,دنیزجیلر
453754,والمیرا
454310,وینٹسپلس
454768,ٹوکومس
455898,سالاسپلس
456172,ریگا
456202,رزیکنے
457065,اوگری
457954,لیپایا
459201,جرمالا
459279,جلگاوا
459283,جیکابپلس
460413,داگاوپلس
460570,چیسس
468902,یاروسلاول
469844,یابلونووسکی، جمہوریہ ادیگیا
470546,ویبورگ
472459,ولوگدا
472757,وولگو گراد
473247,ولادیمیر
473249,ولادیقفقاز
479123,اولیانووسک
480562,تولا، روس
484646,تمبوف
485239,سیکتیوکار
487846,سٹاوروپول
491687,سمولنسک
498677,ساراٹوف
498698,سارانسک
498817,سینٹ پیٹرز برگ
499099,سمارا، روس
500096,ریازان
501175,روستوف-نا-دونو
504341,پسکوف
509820,پیٹروزاودسک
511196,پیرم
511565,پینزا
515003,اورنبرگ
515012,اوریل
519336,ویلیکیا نووگورڈ
520555,نزہنی نووگورڈ
523392,نریان-مار
523523,نالچک
524305,مورمانسک
524901,ماسکو
528293,مایکوپ
532096,ماخاچکالا
535121,لیپٹسک
538560,کورسک
542420,کراسنودار
543878,کوستروما
548408,کیروف، کیروف اوبلاست
551487,قازان
553915,کالوگا
554234,کیلننگراڈ
554840,اژیفسک
555312,اوانوو
558418,گروزنی
561887,گاتچینا
563514,الیستا
569154,چرکیسک
569223,چرپووتس
569696,چیبوکساری
571476,برینسک
576317,بیرسک
577206,برزنیکی
577881,بیلورتسک
578072,بلگورود
578931,باریش
579492,بالاکوفو
579574,باکسان
580054,ازوف
580420,اتکارسک
580497,استراخان
580724,ارزاماس
580850,ارسک
580922,ارماویر، روس
581049,آرکھنجلسک
581126,ارگون، چیچن جمہوریہ
581179,اردون، جمہوریہ شمالی اوسیشیا-الانیا
581313,اپشیرونسک
581321,اپریلفکا
581357,اپاتیتی
582182,اناپا
582750,الیکسن
583041,الیگزندرووسک، پیرم کرائی
583350,الیگزندروف، ولادیمیر اوبلاست
583983,اگریز
584441,ابینسک
584471,ابدولینو
584596,زاقتالا
584614,زبرت
584649,یولاخ
584716,گوائی گول
584717,خاشماز
584791,اجار
584871,ترٹر
584923,سمقاییت
584954,کیزیل برون
585145,سرائے، ابشیرون
585152,شامخور
585156,شماخی
585170,شیکی
585187,سبیر آباد
585220,قوسار
585221,قوبا
585225,حاجیقابول
585226,قازاخ
585379,ہاکی زین العابدین
585514,منجاچویر
585763,کیوردرمیر
585915,خیردالان
586318,اسمیلی
586340,ینی سڑشنی
586427,گوے جے
586523,گنجہ
586763,ڈیوچی بازار
587057,بردع
587084,باکو
587361,اغسو
587378,آق داش
587384,اگجابیدی
588409,تالین
590775,لاسنامای
593116,ولنیس
593672,اوتینا
593926,ٹیلسیائی
593959,تاورگے
594739,شیولیائی
596128,پانویژس
596238,پالانگا
597231,ماریجام پول
598098,کلائپیڈا
598316,کاونس
601084,الیتوس
601294,نوکاث
601594,ترکمنباشی، ترکمانستان
601661,بولدومساز
601734,داشوغوز
602150,اومیو
604490,لولیو
608668,اورال، قازقستان
609655,کاراگنڈی
610529,اتیراؤ
610611,اکتوبے
610612,اقتاؤ
611717,طفلس
613988,خاشوری
615860,آخالتسیخے
616052,یریوان
616062,واغارشاپات
616530,وناديزور
616627,اجیوان
616629,ہرازدان
616631,آرماویر
616635,گیومری
616877,اشتارک
617076,ایڈینیٹ
617180,انگھینی
617239,تیراسپول
617302,سٹراشنی
617367,سوروکا
617638,اورھیئ
617993,ہنچیشٹی
618120,کاؤسینی
618329,فلوریشٹی
618365,دوباساری
618370,ڈروکیا
618405,کومرات
618456,کاہول
618577,بیندر، مالدووا
618605,بالتی
620127,ویٹبسک
625665,موگیلیف
627904,گروڈنو
627907,گوميل
629634,بریسٹ، بیلاروس
632370,ورکاؤس
632542,وامالا
632672,والکیاکوسکی
633591,توسولا
633679,ترکو
634093,تورنیو
634963,ٹیمپیر
636947,سیلینیاروی
637219,سیئنایوکی
637948,سالو، فن لینڈ
638936,رووا نی اے می
639406,ریحی ماکی
639734,رؤمہ
639853,راسے بورگ
640124,رائیسیو
640276,راہے
640999,پوری
641869,پی ایکسا ماکی
643492,اولُو
643644,اوری متیلا
644171,نورمیاوی
644450,نوکیا، فن لینڈ
646723,مانتسالا
647731,لوئیما
647751,لوہ یا
648738,لاوکا
648900,لپین رنتا
649360,لاہتی
649630,کیرکونومی
650859,کوولا
650946,کوتکا
651943,کوکولا
653185,کیراوا
653281,کیمی
653616,کاوہاوا
654899,کایانی
655194,یواسکولا
655808,یوئنسو
655958,جاروینپاا
656073,جناککالا
656083,جامسا
656130,جکوبستاد
656688,ایماترا
656820,ای سالمی
658225,ہلسنکی
658629,ہاوکیپوداس
659169,ہامینا
659180,ہمین لننا
659935,فورسا
660561,پوروو
662095,آنیکوسکی
662334,زالیو
663118,واسلوی
664518,تولچا
665004,تارگو مورس
665010,تیرگو ژیو
665024,تارگوویشتے
665087,ٹیمیشوارا
665850,سوچاوا
666767,سلاتینا، رومانیہ
667268,سیبیو
667303,سفانتو گیورجے
667873,ساتو مارے
668314,سکیلے
668872,ریمنیکو ویلچا
668954,ریسیتا
670474,پلویشتی
670609,پیتیشتی
670889,پیاترا نیامتس
671768,اورادیا
673441,میرکوریا-چیوک
675810,یاشی
677106,گیورجیو
677697,گالاتی
678015,فوکسانی
678499,فاگاراس
678817,دروبیتا-تورنو سیویرین
679452,دیوا، رومانیہ
680332,کرایووا
680963,قسطنطینہ
681290,کلوژ ناپوکا
683123,بوزاو
683394,بوفتیا
683844,براشوف
683902,براءیلا
684039,بوتوشانی
684657,بسترتسا
686502,الیکساندریا، رومانیہ
686578,البا یولیا
688373,یسینواتا
692194,سومی
693805,سمفروپول
696643,پولتاوا
698740,اودیسا
701075,میرہوروڈ
701822,مروپل
702550,لیویو
702658,لوہانسک
703448,کیف
705812,کیرووہراد
706448,خیرسون
709717,دونیتسک
710719,چیرنیوتسی
710791,چیرکاسی
723819,پریشوف
724443,کوشیسہ
724503,کژمارک
725578,یامبول
725712,وراتسا
725905,ودین
725988,ویلنگراد
725993,ویلیکو ترنوو
726050,وارنا
726174,ترگوویشتے
726418,دوبریچ
726848,ستارا زاگورا
727011,صوفیہ
727030,سمولین
727079,سیلوین
727221,سیلیسترا
727233,شومن
727523,روسے، بلغاریہ
727696,رازگراڈ
727886,پرووومے
728193,پلودیو
728203,پلیوین
728317,پیشٹیرا
728330,پیرنک
728378,پازارجیک
728448,پاناگیورشتے
729114,مونٹانا
729559,لوویچ
729581,لوم
729730,کیوسٹندل
729794,کاردژالی
730435,خاسکوو
731549,گابروو
732770,بورگاس
733191,بلاگووگراد
734538,پولیخنی
734643,پیلایا
736296,ایفکارپیا
737022,زانگولداک
738025,یالووا
738251,اوزونکوپرو
738648,طرابزون
738743,توقات
738927,تکیرداغ
739600,سینوپ، ترکی
740264,سامسون
740483,ریزہ
741100,اردو
743166,قرقلرایلی
743615,کازان، انقرہ
743882,کاستامونو
743952,قارص
744562,قرہ بوک
745028,ازمت
745044,استنبول
745530,ہوپا
746425,گمشخانہ
746881,گریسون
746983,گلیبولو
747712,ادرنہ
747764,ڈوزجے
748870,چوبوک، انقرہ
748879,چوروم
749748,چنکیری
749780,چناق قلعے
750269,بورصہ
750516,بولو
750598,بیلیجک
750605,بیگا، چناق قلعہ
750637,بےپازاری، انقرہ
750938,بایبورت
751057,بارتین
751817,آرتوین
751952,ارداہان
752015,اماسیا
752850,ادا پزاری
754351,زوبکی
759734,رزیشو
762021,پونسک
763166,اولسزٹن
765876,لوبلین
769250,کیئلتسہ
769274,کینتشن
770293,یسوو
770380,جاروسواو
776069,بیالسٹاک
781988,پوگرادتس
782519,لیبراژد
782661,کوکیس
782756,کورچہ
783148,ارجیر
783263,الباسان
783508,بولچیزہ
783814,زرینیانین
783926,زیلینو
784024,زایئچار
784227,وارنیے
784424,ویسیکا
784759,فیریزاج
785058,ویلس
785082,ٹیٹووو
785113,تیارسے
785345,سٹوڈنیکانی
785380,سٹرومیکا
785387,سٹروگا
785482,شٹپ
785756,سمیدیریوو
785842,اسکوپیہ
786341,ریسن
786565,ریڈوفس
786712,پریزرن
786714,پریشتینا
786735,پریلپ
786827,پوژاریواتس
787050,پیروت
787157,پیجے
787487,آکریڈا
787516,اوبرینوواس
787716,نیگوٹینو
788654,لپکووو
788709,لیسکوواتس
788886,کومانووو
788975,کروشیواتس
789045,کریوا پالانکا
789107,کرالیئوو
789128,کراگویوتس
789225,میتروویچے
789403,کوچانی
789518,کیکیندا
789527,کچیووو
789541,کاوادارچی
789923,یاگودینا
790295,گوستیوار
790674,گجیلان
790744,گیوگیلیجا
791559,ڈیلچیووو
791606,ڈیبار
791646,گجاکووے
792078,چاچاک
792227,بروینتسا
792456,بور، سربیا
792501,بوگوونجے
792578,بٹولا
802078,الاگیر
833357,الندن
864723,مارپے
877178,کاتیما مولیلو
877401,سونگیا
877747,متوارا
878281,لیندی
882009,رووا
882599,ریڈکلف، زمبابوے
884979,موتاری
886763,ماسوینگو
886990,مارونڈیرا
888710,کوئیکوئی
889191,کاروی
889215,کاریبا، زمبابوے
889453,کادوما، زمبابوے
890299,ہرارے
890422,گویرو
890516,گوانڈا
893697,چینہوئی
894701,بلاویو
895061,بندورا
895269,بیٹبریج
897045,سولویزی
901344,ندولا
906054,مونگو
907770,مانسا، زیمبیا
909137,لوساکا
909299,لندازی
909863,لوانشیا
910111,لیونگسٹون، زیمبیا
911148,کتوے
912764,کاساما، زیمبیا
916095,کابوے
917748,چوما
918702,چپاتا
918905,چنسالی
919009,چنگولا
921753,موتسامودو
921772,مورونی
921889,فومبونی
921900,ڈزاؤڈزی
922704,لوبمباشی
922741,لیکاسی
925475,مزوزو
927967,لیلونگوے
931755,بلانتیئر
932035,تیاتیانeng
932183,قوتھنگ
932438,موہیلس ہوک
932505,ماسیرو
932614,مافیٹنگ
932698,ہلوتسے
932886,بوتھا بوتھے
933088,سیروے
933099,سیلیبی-فیکوے
933141,رامو تسوا
933305,مولیپولول
933340,موچودی
933366,ماؤن
933521,لوباٹسے
933685,کنیے
933759,گھانزی
933773,گبرون
933778,فرانسس ٹاؤن
934154,پورٹ لوئس
934570,کیورپیپہ
934631,سینٹر دے فلاک
934765,بو باسن-روز ہل
934985,امبابانی
934995,منزینی
935048,لوبامبا
935691,لا پوسیسیون
936374,رودیپورت
946058,متھاتھا
946877,یوٹینہیج
948468,ٹونگاٹ
953781,سوویتو
958724,روسٹنبرگ
963241,راندبورج
964137,پریٹوریا
964420,پورٹ الزبتھ
965289,پولوکوانے
965301,پیٹرماریٹزبرگ
971534,نلسپرویت
980595,مافیکینگ
990930,کمبرلی، شمالی کیپ
993800,جوہانسبرگ
1003953,فورٹ بیوفورٹ
1007311,ڈربن
1018725,بلومفونٹین
1019330,بھیشو
1020098,بینونی، گاؤٹینگ
1020641,بیوفورٹ غربی
1023441,البرٹن، جنوبی افریقہ
1024552,شای-شای
1026014,تیتے، موزمبیق
1028434,کیلیمانی
1028918,پیمبا، موزمبیق
1033356,نامپولا
1034311,نامکورا
1039536,مازیزی ، موزامبیقوی
1039854,ماتولا
1040652,ماپوتو
1043893,لیچینگا
1045114,انہامبان
1049261,شیمویو
1052373,بیئرا، موزمبیق
1053384,تواماسینا
1054463,تسیرونومنڈیڈی
1055429,تولیارا
1055433,تولنارو
1056899,سمبوا
1057277,سہاواتو
1057688,سدبے
1058381,مورونڈاوا
1061605,مناکارا
1061912,میں ٹرانو
1062663,ماہاجنگا
1062842,میوتانا
1063782,جعفرو
1064275,اہوسی
1064890,فیانارانتسوا
1064980,فینواریوو ایتسینانانا
1065158,فارافنگانا
1068971,انتسوہیہی
1069129,انتسیرانانا
1069166,انتسیرابے
1070940,اینٹانانیریو
1079048,امبووومبے
1079088,امبوسترا
1082639,امباتوندرازاکا
1090225,کونگو
1105777,سینچورین، گاؤٹینگ
1106542,چیتونگویزا
1106835,تھابا تسیکا
1120985,زرنج
1123004,تالقان
1125155,شندند
1125444,شبرغان
1125896,شہرک
1127110,سرپل
1127768,ایبک
1128265,رستاق
1129516,قرقین
1130490,پل خمری
1131833,نیلی
1132495,نہرین
1133453,میمنہ
1133574,مختار لام
1133616,مزار شریف
1134720,لشکرگاہ
1135689,قندوز
1136469,خوست
1136575,خلم
1137079,خان نشین
1137168,خانآباد
1137807,کاروخ
1138336,قندہار
1138958,کابل
1139085,جرم
1139715,جلال آباد
1139807,جبل السراج
1140026,ہرات
1141089,غرماچ
1141269,غزنی
1141540,گریشک
1141857,گردیز
1142170,فیض آباد
1142264,فراہ
1142330,استالیف
1145352,چاریکار
1147066,بارکی بارک
1147242,بامیان
1147290,بلخ
1147489,بہارک
1147540,باغلان
1148205,اسمار
1148311,اسد آباد
1148658,اندخوی
1149698,فتچابری
1150007,ترنگ
1150490,تاک
1150515,سورات تھانی
1150533,سکھوتھائی
1150954,راچھابری
1150965,رانونگ
1151074,پراچوپ خیری خان
1151254,پھوکیت
1151426,فیاؤ
1151933,ناکھون سی تھامارات
1152468,لمپھون
1152473,لیمپینگ
1152633,کرابی
1153081,کنچھنابری
1153090,کمفنگ پیٹ
1153557,چمفون
1153669,چیانگ رائی
1153671,چیانگ مائی
1159301,زاہدان
1161724,چابہار
1161983,راولا کوٹ
1162285,ظفروال
1162316,یزمان
1162456,وزیر آباد
1162959,امرڪوٽ
1163021,اباؤرو
1163054,تُربت
1163198,توردھر
1163582,ٹھٹہ
1163958,ٹنڈو جام
1163964,ٹنڈو باگو
1163968,تاندلیانوالہ
1164408,سکھر
1164679,سوہدرہ
1164709,سکردو
1164776,سنجھورو
1164825,سلانوالی
1164896,سبی
1164909,سیالکوٹ
1165221,شیخوپورہ
1165635,شہدادپور
1165789,سیہون شریف
1166000,سرگودھا
1166073,سرائے عالمگیر
1166265,سمبڑیال
1166548,ساہِيوال
1166827,روہڑی
1166933,رینالہ خورد
1166993,راولپنڈی
1167031,رتودیرو
1167142,رانی پور، سندھ
1167386,راجہ جنگ
1167398,رائے ونڈ
1167460,رحیم یار خان
1167528,کوئٹہ
1167622,قمبر
1167718,پونچھ
1167821,پشی
1168021,پنڈی بھٹیاں
1168197,پشاور
1168226,پتوكى
1168307,پسرور
1168312,پسنی
1169027,نیا میرپر شہر
1169334,نارنگ
1169372,ننکانہ صاحب
1169605,مظفر گڑھ
1169607,مظفر آباد
1169684,مری
1169692,مریدکے
1169825,مُلتان
1170295,میر پور خاص
1170395,مینگورہ
1170667,ماتلی
1170880,مردان
1171198,ماموں کانجن
1171376,ملکوال
1171502,میلسی
1172295,لالیاں
1172318,لالہ موسی
1172451,لاھور
1172663,کنجاہ
1172682,كندياں
1172904,کوٹری
1172915,کوٹ رادھا کشن
1173055,کوٹلی
1173664,خضدار
1174042,کھاریاں
1174872,کراچی
1175125,کمر مشانی
1175156,کمالیہ
1175365,کالا باغ
1175436,کہوٹہ
1175560,کبیر والا
1175678,جوہی
1175864,جہلم
1175892,جھنگ صدر
1176106,جڑانوالہ
1176233,جمرود
1176358,جلالپور پیروالا
1176452,جہانگیرا
1176515,جیکب آباد
1176615,اسلام آباد
1176734,حیدرآباد، سندھ
1176948,حضرو
1176995,حویلیاں
1177042,حاصل پور
1177169,ہڑپہ
1177278,ہالا، سندھ
1177308,ہجیرہ
1177446,گوادر
1177654,گجرات
1177662,گوجرانوالہ
1177682,گوجر خان
1178231,گوجرہ
1178338,گلگت
1179061,گمبٹ
1179377,فقیروالی
1179400,فیصل آباد
1179463,ڈونگا بونگا
1179496,دُلےوالا
1179660,ڈوکری
1179760,دیپالپور
1179790,ڈینگا
1179834,ڈجکوٹ
1180071,دھونکل
1180289,ڈیرہ غازی خان
1180454,دریا خان
1180809,دادُو
1180942,چونیاں
1181053,چوآسیدن شاہ
1181065,چترال
1181073,چشتیاں
1181096,چنیوٹ
1181611,چمن
1182122,Bunī
1182665,بھیرہ
1182682,بھوانہ
1182787,بھلوال
1183460,بنوں
1183614,كريم آباد
1183883,بہاولپور
1184075,بادومالہی
1184845,احمد پور شرقیہ
1185099,سلہٹ
1185106,جمالپور
1185116,نیترکونا
1185128,راجشاہی
1185162,میمن سنگھ
1185181,لال منیر ہاٹ
1185186,کومیلا
1185188,رنگپور شہر
1185209,حبی گنج
1185224,فینی، بنگلہ دیش
1185241,ڈھاکہ
1185281,باغر ہاٹ
1200109,غازی پور
1205733,چٹاگانگ
1214026,سابانگ، انڈونیشیا
1215957,ترمز
1216187,شہر سبز
1216265,سمرقند
1216311,قرشی
1216475,مبارک، ازبکستان
1217662,بخارا
1217734,بایسون
1217926,آقتاش
1218667,ماری، ترکمانستان
1219649,ترکمن آباد
1220253,استروشن
1220747,بختار
1220798,پنجکنت
1221328,خروغ
1225018,واوونییا
1225142,والویٹیتھورائی
1226260,ترینکومالی
1228730,رتناپورہ
1229293,پوٹالام
1229989,پوائنٹ پیڈرو
1231410,پانادورا
1232783,نووارا الییا
1233369,نیگومبو
1234569,دیہیوالا-ماؤنٹ لاوینیا
1234633,موراتووا
1235846,ماتارا
1235855,ماتالے
1236150,مانار، سری لنکا
1237980,کرنیگالا
1240622,کلنیہ
1240723,کاگال
1241622,کینڈی
1241964,کالوتارا
1242833,جافنا
1244926,ہامبانتوتا
1246000,گامپولا
1246294,گال
1248991,کولمبو
1249145,چیلاو
1249978,بینتوتا
1250161,باٹیکالوا
1250615,بادولا
1251081,انورادھاپورہ
1252416,تھمپو
1252479,پوناکھا
1252484,پھونتشولنگ
1252608,تسیرانگ
1252698,زید پور
1252738,یولا
1252758,یلہانکا
1252822,یادگیر
1252919,وروڑ
1252925,ورورا
1252942,وردھا
1253013,وئی، مہاراشٹر
1253084,وجایانگرم
1253102,وشاکھاپٹنم
1253184,وجئے واڑہ
1253200,ودیشا
1253286,ویلور
1253392,ورکلا
1253405,وارانسی
1253437,وانییامبادی
1253573,وادودارا
1253579,واڈیپاٹی
1253638,اترولا
1253702,ارن
1253807,امریڈ
1253870,امرگا
1253894,الہاس نگر
1253904,اوکھارول
1253914,اوجین
1253952,اڈوپی
1253956,ادھم پور
1253986,ادے پور
1254080,تمسر
1254163,تریوینڈرم
1254241,ٹونک، بھارت
1254282,توڑارائےسنگھ
1254283,توڑابھیم
1254331,تیرووالور
1254346,تیرور
1254348,تیروپور
1254360,تروپتی
1254361,ترونلویلی
1254385,تروچینگوڑے
1254388,تروچراپلی
1254589,تھرووارور
1254649,تھانجاور
1254661,تھانے
1254710,تیزپور
1254732,تیونتھار
1254780,تلشیری
1254808,ٹہری
1254904,تھرنگامبدی
1254912,تاراکیشور
1254953,تنوکو
1255212,تخت پور
1255213,تخت گڑھ
1255301,سوسنیر
1255437,سندرگڑھ
1255482,سولیا
1255616,سری ولی پوتور
1255634,سری نگر
1255647,سریکاکولم
1255763,سونپور، اڑیسہ
1255860,سوجات
1256003,سیسولی
1256067,سروہی
1256119,سنار
1256237,شملہ
1256245,سمگا
1256269,سلوڑ
1256363,سیدلاگھاتتا
1256414,شوپیاں
1256475,شرپور
1256489,شرڈی
1256523,شیلانگ
1256593,شیوپور
1256620,شے گاؤں
1256814,سیڑم
1256828,سیوندہا
1256854,سیندہوا
1256913,سیہور
1256922,سکندر آباد
1256949,سوائی مادہوپور
1256989,ستیامنگلم
1257196,سردھنہ
1257307,ساؤنیر
1257436,سنگم نیر
1257540,سنبھل
1257542,سمبلپور
1257629,سیلم، تامل ناڈو
1257682,ساکری
1257751,سینتھیا
1257802,سہاسپور
1257804,سہرسہ
1257890,صداسوپیٹ
1257928,سبلگاڑھ
1258044,روڑکی
1258076,روہتک
1258099,روہا
1258111,روبرٹس گنج
1258164,ریچھا
1258203,ریوتی
1258213,رینی گنٹا
1258338,رتناگری
1258526,رانچی
1258815,علیراجپور
1258891,راجوری
1258980,رائے پور
1259005,رائے گڑھ
1259026,رحمت پور
1259064,رائے بریلی
1259091,کولم
1259110,قادیان دار الامان
1259148,پوشکار
1259166,پورنیہ
1259229,پونے
1259251,پلوامہ
1259385,پورٹ بلیئر
1259429,پوندا
1259440,پولاچی
1259554,پیپرائچ
1259652,پمپری
1259784,پھینک
1259811,پھلتان
1259813,پھلودی
1259818,پھلودا
1259881,پیرنتالمنا
1259939,پہووا
1260016,پوڑی
1260040,پاتتوکوتتای
1260086,پٹنہ
1260137,پٹھان کوٹ
1260156,پاتاودی
1260274,پرولا، مہاراشٹر
1260290,پرلی، مہاراشٹر
1260341,پربھنی
1260434,پنویل
1260546,پانڈھراپور
1260607,پنجی
1260618,پمپور
1260637,پلول
1260728,پالگھاٹ
1260833,پئے ٹھن
1260909,پڈراؤنا
1260916,پادماپور
1261008,اوٹاپالم
1261012,عثمان آباد
1261045,اونگول
1261068,اوزر، ناسک ضلع
1261181,شمالی لیکھمپور
1261205,نانسٹوین
1261208,نونگپوہ
1261234,نوہار
1261288,نرمل
1261396,نلنگا
1261402,نیلاجیری
1261451,نچلول
1261473,نیوالی
1261529,نیلور
1261598,نواں شہر
1261613,ناوالگڑھ
1261731,ناسک
1261772,نارنول
1261800,نرگند
1261809,نیرلا
1261828,ناراینگڑھ
1261848,نراساراو پیٹ
1261852,نراساپور، مغربی گوداوری ضلع
1261931,نندوربار
1261977,ناندیڑ
1261998,نانوتہ
1262097,نكودر
1262111,نجف گڑھ
1262115,نینوا
1262180,ناگپور
1262253,نگر، راجستھان
1262321,میسور
1262330,مظفر پور
1262332,مظفر نگر
1262374,مسوری، اتراکھنڈ
1262426,مورنڈہ، بھارت
1262453,مراد نگر
1262463,مونار
1262510,موندجود
1262516,مندرگی
1262534,ملتائی
1262663,مودھول
1262771,مورینا
1262951,موگا، پنجاب
1263051,میلک
1263080,مہو
1263083,مہسواڈ
1263195,مہکر
1263214,میرٹھ
1263230,میڈک
1263247,میئیلاڈوتھورائے
1263275,موانا
1263303,موداہا
1263306,مئو ایما
1263311,ماؤ
1263364,متھرا
1263528,مرہاورا
1263591,منوتھ
1263691,منجھن پور
1263694,منجیری
1263780,منگلور
1263807,منےر
1263814,مانڈیا
1263834,مندسور
1263862,منڈی، ہماچل پردیش
1264154,ملاپورم
1264292,مین پوری
1264323,ماہوا
1264356,ماہولی
1264504,ماگھر، بھارت
1264521,مدورائی
1264527,چینائی
1264543,مدھیامگرام
1264553,مدھوگیری
1264621,مدنپلی
1264688,لنگلئی
1264733,لکھنؤ
1264756,لوسل
1264794,لونار
1264976,لیہہ
1265014,لاتور
1265157,للتپور، بھارت
1265163,لالگوڈی
1265491,کرنول
1265579,کونامکولم
1265591,کونیجال
1265607,کوندجول
1265613,کنڈرکی
1265632,کنڈا، بھارت
1265709,کللو
1265734,کولگام
1265767,کوکاڑ پالی
1265811,کڑچی
1265830,ریرنگپور
1265863,کرشناگری
1265873,کالیکٹ
1265881,کوئنانگر
1265911,کوٹایم
1266051,کوٹا، بلاسپور
1266126,کوراتاجیری
1266128,کوراپوٹ
1266154,کوپپال
1266162,کوپرگاؤں
1266200,کونڈوٹی
1266258,کولاسیب
1266330,کوکراجھار
1266366,کوہیما
1266414,کودارما
1266518,کنوات
1266607,خورجہ
1266616,کھوردا
1266666,کھوپولی
1266762,کھیری
1266849,کھتولی
1266960,کھرڑ
1266975,خاراجپور
1266976,خراگپور
1267016,کھنہ، پنجاب
1267044,کھنڈیلا
1267076,کھمم
1267182,کھیر
1267187,کھگول
1267297,کیمری
1267336,کیکری
1267486,کتھوا
1267517,کٹگھورا
1267579,کاشی پور، اتراکھنڈ
1267588,کاسگنج
1267635,کروار
1267648,کرور
1267742,کرجت
1267776,کارگل
1267911,کپور تھلہ
1268159,کانچی پورم
1268189,کاناکاپورا
1268327,کلپیٹا
1268593,کیتھل
1268601,کیرانہ
1268616,قائم گنج
1268761,جنار
1268782,جالندھر
1268810,جووے
1268865,جودھ پور
1269042,جھجر
1269057,جیوارجی
1269135,جونپور، اترپردیش
1269158,جسونتنگر
1269168,جسپر
1269175,جسدہ
1269217,جوڑا
1269300,جمشیدپور
1269317,جمنگر
1269321,جموں
1269395,جالنہ
1269406,جلگاؤں جامود
1269407,جلگاؤں
1269449,جلاکندپرام
1269507,جیسلمیر
1269515,جے پور
1269564,جگروں
1269578,جگدلپور
1269633,جبل پور
1269743,اندور
1269810,ایگت پوری
1269834,ایچل کرنجی
1269843,حیدر آباد دکن
1269936,ہوسکوتی
1269939,ہوشانجاباد
1269943,ہوسادورجا
1269990,ہولالکیری
1270022,ہسار
1270072,ہنگولی
1270239,ہاسن
1270351,ہریدوار
1270482,ہالیال
1270498,ہلدوانی
1270642,گڑگاؤں
1270647,گورداسپور
1270668,گنٹور
1270711,گنا
1270752,گلبرگہ
1270824,جوببی
1270927,گورکھپور
1270947,گوبیچیٹیپلیام
1270974,گوتی
1271083,جوہاد
1271107,گودھرا
1271113,جودا
1271175,گریڈیہ
1271259,گھوسی
1271308,غازی آباد، بھارت
1271476,گوہاٹی
1271631,گینگٹاک
1271729,گاندربل
1271834,گدھنگ لاج
1271900,فتح پور سیکری
1271911,فتح پور، بارہ بنکی
1271992,ایٹا
1272013,اروڑ
1272025,ایراندول
1272051,ایلورو
1272181,درگ
1272225,دومراون
1272237,دمکا
1272396,ڈونگر گڑھ
1272423,دومبیولی
1272606,دیگلور
1272646,بیچولیم
1272648,ڈبروگڑھ
1272832,دھرم شالہ
1272874,دھرن گاؤں
1272979,دھنباد
1273128,دیواکوتتای
1273193,دیوریا، اترپردیش
1273265,دیوبند
1273294,پرانی دہلی
1273313,ڈیرہ دون
1273369,دوسہ
1273374,ڈونڈ
1273467,دار جیلنگ
1273491,دربھنگہ
1273626,دالٹنجانج
1273780,کٹک
1273850,کولونل گنج
1273865,کویمبٹور
1273992,چوپڑا
1274033,چتور
1274040,چتور گڑھ
1274195,برہل گنج
1274256,چدمبرم
1274337,چھاتارپور
1274532,چکسو
1274533,چھترپور
1274641,چانناپاتنا
1274642,چانناجیری
1274693,چندرپور
1274770,چندولی
1274784,چندن نگر
1274862,چالاکیری
1274987,کنور
1275004,کولکاتہ
1275120,بلند شہر
1275163,بدایوں
1275198,برہماپور، اڑیسہ
1275248,بوری والی
1275339,ممبئی
1275368,بوئسر
1275406,بوبلی
1275481,بسالپور
1275539,بیڑ
1275590,بلسی
1275692,بجبہاڑہ
1275701,بیجاپور
1275804,بھوم
1275812,بھوجپور
1275841,بھوپال
1275865,بھوکر
1275901,بھیونڈی
1275921,بھنگا
1275926,بھینڈ
1275971,بھلائی
1276014,بھیئندر
1276103,بھرتھانا
1276128,بھرت پور، راجستھان
1276265,بہاینسدیہی
1276325,بھدرک
1276335,بھدوہی
1276393,بیتیاہ
1276449,بیراسیا
1276495,بیلساند
1276509,بللاری
1276533,بلگام
1276600,بیہت
1276609,بیگوسرائے
1276783,باساواکالیان
1276856,بارشی
1276867,بارپیتا
1276988,برگرہ
1277005,بارایلی
1277013,بریلی
1277333,بنگلور
1277409,بنات، بھارت
1277599,بالاسور
1277776,بیھڑ
1277808,بہجوئی
1277820,بہرام پور
1277835,بہادرگڑھ
1277841,باہ
1277897,باگڈوگرا
1277936,باگلکوٹ
1277976,بدلاپور
1277997,بڈگام
1278023,واڈاکارا
1278083,اعظم گڑھ
1278094,ایودھیا
1278139,اوسا
1278149,اورنگ آباد
1278152,اوریا
1278173,اتتور
1278176,آٹنگل
1278208,اتھانی، کرناٹک
1278296,آشٹا، مہاراشٹر
1278297,اشوک نگر
1278354,ارسیکیر
1278446,ارریہ
1278458,ارنگ
1278483,اراہ
1278539,انور تعقلہ
1278551,انکولا
1278593,انگول
1278667,اننت ناگ
1278672,اننتپور، آندھرا پردیش
1278685,آنند، گجرات
1278710,امرتسر
1278715,امریلی
1278808,امیت
1278815,آمبور
1278931,آمل نیر
1278946,الور
1278964,الاوٹ
1278994,الہ آباد
1279017,علی گڑھ
1279027,علی باغ
1279066,النڈی
1279068,الینڈ
1279094,اکوٹ
1279105,اکولہ
1279134,اکبر پور، امبیڈکر نگر
1279144,اکالتارا
1279159,اجمیر
1279186,آئیزول
1279228,احمد نگر
1279233,احمد آباد
1279259,آگرہ
1279290,اگرتلا
1279307,افضال گڑھ
1279390,اچلپور
1279945,جیوچوان
1280737,لہاسا
1280849,کاشغر
1280957,جائیوگوان شہر
1281019,ختن
1281673,باوشان، یوننان
1282601,تورسونزادہ
1282898,پوکھرا
1283190,کرتیپور
1283240,کھٹمنڈو
1283318,جنکپور
1283339,ہیٹوڈا
1283448,دھلکھیل
1283465,ڈھنکوٹا
1283562,بٹوال
1283581,برگنج
1283582,بیرات نگر
1283613,بھرتپور، نیپال
1283679,بانیپا
1285094,یسگیو
1285899,یمٹھن
1288322,پانگکھام
1293625,داوئی
1293960,تاونگئی
1295765,ویتوی
1298824,یانگون
1299154,پیاے
1300466,باگو، برما
1301614,پندایا
1302849,ہپا آن
1303351,نیاونج-یو
1307101,نامحکام
1307741,میئتکیئنا
1307835,میینجیان
1308078,میاؤنگمیا
1308204,میانانونگ
1308465,ماولامیئن
1308522,مونیوا
1308910,محنیین
1309611,میییک
1309793,میئکتیلا
1311874,ماندالے
1312609,میگوے
1313479,لویکاؤ
1314759,لاشیو
1315244,لابوتا
1315749,کیونپیاو
1325211,حینتھادا
1325443,ہاخا
1328421,پاتھین
1336135,کھلنا
1336137,بریشال
1337233,بوگرا
1386114,کھائیگلا
1429434,بازاراک
1462711,وجے پورہ
1465594,مدھاوارام
1465825,میڈیپاکام
1486209,یکاترنبرگ
1488754,تیومن
1489425,ٹومسک
1490624,سورگوت
1493197,سالیخارڈ
1496153,اومسک
1496747,نووسیبیرسک
1496990,نووکوزنتسک
1497337,نورلسک
1500973,کائزل
1501321,کورگان، کورگان اوبلاست
1502026,کراسنویارسک
1503772,خانتی-مانسیسک
1503901,کیمیروو
1506271,گورنو الطائیسک
1508291,چیلیابنسک
1510350,بردسک
1510853,بارناول
1510916,بارابینسک
1511309,اسینو
1511330,اسبست
1511466,ارامیل
1511783,الیسک
1512165,اچینسک
1512205,ابازا
1512236,اباکان
1512372,یئنگی آباد
1512473,ارجنچ
1512480,دشت آباد
1512524,توئےتپہ
1512569,تاشقند
1512770,سیردریو
1512955,رشتون، ازبکستان
1512986,پسقند
1513017,پرقند
1513023,پاپ، ازبکستان
1513064,آلمالیق
1513131,نوائی
1513157,نمنگان
1513567,قیبرای
1513604,خیوا
1513886,جیزخ
1513966,گلستان، ازبکستان
1514019,فرغانہ
1514210,چیرچیق
1514215,چیناز
1514402,بیک آباد
1514581,آنگرن، ازبکستان
1514588,انڈیجان
1514879,خجند
1514891,کانی بادام
1514896,اسفرہ
1515007,اولیاستے
1515029,اولاانگوم
1515436,الگی
1516048,خوفد
1516393,الطائی
1516589,جیز قازغان
1516905,تاراز
1517945,ترکستان
1518262,تمیرتاؤ
1518542,تالدیقورغان
1518980,شیمکنت
1519422,سیمی
1519922,قیزیلوردا
1519928,قوستانای
1519948,کوناییف
1520172,پیتروپاول
1520240,پاؤلودار
1520316,اسٹ کامینوگورسک
1521368,بایکونور
1521370,ریدر، قازقستان
1522203,کوکشیتاؤ
1522751,کنتاؤ
1524325,اکیباستوز
1526193,آرقالیق
1526384,الماتی
1527004,بالیقچی
1527299,تالاس
1527534,اوش
1527592,نارین
1528121,کاراکول
1528249,جلال-آباد
1528675,بشکیک
1528735,بادکند
1529102,ارومچی
1529376,کورلا
1529401,کارامای
1529531,دونہوانگ
1529660,آکسو، سنکیانگ
1537939,استپنوگورسک
1562538,وی تھان
1562693,وِنہ لانگ
1562798,وینہ
1562818,ویت ین ضلع
1562820,ویت ٹری
1563281,تُوے ہوا
1563287,تُویِن کوانگ
1563926,تھان فو ترا وِنہ
1565022,تھو داو مؤت
1566166,تھان ہوا
1566319,تھائی نگوئیں
1566559,تاے ننہ
1567069,تان آن
1567148,تام کی
1567681,سون لا
1567788,سوک ٹرانگ
1568510,رچ گیآ
1568574,کوئی نہون
1568770,کوانگ نگائی
1569684,پلیکو
1570449,فو لی
1571058,فان تھیت
1571067,فان رانگ-تھاپ چام
1571968,نِنہ بِنہ
1572151,نھا ٹرانگ
1573517,نام ڈِنہ
1574023,مئے تھو
1575627,لانگ زویِن
1576303,لاو کائی
1576633,لانگ سون
1580142,ہنگ ین
1580240,ہوائے
1580410,ہا لانگ
1580541,ہؤئی آن
1581047,ہا تنہ
1581130,ہنوئی
1581298,ہیفونگ
1581834,جیا نغیا
1582436,جیونگ خوائی
1582926,ڈونگ ہا
1583477,دیئن بیئن فو
1583992,ڈا نانگ
1584071,ڈا لات
1586151,کاؤ لانہ
1586185,کاؤ بانگ
1586203,کین تھو
1586443,کا ماؤ
1586896,بوون ما تھوٹ
1587923,بین ہوا
1587976,بین ٹری
1591449,بیک نینہ
1591527,باک گیانگ
1604769,یاسوتھون
1604870,یالا
1605215,اتراديت
1605221,اتھائی تھانی
1605239,اودون تھانی
1605245,ابون راتچاتھانی
1605279,ٹریٹ
1606030,سرین
1606033,سپھان بری
1606147,سونگکھلا
1606239,سی سا کیٹ
1606270,سنگ بوری
1606376,ستون
1606418,سارابوری
1606586,سمت سونگ خرام
1606588,سمت ساخون
1606590,سمت پراکان
1606790,ساکون ناخون
1606807,سا کایئو
1607001,روئی ایٹ
1607017,رایونگ
1607280,پراچین بوری
1607532,فرا ناخون سی ایوتھایا
1607552,فری
1607708,پھیتسانولوک
1607725,فچھت
1607737,فیتچھابون
1607779,فتھالونگ
1607978,پتانی
1607983,پتھم تھانی
1608133,مویانگ نونتھابوری
1608232,نونگ خائی
1608269,نونگ بوا لمفو
1608409,نارتھیوات
1608452,نان، تھائی لینڈ
1608527,ناخون سوان
1608529,ناکھون راتچاسیما
1608531,ناخون فانوم
1608534,ناکھون پاتھوم
1608539,نخون نائیک
1608597,مکڈاہان
1608900,ماہا سارخام
1609032,لوپ بوری
1609071,لوئی
1609350,بنکاک
1609776,کھون کیئن
1610469,کلاسن
1611110,چون بوری
1611269,چنتھابوری
1611407,چیا فوم
1611416,چائی نات
1611439,چاچونگساؤ
1611453,بوریرام
1621060,امنات چاروئن
1622846,ابود
1624494,تیگال، وسطی جاوا
1624725,تاراکان، شمالی کالیمانتان
1626459,سوائی
1630789,پونٹیانک، انڈونیشیا
1633070,پالمبانگ
1635882,ماتارام
1636308,مانوکواری
1636670,مالیانا
1637730,لیکیسا
1640344,کنداری
1640660,کیدیری، مشرقی جاوا
1642911,جکارتہ
1645457,دیلی
1645528,ڈنپسار
1649539,باوکاو
1650357,بندونگ
1651531,امبون، مالوکو
1651816,ائیلیو
1651944,وینتیان
1652203,خام نوا
1653316,سافان ناخیت
1654379,پاکسے
1655078,موانگ ساے
1655123,موانگ فونساوان
1655140,پاکسان
1655199,تھاخیک
1655559,لوانگ پرابانگ
1665221,یونگکانگ ضلع
1665491,ینگگے ضلع
1668355,تاینان
1670106,سانشیا ضلع
1673820,کاوہسیونگ
1674199,یلن سٹی
1678008,جنچیانگ
1679802,ویراک، کاتاندوانیس
1679980,ویگان
1680932,تجیگاراؤ
1681149,توبود، لاناؤ شمالی
1683302,تانداگ
1683877,تالیسای
1684269,تاگوم
1684553,تاجایتے
1684712,تاکلوبان
1684803,تبوک، فلپائن
1685378,سلطان قدرت، ماگوئنداناؤ
1688253,سانتا کروز، لاگونا
1688830,سن پابلو
1690033,سان فرنانڈو، لا یونین
1690039,سان فرنانڈو، پامپانگا
1691150,سگے، نیگروس وکڈینٹل
1691538,رومبلون، رومبلون
1692685,پویرتو پرنسیسا
1692747,پروسپریداد، اگوسان جنوبی
1695804,پانابو
1696165,پالایان
1696710,پاگادیان
1697006,اوروکوئیتا
1697018,اورموک
1697175,اولونگاپو
1698829,ناگا، کامارینز جنوبی
1698839,ناگا، سیبو
1698887,نابونتوران، وادی کومپوستیلا
1699802,میئکاوایان
1700360,ماتی، داوائو شرقی
1701966,ماندالویونگ
1702649,مالیتا، داوائو غربی
1702934,مالایبالائی
1705357,لوسینا، فلپائن
1707123,لا ٹرینیڈاڈ، بینگیت
1707404,لاواگ
1708226,لا کارلوٹا
1708522,کورونادال
1708824,کیداپاوان
1710141,جولو، سولو
1710258,جسان، مسمس ورئیینٹل
1710470,اسولان، سلطان قدرت
1710914,اموس
1711146,الاگان
1711437,ایبا، زامبالیس
1713022,جنرل سانتوس
1713818,ایسکالانتے، نیگروس غربی
1714201,دوماگویتی
1714674,دیپولوگ
1714956,دیگوس
1715348,داواؤ
1715430,داسمارنگاس
1715542,داپیتان
1716198,داگوپان
1716287,دایت، کامارینز شمالی
1716771,کوٹاباتو
1717512,سیبو شہر
1717911,کاتبالوگان
1717926,کاتارمان، شمالی سامار
1720561,کالاپان
1720681,کالامبا، لاگونا
1722032,کابادباران
1722186,بوتوان
1723893,بورونگان
1724088,بوناگاؤ، تاوی تاوی
1724767,بسلگ
1725115,بنگان
1725729,بائومبونگ
1725799,بےبے
1725804,بایاوان
1727214,بانگوید، ابرا
1728523,بالانگا، باتآن
1728772,بایس، نیگروس شرقی
1728930,باگیؤ
1729085,باگو، نیگروس غربی
1729524,باکوور
1732752,جوھر بھرو
1732903,شاہ عالم
1732905,کلانگ
1733432,کوٹا کنابالو
1733782,لابوان
1734052,سنداکان
1734098,کینینجاو
1734199,تاواو
1734372,گریق
1734599,کوالا کانجسار
1734634,ایپو
1734705,کوالا تیرنگانو
1734759,ملاکا
1734797,بانگی، سیلنگور
1734810,سرمبان
1735079,بوکیت میرتاجام
1735086,نیبونج تیبال
1735106,جارج ٹاؤن، پینانگ
1735158,پیتالنیگ جایا
1735161,کوالالمپور
1735227,کوانتان
1735634,کوچینگ
1736278,کانگر
1736309,الور سیتار
1736376,کوٹا بھارو
1736902,بیتونج ، ساراواک
1738050,میری
1756720,لوکوت
1783621,زونئی
1783745,زیگونگ
1783763,ژوژوو
1784130,ژووکوو
1784185,یگزی
1784285,ژونگوئی
1784658,ژینگژو
1784841,ژاوتونگ
1784853,ژاوچنگ
1785018,ژانگژو
1785036,ژانگیے
1785286,زیبو
1785453,زاوژوانگ
1785623,کونشان
1785725,یونفو
1785738,یونچینگ
1785777,یولن، شانگزی
1785781,یولن، گوانگشی
1786112,ہیئوان
1786577,ینگتان
1786657,ینچوان
1786746,ییشون، جیانگشی
1786764,یچنگ
1786770,یبین
1787093,یانتائی
1787227,یانگژو
1787351,یانگچوان
1787746,ینچینگ
1787858,شانگراو
1788450,شنژوو
1788508,شینیو
1788852,شینینگ
1788927,شنگتائی
1790254,شیاوگان
1790353,شیانیانگ
1790437,ژوہوئی
1790492,شیانگتان
1790630,سیان
1790645,شیامین
1790840,ووژوو
1790923,ووشی
1791121,چانگدا
1791236,ووہو
1791247,ووہان
1791249,ووہائی
1791388,ونژو
1791544,وینچانگ
1791636,وئینان
1791673,وییہائی
1791681,ویفانگ
1791779,واننینگ
1792359,ہوانگشان شہر
1792947,تیانجین
1793505,تائیژو، جیانگسو
1793511,تاییوان
1793700,تائشان
1793879,سویژؤ
1793900,سوئنینگ
1794903,شییان
1795196,تونگچوان
1795270,شیجیاژوانگ
1795565,شینژین
1795855,شاوشنگ
1795874,شاوگوان
1795928,شانوئی
1795940,شانتو
1796236,شنگھائی
1796556,سانیا
1796663,سانمنگ
1796669,سامینشیا
1797121,جیئیانگ
1797264,چیوژوو
1797318,چوجنگ
1797333,قوفو
1797353,چوانژو
1797551,چنژوو
1797595,چینہوانگداو
1797658,جنجیانگ، فوجیان
1797929,چنگڈاؤ
1797945,چینگیوان
1798449,پوتیان
1798654,پنگشیانگ
1798760,پنگلیانگ
1798827,پنگڈنگشان
1799397,ننگبو
1799491,نائجیانگ
1799629,نانیانگ، ہینان
1799722,نانتونگ
1799846,نانپنگ
1799869,نانینگ
1799962,نانجنگ
1800146,نانچونگ
1800163,نانچانگ
1800627,میانیانگ
1800779,مئیژو
1800818,میئشان
1801180,ماومنگ
1801640,لوژوو
1801792,لوویانگ
1802238,لؤدی
1802276,لونگیان
1802940,پونینگ
1803245,لیشوئی
1803318,لنیی
1803567,لینفین
1803834,لیاوچینگ
1804153,لیشان
1804430,لانژو
1804591,لائوو
1804609,لائبن
1804651,کونمینگ
1804879,کائفینگ
1805518,جنینگ
1805528,جنہوا
1805540,جنگژوو
1805611,جنگمین
1805733,جنچانگ
1805741,جنچینگ
1805753,جینان
1805833,جیئشیو
1805953,جیاشنگ
1805987,جیاوزوو
1806299,جیانگمین
1806408,ینگجیانگ
1806466,گوانگیوان
1806776,ہوئیژوو
1807234,ہوانگشی
1807689,ہوایہوا
1807700,ہوائیبوئی
1808198,ہازا
1808370,ہینگیانگ
1808392,ہینگشوئی
1808722,ہیفئی
1808770,ہئبی
1808857,ہانژونگ
1808926,ہانگژو
1808956,چانگژی
1808963,ہاندان
1809078,ہائکو
1809461,گوئیانگ
1809532,گوئگانگ
1809858,گوانگژو
1810638,گانژوو
1810820,فوژو، جیانگشی
1810821,فوژو
1810845,فویانگ
1811103,فوشان
1812545,ڈونگوان
1812955,دیژوو
1812961,دییانگ
1813171,ژانگجیانیے
1813253,لیجیانگ
1813325,داژوو، سیچوان
1814757,چوژوو
1814906,چونگ کینگ
1815286,چینگدو
1815395,چاوژوو
1815456,چانگژو
1815577,چانگشا
1816080,کانگذوو
1816234,بوژوو
1816336,بنژوو
1816373,بیجئی
1816440,بینگبو
1816670,بیجنگ
1816705,بیئہائی
1816920,شاویانگ
1816971,باوڈنگ
1817240,بائیین
1817968,انشون
1819729,ہانگ کانگ
1820071,ٹوٹونگ
1820491,کوالا بیلیت
1820906,بندر سری بگاوان
1821274,مکاؤ
1821306,پنوم پن
1821935,تا خماؤ
1821940,تاکیو
1821993,سوے رینگ
1822019,سؤنگ
1822029,سٹنگ ٹرنگ
1822207,سسوفون
1822214,سیئم ریئپ
1822610,پریے وینگ
1822768,پرسات
1825093,سمراؤنگ
1830098,ٹبینگ میانچے
1830205,پیلین
1830467,کیپ
1830468,کوہ کانگ
1830564,کریٹی
1831112,کمپوت
1831125,کمپونگ ٹم
1831133,کمپونگ سپیو
1831142,سیہانوک وِل
1831167,کمپونگ چھنانگ
1831173,کمپونگ چام
1831732,بانلنگ
1831797,بتام بانگ
1832828,یانگسان
1833747,الزان
1835235,ڈیجیون
1835329,ڈیگو
1835553,سووون
1835848,سیول
1838524,بوسان
1839652,اوسان
1840211,نونسان
1840536,ناجو
1840886,مونگیوانگ
1840982,موآن
1841149,مریانگ
1841810,گوانگ جو، گیئونگی
1841811,گوانگ جو
1842944,گمچیون
1843491,اکسان
1843564,انچیون
1844174,ہانگسیونگ
1845033,چونگجو
1845136,چونچیون
1845457,جئونجو
1845604,چیونگجو-سی
1845759,چیونان
1846266,جیجو سٹی
1846326,چانگوون
1846986,انڈونگ
1847963,اتسوگی، کاناگاوا
1847966,آکاشی
1848087,یوکحاشی، فوکوکا
1848096,یکی، اباراکی
1848277,یوناگو، توتٹوری
1848313,یوکوسکا، کناگوا
1848373,یوکیچی، مئی
1848439,یوتا، کیوٹو
1848445,یتسھیرو، کمموٹو
1848573,یانہگوا، فوکوکا
1848705,یمگا، کمموٹو
1848774,ییزو، شزوکا
1848776,ییٹا، توچگی
1849186,یورایاسو، چیبا
1849498,ابے، یاماگوچی
1849814,ٹویوٹا، ایچی
1849892,توتوری، توتوری
1850181,توکوروزاوا، سائیتاما
1850185,توکونامے، ایچی
1850523,تاتییاما، چیبا
1851002,تاکاساکی، گونما
1851012,تاکارازوکا، ہیوگو
1851100,تاکاماتسو، کاگاوا
1851259,تاہارا، ایچی
1851483,سوئیتا، اوساکا
1851717,شیزوکا
1852225,شیمونوسیکی، یاماگوچی
1852663,سیتو، ایچی
1852899,ساسیبو، ناگاساکی
1853237,سیکی، ویتا
1853574,اتسو، شیگا
1853677,اوتا، گونما
1854376,اوکازاکی، ایچی
1854803,اؤبو، ایچی
1854902,نومازو، شیزوکا
1855078,نودا، چیبا
1855189,نیشیو، ایچی
1855425,نیہاما، اہیمے
1856184,ناگارییاما، چیبا
1856199,ناگاوکا، نیگاتا
1857519,ماتسوموتو، ناگانو
1857550,ماتسو، شیمانے
1857553,ماتسودو، چیبا
1857871,ماچیدا، ٹوکیو
1857910,کیوٹو
1858088,کورومی، فوکوکا
1858296,کورے، ہیروشیما
1858311,کوراشیکی، اوکایاما
1858428,کوماگایا، سائیتاما
1858729,کوشیگایا، سائیتاما
1859100,کوفو، یاماناشی
1859171,کوبے
1859210,کییوسو، ایچی
1859393,کسارازو، چیبا
1859642,کاواساکی، کاناگاوا
1859730,کاواگوچی، سائیتاما
1859740,کاواگوے، سائیتاما
1859884,کاسوکابے، سائیتاما
1859891,کاسوگائی، ایچی
1859924,کاشیوا، چیبا
1860034,کارییا، ایچی
1860735,کاکامیگاہارا، گیفو
1861436,اسیساکی، گونما
1861602,انازاوا، ایچی
1861949,اچینومیا، ایچی
1862033,ایباراکی، اوساکا
1862462,ہیراتسوکا، کاناگاوا
1862627,ہیمیجی، ہیوگو
1862912,ہیکینان
1863209,ہانڈا، ایچی
1863289,ہاماماتسو
1863440,ہاچیوجی، ٹوکیو
1863693,گاماگوری
1863917,فوکویاما، ہیروشیما
1864092,فوجیساوا، کاناگاوا
1864134,فیوجی، شیزوکا
1864549,چیریو، ایچی
1864624,چیگاساکی، کاناگاوا
1865294,آنجو، ایچی
1866923,ونسان
1870883,ساریون
1871859,پیانگ یانگ
1871871,پیونگ سونگ
1873757,نام پو
1876373,کایسونگ
1877449,ہمہونگ
1877615,ہیجو
1884138,یوسو
1886760,سوژوو
1897122,نامیانگجو
1907307,کیمیتسو، چیبا
1922014,ووئیشان، فوجیان
1926006,ایو، اہیمے
1926020,اواجیما، اہیمے
1926054,سےجو، اہمے
1926055,اؤزو، اہیمے
1926099,ماتسویاما، اہیمے
1937274,لوسپالوس
2013159,یاکوتسک
2013348,ولادیوستوک
2014407,اولان اودہ
2014624,اوداچنی
2014718,تیندا
2015310,فوکینو، پریمورسکی کرائی
2016701,شیمانووسک
2017487,رایچیخینسک
2018116,پارتیزانسک
2019528,ناخودکا
2019951,میرنی، سخا جمہوریہ
2020812,لیسوزاوو
2020838,لینسک
2022890,خابارووسک
2023469,ایرکتسک
2025339,چیتا
2026609,بلاگوویشچینسک
2026643,بیروبیجان
2026696,بیکین
2026895,بیلوگورسک، آمور اوبلاست
2027667,انگارسک
2027749,آمورسک
2028606,تسیتسرلیگ
2029156,سوکھ باتر
2029656,اندورخان
2029945,موران
2031405,ایردنیت
2031517,ڈزون ماڈ
2031964,دارہان
2032007,دالانزادگاڈ
2032054,چویبالسان
2032081,سایشینڈ
2032201,بلگان
2032533,بیان ہونگور
2032614,باروون-اورت
2032814,ارویہیر
2033196,ژانگجیاکوو
2033413,یکھن، ہیلونگجیانگ
2033467,یانجی
2034312,اولان ہوت
2034400,ٹونگلیاو
2034414,تونگہوا
2034655,سوئہوا
2034714,سپنگ، جیلن
2034786,شوانگیاشان
2034937,شینیانگ
2035265,چیچیہار
2035715,مودانجیانگ
2036109,لیاویوان
2036113,لیاویانگ
2036389,جیشی
2036427,جنژوو
2036502,جیلن شہر
2036581,جیاموسی
2036892,ہوہوٹ
2036973,ہئیہے
2036986,ہیگانگ
2037013,ہاربن
2037346,فوشن
2037355,فوشون
2037860,داچینگ
2037886,داندونگ
2038067,چیفینگ
2038087,چینگدے
2038180,چانگچون
2038300,بینشی
2038432,بائوتو
2038569,بائچینگ
2038584,بائشان
2038632,انشان
2038679,اچینگ
2042645,راجین
2043572,کانگیے
2043837,ہائیسان
2044757,چونگجین
2058430,ہوائالا، جنوبی آسٹریلیا
2062338,راکنگھم، مغربی آسٹریلیا
2063523,پرتھ
2065594,ماؤنٹ عیسیٰ
2065665,ماؤنٹ بارکر، جنوبی آسٹریلیا
2067119,ماندورہ
2068823,کالگورلئی
2070998,جیرالڈٹن
2071059,گالر
2073124,ڈارون
2075265,بیسیلٹن
2075432,بنبری، مغربی آسٹریلیا
2077895,ایلس سپرنگز
2077963,البانی، مغربی آسٹریلیا
2078025,ایڈلیڈ
2078127,فلائینگ فش کوو
2082539,میراوکے
2083537,ویواک
2088122,پورٹ مورسبی
2088163,پوپونڈیٹا
2090409,ماؤنٹ ہیگن
2090990,مینڈی
2091996,مادانگ
2092740,لائے
2093685,کوکوپو
2093967,کمبے
2096742,گوروکا
2098329,دارو
2110460,یوزاوا، اکتا
2110498,یونیزاوا، یاماگاتا
2110579,یچماتا، چبا
2110681,تسوکوبا، ایباراکی
2110774,تؤگانے، چیبا
2111018,شیروئی، چیبا
2111220,ساکورا، چیبا
2111248,سگے، یاماگاتا
2111684,ناریتا، چیبا
2111834,موریوکا، ایواتے
2112141,کوریاما، فوکوشیما
2112539,ایواکی، فوکوشیما
2112664,اچیہارا، چیبا
2113077,آساہی، چیبا
2113164,آبیکو، چیبا
2118647,ویلیوچنسک
2119441,یوژنو-سخالنسک
2122104,پٹروپاولوسک-کامچاٹسکی
2123628,ماگادان
2124286,کورساکوف
2127202,آنادیر
2127878,موتسو، اوموری
2128295,ساپورو
2128787,اوداتے، اکیتا
2129211,میساوا، اوموری
2129395,کورویشی، اوموری
2130057,ہیروساکی، اوموری
2130188,ہاکوداتے، ہوکائیدو
2130629,اساہیکاوا، ہوکائیدو
2131612,گوشوگاوارا، اوموری
2139521,نومئا
2143285,ویڈانگا
2144528,وارنامبول
2144604,واراگل
2144764,وانگاراٹا، وکٹوریہ
2146108,ٹرارالگون
2146142,ٹاؤنسول
2146268,ٹووومبا
2147381,تاری
2147497,ٹیمورتھ، نیو ساؤتھ ویلز
2147714,سڈنی
2149645,شیپارٹن
2151437,راکہیمپٹن
2152659,پورٹ مکوائری
2154219,اورینج، نیو ساؤتھ ویلز
2155472,نیو کیسل، نیو ساؤتھ ویلز
2156643,ماؤنٹ گمبیئر، جنوبی آسٹریلیا
2157698,ملدورا
2158177,میلبرن
2158562,مریبورووگھ
2159045,میئٹلینڈ، نیو ساؤتھ ویلز
2159220,مکائے، کوئنزلینڈ
2159851,لیورپول، نیو ساؤتھ ویلز
2160517,لانسسٹن، تسمانیا
2161314,کنگسٹن
2163055,ہوشیم، وکٹوریہ
2163137,ہارنزبی، نیو ساؤتھ ویلز
2163355,ہوبارٹ
2164771,گرافٹون
2165478,گلیڈسٹون، کوئنزلینڈ
2165798,جیلانگ
2166144,فرینکسٹن، وکٹوریہ
2166952,فیئرفیلڈ، نیو ساؤتھ ویلز
2167817,ایچوکا
2168305,ڈوبو
2168943,ڈیونپورٹ، تسمانیا
2169460,ڈینڈینونگ، وکٹوریہ
2171085,کافس ہاربر
2171507,وولونگونگ
2171845,کیسنوک
2172517,کینبرا
2172710,کلاؤنڈرا
2172797,کیرنز
2173125,برنی
2173323,بنڈابرگ
2173741,برنزوک، وکٹوریہ
2173911,بروکن ہل
2174003,برسبین
2174039,برائٹن، وکٹوریہ
2176187,بینڈگو
2176632,باتھرسٹ، نیو ساؤتھ ویلز
2177091,بالاراٹ
2177233,برینزڈیل، وکٹوریہ
2177671,ارمیدالی
2179537,ویلنگٹن
2179670,وحانجانوی
2183472,رچمنڈ، نیوزی لینڈ
2184397,پوریروا
2185018,پامرسٹن نارتھ
2186239,نیو پلیموتھ
2186280,نیلسن، نیوزی لینڈ
2186313,نیپئر، نیوزی لینڈ
2188164,لوور حوتت
2189529,انورکارگل
2190324,ہیملٹن، نیوزی لینڈ
2191562,ڈنیڈن
2192362,کرائسٹ چرچ
2193733,آکلینڈ
2198148,سووا
2204506,لاوتوکا
2206854,گسبورن، نیوزی لینڈ
2208330,فاکاتانی
2208425,زوارہ
2208485,زلیتن
2210247,طرابلس، لیبیا
2210554,سرت
2212775,سبھا
2214433,نالوت
2214603,مرزق
2214846,مصراتہ
2216645,ہون
2217362,غریان
2218478,براک، لیبیا
2218840,بنی ولید
2218970,الزاویہ
2219235,اوباری
2219905,خمس، لیبیا
2220139,العزیزیہ
2220957,یاؤندے
2224827,نگاؤندیرے
2228373,مارؤا
2231320,گارؤا
2232283,ابولوا
2232593,دوالا
2233410,بوئیا
2234359,بیتؤا
2234974,بامیندا
2235189,بافؤسام
2236568,ویگ
2239076,ایندالاتاندو
2239520,مبانزا کانگو
2239862,مالانجے
2240449,لواندا
2242001,کاکسیٹو
2243271,کابندہ
2243940,زیگینچور
2244991,تامباکؤندا
2245704,سیڈیاؤ
2246452,سینٹ-لوئیس، سینیگال
2246512,روفیسقوی
2248752,ماتام
2249222,لوگا
2249782,کولڈا
2250645,کیڈوگو
2250805,کاؤلاک
2251007,کفرین
2251911,فاتک
2252309,دیوربیل
2253354,ڈاکار
2255285,سبیتی
2255414,پوانٹ نوار
2255542,اوواندو
2255564,اویسو
2258261,دولیسی
2259655,امپفوندو
2260401,جمبالا
2262644,تومار
2262963,سیتوبال
2263480,سانتارم
2264508,پورتالیگرے
2267095,لیریا
2267827,فنچل
2268339,فارو
2268406,ایووارا
2269514,کاسٹیلو برانکو
2270985,بیجا
2272491,زویڈرو
2272790,یکیپا
2273312,ووئنجاما
2273435,ٹبمان برگ
2274129,سانیکویلی
2274372,پلیبو
2274895,مونروویا
2276086,کاکاتا
2276492,ہارپر
2276600,گرین ویل
2277060,گبارنگا
2278158,بیوکینن، لائبیریا
2279755,یاموسسوکرو
2282006,سان پیڈرو
2283016,اوڈینے
2284647,مان
2286304,کوروگو
2288829,گاگنوا
2289983,ڈمبوکرو
2290486,دالوا
2290956,بوآکے
2291136,بوندوکو
2293268,اگبوویل
2293538,آبدجان
2293549,ابنگورو
2293805,یجی
2294086,وینچی
2294206,وا، گھانا
2294700,تیما
2294768,تارکوا
2294962,اگونا سویدرو
2295065,سوہوم، گھانا
2295458,سیکونڈی-ٹاکوراڈی
2295517,سایلوگو
2295672,سالٹ پونڈ
2295684,سالاگا
2295840,پریستیا
2296458,کاسوا
2296564,اکیم اودا
2297141,نساوام
2298264,مامپونگ
2298890,کوماسی
2299233,کپاندو
2299522,کوفوریدوا
2299645,کیٹا
2300379,ہو، گھانا
2301190,ایلمینا
2301400,دنکوا-آن-اوفن
2302357,کیپ کوسٹ
2304121,اشیامان
2304220,اسامانکیسے
2304389,اپام
2304548,انلوگا
2306104,اکرا
2309527,ملابو
2312895,مبانداکا
2313002,ماتادی
2313762,لیبینجی
2314302,کنشاسا
2314705,کیکویت
2315417,انونگو
2315728,جمینا
2316702,بوما
2317285,باسان کوسو
2317397,باندوندو صوبہ
2318044,یولا، نائجیریا
2318123,یناگوا
2319480,یوو
2320576,اومواہیا
2322911,سوکوٹو
2324774,پورٹ ہارکورٹ
2325330,اوویری
2325590,اوسوگبو
2330100,مینا، نائجیریا
2331140,ماکوردی
2331447,مائیدوگری
2331939,لوکوجا
2332459,لاگوس
2332515,لافیا
2334802,کتسینا
2335204,کانو
2335727,کادونا
2335953,جوس، نائجیریا
2336589,جالنگو
2337639,الورن
2338313,اکیجا
2339354,ابادان
2339937,گوسائو
2340451,گومبے
2343279,انوگو
2344245,ڈوتسے
2345521,داماتورو
2346229,کالابار
2347059,برنن کبی
2347283,بینن شہر
2347470,باؤچی
2348773,اوکا
2349276,اسابا
2350841,اکورے
2352379,ادو-ایکتی
2352778,ابوجا
2352947,ابیوکوتا
2353099,ابکالکی
2353151,آبا
2353197,زورگو
2353257,زینیار
2353688,یاکو
2354176,تؤگان
2354265,توما
2354349,تیتاؤ
2354675,تینکودوگو
2355404,سولنزو
2355869,سابوی
2356228,ریو
2356454,پو
2357043,واہیگؤیا
2357048,واگادوگو
2357062,ورودارا
2357163,نونا
2357371,نیانگولوکو
2358100,منگا
2358382,لیو
2358738,کوپیلا
2358946,کؤدؤگؤ
2359142,کونگوسی
2359227,کومبیسیری
2359608,کایا، برکینا فاسو
2360073,ہاؤنڈے
2360238,گورسی
2360541,گائیری
2360620,گاؤا
2360886,فادا نگورما
2361082,دوری، برکینا فاسو
2361177,جیبو
2361342,ڈیبوگو
2361373,ڈیاپاگا
2361477,دیدؤگؤ
2361586,دانو
2361845,بوسے
2361946,بولسا
2362150,بورومو
2362323,بوگنڈے
2362344,بوبو-دیؤلاسو
2362669,باٹی
2362909,بانفورا
2363534,تسیوی
2364104,سوکودے
2365267,لومے
2366152,کارا
2367164,داپاونگ
2367886,اتاکپامے
2374775,بساؤ
2375558,زویرات
2376719,سیلیبابی
2376898,روصو
2377450,نواکشوط
2377457,نوادھیبو
2377539,نیما
2378538,کیفہ
2378736,کیھیدی
2380954,بوغی
2381291,عیون الاترس
2381334,آتار
2381659,الیگ
2381690,اکجوجت
2383119,سیبوت
2383523,پاؤا
2383827,نولا
2384770,مبائکی
2386012,کاگا-بندورو
2387495,کارنو
2387546,بوزوم
2387926,بؤار
2388036,بوسانگوا
2388625,بوکارانجا
2388873,بمبو
2389086,بربراتی
2389691,باتنگافو
2392087,پورٹو نووو
2392204,پاراکو
2392601,ناتیتنگو
2392897,لوکوسا
2393693,کاندی، بینن
2394560,جوگو
2394711,داسا-زومے
2395568,اپلاہو
2395635,الادہ
2395915,ابومے
2399697,لبریویل
2399888,لامبارینی
2403094,واٹرلو، سیرالیون
2404433,پورٹ لوکو
2406407,ماکینی
2407656,کوئیدو ٹاؤن-سیفادو
2407790,کینیما
2409306,فری ٹاؤن
2410048,بو، سیرالیون
2410763,ساؤ ٹومے
2413753,بریکاما
2413876,بانجول
2416969,نزیریکورے
2419992,کانکان
2425791,سارہ
2426240,پالا
2426370,ام ہاجر
2427123,نجامینا
2427336,موسورو
2427455,مؤندؤ
2427637,مونگو
2427697,مویسالا
2428228,ماسکوری
2428231,ماساگویٹ
2428394,ماؤ
2429296,لائی
2429605,کومرا
2432639,فیانگا
2432678,فایا-لارگیاو
2433437,ڈوبا
2434584,بؤسو
2434910,بونگور
2434979,بول
2434985,بوکورو
2435124,بٹکینے
2436400,اتی
2437798,زندر
2438678,تلابیری
2439376,تاہؤا
2440485,نیامی
2441291,مارادی، نائجر
2445488,ڈوسو
2445704,ڈیفا
2447513,ارلیت
2448085,اگادیز
2449067,ٹمبکٹو
2451185,سیکاسو
2451478,سیگو
2453348,موپٹی
2454530,کولیکورو
2455290,کڈال
2455518,کیز
2457163,گاو
2461874,سمارا
2464041,زغوان
2464470,تونس شہر
2464648,توزر
2464701,تطاوین
2464915,سوسہ
2465030,سلیانہ
2465840,سیدی بوزید
2467454,صفاقس
2467815,رادس
2468018,قبلی
2468353,قفصہ
2468369,قابس
2468579,نابل
2469274,منوبہ
2469473,مدنین
2470088,جندوبہ
2470173,جرجیس
2470384,حومۃ السوق
2470656,لا گولیتی
2472479,بن عروس
2472675,باردو
2472706,بنزرت
2472774,باجہ
2473247,اریانہ
2473449,قیروان
2473457,قصرین
2473493,منستیر، تیونس
2473572,مہدیہ
2473634,الکاف
2473744,حمامات، تیونس
2474141,بومرداس
2475475,تقرت
2475687,تلمسان
2475744,تيزي وزو
2475860,تسمسيلت
2476028,تیبازہ
2476301,تندوف
2476403,تيميمون
2476897,تيارت
2477461,تبسة
2478216,تمنراست
2479215,سوق اہراس
2479536,سكيكدة
2481007,سيدي بلعباس
2481700,سطيف
2482572,سعیدہ، الجزائر
2483668,غليزان
2484620,أم البواقي
2484933,أولاد جلال
2485572,وادی سلی
2485801,ورقلة
2485926,وهران
2486690,المسيلة
2487134,مستغانم
2487452,میلہ، الجزائر
2488835,مدیہ
2490098,معسکر، الجزائر
2491191,الأغواط
2491889,خنشلة
2492913,جيجل
2495662,قالمہ
2496049,غردایہ
2497411,الوادی
2497655,المغیر
2498305,المنیہ
2498543,البیاض
2498611,شلف
2499193,دویرہ
2500017,جلفہ
2501152,قسطنطینہ
2502958,بویرہ
2503701,برج بوعریریج
2503769,بلیدہ
2503826,بسکرہ
2505329,بجایہ
2505530,بیشار
2505572,باتنہ، الجزائر
2505854,باب الزوار
2506999,عنابہ
2507480,الجزائر شہر
2507901,عین تموشنت
2508228,عین دفلیٰ
2508813,ادرار، الجزائر
2509954,ویلنسیا
2510409,طلیطلہ
2510911,اشبیلیہ
2511174,سانتا کروز ٹینرائف
2513917,میریدا
2514169,ماربیا
2515151,لا ونیون، مورکیا
2517117,غرناطہ
2519240,قرطبہ
2520611,کاسیریس
2521420,بطليوس
2521886,المریہ
2521978,الیکانتے
2523083,سرقوسہ، صقلیہ
2523920,پالیرمو
2525473,کالیاری
2527089,تزنیت
2528910,تطوان
2529317,تازہ
2529649,تارودانت
2530335,ٹنجیر
2537406,سلطات
2537881,اسفی، مراکش
2538475,رباط
2540483,وجدہ
2541479,ناظور
2542051,محمدیہ
2542997,مراکش
2543549,عرایش
2544333,خنیفرہ
2544571,کنیترہ
2546917,افران
2548526,کلمیم
2548885,فاس
2549263,صویرہ
2550078,الجدیدہ
2553604,دار البیضاء
2555467,برکان
2555745,بنی ملال
2561668,اگادیر
2562266,زابار
2562305,والیٹا
2562501,سلیما
2562541,سان پال الباحر
2562629,آورمی
2562704,موسٹا
2563191,بیرکرکارا
2596934,سیگیلا
2610319,ویبو، ڈنمارک
2610613,ویجلے
2611396,تورشھاون
2614481,راسکیلے
2615876,اودنسے
2620320,ہیلروڈ
2624886,آلبو
2633563,ووسٹر
2633709,ووکنگ
2633842,ونڈسر، بارکشائر
2633858,ونچیسٹر
2633866,ومبلڈن، لندن
2633907,ولیزڈن
2634491,ویسٹ برامچ
2634549,ویمبلے
2634579,ویلنگ
2634617,چرچ ہل، ویسٹ مڈلینڈز
2634725,وارک
2634825,والٹن-آن-ٹیمز
2634826,والٹن-آن-دی-نیز
2635113,اپر نوروڈ
2635412,ٹرورو
2635607,ٹوٹرج، بارنیٹ
2636177,ولٹن، سومرسیٹ
2636486,سٹن کولڈ فیلڈ
2636675,سٹریٹہم
2636910,سٹرلنگ
2636940,اسٹیوینڈیج
2636948,سٹیپنی، لندن
2637357,جنوبی نورووڈ
2637490,ساؤتھ ہال
2638664,سالسبری
2638867,سٹ البانس
2639223,روہیمپٹن
2639268,روچیسٹر، کینٹ
2639272,راچڈیل
2639323,رپن
2639563,ویسٹ فیلڈ، ریڈکار
2639835,پٹنی
2639912,پریسٹن، لنکاشائر
2639926,پریستاتین
2639998,پورٹ سلیڈ
2640054,پورتھکاول
2640101,پول، انگلستان
2640190,پلیمستوک
2640349,پیتیرلیی
2640358,پرتھ، سکاٹ لینڈ
2640894,اورپنگٹن، لندن
2641168,نوٹنگ ہل
2641290,نورتھولٹ
2641430,نارتھیمپٹن
2641555,نیوٹن اکلف
2641581,نیوری
2641598,نیوپورٹ، ویلز
2641617,نیو مالڈن
2641661,نیو کراس
2643179,میڈسٹون
2643743,لندن
2644100,خلانیتھلی
2644204,لیونگسٹن، مغربی لوتھیان
2644411,لسبرن
2644487,لنکن، انگلستان
2644497,لائم ہاؤس، لندن
2644531,لیچفیلڈ
2644559,لویس
2644688,لیڈز
2644972,لنکاسٹر، لنکاشائر
2646003,ازلنگٹن، لندن
2646042,یرلام
2646088,اینورنس
2646393,ہنٹنگڈن
2646517,ہانزلو
2646914,ہائی ویکام
2646976,ہائبری، ازلنگٹن
2647044,ہارٹفورڈ
2647138,ہیمل ہیمپسٹڈ
2647262,ہیز، بروملی
2647349,ہاتفیلڈ
2647461,ہارلو
2647468,ہارلزڈین
2647570,ہیملٹن، جنوبی لینکاشائر
2647793,گیلڈفورڈ
2647937,گرینچ
2647972,گرینفورڈ
2648273,گوسفورتھ
2648404,گلوسٹر
2648579,گلاسگو
2649055,فریرن بارنیٹ
2649441,فنچلے، لندن
2649723,فالکیرک
2649808,ایکسٹر
2650023,ایلی، کیمبرجشائر
2650225,ایڈنبرا
2650628,ڈرہم، انگلستان
2650752,ڈنڈی، سکاٹ لینڈ
2651048,آبنائے ڈوور
2651101,ڈورچسٹر، ڈورسٹ
2651654,کومبران
2651984,کرکلوڈ، لندن
2652191,کاؤلی، آکسفورڈ
2652381,کوربی
2652586,کولرین
2652618,کولچسٹر
2653075,کرائسٹ چرچ، ڈورسٹ
2653123,چزلہرسٹ، لندن
2653192,چیچیسٹر
2653225,چیسٹرفیلڈ
2653228,چیسٹر
2653261,چیلٹین ہیم
2653265,چیلسی، لندن
2653266,چلمسفورڈ
2653680,کیرکفیرگس
2653775,کارلایل، کامبریا
2654710,برائٹن
2654730,برج واٹر، سومرسیٹ
2654782,برینٹووڈ، ایسیکس
2654993,بریڈفورڈ
2655076,بو، لندن
2655438,بلیک وال، لندن
2655729,بیسسٹر
2655775,بیکزلی، لندن
2656065,بیکنہیم، لندن
2656173,باتھ، سومرسیٹ
2656192,بیزنگسٹوک
2656295,بارنٹ، لندن
2656397,بینگور، گوینڈ
2657030,آرنلڈ، ناٹنگھمشائر
2657345,اممانفورڈ
2657408,الٹن، ہیمپشائر
2657697,ایکٹون، لندن
2657780,ایبینگڈن-آن-ٹیمز
2657832,ابرڈین
2657896,زیورخ
2657908,زگ
2658564,سولوتھرن
2658576,سیون
2658665,شویتس
2658761,شافہاوزن
2658822,سینٹ گیلن
2659496,نوشاتل
2659811,لوسرن
2659994,لوزان
2660365,ہیریساو
2660646,جنیوا
2660718,فریبرگ
2660727,فراونفیلد
2661169,کؤر
2661552,برن
2661567,بیلنزونا
2661604,بازل
2661881,آراو
2662149,یستاد
2662689,ویسپے
2663536,ویکوہ
2664454,ویستیروس
2666199,اوپسالا
2666670,ادوالا
2673730,سٹاکہوم
2676176,سودرتالیا
2685750,اوسترشوند
2686657,اوریبرو
2687700,نیشوبنگ
2692969,مالمو
2693678,لونڈ
2694762,لنشوپنگ
2697720,لانڈسکرونا
2701680,کارلستا
2701713,کارلسکرونا
2702261,کالمار
2702979,یونشوپنگ
2707684,ہارنوسینڈ
2708365,ہالمستا
2711537,گوتھن برگ
2712414,یاولہ
2715459,فالون
2715568,فالکوپینگ
2729907,لانگایربین
2732265,ویسیو
2732438,ویلا ریال
2732773,ویانا ڈو کاسٹیلو
2735943,پورٹو
2738785,گوارڈا
2740637,کوئمبرا
2742027,براگانسا
2742032,براگا
2742611,اویرو
2743477,زووله
2743608,زوتفن
2744118,زان دم
2745321,فوربرخ
2745912,یوتریخت
2747351,ہرٹوجن بوش
2750896,مڈل برگ
2751283,ماسٹرخت
2751316,مارسین
2751738,لیلی سٹاڈ
2751773,لائڈن
2751792,لیوواردن
2755003,ہارلم
2755251,گرونِنگن
2756253,اینتہوون
2758401,بریدا
2759633,ایسن
2759661,آرنہیم
2759794,ایمسٹرڈیم
2761524,ویلز
2762372,ویلاخ
2766429,سینکٹ پولٹن
2766824,سالزبرگ
2772400,لنز
2773913,کوسٹرنیوبرگ
2774326,کلاگنفرٹ ام ورتھرسی
2775220,انسبروک
2778067,گراز
2779674,فیلڈکرچ
2780741,ڈورنبیرن
2781503,بریگنز
2781680,بلوڈنز
2783985,واٹرلو، بیلجئیم
2787387,سینٹ-جوسسے-تین-نووڈے
2787413,سینٹ-گلیس، بیلجیم
2787416,سینٹ-غصلیں
2790471,نامور
2794981,جمبس
2795100,یپریس
2803138,انتورب
2803429,آرسچوٹ
2803443,آلٹیر
2805753,ووپاٹال
2809346,ویسبیڈن
2818067,یوٹرسن
2820577,ابیرلنگین
2820621,اباچ-پالینبرگ
2825297,شٹوٹگارٹ
2834282,شویرین
2834372,شولم
2842632,سارلوئس
2842647,ساربرکن
2842688,سالفیلڈ
2852458,پوٹسڈام
2853572,برنا
2867714,میونخ
2874225,مینز
2874545,میگدیبرگ
2875601,لوبک
2879139,لائپزش
2885679,کونسٹانس
2886242,کولون
2891122,کیل
2894003,کائزرسلائوٹرن
2910831,ہنوور
2911298,ہیمبرگ
2912621,ہاگن
2922530,گارمیش-پارتنکیرشن
2923544,فورت
2927930,فالکینسی
2928810,ایسین
2929670,ایرفرٹ
2934246,ڈسلڈورف
2934691,ڈیسبورگ
2935022,ڈریسڈن
2944388,بریمن
2945024,برانشویگ
2957773,الٹنبورگ
2959223,اہلن
2959927,آلین
2960316,لکسمبرگ
2960992,واٹرفرڈ
2961086,ٹولامور
2961123,ٹریلی
2961297,سورڈز، ڈبلن
2961911,ریتھفارنہم
2962308,ناوین
2962334,نئس
2962668,مینوتھ
2962725,مالاہائڈ
2962785,لوکن، ڈبلن
2962961,لیٹرکینی
2962974,لیکسلیپ
2963848,گرےسٹونز
2964303,فینگلس
2964506,ڈون لاری
2964540,ڈونڈوک
2964574,ڈبلن
2964661,ڈراہیڈا
2965140,کورک
2965715,کاریگالائن
2966022,بری، آئر لینڈ
2966110,بلینچرڈس ٹاؤن
2968254,ویوربن
2969958,وردون
2971549,تروئے
2972315,تولوز
2972328,تولون
2972350,تول، فرانس
2973783,ستراسبورگ
2976984,سین-سباستین-سور-لوئر
2977491,سین-پیری-دے-کور
2977921,سینٹ-نظارے
2977952,سینٹ-مشیل-سر-ورگے
2978072,سینٹ-میڈرڈ-این -جلوس
2978100,سینٹ-شمن-لا-سین-بومے
2978179,سینٹ-موڑ-دس-فوسسس
2978621,سینٹ-مندے
2978640,سینٹ-ملو
2978758,سینٹ-لو
2978768,سینٹ-لو-لا-فورٹ
2978891,سینٹ-لارنٹ-دو-ور
2979316,سینٹ-ژاں -دے-لا-روےلے
2979341,سینٹ-ژاں -دے-بڑے
2979590,سینٹ-ہربلیں
2979783,سینٹ-گرمین-این -لیے
2979985,سینٹ-گینس-لاول
2980097,سینٹ-فونس
2980236,سینٹ-ایٹیینے-دو-روورے
2980291,سینٹ-ایٹیینے
2980586,سین-فوے-لیس-لیوں
2980636,سینٹ-ایگریوے
2980816,سینٹ-دزئر
2980827,سینٹ-دے-دس-ووسگس
2980916,سینٹ-ڈینس
2981280,سینٹ-بریک
2981492,سینٹ-اوولڈ
2981512,سینٹ-عورتیں
2981839,سینٹ-امنڈ-لیس-وا
2983990,رین
2984114,رمس
2987914,پرپینیا
2987967,پریگو
2988507,پیرس
2989460,اورنج، ووکلوز
2990363,نیم
2990440,نیس
2992166,مونپیلیے
2994160,میتز
2995469,مارسیلز
2996882,میکون
2996944,لیون
2998286,لیموژ
2998324,لیل
3003603,لو مان
3003796,لو آور
3005825,لا ویلیت-دو-وار
3006283,لا ٹیسٹی-دے-بوچ
3006414,لا سینی-سور-میر
3006767,لا روشے-سور-یون
3006787,لا روشیل
3007609,لانیون
3007794,لانیسٹیر
3009071,لاگنی-سور-مارنی
3009169,لا گارینی-کولومبیس
3009443,لا فلیشی
3009791,لا کرو
3009824,لا کورنیووی
3010025,لا کیوتاٹ
3010237,لا شاپیل-سور-یرڈری
3010529,لا سیل-سین-کلوڈ
3013701,یوٹز
3014728,گرونوبل
3015902,ژیوور
3019766,لا بولی-یسکوبلاک
3020686,ڈنکرک
3021372,دیجون
3027422,شامبیری
3027513,شالان
3029706,برے-سر-مرنے
3029931,برون
3031582,بورڈو
3033123,بیزانسون
3034483,بایو، فرانس
3035843,اگزر
3036784,آراس
3037656,آنژہ
3037854,امیان
3038266,آلبیرویل
3038334,اژاکسی او
3040051,اسکالڈس-انگورڈانی
3042237,ڈگلس
3042287,سینٹ پیٹر پورٹ
3047967,موہاچ
3054643,بوداپست
3056508,ژیلینا
3057124,ٹرناوا
3057140,ٹرینچن
3057963,پوخو
3058210,پزینوک
3058531,نیترا
3060139,ہینڈلووا
3060405,ڈلنے کیوبین
3060972,براٹیسلاوا
3061186,بانسکا بسترسا
3061370,زلین
3063548,اسٹی ناڈ لابیم
3067421,پروستیو
3067580,پژیرو
3068160,پلسن
3068582,پاردوبیتسے
3068799,اسٹراوا
3068927,اوپاوا
3069011,اولوموک
3071961,لیبرتس
3073699,کلاندو
3073803,کارلووی واری
3074199,جہلاوا
3074967,ہاردک کارلوف
3075921,ہاوہروف
3076127,فریدک-میستک
3077244,دیچین
3077685,خومتو
3077916,سیسکے بودیجوویس
3078610,برنو
3080165,ژیلونا گورا
3080944,زاگان
3080985,زبرزے
3081046,زوبکووکے سلوسکے
3081368,وروسلاف
3083185,چچانکا
3083271,تورینی
3083829,شچیسین
3088171,پوزنان
3090048,اوپول
3093133,ووچ
3094802,کراکو
3096472,کاتوویتس
3097528,جروکن
3098722,گورژوو ویئلوپولسکی
3099230,گلیویتسہ
3099434,گڈانسک
3102014,بِدگاشچ
3102459,برزگ
3105976,ویگو
3108126,تیرویل
3109642,سانتیاگو دے کومپوستیلا
3117735,میدرد
3118150,لوگرونو
3119739,لا فیلگویرا
3124132,کوینکا، ہسپانیہ
3127461,بورگوس
3128760,برشلونہ
3133895,ٹروموسو
3134331,ٹونسبرگ
3134628,ٹائم، ناروے
3137115,سٹاونجر
3139075,سکین
3140084,سارپس برگ
3143244,اوسلو
3145580,مولڈے
3147474,لیلے ہیمر
3149318,کریستیانسینڈ
3154084,ہامار
3159016,ڈرامن
3160881,بودو
3161732,برغن
3162955,اریندال
3165185,تریستے
3168070,سان مارینو شہر
3169070,روم
3170147,پوردینونے
3171058,پیاچنزا
3171457,پارما
3172287,نیتونو
3172394,ناپولی
3174051,صوبہ مانتووا
3174953,لیچہ
3176959,فلورنس
3180601,کاپوا
3182897,آردیا، اٹلی
3183719,ولورہ
3183875,تیرانا
3184081,شکودر
3184497,پچین
3184862,لوشنیہ
3184935,لژہ
3185060,کوچووا
3185082,کروے
3185211,کاوایہ
3185672,فیر
3185728,دراج
3186084,بیرات
3186573,زینیتسا
3186781,زاپریشیچ
3186886,زغرب
3186952,زدار
3188225,ویلیکا کلادوشا
3188383,واراژدن
3188402,وایئوو
3188434,اوژیتسے
3188582,تزلہ
3188893,ٹریبنجے
3188915,تربوولجے
3188924,ٹراونک
3189075,ویلنجے
3190261,سپلٹ، کروشیا
3190342,سومبور
3190359,سولین
3190589,پوژیگا، کرویئشا
3191281,سرائیوو
3191376,شاباتس
3192241,پٹوج
3192409,پریجیڈور
3193044,پوڈگوریکا
3194351,نوو میستو
3194360,نووی ساد
3194828,موسطار
3195506,ماریبور
3196359,لیوبلیانا
3197378,کرانج
3197753,کوپر
3199779,گراچانیسا، بوسنیا و ہرزیگووینا
3200396,گوراژڈے
3201984,ڈوبوج
3202641,سیتنجے
3202781,تسیلیے
3202888,چاکووتس
3203106,بڈوا
3203521,برچکو
3203982,بیئلووار
3204176,بیجیلو پولجے
3204186,بیےلینا
3204222,بیخاچ
3204509,بار، مونٹینیگرو
3204541,بانیا لوکا
3206590,ریہین
3247449,آچن
3313472,اتھلون
3315278,سینڈی فورڈ
3345283,ٹنیپاندی
3345300,کارلوواتس
3345437,کیمڈن ٹاؤن
3345440,کریگایون
3346015,سومبے
3346821,اندجیوا
3347019,نامیبے
3347353,مینونگو
3347719,لوئنا، موشیکو صوبہ
3347762,لوبانگو
3347939,لوبیتو
3348078,کویٹو
3348313,ہوامبو
3351663,بنگویلا
3352136,وینٹہوک
3352844,سواکوپموند
3353383,روندو
3353811,اوتجیوارونگو
3354021,اوشاکاتی
3356264,کیتمانشوپ
3357247,گوابیس
3369157,کیپ ٹاؤن
3370903,جیمز ٹاون، سینٹ ہلینا
3374333,پرائیا
3374462,مندیلو
3374888,اسومادا
3378644,جارج ٹاؤن، گیانا
3380387,سینٹ-لارنٹ-دو-مارونی
3382160,کائین
3383330,پاراماریبو
3383714,لیلی ڈورپ
3386496,ٹریسینا
3388368,ساؤ لوئیس، مارانہاؤ
3390760,ریسیف
3394023,ناتال
3395981,مسیو
3395998,مکاؤ، ریو گرانڈی ڈو نورٹی
3396016,ماکاپا
3397277,جواو پیسوا
3399415,فورتالیزا
3405870,بیلیم
3413829,ریکیاوک
3421319,نوک
3426691,اسٹینلے، جزائر فاکلینڈ
3427213,زاراتے
3427428,ویلاگوے
3427833,تندیل
3428067,سان ویسنتے
3428071,سانتو ٹومے
3428576,سان پیڈرو
3428577,سان پیڈرو
3428609,سان میگویل ڈیل مونتے
3428708,سان لویس ڈیل پالمار
3428775,سان جسٹو
3428975,سان جیویئر
3428992,سان اسیڈرو
3429248,سان انتونیو ڈے اریکو
3429399,سلادیلو
3429403,سلاداس
3429577,رزیستنسیا، چاکو
3429594,ری کنکویسٹا
3429652,کویلمیس
3429732,پویرٹو ریکو
3429786,پویرٹو ایسپیرانزا
3429886,پاساداس، میسیونس
3429949,پیرانے
3429971,پیناماور
3429980,پلار
3430104,پاسو ڈی لوس لیبریس
3430340,اوبیرا
3430415,نوگویا
3430443,نیکوچیا
3430457,ناوارو
3430545,مورون
3430598,مونٹے کاسیروس
3430601,مونٹے کارلو
3430668,میراماور
3430697,میرلو
3430708,مرسیڈیز
3430709,مرسیڈیز
3430861,مار ڈیل تویو
3430863,مار ڈیل پلاٹا
3430957,میگڈالینا
3430988,لوجان
3431271,لوماس ڈے زمورا
3431313,لوبوس
3431391,لیاندرو این. الم
3431788,لاس فلورس
3432043,لا پلاتا
3432079,لا پاز
3432135,لانوس
3433349,جردین امیرکا
3433360,اٹوزائنگو
3433424,اسیڈرہ کیسونوا
3433522,ہرلنگھم
3433658,گوالیگوائیچو
3433663,گوالیگائے
3433715,گویا
3433801,جنرل خوان مادریاگا
3433803,جنرل جوسے ڈے سان مارٹن
3433817,جنرل بیلگرانو
3433899,فورموسا، ارجنٹائن
3433956,فیڈرل
3433975,ایزیزا
3434095,اسکوینا
3434141,انسینادا
3434291,ایل سوبربیو
3434674,ایلڈوراڈو
3435038,ڈولورس
3435103,کوروزو کواتیا
3435217,کورینتس
3435261,کنکورڈیا
3435264,کنسیپسیون ڈیل اوروگوے
3435352,کولون
3435448,چاسکوماس
3435607,کاستیلار
3435644,کارمن ڈے اریکو
3435713,کانویلاس
3435810,کیمپانا
3435910,بیونس آئرس
3435963,کرنل برانڈسن
3436040,بیریسو
3436043,بیرازاتیجوی
3436047,بینیٹو خوارز
3436150,بارادیرو
3436177,بالکارسے
3436199,ازول
3436221,ایاکوچو
3436714,ویاریکا، پیراگوئے
3436725,ویلا ہیز
3437063,سان جوآن باتستا
3437526,پیلار، پیراگوئے
3437547,پیدرو خوان کابالیرو، پیراگوئے
3437863,لامباری
3438735,انکارنسیون، پیراگوئے
3438819,کورونیل اوویدو
3438834,کنسپشن
3439101,سیوداد دیل استے
3439297,کاساپا
3439320,کاکوپے
3439389,اسونسیون
3439525,یونگ، یوروگوئے
3439748,ترینیداد، یوراگوئے
3439781,ترینتا ی تریس
3440034,تاکواریمبو
3440571,سانتا لوسیا، یوراگوئے
3440639,سان خوسے دے ماجو
3440696,سان کارلوس، یوراگوئے
3440714,سالتو، یوراگوئے
3440777,روچا، یوراگوئے
3440781,ریویرا
3440963,پروگریسو، یوراگوئے
3441243,پایساندو
3441354,پاندو، یوراگوئے
3441575,مونتیبیدیو
3441665,میناس، یوراگوئے
3441684,میرسیدیس، یوراگوئے
3441702,میلو، یوراگوئے
3441894,مالدونادو، یوراگوئے
3442057,لاس پیڈراس، یوراگوئے
3442098,لا پاز، یوراگوئے
3442568,فرای بینتوس
3442585,فلوریڈا
3442727,دوراسنو
3442750,دولوریس، یوراگوئے
3443013,کولونیا دیل ساکرامینتو
3443341,کارمیلو
3443413,کینیلونز
3443758,آرتیگاس، یوراگوئے
3444924,ویٹوریا
3445983,توکانو، باہیا
3448439,ساؤ پالو
3449433,سانتوس، ساؤ پاؤلو
3450554,سالوادور
3451190,ریو دے جینیرو
3452925,پورتو الیگرے
3458826,لاپا، پارانا
3460087,جردم، جنوبی ماتو گروسو
3462377,گویانیا
3463237,فلورینوپولس
3464975,كوريتيبا
3465038,کویابا
3467747,کمپو گرینڈے
3469058,براسیلیا
3470127,بیلو ہورائزونٹے
3471872,اراکاجو
3474574,پالماس
3480908,لا اسونسیون
3488465,سپینش ٹاؤن
3489460,مونٹیگو بے
3492914,سانتیاغو دے لوس کابائیروس
3492984,سانتا کروز ڈی ایل سیبو
3492985,سانتا کروز ڈی بارہونا
3493032,سان پیڈرو ڈی مکوریس
3493081,سان جوان ڈی لا ماگوانا
3493100,سان جوزے ڈی اوکوا
3493146,سان فرانسسکو ڈی مکوریس
3493174,سان فرنانڈو ڈی مونٹے کرستی
3493175,پورتو پلاتا
3493240,سالوالیون ڈی ہیگویے
3493283,سالسیڈو
3493383,سان اگناسیو ڈی سابانیتا
3495857,نیبا
3496021,ناگوا
3496134,مونٹے پلاتا
3496331,موکا
3496831,ماؤ
3500957,لا رومانا، جمہوریہ ڈومینیکن
3504765,ہاتو مایر ڈیل ری
3508952,داجابون
3509207,کوتوئی
3509382,لا ویغا
3511233,بوناؤ
3511540,سان کرسٹوبال
3512067,بانی
3512208,ازوآ
3513090,ویلمسٹیڈ
3513392,فلپسبرگ
3513563,کرالندیک
3514670,بیائرموسا
3514876,والادولید
3515001,توستلا گیوتیرس
3515302,ٹولوکا
3516109,تیہواکان
3518723,سان خوان ناوتیتستا توکستیپیک
3520339,ریئنوسا
3521081,پوئبلا، پوئبلا
3521168,پوسا ریکا
3521342,پلائیا دیل کارمین
3522210,پاچوکا ڈے سوتو
3522507,اوکساکا سٹی
3522551,نوئوو لاریدو
3522790,کاوکالپان
3522924,موتول ، یوکاتان
3523349,میریڈا
3526617,خالاپا ڈے انریکیز
3529947,کویرناوکا
3530240,کوردوبا، ویراکروز
3530580,سیوداد وکٹوریہ
3530870,چلپانسنگو
3531023,چتومال
3531673,کانکون
3531732,کمپیچے
3532881,آموسوک دے موتا
3534632,وراڈیرو
3534915,ٹرینیڈاڈ، کیوبا
3536729,سانتیاگو ڈے کیوبا
3537906,سانتا کلارا، کیوبا
3539560,سان جوسے ڈے لاس لاہاس
3540667,سانکتی سپیریٹس
3544091,پنار ڈیل ریو
3545867,نویوا گیرونا
3547398,متانزاس
3547867,منزانیلو، کیوبا
3550598,لاس توناس
3553478,ہوانا
3556969,ہولگوین
3557689,گوانتاناموں
3563843,کولون، کیوبا
3564124,سین فویگوس
3564178,سیگو ڈے ایویلا
3565432,کارڈیناس، کیوبا
3566067,کاماگویے
3566356,کیبریئن
3567597,بیامو
3568312,آرٹیمیسا
3570675,فورٹ ڈی فرانس
3571824,نساؤ
3572375,فری پورٹ
3573197,ہیملٹن
3573374,دی ویلی
3573576,تونابونا
3573703,سکاربورو
3573732,سانگری گرینڈے
3573738,سان فرنانڈو
3573840,ریو کلارو
3573890,پورٹ آف اسپین
3573899,پوائنٹ فورٹن
3574309,لاونٹیل
3574636,ڈیاگو مارٹن
3574810,چاگوانس
3575051,اریما
3575551,باسیتیر
3575635,روسو
3576686,گروس آئسلٹ
3576812,کاستریس
3576994,کاک برن ٹاؤن
3577154,اورنجسٹیڈ، اروبا
3577430,روڈ ٹاون
3577887,کنگز ٹاؤن
3578069,پلایماؤت، مانٹسریٹ
3578851,ماریگاٹ
3579132,گوسٹاویا
3579732,باس-تیر
3580477,ویسٹ بے
3580661,جارج ٹاؤن، جزائر کیمین
3581194,سان اگناسیو، بیلیز
3581514,آرنج واک
3582672,بلموپان
3582677,بیلیز شہر
3582805,ساکاتیکولوکا
3582883,اوسولوتآن
3583096,سویاپانگو
3583102,سونسوناتے، ایل سیلواڈور
3583158,سنسونتیپیک
3583178,سان ویسنتے
3583334,سانتا آنا، ایل سیلواڈور
3583361,سان سلواڈور
3583446,سان میگویل
3583747,سان فرانسسکو
3584257,سانتا تکلا، ایل سیلواڈور
3584384,میتاپان
3584772,لا یونین
3586977,کوجوتیپیک
3587091,شالاتنانگو، شالاتنانگو
3587362,انتیگؤ کوسکاتلان
3587426,اہواچاپان
3587902,ویا نویوا، گواتیمالا
3591060,پورتو سان ہوزے
3595725,فلوریس، ایل پیتین
3598122,کواتیپیکے، کویتسالتینانگو
3600949,ٹیگوسیگلپا
3601782,سان پیڈرو سولا
3616232,سوموتو، مادریس
3617052,ریواس
3617154,پویرٹو کابیزاس
3617448,اوکوتال
3617708,ماتاگالپا
3617723,ماسایا
3617763,ماناگوا
3618030,لیون، نکاراگوا
3618908,جویگلپا
3618926,جنوٹیپے
3618929,جنوٹیگا
3619136,گرینادا، نکاراگوا
3619194,ایستالی
3620381,چنانڈیگا
3620674,بواکو
3620680,بلیو فیلڈز
3621849,سان خوزے، کوسٹاریکا
3622228,پونتاریناس
3622247,لیمون
3623076,لیبیریا، کوسٹاریکا
3623486,ایریدیا، کوسٹاریکا
3624370,کارتاگو، کوسٹاریکا
3624955,الاخویلا
3625549,والیںسیا، کارابوبو
3625829,ترمرو
3625929,توکوپیٹا
3625979,تروخیو، تروخیو
3628053,سان جوان ڈی لوس موروس
3628423,سان فیلیپے، جاراکوئی
3628473,سان کریستوبال، تاچیرا
3628503,سان کارلوس، کوخیدیس
3629710,پویرتو اجاکوچو
3632308,میریدا، میریدا
3632998,ماراکای
3633009,ماراکائیبو
3633622,لوس تیکیس
3634922,لا ویکتوریا، اراگوا
3637721,لا گوایرا
3640226,گوانارے
3644768,کومانا
3645213,سانتا آنا دے کورو
3645532,سیوڈاد بولیور
3646738,کاراکاس
3648522,بارکیسیمتو
3648546,باریناس، باریناس
3648559,بارسلونا، وینیزویلا
3649959,زامورا
3650472,تولکان
3650721,تینا، ایکواڈور
3651297,سانتو ڈومنگو ڈی لوس کولورادوس
3651438,سانتا الینا، ایکواڈور
3652350,ریوبامبا
3652462,کیٹو
3652584,پویو، ایکواڈور
3652743,پویرتو فرانسسکو ڈی اوریلانا
3652941,پورتوبیخو
3654215,میلاجرو
3654533,ماچالا
3654536,ماچاچی
3654541,ماکاس
3654667,لوخا، ایکواڈور
3654870,لاتاکونگا
3655185,نویوا لوخا
3655673,ابارا
3657509,گوایاکل
3657571,گواراندا
3658666,کوئنکا، ایکواڈور
3660418,باباویو
3660434,آسوگوس
3660689,امباتو، ایکواڈور
3662574,ریو برانکو
3662762,پورٹو ویلہو
3663517,مناؤس
3664980,بوا وسٹا
3665688,یوپال
3665900,ویلاویسینسیو
3666304,ویلے ڈوپار
3666608,تنجہ
3666645,تولوآ
3667983,سنسیلخو
3668605,سانتا مارتا
3670218,سان اندریس
3670745,ریوہاچہ
3671116,قیبدو
3671519,پويرٹو کیرینو
3671916,پوپایان
3672486,پیریرا
3672778,پاسٹو
3673899,نیوا
3674453,مونٹیریا
3674654,موکوا
3674676,میتو
3674962,میڈیلن
3675443,مانزیلیس
3676623,لیتیسیا، ایمازوناس
3680450,اتاگوی
3680656,ابیگے
3682426,فلورنشیا
3682516,فیکاٹیٹوا
3682631,ایمبیگادو
3685533,کوکوتا
3687238,کارٹاجینا
3687925,کالی
3688451,بوئناونتورا، ویے دیل کاؤکا
3688465,بوکارامنگا
3688689,بوگوتا
3688928,بییو، انتیوکیا
3689147,بارانکویلا
3689560,آرمینیا
3689718,آراوکا، آراوکا
3690316,اگوازول
3691148,تومبیس، پیرو
3691175,ٹروجیلو
3693345,پوکاایپا
3693528,پیورا
3694564,موجوبامبا
3696183,اکیتوس
3696378,واراس
3696417,وانوکو
3698350,چیکلایو
3698540,چاچاپویاس، پیرو
3699088,کاخامارکا
3701117,سانتیاگو دے ویراگواس
3703068,پینونومے
3707961,لا چھوریرا
3711668,ڈیوڈ، چیرکی
3712076,کولون، پاناما
3718420,پورت دے پئے
3718426,پورٹ او پرنس
3723593,جیریمی
3723779,جکمل
3723841,اینشے
3728097,لے سائیس
3778045,ماتورین
3792383,آگستن کودازی
3795170,لا گریتا
3805673,سان فرناندو ڈی اپیور
3815415,تلاکسالا
3818742,سان آندریس چولولا، پوئبلا
3828545,سان جوزے ڈیل گوویار
3832132,زپالا
3832260,یرباؤنہ
3832694,ویلا ماریا
3832765,ویلا ڈیل روزاریو
3832778,ویلا کنسٹیٹوشن
3832811,ویلا انجیلا
3832899,وایڈما
3832934,وکٹوریہ، انترے ریوس
3833027,ویرا
3833112,ویئنٹیسنکو ڈی مایو
3833367,اشویا
3833512,ٹوپونگاٹو
3833520,تنویان
3833794,ٹریس ایسلیٹاس
3833859,ٹریس ارویوس
3833875,ٹرینکے لاؤکوئن
3834048,ٹوسٹادو
3834310,ٹوآئے
3834502,ٹرماس ڈی ریو ہوندو
3834601,ٹارٹاگال
3834813,تافی ویجو
3835869,سانتیاگو دل استرو
3835994,سانتا روسا، لا پامپا
3836142,سانتا ماریا
3836194,سانتا لوسیا
3836277,سانتا فے
3836564,سان سالوادور دل خوخوئی
3836669,سان رافیل
3836772,سان پیڈرو ڈی جوجوئے
3836846,سان نکولس ڈے لوس أروئیوس
3836873,سان مگئل ڈی تکومان
3836992,سان مارٹن
3836993,وِلا جنرل سان مارٹن
3837056,سان لوئیس، ارجنٹائن
3837124,سان جسٹو
3837213,سان خوآن، ارجنٹائن
3837506,سان ایسیڈرو
3837675,سان فرانسسکو
3837702,سان فرناندو دل والے دے کاتامارکا
3837855,سان کارلوس ڈی بولیور
3837980,سان انتونیو اویسٹے
3838227,سالتو
3838233,سالتا
3838561,روساریو ڈے لرما
3838564,روساریو ڈے لا فرونتیرا
3838583,روساریو، سانتا فے
3838650,روجاس
3838759,ریوادویا
3838854,ریو گرانڈے
3838859,ریو گالیگوس، سانتا کروز
3838874,ریو کوارٹو
3838879,ریو کولوراڈو
3839307,راوسون، چوبوت
3839444,رامالو
3839479,رافیلا
3839490,کیوٹیلپی
3839982,پنتا الٹا
3840092,پورٹو میڈرین
3840104,پورٹو ڈیزیاڈو
3840300,صدارت روکے ساینز پنیا
3841159,پیگوی
3841490,پرگامینو
3841679,پیہواجو
3841956,پارانا، انترے ریوس
3842190,پالپالا
3842670,اولاواریا
3842881,نویوی ڈے جولیو
3843123,نیوکوین
3843803,مونٹیروس
3844298,سان جوسے ڈے میتان
3844421,مندوسا، ارجنٹائن
3844899,مارکوس جوارز
3845181,مالارگویے
3845330,ماچاگائی
3846864,لنکن
3846915,لبرٹادور جنرل سان مارٹن
3848687,لاس بریناس
3848950,لا ریوجا، ارجنٹین
3851331,لا فالڈا
3852468,لابولائے
3853354,جونین
3853510,یسوع ماریا
3855041,جنرل ولیگاس
3855043,لوس ٹولڈوس
3855074,جنرل پنیڈو
3855075,جنرل پیکو
3855090,جنرل گویمز
3855139,جنرل الویئر
3855143,جنرل آچھا
3855666,فامیلا
3856022,ایسپیرانزا
3859384,ڈیامانٹی
3859512,ڈین فیونز
3859828,کروز ڈیل ایجے
3859965,کوسکوئن
3860164,کرنل سوارز
3860174,کرنل پرنگلز
3860217,کورونڈا
3860259,قرطبہ، ارجنٹائن
3860443,کوموڈورو ریواڈاویا
3860828,کولون
3861344,چیولکوے
3861416,چمبس
3861445,چیلیسیتو
3861678,چاراتا
3861953,چاکابوکو
3862086,سیریلوس
3862240,کاؤسیٹے
3862320,خوان جوسے کاسٹیلی
3862351,کاسلڈا
3862583,کارمن ڈی پیٹاگونز
3862607,کارلوس کاسارز
3862981,کنیڈا ڈی گومز
3863882,براگادو
3864331,بیل ویل
3864375,بیلا ویسٹا
3864430,بیلن
3865086,باہیا بلانکا
3865436,ارسیفس
3865840,انا تویا
3866163,الٹا گریشیا
3866465,ایموگاسٹا
3866496,ایگیلاریس
3867291,فلاڈیلفیا
3868326,وکٹوریہ، چلی
3868626,بآلپارایسو
3868707,والڈیویا
3870011,ٹیمیوکو
3870294,تالکا
3873775,رانکاگوا
3874787,پونتہ ارینس
3874958,پویرتو ناتالیس
3874960,پویرٹو مونٹ
3883629,لا ونیون، چلی
3884373,لا سیرینا، چلی
3885456,لا لیگوا
3886405,لا کالیرا، چلی
3887127,اکیکے
3893656,کوپیاپو
3893894,کونسیپسیون
3894426,کویہیک
3895088,چیلان
3899361,اریکا
3899539,انتوفاگاستا
3901435,وینٹو
3902202,توپیزا
3902377,ٹرینیڈاڈ، بولیویا
3903320,تاریخا
3903987,سکرے
3904906,سانتا کروز دے لا سیئرا
3906194,ساکبہ
3906791,قویلاکولو
3907080,پوناتا
3907584,پوتوسی
3909234,اورورو، بولیویا
3911925,لا پاز
3915350,جوایارامیرین
3919902,کولکاپیرحوا
3919968,کوچابامبا
3919998,کوبیخا
3928128,تاکنا
3931276,پونو
3931470,پوریتو مالدونادو
3934608,موکیگوا
3936456,لیما
3938527,اکا، پیرو
3939459,وانکایو
3939470,وانکابیلیکا
3940002,واچو
3941584,کوزکو
3944797,سیرو دے پاسکو
3946083,کایاو
3947019,ایاکوچو
3947322,اریکیپا
3948642,اوانکائی
3979844,زاکاٹیکاس
3980760,اورواپان
3981609,تیخوانا
3981941,ٹیپِک
3982266,تیکاتے
3985604,سان لویس ریو کولورادو
3985606,سان لوئیس پوتوسی سٹی
3985710,کابو سن لوکس
3987224,سن فیلیپی
3988086,سالتیو
3988214,سالامانکا، گواناخواتو
3991164,کوارتارو، کوارتارو
3991328,پورتو ویئیارتا
3992619,پیئدراس نیگراس، كواہويلا
3994616,نویوو کاساس جراندیس
3995019,ناووخوا
3995402,موریلیا
3995465,مونتےرئی
3995523,مونکلووا
3996069,میکسیکالی
3996322,ماساتلان
3997479,لوس موچیس
4000900,لا پاز
4002745,لا کروز، سینالوا
4004330,ایراپواتو
4004867,پارال، چہواہوا
4004886,نوگالیس، سونورا
4004898,ارموسیو
4005270,گوانا ہواتو
4005539,گواڈلہارا
4006163,فریسنیو
4006702,اینسینادا، باخا کیلیفورنیا
4011743,دورانگو سٹی
4012176,کولیاکن
4013516,کولیما
4013704,سیوداد اوبریگون
4013708,سیوداد خواریز
4013720,دیلیسیاس، چہواہوا
4014338,چہواہوا
4014875,سیلائیا
4018390,آپوداکا
4019233,آگوسکالینٹس
4030723,ایڈمز ٹاؤن، جزائر پٹکیرن
4033936,پاپیٹی
4034821,ماتا-اتو
4035413,آپیا
4035715,آواریا
4036284,الوفی
4044012,هاگاتنا
4048662,پاڈوکاہ، کینٹکی
4049979,برمنگھم، الاباما
4058553,ڈیکیٹر، الاباما
4059102,ڈوتھن، الاباما
4061234,فیئرہوپ، الاباما
4062577,فلورنس، الاباما
4067994,ہوور، الاباما
4068590,ہنٹسویل، الاباما
4074267,میڈیسون، الاباما
4076598,موبائل، الاباما
4076784,مونٹگمری، الاباما
4081914,آکسفرڈ، الاباما
4094163,ٹرائے، الاباما
4101114,بیلا وسٹا، آرکنساس
4101241,بینٹن، آرکنساس
4101260,بینٹنویل، آرکنساس
4103957,کابوٹ، آرکنساس
4106458,کونوے، آرکنساس
4110486,فائیٹویل، آرکنساس
4111410,فورٹ سمتھ، آرکنساس
4116315,جککسونویل، ارکنساس
4116834,جونسبورو، آرکنساس
4119403,لٹل راک، آرکنساس
4124112,نارتھ لٹل راک، آرکنساس
4125388,پیراگولڈ، آرکنساس
4126226,پائن بلف، آرکنساس
4128894,راجرز، آرکنساس
4129397,رسلویل، آرکنساس
4132093,سپرنگڈیل، آرکنساس
4133367,ٹیکسرکینا، آرکنساس
4135865,ویسٹ میمفس، آرکنساس
4137457,ایڈمز مورگن
4137810,برائٹ ووڈ
4137919,کیپٹل ہل
4138102,کولمبیا ہائٹس
4139673,ماؤنٹ پلیزینٹ، واشنگٹن ڈی سی
4139953,پارک ویو، واشنگٹن ڈی سی
4140007,پیٹورتھ، واشنگٹن ڈی سی
4140463,شا، واشنگٹن ڈی سی
4142290,ڈوور، ڈیلاویئر
4143637,مڈل ٹاؤن، ڈیلاویئر
4143861,نیوارک، ڈیلاویئر
4145381,ویلمینگٹن، ڈیلاویئر
4148757,برینڈن، فلوریڈا
4149962,کیپ کورل، فلوریڈا
4151316,کلیئرواٹر، فلوریڈا
4151455,کوکونٹ کریک، فلوریڈا
4151824,کوپر سٹی، فلوریڈا
4151909,کورل اسپرنگز، فلوریڈا
4155966,فورٹ لاوڈرڈیل، فلوریڈا
4158476,ہیالیاہ، فلوریڈا
4158928,ہالی ووڈ، فلوریڈا
4160021,جیکسن ویل
4160023,جککسونویل بیچ، فلوریڈا
4160100,جیسمین اسٹیٹس، فلوریڈا
4161373,لیک میری، فلورایڈا
4161400,لیک ویلز، فلورایڈا
4161422,لیک ورتھ، فلورایڈا
4161424,لیک ورتھ کوریڈور، فلورایڈا
4161438,لیک لینڈ، فلورایڈا
4161461,لیک سائڈ، فلوریڈا
4161580,لارگو، فلورایڈا
4161771,لیزبرگ، فلوریڈا
4163049,لین ہیون، فلوریڈا
4163220,میٹلینڈ، فلوریڈا
4163971,ملبورن، فلوریڈا
4164138,میامی
4164143,میامی بیچ، فلوریڈا
4164167,میامی گارڈنز، فلوریڈا
4165519,میرٹل گروو، فلورائڈا
4165637,نوار، فلوریڈا
4166066,نارلینڈ، فلوریڈا
4166232,شمالی میامی، فلوریڈا
4166233,شمالی میامی بیچ، فلوریڈا
4167147,اورلینڈو، فلوریڈا
4167519,پام بیچ گارڈنز، فلوریڈا
4167538,پام کوسٹ، فلوریڈا
4167583,پام سپرنگز، فلوریڈا
4167694,پاناما سٹی، فلوریڈا
4167829,پارکلینڈ، فلوریڈا
4168139,پیمبروک پائنز، فلوریڈا
4168782,پلانٹیشن، فلوریڈا
4169014,پومپانو بیچ، فلوریڈا
4170617,رائل پام بیچ، فلوریڈا
4170797,سفتے ہاربر، فلوریڈا
4174383,سنی آئلز بیچ، فلوریڈا
4174600,سوئیٹ واٹر، میامی-ڈیڈ کاؤنٹی، فلوریڈا
4174715,تالاہاسی، فلوریڈا
4174757,ٹیمپا، فلوریڈا
4175437,ٹائٹسویل، فلوریڈا
4176409,ویرو بیچ، فلوریڈا
4177703,ویلنگٹن، فلوریڈا
4177887,ویسٹ پام بیچ، فلوریڈا
4178552,ونٹر ہیون، فلوریڈا
4178560,ونٹر پارک، فلوریڈا
4178573,ونٹر سپرنگس، فلوریڈا
4179074,ایکورتھ، جارجیا
4179320,البانی، جارجیا
4179574,الفاریتا، جارجیا
4179667,امریکس، جارجیا
4180386,ایتھنز، جارجیا
4180439,اٹلانٹا، جارجیا
4180531,آگسٹا، جارجیا
4184530,بروک ہیون، جارجیا
4184845,برنسوک، جارجیا
4185657,کالہون، جارجیا
4186416,کارولٹن، جارجیا
4186531,کیرٹرسویل، جارجیا
4187204,چمبلی، جارجیا
4188985,کولمبس، جارجیا
4189213,کونیرز، جارجیا
4190581,ڈیلٹن، جارجیا
4191124,دیکاتر، جارجیا
4191955,ڈگلس ویل، جارجیا
4192205,ڈبلن، جارجیا
4192289,دولوتھ، جارجیا
4192375,ڈنووڈی، جارجیا
4192674,ایسٹ پوائنٹ، جارجیا
4194474,فیتویل، جارجیا
4195701,فاریسٹ پارک، جارجیا
4196586,گینس ویل، جارجیا
4198322,گریفین، جارجیا
4200671,ہینیسویل، جارجیا
4203696,کینساؤ، جارجیا
4204007,کنگزلینڈ، جارجیا
4205196,لارنسویل، جارجیا
4207226,مابلیٹون، جارجیا
4207400,میکن، جارجیا
4207783,مریٹا، جارجیا
4208442,مک دونو، جارجیا
4212684,نیونن، جارجیا
4212888,نورکراس، جارجیا
4215110,پیچ ٹری سٹی، جارجیا
4215114,پیچ ٹری کورنرز، جارجیا
4215391,پیری، جارجیا
4219001,ریورڈیل، جارجیا
4219762,روم، جارجیا
4219934,روزول، جارجیا
4220629,سینٹ میریز، جارجیا
4221333,سینڈی سپرنگز، جارجیا
4221552,ساواناہ، جارجیا
4223379,سمرنا، جارجیا
4223413,سنیل ویل، جارجیا
4224681,سٹاک برج، جارجیا
4225309,سوانی، جارجیا
4226348,ٹامسویل، جارجیا
4226552,ٹفٹن، جارجیا
4228147,والڈوسٹا، جارجیا
4229476,وارنز روبنز، جارجیا
4231354,ویلمینگٹن جزیرہ، جارجیا
4231523,ونڈر، جارجیا
4231874,ووڈسٹاک، جارجیا
4232679,آلٹن، الینوائے
4233813,بیلویل، الینوائے
4235193,کاربونڈیل، الینوائے
4235668,چارلسٹن، الینوائے
4236191,کولنزویل، الینوائے
4236895,ڈیکاٹر، الینوائے
4237717,ایڈورڈزویل، الینوائے
4239714,گرینائٹ سٹی، الینوائے
4241704,جیکسن ویل، الینوائے
4243899,ماریون، الینوائے
4244099,میٹن، الینوائے
4245152,ماؤنٹ ورنن، الینوائے
4245926,او فالن، الینوائے
4247703,کوئنسی، الینوائے
4250542,اسپرنگ فیلڈ، الینوائے
4254679,بلومنگٹن، انڈیانا
4255466,کارمل، انڈیانا
4255836,کلارکسویل، انڈیانا
4256038,کولمبس، انڈیانا
4257227,ایوانز ویل، انڈیانا
4257494,فشرز، انڈیانا
4258285,گرین فیلڈ، انڈیانا
4258313,گرین ووڈ، انڈیانا
4259418,انڈیاناپولس، انڈیانا
4259640,جسپر، انڈیانا
4259671,جفرسن ویل، انڈیانا
4260210,لارنس، انڈیانا
4262072,نیو کیسل، انڈیانا
4263108,پلینفیلڈ، انڈیانا
4263681,رچمنڈ، انڈیانا
4264617,سیمور، انڈیانا
4265737,تر ہات، انڈیانا
4266307,ونسینز، انڈیانا
4270356,ڈربی، کنساس
4271086,ایمپوریا، کنساس
4271935,گارڈنر، کنساس
4272340,گریٹ بینڈ، کنساس
4272782,ہیئز، کنساس
4273299,ہچینسن، کنساس
4273680,جنکشن سٹی، کنساس
4274277,لارنس، کنساس
4274305,لیونورتھ، کنساس
4274317,لیووڈ، کنساس
4274994,مینہٹن، کنساس
4276248,نیوٹن، کنساس
4276614,اولیتھی، کنساس
4276873,اوورلینڈ پارک، کنساس
4277241,پٹسبرگ، کنساس
4277718,پریری گاؤں، کنساس
4278890,سیلائنا، کنساس
4279247,شانی، کنساس
4280539,ٹوپیکا
4281730,ویچیتا، کنساس
4282757,ایشلنڈ، کینٹکی
4285268,باولنگ گرین، کینٹکی
4286281,برلنگٹن، کینٹکی
4288809,کوونگٹن، کینٹکی
4289445,ڈینویل، کینٹکی
4291255,ایرلینگیر، کینٹکی
4291945,فلورنس، کینٹکی
4292071,فورٹ تھامس، کینٹکی
4292188,فرینک فورٹ، کینٹکی
4292686,جارج ٹاؤن، کینٹکی
4294494,ہینڈرسن، کینٹکی
4295251,ہاپکنزویل، کینٹکی
4295776,انڈیپینڈینس، کینٹکی
4297983,لیکسنگٹن، کینٹکی
4299276,لوئیزویل، کینٹکی
4299670,میڈیسونویلی، کینٹوکی
4302035,مرے، کینٹکی
4302529,نیوپورٹ، کینٹکی
4302561,نیکولسویل، کینٹکی
4303436,اوینسبورو، کینٹکی
4305504,ریڈکلف، کینٹکی
4313697,ونچیسٹر، کینٹکی
4314550,الیگزینڈریا، لوزیانا
4315588,بیٹون روج، لوزیانا
4317639,بوسیئر سٹی، لوزیانا
4319518,شالمیٹ، لوزیانا
4326868,ہیمنڈ، لوزیانا
4328010,ہووما، لوزیانا
4329753,کینر، لوزیانا
4330145,لافیت، لوسیانہ
4330236,لیک چارلس، لوسیانہ
4330525,لاپلاس، لوزیانا
4332628,میریرو، لوزیانا
4333177,میٹیری، لوزیانا
4333669,مونرو، لوزیانا
4334720,نیچایتوچیس، لوزیانا
4334971,نیو آئبیریا، لوزیانا
4339348,رسٹن، لوزیانا
4341513,شریوپورٹ، لوزیانا
4341727,سلایڈیل، لوزیانا
4342816,سلفر، لوزیانا
4343327,ٹیری ٹاؤن، لوزیانا
4346913,ایبرڈین، میری لینڈ
4347242,ایناپولس، میری لینڈ
4347371,آربیوٹس، میری لینڈ
4347553,ایسپن ہل، میری لینڈ
4347778,بالٹیمور، میری لینڈ
4348599,بیتھسڈا، میری لینڈ
4349159,بووئی، میری لینڈ
4350413,کارنی، میری لینڈ
4350635,کیٹونسویل
4351383,چلم، میری لینڈ
4351871,کلنٹن، میری لینڈ
4351887,کاکیزویل-ہنٹ ویلی، میری لینڈ
4351977,کالج پارک، میری لینڈ
4352053,کولمبیا، میریلینڈ
4352539,کروفٹن، میری لینڈ
4352681,کمبرلینڈ، میری لینڈ
4353765,ڈنڈاک، میری لینڈ
4354163,ایلڈرزبرگ، میری لینڈ
4354256,ایلکریج، میری لینڈ
4354265,ایلیکاٹ سٹی، میری لینڈ
4354428,ایسیکس، میری لینڈ
4354573,فیئرلینڈ، میری لینڈ
4354821,فیرنڈیل، میری لینڈ
4355585,فریڈرک، میری لینڈ
4355843,گیتھرزبرگ، میری لینڈ
4356050,جرمن ٹاؤن، مونٹگمری کاؤنٹی، میری لینڈ
4356188,گلین برنی، میری لینڈ
4356847,گرین بیلٹ، میری لینڈ
4357141,ہیگرزٹاؤن، میری لینڈ
4358082,ہلکریسٹ ہائٹس
4360287,لینڈاوور، میری لینڈ
4360314,لینگلی پارک، میری لینڈ
4360369,لورل، میری لینڈ
4362344,مڈل ریور، میری لینڈ
4362438,میلفورڈ مل، میری لینڈ
4362743,مونٹگمری گاؤں، میری لینڈ
4364537,اولنی، میری لینڈ
4364727,اوونگز ملز، میری لینڈ
4364759,آکسن ہل، میری لینڈ
4365387,پائکسویل، میری لینڈ
4366001,پوٹومیک، میری لینڈ
4366476,رینڈلزٹاؤن، میری لینڈ
4366647,ریئسٹرٹاون، میری لینڈ
4367175,راکویل، میری لینڈ
4367372,روزڈیل، میری لینڈ
4368711,سیلسبری، میری لینڈ
4369190,سیورن، میری لینڈ
4369596,سلور سپرنگ، میری لینڈ
4369964,ساؤتھ گیٹ، میری لینڈ
4370616,سوٹلینڈ، میری لینڈ
4370890,ٹاکوما پارک، میری لینڈ
4371582,ٹاوسن، میری لینڈ
4372599,والڈورف، میری لینڈ
4373238,ویسٹ منسٹر، میری لینڈ
4373449,وائٹ اوک، میری لینڈ
4374054,ووڈلان، بالٹیمور کاؤنٹی، میری لینڈ
4375087,آرنلڈ، مسوری
4375663,بالون، مسوری
4377664,بلیو سپرنگز، مسوری
4379966,کیپ جیرادو، مسوری
4381072,چیسٹرفیلڈ، مسوری
4381478,کلیٹن، مسوری
4381982,کولمبیا، مسوری
4382837,کریو کویر، مسوری
4386289,فارمنگٹن، مسوری
4386802,فلوریسینٹ، مسوری
4387990,گلیڈسٹون، مسوری
4389967,ہیزلووڈ، مسوری
4391812,انڈیپینڈینس، مسوری
4392388,جیفرسن سٹی، مسوری
4392768,جوپلن، مسوری
4393217,کنساس شہر، مسوری
4393739,کرکووڈ، مسوری
4395052,لبرٹی، مسوری
4397340,میری لینڈ ہائٹس، مسوری
4400648,نکسا، مسوری
4405188,رے ٹاؤن، مسوری
4405434,ریپبلک، مسوری
4407066,سینٹ لوئس
4409896,سپرنگفیلڈ، مسوری
4414001,وینٹزویل، مسوری
4414749,وائلڈووڈ، مسوری
4418478,بیلوکسی، مسیسپی
4419290,برینڈن، مسیسپی
4421935,کلارکسڈیل، مسیسپی
4422133,کلنٹن، مسیسپی
4422442,کولمبس، مسیسپی
4427569,گاوٹیر، مسیسپی
4428475,گرینویل، مسیسپی
4428495,گرینووڈ، مسیسپی
4428667,گلف پورٹ، مسیسپی
4429295,ہیٹیسبرگ، مسیسپی
4429589,ہرنینڈو، مسیسپی
4430400,ہارن لیک، مسیسپی
4431410,جیکسن، مسیسپی
4433039,لورل، مسیسپی
4434069,لانگ بیچ، مسیسپی
4434663,میڈیسون، مسیسیپی
4435764,میریڈیئن، مسیسپی
4437982,نچز، مسیسپی
4439506,اوشن سپرنگز، مسیسپی
4439869,اولیو برانچ، مسیسپی
4440076,آکسفورڈ، مسیسپی
4440397,پاسکاگولا، مسیسپی
4440559,پرل، مسیسپی
4443296,ریجلینڈ، مسیسپی
4446675,ساؤتھایون، مسیسپی
4447161,سٹارکویل، مسیسپی
4448903,ٹوپولو، مسیسپی
4449620,ویکسبرگ، مسیسپی
4452303,البیمارل، شمالی کیرولائنا
4452808,ایپیکس، شمالی کیرولائنا
4453035,ایشبرو، شمالی کیرولائنا
4453066,ایشویل، شمالی کیرولائنا
4456703,بون، شمالی کیرولائنا
4458228,برلنگٹن، شمالی کیرولینا
4459343,کاربورو، شمالی کیرولائنا
4459467,کیری، شمالی کیرولائنا
4460243,شارلوٹ، شمالی کیرولائنا
4460943,کلیٹن، شمالی کیرولائنا
4461574,کونکورڈ، شمالی کیرولائنا
4464368,ڈرہم، شمالی کیرولائنا
4464873,ایڈن، شمالی کیرولائنا
4465088,الزبتھ شہر، شمالی کیرولائنا
4466033,فائیٹویل، شمالی کیرولائنا
4467485,فوکئے-وارینا، شمالی کیرولینا
4467657,گارنر، شمالی کیرولینا
4467732,گیسٹونیا، شمالی کیرولائنا
4468261,گولڈزبرو، شمالی کیرولائنا
4469146,گرینزبورو، شمالی کیرولائنا
4469160,گرینویل، شمالی کیرولائنا
4470244,ہیولاک، شمالی کیرولائنا
4470566,ہینڈرسن، شمالی کیرولائنا
4470778,ہیکری، شمالی کیرولائنا
4471025,ہائی پوائنٹ، شمالی کیرولائنا
4471641,ہالی سپرنگز، شمالی کیرولائنا
4471851,ہوپ ملز، شمالی کیرولائنا
4472370,ہنٹرزویل، شمالی کیرولائنا
4473083,جیکسن ویل، شمالی کیرولائنا
4474040,کیناپولس، شمالی کیرولائنا
4474221,کیرنرزویل، شمالی کیرولائنا
4474436,کینسٹن، شمالی کیرولائنا
4475347,لاورینبرگ، شمالی کیرولائنا
4475640,لینور، شمالی کیرولائنا
4475773,لیکسنگٹن، شمالی کیرولائنا
4477525,لمبرٹن، شمالی کیرولائنا
4478334,میتھیوز، شمالی کیرولائنا
4479946,مونرو، شمالی کیرولائنا
4480125,مورزویل، شمالی کیرولائنا
4480219,مورگنٹن، شمالی کیرولائنا
4480285,مورسویل، شمالی کیرولائنا
4481682,نیو برن، شمالی کیرولائنا
4487042,رالی، شمالی کیرولینا
4488232,روانوک ریپڈس، شمالی کیرولائنا
4488762,راکی ماؤنٹ، شمالی کیرولائنا
4489985,سیلسبری، شمالی کیرولائنا
4490329,سینفورڈ، شمالی کیرولائنا
4491180,شیلبی، شمالی کیرولائنا
4494942,تھامسویل، شمالی کیرولائنا
4497290,ویک فارسٹ، شمالی کیرولائنا
4499379,ویلمینگٹن، شمالی کیرولائنا
4499389,ولسن، شمالی کیرولائنا
4500546,اٹلانٹک سٹی، نیو جرسی
4500942,برجٹن، نیو جرسی
4501018,کیڈمن، نیو جرسی
4504621,وائنلینڈ، نیو جرسی
4504871,ولیمزٹاؤن، نیو جرسی
4505542,ایتھنز، اوہائیو
4508204,سینٹرویل، مونٹگمری کاؤنٹی، اوہائیو
4508722,سنسیناٹی
4509177,کولمبس، اوہائیو
4511263,فیئربورن، اوہائیو
4513575,ہیملٹن، اوہائیو
4514746,وین ٹاؤن شپ، مونٹگمری کاؤنٹی، اوہائیو
4515843,کیٹرنگ، اوہائیو
4516233,لانکیسٹر، اوہائیو
4517698,میسن، اوہائیو
4518264,مڈل ٹاؤن، اوہائیو
4520760,آکسفورڈ، اوہائیو
4522586,رورسائیڈ، اوہائیو
4525353,سپرنگفیلڈ، اوہائیو
4528259,وائٹ اوک، اوہائیو
4528291,وائٹ ہال، اوہائیو
4529096,ایڈا، اوکلاہوما
4529469,آرڈمور، اوکلاہوما
4529987,بارٹلزویل، اوکلاہوما
4530372,بیتھانی، اوکلاہوما
4530801,بیکسبی، اوکلاہوما
4531405,بروکن ایرو، اوکلاہوما
4534934,ڈیل سٹی، اوکلاہوما
4535389,ڈنکن، اوکلاہوما
4535740,ایڈمونڈ، اوکلاہوما
4535961,اینڈ، اوکلاہوما
4540737,لاٹن، اوکلاہوما
4542765,مڈویسٹ سٹی، اوکلاہوما
4542975,موور، اوکلاہوما
4543338,مسکوگی، اوکلاہوما
4544349,اوکلاہوما شہر، اوکلاہوما
4547407,اواسو، اوکلاہوما
4548267,پونکا سٹی، اوکلاہوما
4551177,شانی، اوکلاہوما
4552215,سٹیلواٹر، اوکلاہوما
4556165,یکون، اوکلاہوما
4557109,چیمبرزبرگ، پنسلوانیا
4557137,چیسٹر، پنسلوانیا
4560349,فلاڈیلفیا، پنسلوانیا
4562144,ویسٹ چیسٹر، پنسلوانیا
4562506,اگوادیلا، پورٹو ریکو
4562635,اریسیبو
4562768,برسلونیٹا
4562831,بایامون
4563008,کاگواس، پورٹو ریکو
4563243,کیرولینا
4563298,کاتانو
4563308,کائے
4564946,فاجارڈو، پویرٹو ریکو
4565105,گوایاما، پورٹو ریکو
4565119,گوینابو
4565564,اوماکاو، پورٹو ریکو
4566137,مناتی
4566385,مایاگویس، پورٹو ریکو
4566880,پونسے
4568127,سان خوآن
4568451,تروخیلو التو، پورٹو ریکو
4568533,بیگا باخا، پورٹو ریکو
4568917,یاوکو، پورٹو ریکو
4569067,ایکن، جنوبی کیرولائنا
4569298,اینڈرسن، جنوبی کیرولائنا
4571722,بلفٹن، جنوبی کیرولائنا
4574324,چارلسٹن، جنوبی کیرولائنا
4574989,کالہون، جنوبی کیرولائنا
4575352,کولمبیا، جنوبی کیرولائنا
4575461,کونوے، جنوبی کیرولائنا
4577263,ایزیلی، جنوبی کیرولائنا
4578737,فلورنس، جنوبی کیرولائنا
4580098,گوز کریک، جنوبی کیرولائنا
4580543,گرینویل، جنوبی کیرولائنا
4580569,گرینووڈ، جنوبی کیرولائنا
4580599,گریر، جنوبی کیرولائنا
4581832,ہلٹن ہیڈ جزیرہ، جنوبی کیرولائنا
4585000,لیکسنگٹن، جنوبی کیرولائنا
4586523,ماولڈن، جنوبی کیرولائنا
4588165,ماؤنٹ پلیزینٹ، جنوبی کیرولائنا
4588718,میرٹل بیچ، جنوبی کیرولائنا
4589368,شمالی آگسٹا، جنوبی کیرولائنا
4589387,شمالی چارلسٹن، جنوبی کیرولائنا
4589446,نارتھ میرٹل بیچ، جنوبی کیرولائنا
4595374,سیون اوکس، جنوبی کیرولائنا
4595864,سمپسنویل، جنوبی کیرولائنا
4596208,سوکاسٹی، جنوبی کیرولائنا
4597200,سپارٹنبرگ، جنوبی کیرولائنا
4597919,سمرویل، جنوبی کیرولائنا
4597948,سمٹر، جنوبی کیرولائنا
4600541,ویسٹ کولمبیا، جنوبی کیرولائنا
4604183,بارٹلیٹ، ٹینیسی
4608408,برینٹووڈ، ٹینیسی
4608657,برسٹل، ٹینیسی
4612862,چٹانوگا، ٹینیسی
4613868,کلارکسویل، ٹینیسی
4614088,کلیولینڈ، ٹینیسی
4614867,کولمبیا، ٹینیسی
4623560,فرینکلن، ٹینیسی
4628735,ہینڈرسنویل، ٹینیسی
4632595,جیکسن، ٹینیسی
4633419,جانسن سٹی، ٹینیسی
4634662,کنگزپورٹ، ٹینیسی
4641239,میمفس، ٹینیسی
4642938,مورس ٹاؤن، ٹینیسی
4644312,مورفریزبورو، ٹینیسی
4644585,نیشویل، ٹینیسی
4646571,اوک رج، ٹینیسی
4659557,سپرنگفیلڈ، ٹینیسی
4669635,ابیلین، ٹیکساس
4669828,ایڈسن، ٹیکساس
4670300,ایلن، ٹیکساس
4670555,الٹن، ٹیکساس
4671240,آرلنگٹن، ٹیکساس
4671524,اتاسکوشیا، ٹیکساس
4671654,آسٹن، ٹیکساس
4672731,بےٹاؤن، ٹیکساس
4672989,بیومونٹ، ٹیکساس
4673094,بیڈفورڈ، ٹیکساس
4673425,بیلٹن، ٹیکساس
4676740,براونزویل، ٹیکساس
4677008,برائن، ٹیکساس
4679195,کیرولٹن، ٹیکساس
4679867,سیڈر پارک، ٹیکساس
4682464,کالج سٹیشن، ٹیکساس
4682991,کونرو، ٹیکساس
4683416,کارپس کرسٹی، ٹیکساس
4684888,ڈیلاس
4685524,ڈیسوٹو، ٹیکساس
4685892,ڈینیسن، ٹیکساس
4685907,ڈینٹن، ٹیکساس
4686593,دوننا
4687331,ڈنکنویل، ٹیکساس
4688275,ایڈنبرگ، ٹیکساس
4689550,یولیس، ٹیکساس
4691585,فلاور ماؤنڈ، ٹیکساس
4691930,فورٹ ورتھ، ٹیکساس
4692559,فریسکو، ٹیکساس
4693003,گارلینڈ، ٹیکساس
4693342,جارج ٹاؤن، ٹیکساس
4694482,گرینڈ پریری
4694568,گریپوائن، ٹیکساس
4695066,گرینویل، ٹیکساس
4696233,ہارلنگین، ٹیکساس
4699066,ہیوسٹن
4700168,ارونگ، ٹیکساس
4703223,کیلین، ٹیکساس
4704027,لا مارکوی، ٹیکساس
4704108,لا پورت، ٹیکساس
4704628,لیک جیکسن، ٹیکساس
4705191,لانکیسٹر، ٹیکساس
4705349,لاریڈو، ٹیکساس
4705692,لیگ سٹی، ٹیکساس
4706057,لیوسویل، ٹیکساس
4707814,لونگویئو، ٹیکساس
4709013,مینسفیلڈ، ٹیکساس
4709272,مارشل، ٹیکساس
4709796,مک ایلن، ٹیکساس
4710178,مک کینی، ٹیکساس
4710826,مسکیٹ، ٹیکساس
4711725,مشن، ٹیکساس
4711801,مسوری سٹی، ٹیکساس
4714131,نیو براونفیلز، ٹیکساس
4717232,فلسطین، ٹیکساس
4717560,پیرس، ٹیکساس
4718097,پئیرلینڈ، ٹیکساس
4718711,فلوگیرویل، ٹیکساس
4718721,فار، ٹیکساس
4719457,پلانو، ٹیکساس
4720039,پورٹ آرتھر، ٹیکساس
4720131,پورٹلینڈ، ٹیکساس
4724129,راؤنڈ راک، ٹیکساس
4724564,سچسے، ٹیکساس
4724642,سگینؤ، ٹیکساس
4726206,سان انٹونیو
4726440,سان خوآن، ٹیکساس
4726491,سان مارکوس، ٹیکساس
4728328,شیرمین، ٹیکساس
4733624,سپرنگ، ٹیکساس
4734825,شوگر لینڈ، ٹیکساس
4735702,ٹیلر، ٹیکساس
4735966,ٹیمپل، ٹیکساس
4736096,ٹیکسرکینا، ٹیکساس
4736476,دی ووڈلینڈز، ٹیکساس
4738214,ٹائلر، ٹیکساس
4739157,وکٹوریہ، ٹیکساس
4739526,ویکو، ٹیکساس
4740629,ویسلاکو
4741752,ویچیتا فالز، ٹیکساس
4744091,الیگزینڈریا، ورجینیا
4748993,برسٹل، ورجینیا
4752031,شارلوٹزویل، ورجینیا
4752186,چساپیک، ورجینیا
4752229,چیسٹر، ورجینیا
4753671,کولونیل ہائٹس، ورجینیا
4755280,ڈینویل، ورجینیا
4758023,فیئرفیکس، ورجینیا
4760059,فریڈرکزبرگ، ورجینیا
4762894,ہیمپٹن، ورجینیا
4763231,ہیریسنبرگ، ورجینیا
4764826,ہوپویل، ورجینیا
4768351,لیک ریج، ورجینیا
4769125,لیزبرگ، ورجینیا
4769667,لنٹن ہال، ورجینیا
4771075,لینچبرگ، ورجینیا
4771401,ماناساس، ورجینیا
4771414,ماناساس پارک، ورجینیا
4772354,مکلین، ورجینیا
4773677,مونٹکلئر، ورجینیا
4776222,نارفوک، ورجینیا
4778626,پیٹرزبرگ، ورجینیا
4779999,پورٹسماؤت، ورجینیا
4780837,راڈفورڈ، ورجینیا
4781708,رچمنڈ، ورجینیا
4782167,روانوک، ورجینیا
4784112,سیلم، ورجینیا
4787117,سپرنگفیلڈ، ورجینیا
4787440,سٹانٹن، ورجینیا
4788158,سوفولک، ورجینیا
4791160,ویانا، ورجینیا
4791259,ورجینیا بیچ
4792522,ویئنزبورو، ورجینیا
4793846,ویلمزبرگ، ورجینیا
4794120,ونچیسٹر، ورجینیا
4795467,شارلٹ ایملی
4796512,سینٹ کروا
4801859,چارلسٹن، مغربی ورجینیا
4802316,کلارکسبرگ، مغربی ورجینیا
4805404,فیئرمونٹ، مغربی ورجینیا
4809537,ہنٹنگٹن، مغربی ورجینیا
4813878,مارٹنسبرگ، مغربی ورجینیا
4815352,مورگن ٹاؤن، مغربی ورجینیا
4817641,پارکرزبرگ، مغربی ورجینیا
4828193,شیرووڈ، آرکنساس
4828382,فرینکلن، انڈیانا
4830198,انیسٹن، الاباما
4830668,ایتھنز، الاباما
4830796,آبرن، الاباما
4832294,راویر، میساچوسٹس
4832353,ڈینبری، کنیکٹیکٹ
4832425,ڈیرین، کنیکٹیکٹ
4833403,ایسٹ ہارٹفورڈ، کنیکٹیکٹ
4833425,ایسٹ ہیون، کنیکٹیکٹ
4834040,اینفیلڈ، کنیکٹیکٹ
4834157,فیئرفیلڈ، کونیکٹیکٹ
4834272,فارمنگٹن، کنیکٹیکٹ
4835003,گلیسٹنبری، کنیکٹیکٹ
4835512,گیلفورڈ، کنیکٹیکٹ
4835654,ہیمڈن، کنیکٹیکٹ
4835797,ہارٹفورڈ، کنیکٹیکٹ
4838116,میڈیسون، کونیکٹیکوٹ
4838174,مانچسٹر، کنیکٹیکٹ
4838524,میریڈن، کنیکٹیکٹ
4838633,مڈل ٹاؤن، کنیکٹیکٹ
4838652,میلفورڈ، کنیکٹیکٹ
4839222,یونین سٹی، کنیکٹیکٹ
4839292,نیو بریٹن، کنیکٹیکٹ
4839319,نیو کنعان، کنیکٹیکٹ
4839366,نیو ہیون، کنیکٹیکٹ
4839416,نیو لندن، کنیکٹیکٹ
4839497,نیوانگٹن، کنیکٹیکٹ
4839704,نارتھ ہیون، کنیکٹیکٹ
4839822,نارواک، کنیکٹیکٹ
4839843,نارویچ، کنیکٹیکٹ
4840767,پلینویل، کنیکٹیکٹ
4842818,سیمور، کنیکٹیکٹ
4842898,شیلٹن، کنیکٹیکٹ
4843353,ساوتھ ونڈسر، کنیکٹیکٹ
4843362,ساوتھبری، کنیکٹیکٹ
4843378,ساوتھنگٹن، کنیکٹیکٹ
4843564,سٹیمفورڈ، کنیکٹیکٹ
4843811,سٹریٹفورڈ، کنیکٹیکٹ
4844309,ٹورنگٹن، کنیکٹیکٹ
4844459,ٹرمبل، کنیکٹیکٹ
4845056,والنگفورڈ، کنیکٹیکٹ
4845193,واٹربری، کنیکٹیکٹ
4845411,ویسٹ ہارٹفورڈ، کنیکٹیکٹ
4845419,ویسٹ ہیون، کنیکٹیکٹ
4845585,ویسٹپورٹ، کنیکٹیکٹ
4845612,ویدرزفیلڈ، کنیکٹیکٹ
4845871,ولٹن، کنیکٹیکٹ
4845898,وینڈم، کنیکٹیکٹ
4845920,ونڈسر، کنیکٹیکٹ
4846757,ایلٹونا، آئیووا
4846834,ایمز، آئیووا
4846960,انکینی، آئیووا
4848489,بیٹنڈورف، آئیووا
4849826,برلنگٹن، آئیووا
4850699,سیڈر فالز، آئیووا
4850751,سڈار ریپڈس، آئیووا
4852022,کلنٹن، آئیووا
4852832,کونسل بلفس، آئیووا
4853423,ڈیونپورٹ، آئیووا
4853828,دی موین، آئیووا
4857486,فورٹ ڈاج، آئیووا
4862034,آئیووا سٹی، آئیووا
4862760,جانسٹن، آئیووا
4866371,مارشل ٹاؤن، آئیووا
4866445,میسن شہر، آئیووا
4870380,آٹوموا، آئیووا
4876523,سیو سٹی، آئیووا
4879890,اربنڈیل، آئیووا
4880889,واٹرلو، آئیووا
4881346,ویسٹ دی موین، آئیووا
4882920,ایڈسن، الینوائے
4883078,الگونکوئن، الینوائے
4883207,ایلسپ، الینوائے
4883555,آرلنگٹن ہائٹس، الینوائے
4883904,ایونڈیل، شکاگو
4884141,بارٹلیٹ، الینوائے
4884192,بٹاویا، الینوائے
4884434,بیلووڈ، الینوائے
4884453,بیلویڈیر، الینوائے
4884597,بروین، الینوائے
4885156,بلومنگڈیل، الینوائے
4885164,بلومنگٹن
4885186,بلو آئی لینڈ، الینوائے
4885265,بولنگبروک، الینوائے
4885418,بریڈلی، الینوائے
4885565,برج پورٹ، شکاگو
4885573,بریجویئو، الینوائے
4885689,بروکفیلڈ، الینوائے
4885955,بفیلو گروو، الینوائے
4885983,بربینک، الینوائے
4886255,کلامے سٹی، الینوائے
4886662,کیرول سٹریم، الینوائے
4886676,کارپینٹرزویل، الینوائے
4887158,شیمپین، الینوائے
4887398,شکاگو
4887442,شکاگو ہائٹس، الینوائے
4888015,سیسیرو، الینوائے
4888892,کنٹری کلب ہلز، الینوائے
4889229,کرستل لیک، الینوائے
4889426,ڈنویل، الینوائے
4889447,ڈیرین، الینوائے
4889553,ڈے کالب، الینوائے
4889772,دےپلینے، الینوائے
4889959,ڈکسن، الینوائے
4890536,ایسٹ مولین، الینوائے
4890549,ایسٹ پیوریا، الینوائے
4890864,الگن، الینوائے
4890925,ایلک گروو گاؤں، الینوائے
4891010,المہرست، الینوائے
4891051,ایلم ووڈ پارک، الینوائے
4891382,اوانسٹن، الینوائے
4893171,فری پورٹ، الینوائے
4893392,گیلزبرگ، الینوائے
4893591,جنیوا، الینوائے
4894861,گورنی، الینوائے
4895066,ہنور پارک، الینوائے
4895298,ہاروے، الینوائے
4895876,ہائی لینڈ پارک، الینوائے
4898182,کنکاکی، الینوائے
4899012,لیک فوریسٹ، الینوائے
4899911,لنکن پارک، شکاگو
4900292,لاک پورٹ، الینوائے
4900373,لومبارڈ، الینوائے
4900579,لووز پارک، الینوائے
4900817,ماکومب، الینوائے
4901663,مک ہنری، الینوائے
4902476,مولن، الینوائے
4903024,ماؤنٹ پراسپیکٹ، الینوائے
4903184,منڈلائن، الینوائے
4903279,نیپرویل، الینوائے
4903862,نورتھ شکاگو، الینوائے
4904056,نارتھبروک، الینوائے
4904286,اوک فاریسٹ، الینوائے
4904365,اوک لان، الینوائے
4904937,اورلینڈ پارک، الینوائے
4904996,اوسویگو، الینوائے
4905006,اوٹاوا، الینوائے
4905211,پالاتائن، الینوائے
4905263,پپالوس ہلز، الینوائے
4905337,پارک فارسٹ، الینوائے
4905367,پارک رج، الینوائے
4905599,پیکن، الینوائے
4905687,پیوریا، الینوائے
4906125,پلینفیلڈ، الینوائے
4906882,پراسپکٹ ہائٹس، الینوائے
4907907,راک آئی لینڈ، الینوائے
4907959,راک فورڈ، الینوائے
4908052,رولنگ میڈوز، الینوائے
4908068,رومیوویل، الینوائے
4908737,سینٹ چارلز، الینوائے
4910713,شامبرگ، الینوائے
4911600,سکوکی، الینوائے
4911934,جنوبی ہالینڈ، الینوائے
4912499,سٹرلنگ، الینوائے
4913110,سیکامور، الینوائے
4913723,ٹنلی پارک، الینوائے
4914570,اربانا، الینوائے
4915545,واشنگٹن، الینوائے
4915734,واکیگن، الینوائے
4915963,ویسٹ شکاگو، الینوائے
4916288,ویٹن، الینوائے
4916311,ویلینگ، الینوائے
4917123,ووڈسٹاک، الینوائے
4917298,یارک ویل، الینوائے
4917358,زائن، الینوائے
4917592,اینڈرسن، انڈیانا
4919381,کرافورڈزویل، انڈیانا
4919451,کراؤن پوائنٹ، انڈیانا
4919857,مشرقی شکاگو، انڈیانا
4919987,الکارت، انڈیانا
4920423,فورٹ وین، انڈیانا
4920473,فرنکفرٹ، انڈیانا
4920607,گری، انڈیانا
4921100,ہیمونڈ، انڈیانا
4921402,ہائلینڈ، لیک کاؤنٹی، انڈیانا
4921476,ہوبرٹ، انڈیانا
4921725,ہنٹنگٹن، انڈیانا
4922388,کوکومو، انڈیانا
4922462,لا فائت، انڈیانا
4923210,میرین، انڈیانا
4923531,مشی گن سٹی، انڈیانا
4923670,مشاواکا، انڈیانا
4924006,منسی، انڈیانا
4924104,نیو ہیون، انڈیانا
4925006,پورٹیج، انڈیانا
4926170,شیئرویل، انڈیانا
4926563,ساؤتھ بینڈ، انڈیانا
4927537,ولپراسیو، انڈیانا
4928096,مغربی لافائت، انڈیانا
4928118,ویسٹ فیلڈ، انڈیانا
4928662,ایبنگٹن، میساچوسٹس
4928703,ایکٹن، میساچوسٹس
4928788,ایگاوام، میساچوسٹس
4929004,ایمزبیری، میساچوسٹس
4929180,آرلنگٹن، میساچوسٹس
4929283,ایشلنڈ، میساچوسٹس
4929399,ایٹلبرو، میساچوسٹس
4929417,آبرن، میساچوسٹس
4929771,بارنسٹیبل، میساچوسٹس
4930505,بیورلی، میساچوسٹس
4930956,بوسٹن
4931429,بروکٹن، میساچوسٹس
4931737,برلنگٹن، میساچوسٹس
4931972,کیمبرج، میساچوسٹس
4932819,چارلس ٹاؤن، بوسٹن
4932879,چیلسی، میساچوسٹس
4933002,چیکوپی، میساچوسٹس
4933743,کونکورڈ، میساچوسٹس
4935582,ایسٹ ہیمپٹن، میساچوسٹس
4935623,ایسٹن، میساچوسٹس
4936008,ایوریٹ، میساچوسٹس
4936087,فیئرہون، میساچوسیٹس
4936159,فال ریور، میساچوسیٹس
4936812,فیچبرگ، میساچوسٹس
4937230,فریمنگہیم، میساچوسٹس
4937276,فرینکلن، میساچوسٹس
4937557,گارڈنر، میساچوسٹس
4937829,گلوسٹر، میساچوسٹس
4938048,گرافٹن، میساچوسٹس
4938378,گرین فیلڈ، میساچوسٹس
4939085,ہیویرہل، میساچوسٹس
4939783,ہولیوک، میساچوسٹس
4940764,جمیکا پلائیں
4941720,لارنس، میساچوسٹس
4941873,لیومینسٹر، میساچوسٹس
4941935,لیکسنگٹن، میساچوسٹس
4942618,لوویل، میساچوسٹس
4942807,لین، میساچوسٹس
4942939,مالڈن، میساچوسٹس
4943097,ماربل ہیڈ، میساچوسٹس
4943170,مارلبورو، میساچوسٹس
4943629,میڈفورڈ، میساچوسٹس
4943828,میتھوئن، میساچوسٹس
4943958,میلفورڈ، میساچوسٹس
4944193,ملٹن، میساچوسٹس
4945121,نیو بیڈفورڈ، میساچوسٹس
4945256,نیوبریپورٹ، میساچوسٹس
4945283,نیوٹن، میساچوسٹس
4945819,نارتھیمپٹن، میساچوسٹس
4946620,پامر، میساچوسٹس
4946863,پیباڈی، میساچوسٹس
4947459,پٹسفیلڈ، میساچوسٹس
4948247,کوئنسی، میساچوسٹس
4948403,رینڈولف، میساچوسٹس
4948462,ریڈنگ، میساچوسٹس
4950065,سیلم، میساچوسٹس
4951257,سومرویل، میساچوسٹس
4951594,ساوتھبریج، میساچوسٹس
4951788,سپرنگفیلڈ، میساچوسٹس
4952629,ٹاؤنٹن، میساچوسٹس
4954380,والتھم، میساچوسٹس
4954611,واٹر ٹاؤن، میساچوسٹس
4955089,ویسٹ سپرنگفیلڈ، میساچوسٹس
4955190,ویسٹ فیلڈ، میساچوسٹس
4955336,ویماوتھ، میساچوسٹس
4955840,ویلمینگٹن، میساچوسٹس
4955884,ونچیسٹر، میساچوسٹس
4955993,ونتھروپ، میساچوسٹس
4956032,ووبرن، میساچوسٹس
4956184,ووسٹر، میساچوسٹس
4956335,یارموتھ، میسا چوسٹس
4956976,آبرن، مینے
4957003,آگسٹا، میئن
4957280,بانگور، میئن
4958141,بیڈیفورڈ، میئن
4959473,برنزوک، مینے
4969398,لیوئسٹں، میئن
4975802,ورٹلینڈ، مینے
4977222,سکو،مائنے
4977762,سینفورڈ، میئن
4979244,جنوبی پورٹلینڈ، مینے
4982236,واٹرویل، میئن
4982753,ویسٹبروک، میئن
4983811,ایڈرین، مشی گن
4984016,الین پارک، مشی گن
4984029,ایلنڈیل، مشی گن
4984247,این آربر، مشی گن
4984565,آبرن ہلز، مشی گن
4985153,بیٹل کریک، مشی گن
4985180,بے سیٹی، مشی گن
4985744,بارکلے، مشی گن
4986172,برمنگھم، مشی گن
4987482,برٹن، مشی گن
4990510,ڈئربورن، مشی گن
4990512,ڈئربورن ہائٹس، مشی گن
4990729,ڈیٹرائٹ
4991640,مشرقی لینسنگ، مشی گن
4991735,ایسٹ پوائنٹ، مشی گن
4992523,فارمنگٹن ہلز، مشی گن
4992635,فرینڈیل، مشی گن
4992982,فلنٹ، مشی گن
4993659,گارڈن سٹی، مشی گن
4995197,ہیمٹرامک، مشی گن
4995664,ہیزل پارک، مشی گن
4996248,ہالینڈ، مشی گن
4997384,جیکسن، مشی گن
4997787,کالامازو، مشی گن
4998018,کینٹووڈ، مشی گن
4998830,لانسنگ، مشی گن
4999311,لنکن پارک، مشی گن
4999837,لیوونیا، مشی گن
5000500,میڈیسون ہائٹس، مشی گن
5001929,مڈلینڈ، مشی گن
5003132,مسکیگن، مشی گن
5004062,نوی، مشی گن
5004188,اوک پارک، مشی گن
5006166,پونٹیئک، مشی گن
5006250,پورٹیج، مشی گن
5007402,روچیسٹر ہلز، مشی گن
5007655,روزویل، مشی گن
5007804,رائل اوک، مشی گن
5007989,سگینؤ، مشی گن
5010636,ساؤتھ فیلڈ، مشی گن
5010646,ساؤتھ گیٹ، مشی گن
5011148,سٹرلنگ ہائٹس، مشی گن
5011908,ٹیلر، مشی گن
5012521,ٹرنٹن، مشی گن
5012639,ٹرائے، مشی گن
5014051,وارن، مشی گن
5014224,وین، مشی گن
5014681,ویسٹلینڈ، مشی گن
5015618,وائیومنگ، مشی گن
5015688,یپسلنتی، مشی گن
5016024,البرٹ لی، مینیسوٹا
5016374,اندوویر، مینیسوٹا
5016450,انوکا، مینیسوٹا
5016494,ایپل ویلی، مینیسوٹا
5016884,آسٹن، مینیسوٹا
5018739,بلومنگٹن، مینیسوٹا
5019330,بروکلین سینٹر، مینیسوٹا
5019335,بروکلین پارک، مینیسوٹا
5019588,بوفیلو، مینیسوٹا
5019767,برنزویل، مینیسوٹا
5020859,چیمپلن، مینیسوٹا
5020881,چین ہاسن، مینیسوٹا
5020938,چاسکا، مینیسوٹا
5021828,کولمبیا ہائٹس، مینیسوٹا
5022025,کون ریپڈز، مینیسوٹا
5022134,کوٹیج گروو، مینیسوٹا
5023571,کرسٹل، مینیسوٹا
5024719,ڈولوتھ، مینیسوٹا
5024825,ایگان، مینیسوٹا
5025219,ایڈن پریری، مینیسوٹا
5025264,ایڈینا، مینیسوٹا
5026321,فارمنگٹن، مینیسوٹا
5027482,فریڈلی، مینیسوٹا
5030005,ہیبانگ، مینیسوٹا
5031412,اینور گروو ہائٹس، مینیسوٹا
5034059,لیک ویل، منیسوٹا
5036420,مینکیٹو، مینیسوٹا
5036493,میپل گروو، مینیسوٹا
5036588,میپلووڈ، مینیسوٹا
5037649,منیاپولس
5037784,مینیٹونکا، مینیسوٹا
5038108,مورہیڈ، مینیسوٹا
5039080,نیو برائٹن، مینیسوٹا
5039094,نیو ہوپ، مینیسوٹا
5039675,نارتھفیلڈ، مینیسوٹا
5039978,اوکڈیل، مینیسوٹا
5040647,اواٹانا، مینیسوٹا
5041926,پلایماؤت، مینیسوٹا
5042561,ریمسی، مینیسوٹا
5043193,رچفیلڈ، مینیسوٹا
5043473,روچیسٹر، مینیسوٹا
5043799,روزویل، مینیسوٹا
5045360,سینٹ پال، مینیسوٹا
5046063,سیویج، مینیسوٹا
5046997,شاکوپی، مینیسوٹا
5047234,شورویئو، مینیسوٹا
5052658,وائٹ بئیر لیک، مینیسوٹا
5053156,وینونا، مینیسوٹا
5053358,ووڈبری، مینیسوٹا
5059163,فارگو
5059429,گرینڈفورکس
5059836,جیمز ٹاون، شمالی ڈکوٹا
5062458,ویسٹ فارگو، شمالی ڈکوٹا
5063805,بلویو، نیبراسکا
5066001,کولمبس، نیبراسکا
5068725,فریمونٹ، نیبراسکا
5069297,گرینڈ آئلینڈ، نیبراسکا
5069802,ہیسٹنگز، نیبراسکا
5071348,کیرینی، نیبراسکا
5071665,لا ویسٹا، نیبراسکا
5072006,لنکن، نیبراسکا
5073965,نارفوک، نیبراسکا
5074472,اوماہا، نیبراسکا
5074792,پیپیلین، نیبراسکا
5083221,بیڈفورڈ، نیو ہیمپشائر
5084868,کونکورڈ، نیو ہیمپشائر
5085374,ڈیری، نیو ہیمپشائر
5085520,ڈوور، نیو ہیمپشائر
5088262,کین، نیو ہیمپشائر
5088438,لاکونیا، نیو ہیمپ شائر
5089178,مانچسٹر، نیو ہیمپشائر
5089478,میریمیک، نیو ہیمپشائر
5090046,ناشوا، نیو ہیمپشائر
5091383,پورٹسماؤت، نیو ہیمپشائر
5091872,روچیسٹر، نیو ہیمپشائر
5092268,سیلم، نیو ہیمپشائر
5095281,اسبری پارک، نیو جرسی
5095445,بیئوننی، نیو جرسی
5096686,کلف سائیڈ پارک، نیو جرسی
5096699,کلفٹن، نیو جرسی
5097402,مشرقی برنزوک ٹاؤن شپ، نیو جرسی
5097529,ایڈیسن، نیو جرسی
5097598,الزبتھ، نیو جرسی
5097773,فیئر لان، نیو جرسی
5098135,فورٹ لی، نیو جرسی
5098343,گارفیلڈ، نیو جرسی
5098706,ہیکینسیک، نیو جرسی
5098863,ہیریسن، نیو جرسی
5099133,ہوبوکین، نیو جرسی
5099836,جرسی شہر، نیو جرسی
5100280,لیک ووڈ ٹاؤنشپ، نیو جرسی
5100604,لوڈی، نیو جرسی
5100748,میڈیسون، نیو جرسی
5101170,مڈل ٹاؤن ٹاؤن شپ، نیو جرسی
5101427,مورس ٹاؤن، نیو جرسی
5101717,نیو برنزوک، نیو جرسی
5101798,نیوآرک، نیو جرسی
5102369,پالیسادیس پارک، نیو جرسی
5102443,پیسایک، نیو جرسی
5102466,پیٹرسن، نیو جرسی
5102578,پرتھ امبوی، نیو جرسی
5102922,پرنسٹن، نیو جرسی
5105496,ٹرنٹن، نیو جرسی
5105634,یونین شہر، نیو جرسی
5106292,مغربی نیو یارک، نیو جرسی
5106331,ویسٹ فیلڈ، نیو جرسی
5106834,البانی، نیو یارک
5107152,ایمسٹرڈیم، نیو یارک
5107505,آبرن، نیو یارک
5107760,بالڈون، ناساؤ کاؤنٹی، نیو یارک
5108193,بے سائڈ، کوئینز
5109177,بینگہمٹن، نیو یارک
5110077,برینٹووڈ، نیو یارک
5110159,برائٹن، مونرو کاؤنٹی، نیو یارک
5110629,بفیلو، نیو یارک
5111141,کیمبریا ہائیٹس، کوئینز
5113142,کوہوس، نیو یارک
5113302,کولج پوئنٹ، کوئینز
5116495,ایلم ہرسٹ، کوئینز
5116497,ایلمیرا، نیو یارک
5116917,فار روک اوے، کوئینز
5117438,فلورل پارک، نیو یارک
5117949,فری پورٹ، نیو یارک
5118226,گارڈن سٹی، نیو یارک
5118626,گلین کوو، نیو یارک
5122432,اتھاکا، نیو یارک
5122477,جیکسن ہائیٹس، کوئینز
5122534,جمستوؤں، نیو یارک
5123477,کنگسٹن، نیویارک
5123533,کریاس جوئیل، نیو یارک
5123718,لاکاوانا، نیو یارک
5124078,لورلٹن، کوئینز
5125086,لانگ بیچ، نیو یارک
5125125,لانگ آئلینڈ سٹی
5126180,میسپیتھ، کوئینز
5126555,میلویل، نیو یارک
5126827,مڈل ولج، کوئینز
5126842,مڈل ٹاؤن، اورنج کاؤنٹی، نیو یارک
5127134,مینیولا، نیو یارک
5127835,ماؤنٹ ورنن، نیو یارک
5128549,نیو روچیل، نیویارک
5128581,نیویارک شہر
5128723,نیاگرا فالز، نیو یارک
5130334,اوزون پارک، کوئینز
5130831,پیکسکل، نیو یارک
5132002,پورٹ چیسٹر، نیو یارک
5133640,ریگو پارک، کوئینز
5133825,رچمنڈ ہل، کوئینز
5133858,رج وڈ، کوئینز
5134086,روچیسٹر، نیو یارک
5134295,روم، نیو یارک
5134395,روزڈیل، کوئینز
5136454,سکینیکٹیڈی، نیو یارک
5139287,سپرنگفیلڈ گارڈنز، کوئینز
5139301,سپرنگ ویلی، نیو یارک
5140405,سیراکیوز، نیو یارک
5141502,ٹرائے، نیو یارک
5142056,یوٹیکا، نیو یارک
5142109,ویلی سٹریم، نیو یارک
5143396,واٹر ٹاؤن
5144336,وائٹ پلینس، نیویارک
5144975,وڈ ہیون، کوئینز
5145215,یونکرز، نیو یارک
5145476,اکرون، اوہائیو
5146055,ایشلنڈ، اوہائیو
5146233,ارورا، اوہائیو
5147968,باولنگ گرین، اوہائیو
5148480,برنزوک، اوہائیو
5150529,کلیولینڈ، اوہائیو
5151613,کواہوگا فالز، اوہائیو
5152333,ڈبلن، اوہائیو
5153207,ایلیریا، اوہائیو
5153420,ایوکلڈ، اوہائیو
5153680,فیئرویو پارک، اوہائیو
5155207,فریمونٹ، اوہائیو
5155499,گارفیلڈ ہائٹس، اوہائیو
5158164,ہڈسن، اوہائیو
5159537,کینٹ، اوہائیو
5160315,لیک ووڈ، اوہائیو
5161262,لورین، اوہائیو
5161723,مینسفیلڈ، اوہائیو
5161902,ماریون، اوہائیو
5162077,میریزویل، اوہائیو
5162512,مدینہ، اوہائیو
5163799,ماؤنٹ ورنن، اوہائیو
5164466,نیوآرک، اوہائیو
5164582,نائلس، اوہائیو
5166177,پارما، اوہائیو
5166184,پارما ہائٹس، اوہائیو
5168491,راکی ریور، اوہائیو
5173930,ٹفن، اوہائیو
5174035,ٹولیڈو، اوہائیو
5174358,ٹرائے، اوہائیو
5177568,ینگزٹاؤن، اوہائیو
5178127,ایلن ٹاؤن، پنسلوانیا
5178195,ایلٹونا، پنسلوانیا
5179995,بینسیلم ٹاؤن شپ، پنسلوانیا
5180225,بیت اللحم، پنسلوانیا
5183234,کارلائل، پنسلوانیا
5188140,ایسٹن، پنسلوانیا
5188843,ایری، پنسلوانیا
5192726,ہیرسبرک، پنسلوانیا
5193011,ہیزلٹن، پنسلوانیا
5195561,جونزٹاؤن، پنسلوانیا
5197079,لنکاسٹر، پنسلوانیا
5197517,لیبانن، پنسلوانیا
5200499,مککیسپورٹ، پنسلوانیا
5201734,مونروویل، پنسلوانیا
5203127,نیو کیسل، پنسلوانیا
5203506,نورس ٹاؤن، پنسلوانیا
5206379,پٹسبرگ
5207728,ریڈنگ، پنسلوانیا
5211303,سکرانٹن، پنسلوانیا
5213681,سٹیٹ کالج، پنسلوانیا
5218270,وین، پنسلوانیا
5219287,وائٹ ہال ٹاؤن شپ، لیہائی کاؤنٹی، پنسلوانیا
5219488,ویلکیس-باری
5219585,ولیمزپورٹ، پنسلوانیا
5219619,ولو گروو، پنسلوانیا
5220798,بیرنگٹن، روڈ آئلینڈ
5221077,برسٹل، رہوڈ آئی لینڈ
5221341,سینٹرل فالز، روڈ آئلینڈ
5221637,کووینٹری، روڈ آئلینڈ
5221659,کرانسٹون، روڈ آئلینڈ
5221703,کمبرلینڈ، روڈ آئلینڈ
5221931,ایسٹ پروویڈنس، روڈ آئلینڈ
5223358,مڈل ٹاؤن، رہوڈ آئی لینڈ
5223505,نیریگینسٹ، روڈ آئلینڈ
5223593,نیوپورٹ، رہوڈ آئی لینڈ
5223672,شمالی کنگز ٹاؤن، روڈ آئلینڈ
5223681,نارتھ پروویڈنس، روڈ آئلینڈ
5223869,پوٹکیٹ، روڈ آئلینڈ
5224082,پورٹسماؤت، روڈ آئلینڈ
5224151,پروویڈنس، روڈ آئلینڈ
5224949,سمتھفیلڈ، رہوڈ آئی لینڈ
5225507,واروک، روڈ آئلینڈ
5225627,ویسٹ واروک، روڈ آئلینڈ
5225631,ویسٹرلی، روڈ آئلینڈ
5225809,وونسوکیٹ، روڈ آئلینڈ
5225857,ایبرڈین، جنوبی ڈکوٹا
5226534,بروکنگز، جنوبی ڈکوٹا
5231851,سیو فالز، جنوبی ڈکوٹا
5234372,برلنگٹن، ورمونٹ
5235024,کولچیسٹر، ورمونٹ
5240509,رٹلینڈ
5241248,ساؤتھ برلنگٹن، ورمونٹ
5244080,ایپلٹن، وسکونسن
5245193,بیور ڈیم، وسکونسن
5245387,بیلوئٹ، وسکونسن
5246835,بروکفیلڈ، وسکونسن
5249871,کیڈاہی، وسکونسن
5250201,ڈی پیر، وسکونسن
5251436,اوو کلیئر، وسکونسن
5253219,فیچبرگ، وسکونسن
5253352,فونڈ ڈو لاک، وسکونسن
5253710,فرینکلن، ملواکی کاؤنٹی، وسکونسن
5254962,گرین بے، وسکانسن
5255068,گرین فیلڈ، وسکونسن
5257754,جنسویل، وسکونسن
5258296,كاوكاونا، وسکونسن
5258393,کینوشا، وسکونسن
5258957,لا کروس، وسکونسن
5261457,میڈیسون، وسکونسن
5261585,مینیٹوواک، وسکونسن
5261969,مارشفیلڈ، وسکونسن
5262596,میناشا، وسکونسن
5262630,مینومونی فالز، وسکونسن
5262634,مینومونی، وسکونسن
5262649,میکوئن، وسکونسن
5262838,مڈلٹن، وسکونسن
5263045,ملواکی
5264049,موسکیگو، وسکونسن
5264223,نیناہ، وسکونسن
5264381,نیو برلن، وسکونسن
5265228,اوک کریک، وسکونسن
5265499,اکونوموواک، وسکونسن
5265838,اوشکوش، وسکونسن
5267403,پلیزینٹ پریری، وسکونسن
5268249,راسین، وسکونسن
5268986,ریور فالز، وسکونسن
5272893,شیبویگان، وسکونسن
5273812,ساوتھ ملواکی، وسکونسن
5274644,سٹیونس پوائنٹ، وسکونسن
5275020,سن پریری، وسکونسن
5275191,سپیریئر، وسکونسن
5278005,واٹر ٹاؤن، وسکونسن
5278052,واوکیشا، وسکونسن
5278120,واسا، وسکونسن
5278159,واواٹوسا، وسکونسن
5278420,ویسٹ الیس، وسکونسن
5278422,ویسٹ بینڈ، وسکونسن
5279436,وسکونسن ریپڈس، وسکونسن
5280814,ویئرٹن، مغربی ورجینیا
5280854,ویلینگ، مغربی ورجینیا
5281551,انسونیا، کنیکٹیکٹ
5281730,ایون، کنیکٹیکٹ
5282526,بلوم فیلڈ، کنیکٹیکٹ
5282804,برج پورٹ، کنیکٹیکٹ
5282835,برسٹل، کنیکٹی کٹ
5283054,برینفورڈ، کنیکٹیکٹ
5283837,چیشائر، کنیکٹیکٹ
5284756,فلمور، کیلیفورنیا
5287262,بکآئی، ایریزونا
5289282,چانڈلر، ایریزونا
5293996,ال معراج
5294810,فلیگ سٹاف، ایریزونا
5294902,فلورنس، ایریزونا
5295903,گلبرٹ، ایریزونا
5295985,گلنڈیل، ایریزونا
5296266,گڈایر، ایریزونا
5301067,کنگمین، ایریزونا
5301388,لیک ہاواسو سٹی، اریزونا
5304391,میسا، ایریزونا
5308480,پیوریا، ایریزونا
5308655,فینکس
5309842,پریسکوٹ، ایریزونا
5312544,سہوارتھ، ایریزونا
5313457,سکاٹسڈیل، ایریزونا
5314328,سیرا وسٹا، ایریزونا
5317058,ٹیمپے، ایریزونا
5318313,ٹوسان، ایریزونا
5322053,یوما، ایریزونا
5322551,اگورا، کیلیفورنیا
5322850,البانی، کیلیفورنیا
5323060,الحمرا، کیلیفورنیا
5323810,اناہیم، کیلیفورنیا
5324200,آنتیوچ، کیلیفورنیا
5324363,ایپل ویلی، کیلیفورنیا
5324477,آرکیڈیا، کیلیفورنیا
5324802,ارویو گرینڈے، کیلیفورنیا
5324862,ارٹیسیا، کیلیفورنیا
5325111,اٹاسکاڈیرو، کیلیفورنیا
5325187,ایٹواٹر، کیلیفورنیا
5325423,گلیڈسٹون، کیلیفورنیا
5325738,بیکرزفیلڈ، کیلیفورنیا
5325866,بالڈون پارک، کیلیفورنیا
5326297,بارسٹو، کیلیفورنیا
5327098,بیومونٹ، کیلیفورنیا
5327298,بیل، کیلیفورنیا
5327319,بیل گارڈنز، کیلیفورنیا
5327422,بیلفلاور، کیلیفورنیا
5327684,برکلے
5328041,بیورلی ہلز، کیلیفورنیا
5329408,بلومنگٹن، کیلیفورنیا
5330567,برالی، کیلیفورنیا
5330642,برینٹووڈ، کیلیفورنیا
5330643,برینٹووڈ، لاس اینجلس
5331835,بربینک، کیلیفورنیا
5331920,برلنگیم، کیلیفورنیا
5333689,کیمبل، کیلیفورنیا
5336537,چینو، کیلیفورنیا
5336667,چاوچیلا، کیلیفورنیا
5337908,کلیئرلیک، کیلیفورنیا
5338122,کلوویس، کیلیفورنیا
5338196,کولنگا، کیلیفورنیا
5338783,کولٹن، کیلیفورنیا
5339066,کامپٹن، کیلیفورنیا
5339111,کونکورڈ، کیلیفورنیا
5339539,کورکورن، کیلیفورنیا
5339631,کورونا، کیلیفورنیا
5341051,کیڈاہی، کیلیفورنیا
5341256,سائپریس، کیلیفورنیا
5341430,ڈالی سٹی، کیلیفورنیا
5341483,دانا پوائنٹ، کیلیفورنیا
5341531,ڈینویل، کیلیفورنیا
5341704,ڈیوس، کیلیفورنیا
5342485,ڈیلانو، کیلیفورنیا
5342710,ڈیزرٹ ہاٹ سپرنگز، کیلیفورنیا
5343171,ڈینوبا، کیلیفورنیا
5343303,ڈکسن، کیلیفورنیا
5343858,ڈاونی، کیلیفورنیا
5344157,ڈبلن، کیلیفورنیا
5345032,مشرقی پالو آلٹو، کیلیفورنیا
5345529,ایل کاہون، کیلیفورنیا
5345623,ایل سیرائٹو، کیلیفورنیا
5345743,ال مونٹے
5345860,ال سیجوندو
5346827,یسکوندیدو
5347287,فیئر اوکس، کیلیفورنیا
5347335,فیئرفیلڈ، کیلیفورنیا
5347578,فالبروک، کیلیفورنیا
5349755,فونٹانا، کیلیفورنیا
5350159,فوسٹر سٹی، کیلیفورنیا
5350207,فونٹین ویلی
5350734,فریمونٹ، کیلیفورنیا
5350937,فرنسو، کیلیفورنیا
5351247,فلرٹن، کیلیفورنیا
5351428,گیلٹ، کیلیفورنیا
5351549,گریدنا
5352214,گلروی، کیلیفورنیا
5354172,گرین فیلڈ، کیلیفورنیا
5355828,ہاوتھرون، کیلیفورنیا
5355933,ہیورڈ
5356277,ہیمٹ، کیلیفورنیا
5356451,ہرکیولیس، کیلیفورنیا
5356521,ہیرموسا بیچ، کیلیفورنیا
5357527,ہالی وڈ
5358736,ہنٹنگٹن پارک، کیلیفورنیا
5359052,امپیریل، کیلیفورنیا
5359488,انگلووڈ، کیلیفورنیا
5363859,لا کاناڈا فلینٹریڈگی، کیلیفورنیا
5363922,لا حابرا
5363990,لا میسا، کیلیفورنیا
5364022,لا پالما، کیلیفورنیا
5364066,لا پیونتے، کیلیفورنیا
5364079,لا کوینٹا، کیلیفورنیا
5364226,لافائیٹ، کیلیفورنیا
5364275,لاگونا بیچ، کیلیفورنیا
5364369,لاگونا ووڈز، کیلیفورنیا
5364499,لیک ایلسینوری، کیلیفورنیا
5364514,لیک فارسٹ، کیلیفورنیا
5365603,لانڈیل، کیلیفورنیا
5365893,لیمن گروو، کیلیفورنیا
5365918,لیمور، کیلیفورنیا
5366375,لنکن، کیلیفورنیا
5367440,لیورمور، کیلیفورنیا
5367565,لوڈی، کیلیفورنیا
5367696,لوما لنڈا، کیلیفورنیا
5367767,لومیٹا، کیلیفورنیا
5367788,لومپوک
5367929,لانگ بیچ، کیلیفورنیا
5368361,لاس اینجلس
5368453,لاس بانوس، کیلیفورنیا
5369367,لینووڈ، کیلیفورنیا
5370082,مانحاتتان بیچ
5370164,مانٹیکا، کیلیفورنیا
5370493,مارینا، کیلیفورنیا
5371261,مئیووڈ، کیلیفورنیا
5372223,مینلو پارک، کیلیفورنیا
5374175,مونروویا
5374361,مونتیریی
5374648,مورپارک، کیلیفورنیا
5374732,مورینو ویلی، کیلیفورنیا
5374764,مورگن ہل، کیلیفورنیا
5376095,ناپا، کیلی فورنیا
5376200,نیشنل سٹی، کیلیفورنیا
5376803,نیوآرک، کیلیفورنیا
5377995,نورواک، کیلیفورنیا
5378044,نوواٹو، کیلیفورنیا
5378500,اوکڈیل، کیلیفورنیا
5378538,اوکلینڈ، کیلیفورنیا
5378566,اوکلے، کیلیفورنیا
5379678,اورنڈا، کیلیفورنیا
5380184,وزنارد
5380437,پیسیفک گروو، کیلیفورنیا
5380626,پالم ڈیزرٹ
5381002,پيراڈائز، کیلیفورنیا
5381110,پیراماؤنٹ، کیلیفورنیا
5381325,پارلیئر، کیلیفورنیا
5381515,پیٹرسن، کیلیفورنیا
5382146,پیرس، کیلیفورنیا
5382496,پیکو ریویرا
5383187,پنول، کیلیفورنیا
5383465,پٹسبرگ، کیلیفورنیا
5383720,پلیزینٹ ہل، کیلیفورنیا
5384170,پومونا، کیلیفورنیا
5384690,پووای
5385941,ریںچو کورڈووا، کیلیفورنیا
5386082,ریںچو سانتا مارگریٹا، کیلیفورنیا
5386754,ریدلاندس
5386785,ریڈونڈو بیچ، کیلیفورنیا
5386834,ریڈووڈ شہر، کیلیفورنیا
5386984,ریڈلی، کیلیفورنیا
5387428,رچمنڈ، کیلیفورنیا
5387494,ریج کرسٹ، کیلیفورنیا
5387749,رائپن، کیلیفورنیا
5387844,ریوربینک، کیلیفورنیا
5388564,روہنارٹ پارک، کیلیفورنیا
5388867,روزمیڈ، کیلیفورنیا
5388881,روزویل، کیلیفورنیا
5389489,سکرامنٹو، کیلی فورنیا
5391760,سان کارلوس، کیلیفورنیا
5391811,سان ڈیگو
5391891,سان ڈیماس، کیلیفورنیا
5391945,سان فرنینڈو، کیلیفورنیا
5391959,سان فرانسسکو
5392034,ساں جبرئیل
5392090,سان جاسنٹو، کیلیفورنیا
5392171,سان ہوزے، کیلیفورنیا
5392229,سان خوآن کاپیسترانو، کیلیفورنیا
5392263,سان لیانڈرو، کیلیفورنیا
5392368,سان مارکوس، کیلیفورنیا
5392508,سان پابلو، کیلیفورنیا
5392593,سان رامون، کیلیفورنیا
5392868,سینگر، کیلیفورنیا
5392900,سانتا انا، کیلیفورنیا
5393128,سانتا فے سپرنگز، کیلیفورنیا
5393180,سانتا ماریا، کیلیفورنیا
5393212,سانٹا مونیکا
5393245,سانتا پاولا، کیلیفورنیا
5394136,سی سائیڈ، کیلیفورنیا
5394329,سلما، کیلیفورنیا
5394842,شیفٹر، کیلیفورنیا
5397018,سولیداد
5397376,ساوتھ ایل مونٹی، کیلیفورنیا
5397603,ساؤتھ گیٹ، کیلیفورنیا
5397664,ساوتھ شور لیک تاہو
5397717,ساوتھ پاساڈینا، کیلیفورنیا
5398277,سپرنگ ویلی، سان ڈیگو کاؤنٹی، کیلیفورنیا
5398630,سٹینٹن، کیلیفورنیا
5401469,ٹیمپل سٹی، کیلیفورنیا
5403022,ٹورنس، کیلیفورنیا
5403191,ٹریسی، کیلیفورنیا
5403783,ٹولیری، کیلیفورنیا
5404555,یونین سٹی، کیلیفورنیا
5404915,اپلینڈ، کیلیفورنیا
5406222,وکٹرویل، کیلیفورنیا
5406602,وسٹا، کیلیفورنیا
5406990,والنٹ کریک، کیلیفورنیا
5408076,مغربی ہالی ووڈ، کیلیفورنیا
5409260,وائلڈمار، کیلیفورنیا
5409802,ویلمینگٹن، لاس اینجلس، کیلیفورنیا
5410004,ونڈسر، کیلیفورنیا
5410430,ووڈلینڈ، کیلیفورنیا
5410902,یوربہ لنڈا، کیلی فورنیا
5411015,یبا سٹی، کیلی فورنیا
5411046,یوکیپا، کیلی فورنیا
5411079,یکا ویلی، کیلی فورنیا
5412199,آرواڈا، کولوراڈو
5412347,ارورا، کولوراڈو
5414941,برائٹن، کولوراڈو
5416005,کینن سٹی، کولوراڈو
5416329,کیسل راک، کولوراڈو
5416541,سینٹینیل، کولوراڈو
5417598,کولاریڈو سپرنگس، کولاریڈو
5417737,کامرس سٹی، کولوراڈو
5419384,ڈینور
5420241,ڈورینگو، کولوراڈو
5421250,اینگلووڈ، کولوراڈو
5422191,فاؤنٹین، کولوراڈو
5423294,گولڈن، کولوراڈو
5423573,گرینڈ جنکشن، کولوراڈو
5423908,گرینووڈ گاؤں، کولوراڈو
5427771,لافائیٹ، کولوراڈو
5427946,لیک ووڈ، کولوراڈو
5429032,لٹلٹن، کولوراڈو
5429522,لوئیزویل، کولوراڈو
5431710,مونٹروز، کولوراڈو
5433124,نارتھگلین، کولوراڈو
5434006,پارکر، کولوراڈو
5435464,پوابلو، کولوراڈو
5441492,تھورن ٹن، کولوراڈو
5443910,ویسٹ منسٹر، کولوراڈو
5443948,ویٹ ریج، کولوراڈو
5445298,ڈاج سٹی، کنساس
5445439,گارڈن سٹی، کنساس
5445820,لبرل، کنساس
5454627,ایلاموگورڈو، نیو میکسیکو
5454711,آلبوکرک، نیو میکسیکو
5460459,کارلزبیڈ، نیو میکسیکو
5467328,فارمنگٹن، نیو میکسیکو
5468773,گیلپ، نیو میکسیکو
5471578,ہابس، نیو میکسیکو
5475352,لاس کروسیس، نیو میکسیکو
5476913,لاس لونس، نیو میکسیکو
5488441,روزویل، نیو میکسیکو
5490263,سانتا فے، نیو میکسیکو
5493403,سنلینڈ پارک، نیو میکسیکو
5500539,بولڈر شہر، نیواڈا
5501344,کارسن شہر، نیواڈا
5503766,انٹرپرائز، نیواڈا
5504003,فرینلی، نیواڈا
5505411,ہینڈرسن، نیواڈا
5506956,لاس ویگاس، نیواڈا
5508180,مسکیٹ، نیواڈا
5509403,نارتھ لاس ویگاس، نیواڈا
5509851,پارومپ، نیواڈا
5509952,پيراڈائز، نیواڈا
5511077,رینو، نیواڈا
5512862,سپارکس، نیواڈا
5512909,سپرنگ ویلی، نیواڈا
5513307,سن ویلی، نیواڈا
5513343,سنرائز مینور، نیواڈا
5515110,وٹنی، نیواڈا
5515345,ونچیسٹر، نیواڈا
5516233,آماریلو، ٹیکساس
5520993,ایل پاسو
5525577,لابوک، ٹیکساس
5526337,مڈلینڈ، ٹیکساس
5527554,اوڈیسا، ٹیکساس
5530022,سان اینجلو، ٹیکساس
5536630,سیڈر سٹی، یوٹاہ
5549222,واشنگٹن، یوٹاہ
5550368,واسکو، کیلیفورنیا
5551535,اپاچی جونکشن
5552301,ایونڈیل، ایریزونا
5554072,جونیا‌ؤ
5558953,آرکاٹا، کیلیفورنیا
5574991,بولڈر، کولوراڈو
5576859,ایری، کولوراڈو
5576909,ایونز، کولوراڈو
5577147,فورٹ کولنز، کولوراڈو
5577592,گریلی، کولوراڈو
5579276,لونگمونٹ، کولوراڈو
5579368,لولینڈ، کولوراڈو
5583509,ونڈسر، کولوراڈو
5586437,بویز
5587698,کالڈویل، ایڈاہو
5591778,ایگل، ایڈاہو
5596475,ایڈاہو فالز، ایڈاہو
5597955,کونا، ایڈاہو
5598538,لیوئسٹں، ایڈاہو
5600685,میریڈیئن، ایڈاہو
5601538,ماسکو، ایڈاہو
5601933,نامپا، ایڈاہو
5604045,پوکاٹیلو، ایڈاہو
5604353,پوسٹ فالز، ایڈاہو
5610810,ٹوئن فالز، ایڈاہو
5641727,بوزمین، مونٹانا
5642934,بوٹ، مونٹانا
5656882,ہیلینا، مونٹانا
5660340,کیلیسپیل، مونٹانا
5666639,میسولا، مونٹانا
5688025,بسمارک، شمالی ڈکوٹا
5688789,ڈکنسن، شمالی ڈکوٹا
5690366,مینڈین، شمالی ڈکوٹا
5690532,مائےناٹ
5692947,ویلسٹن، شمالی ڈکوٹا
5697939,نارتھ پلیٹ، نیبراسکا
5703670,ایلکو، نیواڈا
5710756,البانی، اوریگون
5711099,الوہا، اوریگون
5711789,ایشلنڈ، اوریگون
5713376,بیورٹن، اوریگون
5720495,کوز بے، اوریگون
5720727,کورویلس، اوریگون
5729080,گرانٹس پاس، اوریگون
5729485,گریشام، اوریگون
5730183,ہیپی ویلی، اوریگون
5731070,ہرمیسٹن، اوریگون
5731371,ہلزبورو، اوریگون
5735238,کلیمیتھ فالز، اوریگون
5735724,لیک اوسویگو، اوریگان
5739936,مکمنویل، اوریگون
5740099,میڈفورڈ، اوریگون
5740900,ملواوکی، اوریگون
5742726,نیوبرگ، اوریگون
5744253,اوریگون سٹی، اوریگون
5745380,پینڈلٹن، اوریگون
5747882,ریڈمنڈ، اوریگون
5749352,روزبرگ، اوریگون
5750162,سیلم، اوریگون
5754005,سپرنگفیلڈ، اوریگون
5756304,دی ڈالیز، اوریگون
5756758,ٹائگرڈ، اوریگون
5757506,ٹوالاٹن، اوریگون
5760009,ویسٹ لین، اوریگون
5761287,ویلسنویل، اوریگون
5761708,ووڈبرن، اوریگون
5768233,ریپڈ سٹی، جنوبی ڈکوٹا
5771826,بونٹیفل، یوٹاہ
5772654,سینٹرویل، یوٹاہ
5772959,کلیئرفیلڈ، یوٹاہ
5773001,کلنٹن، یوٹاہ
5773304,کاٹنووڈ ہائٹس، یوٹاہ
5774001,ڈریپر، یوٹاہ
5774662,فارمنگٹن، یوٹاہ
5776008,ہولاڈے، یوٹاہ
5776715,کیئزویل، یوٹاہ
5777107,لیٹن، یوٹاہ
5777224,لیہائی، یوٹاہ
5777544,لوگن، یوٹاہ
5778244,مڈویل، یوٹاہ
5778755,مرے، یوٹاہ
5779206,آگڈین، یوٹاہ
5779334,اورم، یوٹاہ
5779548,پئیسن، یوٹاہ
5779816,پلیزینٹ گروو، یوٹاہ
5780026,پرووو، یوٹاہ
5780557,ریورٹن، یوٹاہ
5780802,روئے، یوٹاہ
5780993,سالٹ لیک سٹی، یوٹاہ
5781770,ساوتھ جورڈن، یوٹاہ
5781794,ساوتھ سالٹ لیک، یوٹاہ
5781860,سپینش فورک، یوٹاہ
5781993,سپرنگزویل، یوٹاہ
5782476,ٹیلرزویل، یوٹاہ
5783695,ٹوئل، یوٹاہ
5784549,ویسٹ جورڈن، یوٹاہ
5784607,چیسٹرفیلڈ، یوٹاہ
5785243,ایبرڈین، واشنگٹن
5785868,آرلنگٹن، واشنگٹن
5785965,آبرن، واشنگٹن
5786882,بلویو، واشنگٹن
5789683,سینٹریلیا، واشنگٹن
5791159,کوونگٹن، واشنگٹن
5793933,ایوریٹ، واشنگٹن
5794245,فیڈرل وئے، واشنگٹن
5796984,ہیزل ڈیل، واشنگٹن
5799587,کینمور، واشنگٹن
5799610,کیناویک، واشنگٹن
5799625,کینٹ، واشنگٹن
5799841,کرکلینڈ، واشنگٹن
5800112,لاسے، واشنگٹن
5800317,لیک سٹیونز، واشنگٹن
5800420,لیک ووڈ، واشنگٹن
5801617,لونگویئو، واشنگٹن
5802049,لینووڈ، واشنگٹن
5802570,میریزویل، واشنگٹن
5804127,ماؤنٹ ورنن، واشنگٹن
5805687,اولمپیا، واشنگٹن
5806298,پاسکو، واشنگٹن
5808079,ریڈمنڈ، واشنگٹن
5808189,رینٹن، واشنگٹن
5808276,رچلینڈ، واشنگٹن
5809805,سی ٹیک، واشنگٹن
5809844,سیئٹل
5810301,شورلائن، واشنگٹن
5811696,سپوکین، واشنگٹن
5811729,سپوکین ویلی، واشنگٹن
5812944,ٹاکوما، واشنگٹن
5814616,وینکوور، واشنگٹن
5816605,یکما، واشنگٹن
5820705,کیسپر، وائیومنگ
5821086,شاین، وائیومنگ
5826027,جیلیٹ، وائیومنگ
5830062,لارامی، وایومنگ
5836898,راک سپرنگز، وائیومنگ
5838198,شیئرڈن، وائیومنگ
5844096,امیریکن فورک، یوٹاہ
5847411,کاہولوی، ہوائی
5847486,کائلوا، ہونولولو کاؤنٹی، ہوائی
5853992,واہیاوا، ہوائی
5854496,وائلوکو، ہوائی
5854686,وائپاہو، ہوائی
5855927,ہیلو، ہوائی
5856195,ہونولولو، ہوائی
5861897,فیئر بینکس، الاسکا
5879400,اینکرایج، الاسکا
5881576,پاگو پاگو
5881791,ایبٹس فورڈ، برٹش کولمبیا
5882799,ائیرڈرائی، البرٹا
5888377,ارورا، اونٹاریو
5894171,باری، اونٹاریو
5897884,بیلول، اونٹاریو
5907364,برامپٹن، انٹاریو
5907990,برانٹفورڈ
5909294,بروک-ول
5911592,برلنگٹن، اونٹاریو
5911606,برنابے
5913414,کیلڈون
5913490,کیلگری
5913695,کیمبرج، انٹاریو
5914132,کیمپبل ریور، برٹش کولمبیا
5914653,کیمروز، البرٹا
5920288,شارلٹٹاؤن
5926268,کول وڈ، برٹش کولمبیا
5926511,کونسیپشن بے ساؤتھ
5927690,کوکوئٹلم
5927969,کارنر بروک
5928065,کورنوال، انٹاریو
5930890,کورٹینی، برٹش کولمبیا
5931800,کرین بروک، برٹش کولمبیا
5935277,ڈارٹ ماؤتھ
5939219,دیئپ، نیو برنزویک
5942845,ڈرمونڈویل
5943865,ڈنکن، برٹش کولمبیا
5946768,ایڈمنٹن
5955960,فورٹ سینٹ جان، برٹش کولمبیا
5957776,فریڈریکٹن
5959974,گیتینؤ
5960533,جارج ٹاؤن، اونٹاریو
5964347,گرینڈ پریری
5964700,گریٹر سڈبری
5967629,گویلف
5969782,ہیملٹن، انٹاریو
5989045,کاملوپس
5990579,کیلوونا
5992500,کنگسٹن، اونٹاریو
5992996,کچنر
6051562,لیڈک، البرٹا
6053154,لیتھ برج
6058024,لائڈ منسٹر
6058560,لندن، اونٹاریو
6064180,میگوگ، کیوبیک
6066513,مارکھم، انٹاریو
6071618,میڈیسن ہیٹ
6075292,مشن، برٹش کولمبیا
6075357,مسس ساگا
6076211,مانکٹن
6085772,ننائیمو
6087844,نیو ویسٹ منسٹر
6087892,نیاگرا فالز، انٹاریو
6090785,نارتھ وینکوور
6094578,اوشاوا
6094817,اوٹاوا
6101141,پینٹیکٹن
6101645,پیٹربرو، انٹاریو
6105815,پٹ میڈوز
6111632,پورٹ البرنی، برٹش کولمبیا
6111962,پورٹ موڈی
6113365,پرنس جارج، برٹش کولمبیا
6115355,کوئنتے ویسٹ
6115383,کویسپیمسیس
6118158,ریڈ ڈئیر، البرٹا
6119109,ریجینا، ساسکچیوان
6122085,رچمنڈ، برٹش کولمبیا
6122758,ریورویو، نیو برنزویک
6137270,سگینے، کیوبک
6137489,سینٹ-بسلے-لے-گرینڈ، کیوبک
6137540,سینٹ-برونو-دے-مونترولے
6137633,سینٹ-کانسٹنٹ، کیوبک
6137780,سین-کیتھرین، کیوبک
6137941,سین-جلے، کیوبک
6138369,سینٹ-ہوبرٹ، کیوبک
6138495,سینٹ-ژاں -سر-ریچلیو
6138517,سینٹ جان، نیو برنسوک
6138610,سینٹ-لارنٹ، کیوبک
6139417,سالمن آرم
6141190,سارنیہ
6141256,ساسکاٹون
6141439,سو سینت ماری، انٹاریو
6146143,شیربروک
6146279,شیروود پارک
6154383,سپروس گروو
6155033,سینٹ البرٹ، البرٹا
6155721,سینٹ کیتھرائنز
6156102,سٹین بیچ، مانیٹوبا
6158357,سینٹ تھامس، اونٹاریو
6160603,سویفٹ کرنٹ
6162949,ٹیریس، برٹش کولمبیا
6166142,تھنڈربے، انٹاریو
6167865,ٹورانٹو
6169141,ترو-ریویائر
6173331,وینکوور
6173577,وان، انٹاریو
6173864,ورنن، برٹش کولمبیا
6174041,وکٹوریا، برٹش کولمبیا
6176823,واٹرلو، انٹاریو
6177869,ویلینڈ
6180170,ویٹبی، انٹاریو
6180550,وائٹ ہارس، یوکون
6180961,وائٹ راک، برٹش کولمبیا
6182962,ونڈسر، انٹاریو
6183235,ونی پیگ
6185377,یلوکنیفے
6185607,یورکتون
6230919,فانارئی
6240770,کیمبرج، نیوزی لینڈ
6243926,بلینہائم، نیوزی لینڈ
6244895,اپر حوتت
6254843,بریندرنگر
6254845,ڈپایال
6324621,پاؤائی
6324729,ہیلیفیکس
6324733,سینٹ جانز، نیوفنلینڈ اور لیبراڈار
6325494,کیوبک شہر
6331909,جانز کریک، جارجیا
6354908,سڈنی
6354957,ہاروی بے
6544489,لاتینا
6545173,سوہو، لندن
6545243,بیزواٹر
6545249,پملکو
6619347,نوی ممبئی
6620339,کراتھا
6640032,برئیروڈ، کوئینز
6690572,کلبرن، لندن
6690595,شیڈویل، لندن
6690863,ہورنچرچ
6690877,برکسٹن
6690989,بینتھل گرین
6692280,کینری وارف، لندن
6692921,لیٹن اسٹون
6695754,کوگالیم
6697759,جنوبی ڈبلن
6822167,سؤسا، چیبا
6822168,سانمو، چیبا
6822179,انزائی، چیبا
6822180,اسومی، چیبا
6822182,یچیو، چبا
6822186,ہاچیمانٹائی،اواٹے
6822198,نیکاہو، اکیتا
6822199,دائسین، اکیتا
6822201,اوگا، اکیتا
6822202,یوریھونجو، اکتا
6822205,سوگارو، اوموری
6822206,ہیراکاوا، اوموری
6822207,تووادا، اوموری
6822209,نیسشین، ایچی
6822211,چیتا، ایچی
6822212,ایسائی، ایچی
6825489,جوئیتسو، نیگاتا
6941014,پونتا ڈیلگادا
6941080,فورٹ بریگ
6954929,گریٹر نوئیڈا
6957263,کاپولئی، ہوائی
7062967,نیانزا
7257540,برینٹری، میساچوسٹس
7259034,سینٹ چارلس، میری لینڈ
7259480,سگینؤ ٹاؤنشپ شمالی، مشی گن
7259621,ویسٹ بلوم فیلڈ ٹاؤن شپ، مشی گن
7260327,کینڈل ویسٹ، فلوریڈا
7260806,آرڈین-آرکیڈ، کیلیفورنیا
7262761,ماکاکیلو، ہوائی
7262790,سکوفیلڈ بیرکس
7266440,بریڈیس
7279600,آلوا
7279735,موواٹوپوژا
7279739,پیرومباوور
7279741,واپی
7279746,نوئیڈا
7280528,الرشیدیہ
7281017,لا پینٹانا
7281840,پیراماٹا
7281936,ویسٹ کیلونا
7289169,ٹرائی-سیٹیز، واشنگٹن
7302135,ایبی وڈ
7302802,روندیبوش
7302828,ملکاجگیری
7302833,گاجوواکا
7302845,قطب اللہ پور
7302855,نہرلاگن
7303419,مشرقی یروشلم
7315245,مشرقی ہونولولو، ہوائی
7535506,گولڈرز گرین
7535637,ایولانیڈا
7535681,سینٹ-اوگسٹن-دے-دسمرس
7576887,ہیژوو
7601921,ژونگشنگ نیا گاؤں
7626461,یارن
7626690,پمپری-چنچواڑ
7645176,زیرا، بھارت
7838895,رصیفہ
7874631,تامونینگ، گوام
7886881,سینٹر ژوپا
7931933,اول کالو
8096217,یاستوالی
8184212,رہط
8223970,ویردھوچالم
8223971,کاتومنارکویل تعقلہ
8224580,پیکہم
8308627,جوانینگ
8315400,ہولووے، لندن
8334621,فالکینہاگینیر فیلڈ
8347656,راماگڈم
8411054,مدھیہپور تھمی
8435738,ہابرستی
8436572,جنوبی کنگز ٹاؤن، روڈ آئلینڈ
8456741,لائی چاؤ
8468820,کھونی، مہاراشٹر
8469295,رینڈولف ٹاؤن شپ، نیو جرسی
8480031,واٹرفورڈ، کنیکٹیکٹ
8504423,سوبانگ جایا
8521418,اسپارگوس
8521444,بندر امام خمینی
8531960,لنکن، رہوڈ آئی لینڈ
8533133,لیوپانشوئی
8537264,ہوانگگانگ
8594709,تھانہ فو با ریا
8601412,سانتو ڈومنگو ایسٹے
8604682,جانسٹن، روڈ آئلینڈ
8715035,ناکانو، ٹوکیو
8740322,رودارپور
9072827,توڈوپوژا
9072919,ریژاو
9181182,پویانگ
9408449,شری کالاہستی
9534257,امجراس
9794300,شاہبازپور
9948272,سیکونگ
9972727,میڈوراوویال
10630449,سن شائن کوسٹ
10792588,چیرتالا
11009418,تفراغ زینہ
11496397,دار النعیم
11523293,سیجونگ
11669854,سٹیمفورڈ ہل
11747175,نیاپولی، تھیسالونیکی
12048327,ٹوتنہم ہیل
12076997,جوسے سی پاز
12640344,کومپیینگا
13535606,نگا نام
