id,name
52078,زيلع
53157,قندلة
53654,مقديشو
54225,مركة‎
55671,كسمايو
56335,جوهر
57289,هرجيسة
58933,غاروي‎
59611,جالكعيو
60809,دنسور
62691,سيريجابو
63795,برعو
63949,بؤال
64013,بوصاصو
64021,بوراما‎
64435,بربرة
64460,بلد وين
64536,بيدوا
66093,ياسوج
69426,زنجبار
69500,زبيد
69559,يريم
70225,تعز
70979,سيان
71137,صنعاء
71273,سحر
71334,صعده
72968,مأرب
73560,لحج
74477,إب
75337,حجة
75618,غيل با وزير
76154,ذي سفال
76184,ذمار
76991,بيت الفقيه
77408,باجل
77726,عتق
78428,عمران
78754,المكلا
79415,الحديدة
79455,الحزم
79836,البيضاء
81302,طبرق
81604,سلوق
87205,درنة
88319,بنغازي
88380,الزويتينة
88835,القبة
88903,شعبية المرج
88962,الجوف
89055,قرية البيضاء
89087,الأبيار‎
89113,إجدابيا
89570,Zākhū
89824,ام قصر
90026,Ţūzkhūrmātū
90150,تكريت
90199,تازة خورماتو
90353,قضاء تلكيف
90532,سميل
90708,سينة
91057,الشرقاط
91083,شقلاوة
91597,سامراء
91696,صلاح الدين
91772,صفوان
92002,راوندوز
92052,رانية
92138,القائم
92362,هبهب
92430,قضاء الحمدانية
92511,قلعة سکر
92537,قلعة صالح
92615,قلعة دزة
93709,مندلي
94220,كويسنجق
94298,كفري
94591,خانقين
94787,كركوك
94824,كربلاء
95005,كلار
95446,أربيل
95788,Hīt
96046,حرير
96205,حلبجة
96309,حديثة
96833,كلك
96961,ديانا
96994,دهوك
97417,چمچمال
97783,بيجي
97825,باطوفة
97990,بعقوبة
98012,بينجوين
98112,بلد
98156,بركه
98182,بغداد
98245,الزبير
98459,الصويرة
98463,السليمانية
98530,السماوه
98589,ناحية الشنافية
98622,الشطرة
98629,الشامية
98677,الرطبة
98685,الرميثة
98717,الرمادي
98822,عقرة
98846,النعمانية
98854,الناصرية
98860,النجف
98885,عنة القديمة
98993,القرنة
99010,القاسم
99039,المسيب
99060,المشخاب
99062,المقدادية
99071,الموصل الجديدة
99072,الموصل
99100,المحمودية
99103,المحاويل
99106,المدينة
99131,الكوت
99135,الكوفة
99169,خالص
99226,ناحية الإسكندرية
99306,علي الغربي
99344,الهندية
99347,الحلة
99350,الحي
99369,الهارثة
99434,ناحية غماس
99446,الفاو
99454,الفلوجة
99532,بصرة
99548,العزيزية
99608,العماره
99738,عفك
99762,الديوانية
100077,أبو غريب
100425,ينبع
100926,أملج
101312,طريف‎‎
101554,Tārūt
101628,تبوك
101631,طبرجل
102170,شقراء
102318,سيهات
102527,سكاكا
102585,صفوى
102651,صبيا
102744,Rumāḩ
102891,رأس تنورة
103369,بيشة
103630,نجران
104515,مكة المكرمة
105072,خميس مشيط
105299,جازان
105343,جدة
105586,عرقة
106281,حائل
106297,حفر الباطن‎
106667,فيفاء
106909,ضبا
107117,ضمد
107304,بُرَيدَة
107312,بقيق
107588,بَقعاء
107692,بلجرشي
107781,الزُّلفِي
107797,الظهران
107959,الطرف
107968,الطائف
107991,الثقبة
108410,الرياض
108435,الرس
108512,عرعر
108617,النماص
108648,القريات
108655,عنك
108773,الوجه
108782,عُيُون الجِواء
108841,العلا
108918,القيصومة‎‎
108927,القطيف
109101,المبرز
109131,المذنب
109223,المدينة
109323,الخبر
109353,الخرج
109391,الخَبراء
109417,الجموم
109435,الجبيل
109571,الهفوف
109878,البُكَيرِيَّة
109953,الباحة
109998,العوامية
110060,العقيق
110250,‘Afīf
110312,الدرعية
110314,الدلم
110336,الدمام
110619,ٲبو عريش
110690,أبها
111822,يزد
112931,طهران
113646,تبريز
113659,طبس
114259,سيرجان
115019,شيراز
116996,ساري
117392,سقز
118063,سبزوار
119208,قم
119505,قزوين
121110,بیرانشهر
121801,أرومية
122285,نيسابور
124665,مشهد
125205,ماكو
127319,الخرمشهر
128226,كرمانشاه
128234,كرمان
136256,دزفول
137436,دره شهر
141349,بردسكن
141681,بندر عباس
141736,بم
144448,الأهواز
144616,أهر
145459,عبادان
145531,سأوريمو
145757,دوندو
146214,بافوس
146268,نيقوسيا
146384,ليماسول
146400,لارنكا
146412,غرنة
146617,فاماغوستا
147105,سوسة
147271,ساليان
147288,ساتلي
147425,نفتجالا
147429,ناختشيفان
147611,لريك
147622,لنكاران
147982,إميشلي
148106,فيزولي
148290,جليلاباد
148340,بوشكينو
148354,بيلاجان
148445,أستارة
148565,سيرفان
148619,آغدام
148730,مدينة زنجبار
148842,ويتي
148942,فوافا
149606,تنجا
149658,تابورا
149703,سومباوانجا
149879,سينجيدا
150006,شينيانجا
151479,نجومبي
151711,نغارة
152224,موانزا
152451,موسوما
153176,مبندا
153209,موشي
153220,موروغورو
154380,مبيا
157377,أسواق كيلوا
157403,كيلوزا
157738,كيغوما
158027,كيبها
158214,كاسولو
158597,كاهاما
159071,إيرينغا
159908,جيتا
160196,دودوما
160263,دار السلام
160677,تشاكي تشاكي
160961,بوكوبا
161154,محافظة بيهارامولو
161290,باجامويو
161312,بابتي
161325,أروشا
161616,بالكانابات
162183,عشق آباد
162199,إينيو
162560,زاكية
162627,يبرود
163270,طيبة الامام
163345,طرطوس
163476,تل رفعت
163533,تل كلخ
163779,تلبيسة
163806,طفس
163808,تدمر
163811,تادف
163915,Şūrān
164025,سبيخان
164328,شيخ مسكين
164816,سراقب
164898,سلقين
164947,سلمية
164994,صحنايا
165060,Şāfītā
165929,قطنا
165997,جاسم
166111,قارة
166285,قباسين
166331,نبل
166365,نوى
166716,مخيم اليرموك
166742,محردة
166833,معضمية
167046,مصياف
167357,منبج
167605,معرة مصرين
168325,خان شيخون
168620,كفر زيتة
168629,كفر تخاريم
168661,كفر نبل
168668,كفر لاها
169023,جسر الشغور
169113,جيرود
169174,جرمانا
169179,جرابلس
169304,جبلة
169372,عربين
169375,انخل
169389,إدلب
169577,حمص
169897,حرستا
170017,حماة
170044,حلفايا
170063,حلب
170592,دوما
170654,دمشق
170785,دير حافر
170794,دير الزور
170887,الدرباسية
170892,داريا
170905,درعا
170959,Dā‘il
171147,برج إسلام
171451,بنش
171694,باتبو
171830,بانياس
171998,ببيلا
172059,الزبداني
172082,A‘zāz
172256,عين العرب
172349,التل
172374,ثورة
172408,السويداء
172469,الصنمين
172503,السفيرة
172946,الرستن
172955,الرقة
173193,النبك
173230,عامودة
173312,القطيفة
173322,القصير
173334,القنيطرة
173361,القريتين
173377,القامشلي
173480,ميادين
173530,المالكية
173576,لاذقية
173598,الكسوة
173811,الحسكة
173819,الحراك
174018,الباب
174186,عفرين
174259,الدانا
174448,البو كمال
174506,هجين
174875,قابان
174979,أرتاشات
174991,أرارات
175499,ريف نشيلنجي
176146,مبالا
176555,كاوامبوا
183027,نياهورورو
184707,نايفاشا
184745,نيروبي
186301,مومباسا
187968,ماليندي
189741,لامو
191245,كيزيمو
197745,غاريسا
198636,إلداما رافين
201463,رواماغانا
202061,كيغالي
202065,كيبويي
202905,جيسايني
203104,بيومبا
203717,يانغامبي
204953,تشيكابا
209228,مبوجي ماي
210379,لوسامبو
212730,كيسانجاني
212902,كيندو
214481,كانانغا
214614,كامينا
215527,كابيندا
215771,إيزيرو
216281,غوما
216404,جبادوليت
217570,بوتا
217695,بونيا
217745,بومبا
217831,بوكافو
218680,بويندي
220448,أكيتي
220782,تجرة
221527,أوبوك
223817,جيبوتي
223890,دخيل
225037,أرتا
225284,علي صبيح
229268,مبارارا
232422,كمبالا
233114,جينجا
233346,جولو
233508,إنتيبي
237379,نديلي
239899,بريا
240498,بانقاسو
240604,بامباري
241131,فيكتوريا
243590,إريبا
243787,قوز بيضة
244128,فدا
244878,بلتن
245338,أم التيمان
245669,أدري
245785,أبشي
246013,وادي السير
246314,ام السمّاق
247105,سحاب
248299,Māḩiş
248370,محافظة مادبا
248382,معان
248414,كريمة
248460,خريبة السوق
248583,حي خلدا
248875,جرش
248923,‘Izrā
248946,إربد
250090,زرقاء
250152,ايدون
250198,الطفيلة
250258,السلط
250267,غورالصافي
250336,الرمثا
250420,عنجرة
250441,عمّان
250461,حي القويسمة
250582,المفرق
250624,الكرك
250637,الجبيهة
250718,الفحيص
250774,العقبة
250799,عجلون
254352,ريثيمنو
255274,بيرايوس
256598,نيا ماكري
256622,إرتريا الجديدة
258463,ليفاذيا
258620,لمياء
259289,كورينث
261249,كاماتيرو
261414,كاليثيا
261604,كالاماتا
264371,أثينا
264559,آرتا
266045,زحلة
266826,طرابلس
267008,Şūr
267305,شمسطار
268064,صيدا
273140,جونيه
273203,جبيل
273675,عرسال
274874,حبّوش
276359,بشري
276781,بيروت
277130,بعلبك
278832,الناقورة
278913,النبطية والطهطا
279997,الهرمل
280155,الغازية
280425,عاليه
281102,رفح
281109,النصيرات
281124,خان يونس
281129,جباليا
281133,غزة
281141,دير البلح
281145,بيت لاهيا
281146,بيت حنون
281148,بني سهيلا
281161,البريج
281165,عبسان الكبيرة
281184,القدس
281292,يطا
281577,طولكرم
281581,طوباس
281715,Şūrīf
281793,سعير
282239,رام الله
282457,قلقيلية
282476,قباطية
282615,نابلس
282993,معالي أدوميم‎
283506,جنين
283621,إذنا
283806,حلحول
284011,دورا
284315,بيت لحم
284324,بيت جالا
284335,بيت حنينا
284431,بني نعيم
284486,الظاهرية
284583,السموع
284890,الرام وضاحية البريد
284899,أريحا
284999,اليامون
285066,الخليل
285108,البيرة
285111,العيزرية
285603,جَنُوب اَلسُّرَّة
285629,حولي
285663,بيان
285704,السالمية
285726,الرميثية
285728,الرقة
285778,المنقف
285782,المهبولة
285787,مدينة الكويت
285799,اَلْجَهْرَاء
285811,الفحاحيل
285812,الفنطاس
285815,اَلْفَرْوَانِيَّة
285839,الاحمدي
285856,اَلدَّسْمَة
286245,Şūr
286282,Aş Şuḩār
286402,شناص
286590,سمائل
286621,صلالة
286839,قريات
286987,نزوى
287286,مسقط
287614,خصب
287814,إزكي
287830,‘Ibrī
287832,Ibrā’
288764,بوشر
288789,بركاء
288899,بهلاء
288955,السويق
288967,السيب الجديدة
289011,الرستاق
289174,لوى
289199,الخابورة
289317,البريمي
289433,أدم
289511,العنيزة
289523,أم صلال محمد
289545,أُمّ غُوَيْلِينَة
289698,نُعَيْجَة
289716,معيذر روضة راشد
289738,مَدِينَة خَلِيفَة
289847,الضعاين
289888,الريان
289915,الوكرة
289962,الخور
290030,الدوحة
290104,سترة
290187,مَدِينَة عِيسَى
290215,جِدّ حَفْص
290247,مَدِينَة حَمَد
290269,دَار كُلَيْب
290332,محرق
290340,المنامة
290503,ورسان
290581,أم سقيم
290594,أم القيوين
291061,الراشدية
291074,رَأْس ٱلْخَيْمَة
291580,مدينة زايد
291696,مدينة خور فكان
291775,جميرا
292223,دبي
292231,دبا الفجيرة
292261,ديرة
292672,إمارة الشارقة
292688,الرويس
292862,حتا
292878,الفجيرة
292913,العين
292932,عجمان
292953,الذيد
292968,أبوظبي
293100,صفد
293181,يركا
293207,يهود
293253,Yāffā
293254,يافة الناصرة‎
293286,أم الفحم
293322,طبرية
293397,تل أبيب
293420,معالوت ترشيحا
293426,طمرة
293539,شفا عمرو
293655,سخنين‎
293768,الرملة
293783,رامات هاشارون
293788,رمات غان
293825,كريات شمونة
293842,كريات غات
293896,قلنسوة‎
293918,بتاح تكفا
293962,أور یهودا
294068,نتيفوت
294071,نتانيا
294074,نيس زيونا
294078,نيشير
294097,الناصرة العليا
294098,الناصرة
294117,نهاريا
294210,مجدال هعيمق
294245,مفسيرت تصيون
294373,مجد الكروم‎
294387,المغار‎
294421,اللد
294514,كفار سابا
294604,كفر قاسم‎
294605,كفر قرع
294610,كفر كنا
294622,مكر جديده
294751,حولون
294760,هود هشارون
294801,حيفا
294999,غفعتايم
295064,غديرا
295130,الطيبة‎
295277,إيلات
295328,ديمونا
295365,دالية الكرمل
295432,بيت شيمش
295435,بيسان
295514,بني براك
295530,بئر السبع
295548,بات يام
295571,باقة الغربية‎
295629,أشدود
295655,عرعرة‎
295721,عكا
295740,العفولة
296173,يوكسكوفا
296562,يوزغات
298117,وان
298299,أوشاك
298333,شانلي أورفة
298846,تونجلي
299817,طرسوس
300619,سيواس
300796,ميافارقين
300808,سيليفكى
300822,سعرد
301209,شمدينلي
302355,الريحانية
303195,عثمانية
303750,نصيبين
303827,نيغدة
303831,نوشهر
304081,موش
304184,موغلا
304382,مديات
304782,مرماريس
304797,ماردين
304922,ملطية
305268,كوتاهية
306571,قونية
307515,قرشهر
307654,كيركالي
307657,قري خان
307864,كلس
308464,قيصرية
309527,كارامان
309647,أغري
310855,كاهتا
310859,مرعش
311046,إزمير
311073,إسبرطة
311111,إسكندرونة
311665,اغدير
311704,إيدل
314830,عنتاب
314967,فتحية
315202,أسكي شهر
315368,أرضروم
315373,أرزينجان
315515,إيرديملي
315808,معمورة العزيز
315985,إدرميت
316541,ديار بكر
317109,دنيزلي
318137,هكاري
318675,جيهان
320392,بوردور
320995,بودروم
321025,بدليس
321082,بينغول
321836,بطمان
322165,بالِق أسير
322830,أيدين
323777,أنطاليا
323779,أنطاكية
323786,أنقرة
323828,أنامور
324172,آلاشهر
324190,ألانيا
324496,آق سراي
324944,أقجة قلعة
325303,أفيون قره حصار
325330,أديامان
325363,أضنة
325780,إرغالم
326406,ولديا
330546,مصوع
332288,لاليبيلا
333287,كرن
333373,كومبولشا
333772,جيما
335035,هرر
338832,ديرة داوا
339219,ديسي
339686,ديبري تابور
339734,ديبري بيرهان
340358,دابات
341397,بوري
342711,بارنتو
342884,بحر دار
343300,أسمرة
343386,عصب
344420,أكسوم
344901,مندفرا
344979,أديس أبابا
346030,زفتى
347236,Ţūkh
347289,تمي الإمديد
347296,طما
347422,طود
347497,طنطا
347591,طلخا
347612,تلا
347634,طهطا
347751,سمسطا الوقف
347796,سوهاج
347863,واحة سيوة
347883,سرس الليانة
348112,سيدي سالم
348507,سيدي غازي
348548,سيدى برانى
348962,صدفا
349058,شبراخيت
349076,شبرا الخيمة
349114,شربين
349156,شبين القناطر
349158,شبين الكوم
349340,شرم الشيخ
349600,ساقلتة
349653,صان الحجر القبلية
349715,سمنود
349717,سمالوط
350203,رشيد
350350,رفح
350370,قويسنا
350376,قطور
350422,قوص
350550,قنا
350560,قفط
350789,قليوب
350797,قلين
350831,قها
351356,نقادة
351434,نجع حمادى
351708,نبروه
351748,مطوبس
352124,ميت سلسيل
352181,ميت غمر
352250,ميت أبو غالب
352344,منية النصر
352352,منيا القمح
352354,منوف
352440,منشأة أبو عمر
352628,مطاي
352733,مرسى مطروح
352878,منشية القناطر
352913,منفلوط
352951,ملوي
353136,محلة دمنة
353183,مغاغة
353229,العاشر من رمضان
353471,الشيخ زويد
353492,كرداسة
353828,كوم حماده
354105,كفر صقر
354123,كفر سعد
354365,كفر الزيات
354440,كفر الصلاحات
354502,كفر الشيخ
354605,كفر الكردي
354699,كفر البطيخ
354775,كفر الدوار
354981,جهينة
355026,جرجا
355174,جراجوس‎
355392,عزبة البرج
355417,إيتاي البارود
355420,أطسا
355449,إسنا
355635,إدفو
355648,إبشواي
355795,حلوان
355939,ههيا
356436,حدائق القبة
356806,فوة
356933,فرشوط
356945,فارسكور
356989,فاقوس
357039,Fā’id
358048,دمياط
358095,ديرب نجم
358108,دسوق
358115,دشنا
358172,دكرنس
358269,ديروط
358274,دير مواس
358448,دمنهور
358600,ناصر-بوش سابقا
358619,بورسعيد
358620,سفاجا
358631,برج العرب
358683,بولاق أبو العلا
358726,بيلا
358769,بركة السبح
358821,بلقاس
358840,بلبيس
358870,ببا
359169,بني عبيد
359173,بني سويف
359212,بني مزار
359280,بنها
359304,بلطيم
359480,الزينية قبلي
359493,الزقازيق
359576,أوسيم
359678,Aţ Ţūr
359710,التل الكبير
359783,أسيوط
359792,أسوان
359796,سويس
359815,السنبلاوين
359823,السباعية
359841,السرو
359849,السنطه
359867,السلوم
359892,الساحل
359900,الصف
359953,الشهداء
360048,أشمون
360150,الرحمانية
360170,أرمنت
360471,الوقف
360502,الأقصر
360526,القوصية
360531,القصير
360542,القرين
360577,القصاصين
360610,القنطرة
360612,القنايات
360615,القناطر الخيرية
360630,القاهرة
360686,المنيا
360716,المطرية
360748,المراغة
360754,المنزلة
360761,منصورة
360773,المنشاة
360819,المحمودية
360829,المحلة الكبرى
360923,الخارجة
360995,الجيزة
361029,الجمالية
361055,مدينة الإسماعيلية
361058,الإسكندرية
361098,العدوة
361103,الإبراهيمية
361119,عزبة علي السيد
361125,الحسينية
361213,الحامول
361219,الحمام
361291,الغردقة
361301,الغنايم
361320,الفيوم
361329,الفشن
361360,البرج
361391,البياضية
361394,الباويطى
361435,البلينا
361457,الباجور
361478,البداري
361546,العريش
361661,أخميم
361702,أجا
361827,الدلنجات
361871,الضبعة
361995,أبو طشت
362004,أبو تيج
362277,أبو قرقاص
362288,أبو قير
362485,أبو كبير
362552,أبو حمص
362615,أبو حماد
362973,أبنوب
363243,ساراندا
363417,دنقلا
363533,زالنجي (مدينة)
363619,ياي
363656,يامبيو
363885,واو
364367,أويل
364706,أم روابة
365137,أم درمان
365742,توريت
365763,تونج
366323,طوكر
366847,سنجة
367308,شندي
367544,سواكن
367644,سنار
367927,رمبيك
368277,ربك
369004,نيالا
370737,ملكال
371466,ليير
371712,كواجوك
371760,ربك
372527,خشم القربة
372753,كسلا
373130,كافيا كنجي
373141,كادقلي
373296,جبيت
373303,جوبا
374272,حلفا الجديدة
374739,قوقريال
377039,بورتسودان
377241,بور
378231,عطبرة
378459,الروصيرص
378493,الرهد
378699,النهود
379003,الأبي
379062,القضارف
379251,بحري
379252,خرطوم
379303,الجنينة
379555,الفاشر
380129,الدويم (مدينة)
380148,الضعين
380173,الدامر
380174,الدمازين
380308,أبيي
383388,سيايا
384945,دربندخان
385024,السطوه
385038,اَلرِّفَاع
387958,سلوى
388065,اَلرَّابِيَة
393275,تربة
397833,البَدائع الوُسطى
400769,لاسكانود
408919,النوبارية
409361,أولاد صقر
410096,الشفا
410142,بئر العبد
410366,حي المناخ
411752,اَلسّلطَة اَلْجَدِيدَة
411759,اَلْمَنْصُورَة
411760,اَلنَّجْمَة
411763,اَلْهِلاَل اَلْغَرْبِيَّة
411768,اَلْهِلاَل اَلشَّرْقِيَّة
411803,اَلْغَانِم
411820,اَلسَّدّ
411849,ينقل
412800,صَبَاح اَلسَّالِم
414901,الحميدية
415189,عدن
416047,الرياض
418863,أصفهان
419435,الزرقا
421251,دمياط الجديدة
423549,رومونجي
425378,بوجومبورا
428515,بوبانزا
430021,سيبيتوكي
430569,نقوزي
430952,كايانزا
432456,كيرندو
433774,الصالحية الجديدة
434129,برج العرب الجديدة
434170,مدينة وادي النطرون
444473,دار السلام
445694,بيوك
446208,كسنزان
446732,خليفان
448149,سنجار
453754,فالميرا
454310,فنتسبيلس
454768,توكوموس
455898,سالاسبيلس
456172,ريغا
456202,ريزكني
457065,أوغري
457954,ليبايا
459201,جورمالا
459279,يلجافا
459283,جيكاببيلس
460413,داوغافبيلس
460570,سسيس
461699,ساسوفو
461910,زفيريفو
461920,زفينيغورود
462444,زلاتؤوست
463637,زيرنوغراد
463824,زيلينوكومسك
463828,زيلينوغرادسك
463835,زيلينودولسك
465543,زاينسك
466885,ييسك
467120,ييرشوف
467978,ييليتس
468390,ييفريموف
468902,ياروسلافل
470444,فيكسا
470546,فيبورغ
471101,فسيفولوجسك
471430,فوتكينسك
471656,فوسكريسينسك
472433,فولوكولامسك
472459,فولوغدا
472722,فولخوف
472757,فولغوغراد
472761,فولغودونسك
473247,فلاديمير
473249,فلاديقوقاز
475881,فينيوف
477494,أوزلوفايا
478581,أوروس-مارتان
479123,أوليانوفسك
479411,أوختا
479561,أوفا
479933,تيرنياوز
480060,تفير
480562,تولا
480716,توابسي
481608,ترويتسك
481964,توسنو
481985,تورجوك
482283,تولياتي
483019,تيخفين
483029,تيخورتسك
483137,تيكوفو
484646,تامبوف
484907,تاغانروغ
485239,سيكتيفكار
485639,سفتوغورسك
485698,سفتلوغراد
486071,سوروفيكينو
486665,سوخينيتشي
486968,ستوبينو
487095,سترونينو
487495,سترليتاماك
487846,ستافروبول
488852,ستارودوب
490067,سوفتسك
490068,سوفتسك
490391,سوسنغورسك
490466,سورتافالا
490996,سولنتشنوغورسك
491023,سولكامسك
491281,سوكول
491480,سوبينكا
491687,سمولينسك
492162,سلانتسي
492376,سكوبين
493231,شوايا
493463,شومرلايا
495206,شتشيغري
495518,شاتورا
495957,شالي
496015,شاختاي
496278,سفيرومورسك
496285,سفرودفنسك
496478,سسترورتسك
496519,سرتولوفو
496934,سردوبسك
497206,سميليوكي
497218,سميكاراكورسك
498418,ساتكا
498525,ساروف
498677,ساراتوف
498687,سارابول
498698,سارانسك
498817,سانت بطرسبرغ
499099,سامارا
499292,سالافات
499453,سافونوفو
499717,رجيف
500004,رايبانسك
500047,راياجسك
500096,ريازان
500886,رتيشتشيفو
501175,روستوف-نا-دونو
501183,روستوف
501730,رودنيكي
502011,ريفدا
502018,ريوتوف
502793,راسكازوفو
502965,رامنسكوي
503977,بوشكينو
504042,بوشتشينو
504341,بسكوف
504576,بروتفينو
504831,بروليتارسك
505060,بريفولجسك
505259,بريمورسكو-أختارسك
505806,بوفورينو
507599,بوكروف
507624,بوخفيستنيفو
509052,بلافسك
509697,بيتوشكي
509820,بيتروزوفودسك
509987,بيتروفسك
510291,بيتيرهوف
510364,بيستوفو
510808,بيرفورالسك
511196,بيرم
511565,بينزا
511794,بيتشورا
512052,بافلوفسك
512053,بافلوفسك
513042,بالاسوفكا
514171,أوستروف
514198,أوستروغوجسك
514259,أوستاشكوف
514706,أوسا
514734,أورسك
515003,أورنبرغ
515012,أوريول
515024,أوريخوفو-زويفو
515267,أوموتنينسك
515698,أولنغورسك
516215,أودينتسوفو
516436,أوبنينسك
516576,نيتفا
516716,نورلات
517269,نوفوزايبكوف
517739,نوفويوزنسك
517836,نوفوترويتسك
518383,نوفوبافلوفسك
518557,نوفوموسكوفيك
518659,نوفوكويبيشفسك
518682,نوفوكيوبانسك
518909,نوفودفينسك
518970,نوفوتشركاسك
519106,نوفوالكسندروفسك
519336,نوفغورود العظيمة
520068,نوجينسك
520204,نيجنيايا تورا
520555,نيجني نوفغورود
521118,نيجنكامسك
522377,نافينوميسك
522594,نرختا
522775,نليدوفو
522942,نفتكامسك
523064,نازران
523392,نريان مار
523405,نارت كالا
523426,نارو-فومينسك
523523,نالتشيك
523812,مايتشي
524294,موروم
524305,مورمانسك
524640,متسنسك
524712,موجايسك
524736,موزدوك
524901,موسكو
525162,موروزوفسك
525404,مونتشيغورسك
526480,مينيرالنايي فودي
526558,ميليروفو
527012,ميخايلوفكا
527191,ميتشورينسك
527529,منزيلينسك
527717,مليوز
527740,ملينكي
528109,مدنوغورسك
528293,مايكوب
529073,ماركس
529505,مانتيروفو
530849,مالوياروسلفتس
531129,مالغوبك
532096,ماخاتشكالا
532288,مغنيتاغورسك
532615,ليوبارتسي
532657,ليتكرينو
532715,ليسكوفو
533543,لوخوفايتسي
533690,لوغا
534341,لومونوسوف
534701,ليفني
534838,ليسكي
535121,ليبيتسك
535886,لرمونتوف
536156,لنينسك
536162,لنينوغورسك
536206,يوبيلييني
537107,لاكينسك
537281,لاباينسك
537737,كوزنتسك
538138,كوفانديك
538340,كوشفا
538560,كورسك
538601,كوروفسكوي
538836,كورغاننسك
539147,كونغور
539283,كومرتاو
539555,كولباكي
539817,كوديمكار
540030,كوبينكا
540103,كستوفو
540251,كريمسك
540761,كروبوتكين
540771,كرنشتات
542199,كراسنوفايمسك
542327,كراسنوكامسك
542374,كراسنوغورسك
542420,كراسنودار
542463,كراسنوارميسك
542464,كراسنوارميسك
543436,كوفيلكينو
543460,كوفروف
543508,كوفدور
543605,كوتوفسك
543633,كوتوفو
543704,كوتلاس
543878,كوستروما
544896,كورنوفسك
545277,كونستانتينوفسك
545626,كوندوبوغا
545673,كوناكوفو
545788,كومونار
546105,كولبينو
546230,كولومنا
546672,كوخما
547475,كلينتسي
547523,كلين
547560,كليموفسك
547875,كيزل
548114,كيسلوفودسك
548278,كيرجاتش
548330,كيرسانوف
548391,كيروفسك
548392,كيروفسك
548395,كيروفو-تشيبيتسك
548408,كيروف
548410,كيروف
548442,كيريشي
548506,كيرييفسك
548602,كينغيسيب
548605,كينيشما
548652,كيمري
548658,كيموفسك
550280,خيمكي
550671,خارابالي
550846,خاديجينسك
551487,قازان
551794,كاتاف-آيفانوفسك
551891,كاسيموف
551964,كاشيرا
551986,كاشين
552951,كارابولاك
552977,كارابانوفو
553216,كاناش
553287,كاميشين
553725,كامينكا
553915,كالوغا
554199,كالينينسك
554233,كوروليوف
554234,كالينينغراد
554397,كالاتش-نا-دونو
554840,إيجيفسك
555312,إيفانوفو
556230,إيباتوفو
556283,إنزا
557882,غوسيف
558118,غوديرميس
558146,غوبكين
558209,غوباخا
558418,غروزني
559678,غوروديتس
560756,غوليتسينو
561347,جلازوف
561515,غياغينسكايا
561667,غيلينجيك
561887,غاتتشينا
562161,غاليتش
562237,غاغارين
562309,فورمانوف
562389,فرولوفو
563514,إيليستا
563522,إيليكتروغلي
563524,إيليكتروغورسك
563708,دزيرجينسك
564654,دوبوفكا
564719,دوبنا
565381,دوموديدوفو
565955,دميتروف
566199,ديميتروفغراد
566384,ديسنوغورسك
566532,دربند
566854,ديدوفسك
567006,دافليكانوفو
567109,دانكوف
567183,دانيلوف
567434,تشوسوفوي
567774,تشودوفو
568808,تشيرنوغولوفكا
569154,تشركيسك
569223,تشيريبوفيتس
569591,تشيخوف
569696,تشيبوكساري
569955,تشاباييفسك
570427,بوزولوك
571155,بوينسك
571159,بوغوروسلان
571476,بريانسك
571557,برونيتسي
572154,بوروفيتشي
572525,بوريسوغليبسك
572665,بور
575410,بوكسيتوغورسك
575560,بوغورودسك
575591,بوغوروديتسك
575948,بوبروف
576116,بلاغوفيشتشينسك
576317,بيرسك
576566,بيجيتسك
576590,بيزينتشوك
576697,بيسلان
577206,بيريزنيكي
577881,بيلوريتسك
577893,بيلوريتشينسك
578072,بيلغورود
578120,بيليبي
578155,بيلايا كاليتفا
578931,باريش
579432,باليزينو
579460,بالاشوف
579464,بالاشيكا
579492,بالاكوفو
579574,باكسان
579738,باكال
580054,آزوف
580420,أتكارسك
580497,أستراخان
580724,أرزاماس
580850,أرسك
580922,أرمافير
581049,أرخانجلسك
581126,أرغن
581179,أردون
581313,أبشيرونسك
581321,أبريليفكا
581357,أباتيتي
582182,أنابا
582750,أليكسين
583041,أليكساندروفيسك
583350,أليكساندروف
583983,أغريز
584441,أبينسك
584471,أبدولينو
584596,زاقاتالا
584649,يفلاخ
584716,جويجول
584717,خاشماز
584791,أوجار
584871,تارتار
584923,سومغايت
584954,قيزيل بورون
585152,شمكير
585156,شماخي
585170,شكي
585187,صابرآباد
585220,قوسار
585221,مدينة قوبا
585225,حاجي قابول
585226,قزاخ
585514,مينغاشوير
585763,كيوردامير
585915,خيردالان
586318,إسماعيلي
586427,جويجاي
586429,هوسان
586523,كنجه
586763,ديفيتشي بازار
587057,بردع
587084,باكو
587361,أغسو
587378,أغداش
587384,أغجابيدي
587577,فيلياندي
588409,تالين
590031,نارفا
593116,فيلنيوس
593672,أوتينا
593926,تلسياي
593959,تاوراغي
594739,شياولياي
596128,بانيفيزيس
596238,بالانغا
597231,ماريامبوله
598098,كلايبيدا
598316,كاوناس
601084,أليتس
601294,نوكاث
601594,تركمانباشي
601734,داسوغوز
602150,أوميو
604490,لوليو
605155,كيرونا
608668,أورال
609655,قراغندة
610529,أتيراو
610611,أكتوبي
610612,أكتاو
611717,تبليسي
615532,باطومي
615860,آخالتسيخه
616052,يريفان
616062,فاغارشابات
616530,وانادزور
616627,إيجيفان
616629,هرازدان
616631,أرمافير
616635,غيومري
616785,تشارنتساوان
616877,آشتاراك
617026,أبوفيان، أرارات
617076,إدينتس
617180,أونغيني
617239,تيراسبول
617302,ستراشيني
617367,سوروكا
617638,أورخي
617993,هينشيشتي
618120,كاوسيني
618329,فلوريشتي
618365,دوباساري
618370,دروكيا
618405,كومرات
618426,كيشيناو
618456,كاهول
618577,بيندر
618605,بالتي
620127,فيتيبسك
620391,فاوكافيسك
624784,نوفوبولوتسك
625144,مينسك
625665,موغيليف
626081,ليدا
627904,غرودنو
627905,هوركي
627907,غوميل
628634,دزيارجينسك
629634,برست
631707,فيهتي
632370,فاركاوس
632453,فانتا
632542,فاملا
632672,فالكياكوسكي
632978,فآسا
633591,توسولا
633679,توركو
634093,تورنيو
634963,تامبيري
636947,سيلنيارفي
637219,سينايوكي
637292,سافونلينا
637948,سالو
638936,روفانييمي
639406,ريهيماكي
639734,راوما
639853,رآسيبوري
640124,رايسيو
640276,رآهي
640999,بوري
643492,أولو
644171,نورميارفي
644450,نوكيا
646723,مانتسلا
647751,لوهيا
648366,لمبالا
648900,لابينرنتا
649360,لاهتي
649630,كيركونومي
650224,كووبيو
650859,كوفولا
650946,كوتكا
651943,كوكولا
652305,كلوكالا
653185,كيرافا
653281,كيمي
654440,كناسألا
654899,كايآني
655194,يوفاسكولا
655808,يوينسو
655958,يارفنبا
656083,يامسا
656688,إيماترا
656820,إيسلمي
658225,هلسنكي
659169,هامينا
659180,هامينلينا
660561,بورفو
662095,آنيكوسكي
662334,زالاو
663100,فاترا دورنه
663118,فاسلوي
664518,تولتشيا
665004,تارغو موريس
665010,ترجو جيو
665024,تارغوفيشتي
665087,تيميشوارا
665850,سوتشافا
666767,سلاتينا
667268,سيبيو
667303,سفانتو جيورجي
667873,ساتو ماري
668872,رمينكو فيلتشا
668954,ريسيتا
670474,بلويشتي
670609,بيتشتي
670889,بياترا نيامتس
671768,أوراديا
673441,ميركوريا تشيوك
673636,مجيدية
673921,مانغالايا
674531,لوغوج
675810,ياش
677106,جيورجيو
677697,غالاتس
678015,فوكساني
678817,دروبيتا تورنو سيفيرين
679452,ديفا
680332,كرايوفا
680963,كونستانتسا
681290,كلوج نابوكا
682321,تشرنافودا
683123,بوزاو
683394,بوفتيا
683506,بوخارست
683844,براشوف
683902,براila
684039,بوتوشاني
684657,بيستريتسا
686502,أليكساندريا
686578,ألبا يوليا
686803,زفينيهورودكا
686875,زولوتونوشا
686896,زولوتشيف
686967,جيتومير
687196,جوفتي فودي
687700,زاباروجيا
688533,يالطا
688746,فينوغراديف
688860,فوزنيسينسك
689159,فولوتشيسك
689198,فولنوفاخا
689487,فيشنيفي
689558,فينيتسا
690412,فاسيلكيف
690688,أومان
691650,ترنوبل
692194,سومي
693468,سلوفيانسك
693805,سيمفروبول
693942,شوستاكا
694423,سيفاستوبول
695344,روزدلينا
695594,روفنو
696643,بولتافا
698131,أوفراتش
698740,أوديسا
701822,ماريوبول
702550,لفيف
702569,لوتسك
702658,لوهانسك
703448,كييف
703845,كريفي ريه
704147,كريمنشوك
704508,كراماتورسك
704901,كورستين
706448,خيرسون
706483,خاركوف
706524,كيرتش
707753,هورليفكا
707758,هلوخيف
709276,إنيرهودار
709429,دونايفتسي
709540,دوبنو
709717,دونيتسك
709755,دولينا
709930,دنيبرو
710035,ديميتروف
710098,ديرهاتشي
710735,تشرنيهيف
711390,بروفاري
711416,برودي
711669,بوريسلاف
711841,بولهراد
711894,بوهودوخيف
712160,بيلهورود دنيستروفسكيي
712165,بيلا تسيركفا
712423,بيريهوفي
712441,بيرديتشيف
712587,بيلوهيرسك
712861,بار
712886,بالتا
712926,بالاكليا
712930,بالاكلافا
713122,أفديييفكا
713245,أبوستولوفي
713259,أنتراتسيت
716935,نيرغهازا
717582,ميشكولتس
721472,دبرتسن
723195,فرانوف ناد توبلوا
723358,تريبيشوف
723505,ستارا لوبوفنا
723559,سنينا
723819,بريشوف
724144,ميخالوفتسى
724443,كوشيتسه
724503,كيجماروك
725168,برديوف
725578,يامبول
725712,فراتسا
725905,فيدن
725988,فيلينغراد
725993,فيليكو تيرنوفو
726050,فارنا
726174,تارغوفيشته
726418,دوبريتش
726848,ستارا زاغورا
727011,صوفيا
727030,سمولين
727079,سليفن
727221,سيليسترا
727233,شومن
727523,روسه
727696,رازغراد
727886,بارفوماي
728193,بلوفديف
728203,بلفن
728288,بيتريتش
728317,بيشتيرا
728330,برنيك
728378,بازارجيك
728448,باناغيوريشتي
729114,مونتانا
729559,لوفتش
729581,لوم
729730,كيوستندال
729794,كارجلي
730435,هاسكوفو
731549,غابروفو
732770,بورغاس
733191,بلاغويفغراد
733264,بركوفيتسا
734077,سالونيك
734538,بوليخني
734643,بيلايا
735481,لانكاداس
735640,كوموتيني
735764,خورتياتيس
735861,قولة
736296,إوكاربيا، ثيسالونيكي
736364,ذراما
736928,أليكساندروبولي
737022,زونغولداق
738025,يالوفا
738648,طرابزون
738743,توقات
738927,تكيرداغ
739600,سينوب
740264,سامسون
740483,ريزه
741100,أوردو
743166,قرقلر ايلي
743882,قسطموني
743952,قارص
744562,كارابوك
745028,إزميت
745044,اسطنبول
746425,جوموشخانة
746881,غيرسون
747712,أدرنة
747764,دوزجة
748879,جوروم
748893,تشورلو
749748,جانقري
749780,جاناكالي
750269,بورصة
750516,بولو
750598,بيله جك
750938,بايبورت
751057,بارتين
751817,أرتوين
751952,أرداهان
752015,أماصيا
752850,آدابازاري
755889,فياليتشكا
756135,وارسو
759734,جيشوف
760778,رادوم
761218,برزاسنيسز
762423,بياسيتشنو
763166,أولشتين
764862,ميتسيرزيك بودلاسكي
765876,لوبلين
769250,كيلسي
776069,بياليستوك
781988,بوغرادتش
782519,ليبراجد
782661,كوكيس
782756,قورتشة
783148,جيروكاسترا
783263,البصان
783508,بولقيزا
783926,زيلينو
784024,زاييتشار
784136,فرشاتس
784227,فرانيي
784424,فينيتسا
784759,فيريزاج
785058,فيليس
785082,تيتوفو
785113,تيارتسي
785345,ستودينيتساني
785380,ستروميتسا
785387,ستروغا
785482,شتيب
785842,إسكوبية
786341,ريسين
786565,رادوفيس
786712,بريزرن
786714,بريشتينا
786735,بريليب
787157,بيجا
787487,أوخريد
787595,نوفي بازار
787716,نيغوتينو
788654,ليبكوفو
788709,ليسكوفاتس
788886,كومانوفو
788975,كروشيفاتس
789045,كريفا بالانكا
789107,كرالييفو
789128,كراغوييفاتس
789225,ميتروفيتسا
789403,كوتشاني
789527,كيتشيفو
789541,كافادارتسي
789923,ياغودينا
790295,غوستيفار
790367,غورنيي ميلانوفاتس
790674,جيلان
790744,غيفغليا
791559,ديلتشيفو
791606,ديبار
791646,جاكوفا
792078,تشاتشاك
792227,بروفينيتسا
792456,بور
792501,بوغوفينجي
792578,بيتولا
792680,بلغراد
792814,بيتشي
793111,أراندجيلوفاتس
797781,نفتكومسك
802078,ألاغير
824003,باكيسنوف
827329,بافلوفو
831130,زنامينسك
833357,إيليندن
847633,ألتا
863061,أوسينسك
864723,مارويب
877178,كاتيما مولিلو
877401,سونجيا
877747,متوارا
878281,ليندي
884979,موتاري
886763,ماسفينجو
886990,مارونديرا
889215,كاريبا
889942,هوانج
890299,هراري
890422,جويرو
890516,جوندا
893697,تشينهوي
894701,بولاوايو
895061,بيندورا
895269,بيتبريدج
897045,سولويزي
898947,سينانغا
901344,ندولا
906054,مونغو
907770,مانسا
909137,لوساكا
911148,كيتوي
912628,كاسيمبا
912764,كاسما
916095,كابوي
917748,تشوما
918702,تشيباتا
918905,تشينسالي
919009,شينغولا
921753,موتسامودو
921772,موروني
921889,فومبوني
921900,دزاودزي
922704,لوبومباشي
922741,ليكاسي
922806,كيبوشي
925475,مزوزو
927967,ليلونغوي
931755,بلانتاير
932035,تيايتيانeng
932183,قوتينج
932438,مهالي هوك
932505,ماسيرو
932614,مافيتينج
932698,هلوتسي
932886,بوثا بوثي
933088,سيروي
933141,راموتسوا
933305,مولبولول
933340,موتشودي
933366,ماون
933685,كانيي
933759,غانزي
933773,جابورون
933778,فرانسيستاون
934154,بور لويس
934570,كوريبيب
934631,مركز دي فلاك
934765,بو باسين - روز هيل
934778,بامبوس
934985,مبابان
934995,مانزيني
935048,لوبامبا
936374,روديبورت
944385,فيرينخن
944986,فاندربيجلبارك
946877,يوتينهاغ
953781,سويتو
958724,روستنبرغ
963241,راندبورغ
964137,بريتوريا
964420,بورت إليزابيث
965289,بولوكوان
965301,بيترماريتزبرغ
971534,نيلسبرويت
976361,مدلبورخ
980595,مافيكينج
988698,كنيسنا
990930,كيمبرلي
993800,جوهانسبرغ
1006984,إيست لندن
1007311,ديربان
1018725,بلومفونتين
1019330,بيشو
1020098,بينوني
1024552,خاي-خاي
1026014,تيتي
1028434,كويليمان
1028918,بيمبا
1033356,نامبولا
1037125,مونتيبويز
1039536,ماكسيكسي
1039854,ماتولا
1040652,مابوتو
1043893,ليتشينجا
1045114,إنهامبان
1049261,تشيموايو
1052373,بيرا
1052944,أنغوتشي
1053384,توماسينا
1054463,تسيروانومانديدي
1055429,توليارا
1055433,تولاناروا
1056151,سوافيناندريانا
1056386,سانييرانا ايفونجو
1056899,سامبافا
1058381,موروندافا
1058390,مورومبي
1059507,ماروفواي
1061605,مانakارا
1061912,مينتيرانو
1062663,ماجنكا
1062842,مايفاتانانا
1064275,إهوسي
1064890,فيانارانتسوا
1064980,فينواريفو اتسينانانا
1065158,فارافانجانا
1066514,بيتافو
1068971,انتسوهيهي
1069129,انتسيرانانا
1069166,أنتسيرابي
1070940,أنتاناناريفو
1076105,أندواني
1079048,امبوفومبي
1079088,امبوسيترا
1082639,امباتوندرازاكا
1090225,كونغو
1106835,ثابا تسيكا
1120985,زرنج
1123004,تالقان
1125155,شيندند
1125444,شبرغان
1125896,شهرك
1127110,سرپل
1127768,آي بك
1128265,روستاق
1129516,قرقین
1130490,پل خمری
1131833,نيلي
1132495,ناهرين
1133453,ميمنة
1133574,مختار لام
1133616,مزار شريف
1134720,لشكرگاه
1135689,قندوز
1136469,خوست
1136575,خلم
1137079,خان نشين
1137168,خانآباد
1137807,كاروخ
1138336,قندهار
1138958,كابل
1139085,جرم
1139715,جلال آباد
1139807,جبل السراج
1140026,هراة
1141089,غرماچ
1141269,غزنة
1141540,گریشک
1141857,گردیز
1142170,فیض آباد
1142264,فراه
1142330,إستالف
1145352,چاریکار
1147066,برکی برک
1147242,بامیان
1147290,بلخ
1147489,بهارك
1147540,بغلان
1148205,اسمار
1148311,اسد آباد
1148658,اندخوی
1149698,เพชรบุรี
1150007,ترัง
1150490,ตาก
1150515,สุราษฎร์ธานี
1150533,สุโขทัย
1150954,ราชบุรี
1150965,ระนอง
1151074,ประจวบคีรีขันธ์
1151254,فوكيت
1151426,พะเยา
1151933,นครศรีธรรมราช
1152468,ลำพูน
1152473,ลำปาง
1152633,กระบี่
1153081,กาญจนบุรี
1153090,กำแพงเพชร
1153557,ชุมพร
1153669,เชียงราย
1153671,เชียงใหม่
1159301,زاهدان
1161724,تشابهار
1162456,وزير أباد
1165635,شهدادبور
1165789,سيوستان
1166933,رينالا خورد
1166993,راولبندي
1167031,رتوديرو
1167460,رحيم يار خان
1167528,كويته
1167718,بونش
1168197,بيشاور
1169372,نانكانا صاحب
1169607,مظفر آباد
1169692,موريدكي
1170395,مينجورا
1170667,ماتلي
1172451,لاهور
1172682,كونديان
1172915,كوت رادها كشن
1174872,كراتشي
1175156,كماليا
1175436,كاهوتا
1175892,جانغ صدر
1176106,جرانوالا
1176615,إسلام آباد
1176734,حيدر آباد
1176948,حضرو
1177042,هاسيلبور
1177169,هارابا
1177278,هالا
1177308,هجيرة
1177446,جوادر
1178231,غوجرا
1178338,كلكت
1179400,فيصل آباد
1181073,ششتيان شريف
1182665,بهيرة
1182682,بهاونا
1182787,بهلوال
1184845,شرق أحمدبور
1185099,سيلهت
1185106,جمالبور
1185116,نترکونا
1185128,راجشاهي
1185162,ميمنسينغ
1185181,لالمونيرهات
1185188,رانجبور
1185209,حبيغنج
1185224,فيني
1185241,دكا
1185281,باغرهات
1200109,غازيبور
1205733,شيتاغونغ
1214026,سابانغ
1214520,ميدان
1215502,باندا آتشيه
1215957,الترمذ
1216187,شهرسبز
1216265,سمرقند
1216311,قرشي
1217662,بخارى
1217734,بايسون
1218667,ماري
1219649,تركمينابات
1220747,بختار
1220798,بنجكنت
1221328,خروغ
1225142,فالفتيثوري
1226260,ترينكومالي
1228730,راتنابورا
1229293,بوتالام
1231410,بانادورا
1232783,نوارا إليا
1233369,نغومبو
1235846,ماتارا
1235855,ماتال
1237980,كورونيغالا
1240723,كيجاللا
1241622,كاندي
1241964,كالوتارا
1242833,جافنا
1244926,هامبانتوتا
1246000,غامبولا
1246294,غالي
1248991,كولمبو
1249145,تْشيلو
1249978,بينتوتا
1250161,باتيكالوا
1250615,بادولا
1251081,أنورادابورا
1252416,تيمفو
1252479,بوناخا
1252608,تسيرانغ
1252919,ورود
1252948,ورنجل
1253084,فيزينجارم
1253102,فشاكاباتنم
1253184,فجاياوادا
1253200,فيديشا
1253405,وارانسي
1253437,فانيمبدي
1253573,فادودارا
1253870,أمرغا
1253894,أولهاسنغر
1253914,أوجاين
1253952,أودوبي
1254163,ثيروفانانثابورام
1254241,تونك
1254361,تيرونلفلي
1254649,ثنجفور
1254661,تاني
1255634,سرينغر
1255647,سيركاكولم
1256119,سنار
1256237,شيملا
1256414,شوبيان
1256523,شيلونغ
1257307,ساؤنير
1257629,سالم
1257804,ساهارسا
1258044,روركي
1258076,روهتاك
1258526,رانشي
1258891,راجوري
1258980,رايبور
1259005,رايجاره
1259064,راي بريلي
1259110,قاديان
1259148,بوشكار
1259166,بورنيا
1259229,بونه
1259251,بلواما
1259395,بوربندر
1259896,بيرمبالور
1260016,بوري
1260086,باتنا
1260137,باثانكوت
1260156,باتودي
1260618,بمبور
1260637,بالوال
1260728,بلكاد
1261396,نلنغا
1261481,دلهي الجديدة
1261529,نيلور
1261998,نانوته
1262067,نالجوندا
1262180,ناغبور
1262321,مايسور
1262330,مظفربور
1262463,مونار
1263214,ميروت
1263230,ميداك
1263780,مانغلور
1264154,مالابورام
1264521,مادوراي
1264527,تشيناي
1264733,لكهنؤ
1264976,لياه
1265491,كرنول
1265709,كولو
1265734,كولغام
1265911,كوتايام
1266128,كورابوت
1266330,كوكراجهار
1266616,خوردا
1266975,كاراجبور
1267076,خامام
1267486,كاثوا
1267635,كَرْوار
1267648,كرور
1267669,كرتاربور
1267776,كرغيل
1267911,كابورتهالا
1268011,قنوج
1268159,كانشيبورم
1268593,كيتهال
1268616,قائم كنج
1268782,جالاندهار
1268865,جودبور
1269042,جاهجار
1269126,जावद
1269135,جونفور
1269300,جمشيدبور
1269317,جام نجر
1269395,جالنا
1269515,جايبور
1269633,جبلبور
1269743,إندور
1269843,حیدر آباد
1270498,هالدوانى
1270642,جورجاون
1270647,كرداسفور
1270668,غنتور
1270752,كلبركة
1270927,غوراخبور
1271476,جواهاتي
1271729,غاندربل
1272051,إيلورو
1272181,دورج
1272237,دومكا
1272648,ديبروجاره
1272832,دارامسالا
1272979,دنباد
1273241,دوغار
1273265,ديوبند
1273294,دلهي
1273491,دَربنجا
1273865,كويمباتور
1274033,شيتور
1274040,شيتورغاره
1274693,شاندرابور
1274987,كانور
1275004,كلكتا
1275120,بلندشهر
1275339,مومباي
1275812,بهوي
1275841,بوبال
1276014,بياندار
1276128,بهاراتبور
1276609,بجساراي
1276856,بارسي
1277333,بنغالور
1277897,باغدوغرا
1277936,باغالاكوت
1277997,بدغام
1278094,أيوديا
1278139,أوسا
1278149,أورنك آباد
1278446,أراريا
1278667,أنانتناج
1278685,أناند
1278710,أمريتسار
1278946,الوار
1279027,علي باغ
1279068,ألند
1279159,أجمير
1279228,أحمد نغر
1279233,أحمد آباد
1279390,أشلبور
1280737,لاسا
1280849,كاشغر
1282601,تورسونزاده
1282898,بوخارا
1283240,كاتماندو
1283318,جانكبور
1283465,ধনকوتा
1283562,بوتوال
1283581,برغنج
1283582,بيراتنغر
1288322,بانغكهام
1293625,داوي
1293960,تاونجي
1295765,سيتوي
1298824,يانغون
1299237,بيابون
1300466,باغو
1302849,هبا آن
1303351,نياونغ أو
1307741,ميتكينا
1307835,ماينغيان
1308465,مولمين
1308522,مونيوا
1308910,موهنين
1309611,ماييك، ميانمار
1311874,ماندالاي
1312609,ماغوي
1313479,لويكاو
1314759,لاشيو
1315244,لابوتا
1315749,كيونبياو
1316752,كياوكبيو
1325211,هنثادا
1325443,هاخا
1328218,بهامو
1328421,باثيين
1336135,خولنا
1336137,باريشال
1386114,كائي غلا
1429434,بازاراك
1485357,زافودوكوفسك
1485439,زارينسك
1486039,يمنجلنسك
1486209,يكاترينبرج
1486910,فوركوتا
1487277,فيرخنيايا سالدا
1487281,فيرخنيايا بيشما
1487882,أوجور
1488253,زيلينوغورسك
1488754,تيومين
1488933,تورينسك
1489246,ترويتسك
1489425,تومسك
1489962,تافدا
1490003,تاتارسك
1490085,تاركو-سال
1490140,تارا
1490281,تاليتسا
1490624,سورغوت
1491159,سريدنورالسك
1491291,سوسنوفوبورسك
1491706,سلافغورود
1491999,شوميخا
1492401,شاريبوفو
1492517,شادرينسك
1492663,سيروف
1493197,سالخارد
1493467,روبتسوفسك
1494907,بلاست
1495974,أوسينيكي
1496153,أومسك
1496747,نوفوسيبيرسك
1496990,نوفوكوزنتسك
1497337,نوريلسك
1497543,نيجنفارتوفسك
1497549,نيجنيوديسك
1497951,نازاروفو
1498087,ناديم
1498129,ميسكي
1498693,مينوسينسك
1498894,مياس
1498920,ميجدوريتشينسك
1499053,ميجون
1499350,ماريانسك
1500607,لسوسيبيرسك
1500665,لنينسك-كوزنتسكي
1500933,لابيتنانغي
1500973,كيزيل
1501141,كويبشيف
1501255,كورتامايش
1501321,كورغان
1502026,كراسنويارسك
1503037,كودينسك
1503335,كيروفغراد
1503772,خانتي-مانسييسك
1503901,كيميروفو
1504251,كاسلي
1504317,كارتالي
1504343,كاربينسك
1504489,كاراسوك
1504636,كاراباش
1504682,كانسك
1504769,كاميشلوف
1505074,كالاتشينسك
1505429,إيسكيتيم
1505453,إيشيم
1505526,إيربيت
1505579,إنتا
1506271,غورنو ألتايسك
1507116,دودينكا
1507379,ديفنوغورسك
1508291,تشيليابنسك
1508943,بورودينو
1509852,بوغوتول
1510350,بيردسك
1510469,بيلوفو
1510853,بارناول
1510916,بارابينسك
1511309,أسينو
1511330,أسبيست
1511466,أراميل
1511783,أليسك
1512086,أكاديمجورودوك
1512165,أتشينسك
1512205,أبازا
1512236,أباكان
1512473,أورجينج
1512569,طشقند
1512770,سيحون
1512986,بشقند
1513131,نواوي
1513157,نمنكان
1513604,خيوة
1513886,جيزك
1513966,گولستان
1514019,فرغانة
1514210,تشيرتشيق
1514588,أندیجان
1514879,خجند
1514896,اسفرة
1515007,أوليسطاي
1515029,أولاانجوم
1515436,أولجي
1516048,خوفد
1516393,ألتاي
1516589,جيزقازغان
1516905,طراز
1517060,زايسان
1517945,تركستان
1518262,تميرتاو
1518542,تالديكورغان
1518980,شيمكنت
1519422,سيماي
1519922,كيزيلوردا
1519928,كوستناي
1519948,كونايف
1520172,بتروبافل
1520240,بافلودار
1520316,أوست-كامينوغورسك
1521368,بايكونور
1521370,ريدر
1522203,كوكشيتو
1522751,كنتاو
1526168,أريس
1526193,أركاليك
1526384,ألماتي
1527004,باليكتشي
1527199,توكموك
1527299,تالاس
1527534,أوش
1527592,نارين
1528121,قره قول
1528249,جلال آباد
1528675,بيشكك
1528735,باتكن
1529102,أورومتشي
1529531,دونهوانغ
1529660,أقسو
1536289,سنجينسك
1537939,ستيبنوغورسك
1540356,رادوجني
1540711,ميورافلنكو
1562538,في ثان
1562693,فين لونج
1562798,فينه
1562820,فيت تري
1563281,توي هوا
1563287,تويين كوانج
1563683,ہؤنگ لئنہ ضلع
1563926,ثانه فو ترا فين
1565022,ثو داو موت
1566083,مدينة هو تشي مينه
1566166,تانه هوا
1566319,تاي نجوين
1566559,تاي نينه
1567069,تان ان
1567148,تام كي
1567681,سون لا
1567788,سوك ترانج
1568510,راتش جيا
1568574,كويه نهون
1568770,كوانج نجاي
1569684,بليكو
1570449,فو لي
1571058,فان تييت
1571067,فان رانج-ثاب تشام
1571968,نينه بينه
1572151,نها ترانج
1573517,نام ديه
1574023,مي ثو
1575627,لونج سوين
1576303,لاو كاي
1576633,لانج سون
1580142,هونج ين
1580240,هيو
1580410,هالونج
1580541,هوي أن
1581047,ها تينه
1581130,هانوي
1581298,هايفونغ
1581834,جيا نغيا
1582436,جيونج خوي
1582926,دونج ها
1583477,ديان بيان فو
1583992,دا نانج
1584071,دا لات
1586151,كاو لانه
1586185,كاو بانج
1586203,كان ثو
1586360,كام فا
1586443,كا ماو
1586896,بوون ما ثوت
1587923,بيان هوا
1587976,بن تري
1591449,باك نينه
1604769,ยโสธร
1604870,ยะลา
1605215,อุตรดิตถ์
1605221,อุทัยธานี
1605239,ودون تاني
1605245,أوبون راتشاثاني
1605279,ตราด
1606030,สุรินทร์
1606033,สุพรรณบุรี
1606147,سونجخلا
1606239,سي ساكيت
1606270,سينج بوري
1606376,ساتون
1606418,سارابوري
1606586,سامت سongخرام
1606588,سامت ساخون
1606590,سامت براكان
1606790,ساكون ناخون
1606807,سا كايو
1607001,روي ات
1607017,رايونج
1607280,براتشين بوري
1607532,فرا ناخون سي أيوتايا
1607552,فري
1607708,فتسانولوك
1607725,فيتشيت
1607737,فتشابون
1607779,فاتالونج
1607978,فطاني
1607983,باثوم ثاني
1608133,موانج نونتابوري
1608232,نونج خاي
1608269,نونج بوا لامفو
1608409,نارثيوات
1608452,نان
1608527,ناخون سوان
1608529,ناخون راتشاسيما
1608531,ناخون فانوم
1608534,ناخون باتوم
1608539,نखون نايوك
1608597,موكدهان
1608900,ماها سارخام
1609032,لوب بوري
1609071,لوي
1609350,بانكوك
1609776,خون كاين
1610469,كالاسين
1610780,هات ياي
1611110,شون بوري
1611269,جنتابوري
1611407,تشايافوم
1611416,تشاي ناط
1611439,شاشوينجسوا
1611453,بوريرام
1621060,امنات تشاروين
1621177,يوجياكرتا
1624494,تيغال
1624725,تاراكان
1624863,تانجونغ
1625812,سوراكارتا
1625822,سورابايا
1626459,سواي
1627896,سيمارانج
1629001,ساماريندا
1630789,بونتياناك
1633070,باليمبانج
1633419,بادانغ
1635882,ماتارام
1636308,مانوكواري
1636670,ماليانا
1636722,مالانغ
1637730,ليكيسا
1640660,كديري
1642548,جيبارا
1642858,جامبي
1642911,جاكارتا
1645457,ديلي
1646170,سيريبون
1648473,بوكور
1648637,بيتونغ
1649150,بنجكولو
1649378,بيكاسي
1649539,باوكاو
1650357,باندونج
1651531,أمبون
1651816,آيليو
1651944,فيينتيان
1652203,خام نوا
1653316,سافان ناخيت
1654379,باكسي
1655078,مواng ساي
1655123,مواng فونسافان
1655140,باكسان
1655199,ثاخيك
1655559,لوانغ برابانغ
1668341,تايبيه
1668355,تاينان
1668399,تاي شانغ
1670157,سانزاهي
1672228,ماغونغ
1673820,كاوهسيونغ
1675151,سين شو
1678008,جينتشينغ
1678228,كي لنغ
1680932,توجيجاراو
1683877,تاليساي
1684269,تاجوم
1684553,تاجايتاى
1684712,تاكلوبان
1688830,سان بابلو
1690039,سان فرناندو
1692685,بورتوبرنسس
1692747,بروسبريداد
1695804,بانابو
1696165,بالايان
1696710,باجاديان
1701668,مانيلا
1701966,ماندالويونغ
1708226,لا كارلوتا
1708522,كورونادال
1714201,دوماغويتي
1715348,دافاو
1715542,دابيتان
1716771,كوتابايتو
1717512,مدينة سيبو
1720561,كالاپان
1720681,كالامبا
1722032,كابادباران
1722186,بوتوان
1725804,باياوان
1727214,بانغويد
1728772,جزيرة بيز
1728930,باجيو
1729085,باجو
1732752,جوهر بهرو
1732903,شاه عالم
1732905,كلاغ
1733432,كوتا كينابالو
1733782,لابوان
1734052,سانداكان
1734098,كينينغاو
1734599,كوالا كنغسار
1734634,ايبوه
1734705,كوالا ترنغانو
1734759,ملقا
1734810,سرمبان
1735079,بوكيت ميرتاجام
1735086,نيبون تيبال
1735106,جورج تون
1735158,بيتالينغ جايا
1735161,كوالالمبور
1735227,كوانتان
1735634,كوتشينغ
1735902,سيبو
1736278,كانجار
1736309,ألور ستار
1736376,كوتا بهارو
1736902,بيتونج
1737486,بينتولو
1738050,ميري
1756720,لوكوت
1783745,زيجونج
1784130,زهوكو
1784658,تشنغتشو
1785286,زيبو
1785294,انيانغ
1786657,مدينة ينشوان
1787227,يانغتشو
1787765,يانان
1788534,شينيانج
1788852,شينينغ
1790437,زوهاي
1790630,شيآن
1790645,شيامن
1790923,ووشي
1791247,ووهان
1791388,ونتشو
1792947,تيانجين
1793511,تاي يوان
1793700,تايشان
1795270,شيجياتشوانغ
1795565,شينزين
1795855,شاوكسينج
1795940,شانتو
1796236,شانغهاي
1796556,سانيا
1797264,كو زهو
1797333,تشيوفو
1797353,تشوانتشو
1797595,تشنهوانغداو
1797929,تشينغداو
1799397,نينغبو
1799869,نانينغ
1799962,نانجينغ
1800163,نانتشانغ
1801792,لويانغ
1802276,لونغيان
1803245,ليشوي
1803300,ليوشو
1804430,لانتشو
1804651,كونمينغ
1804879,كايفنغ
1805528,جينهوا
1805753,جينان
1808722,خفي
1808926,هانغتشو
1809078,هايكو
1809461,غوييانغ
1809858,غوانزو
1810821,فوزهو
1811103,فوشان
1812545,دونغقوان
1813171,زانغجياجي
1813253,ليجيانج
1814087,داليان
1814906,تشونغتشينغ
1815286,تشنغدو
1815577,تشانغشا
1816670,بكين
1818501,تسيم شا تسوي
1819729,هونغ كونغ
1819757,أبردين
1820071,توتونج
1820491,كوالا بيلايت
1820906,بندر سري بكاوان
1821274,ماكاو
1821306,بنوم بنه
1821935,تا خماو
1821940,تاكيو
1821993,سفاي ريينج
1822019,سويونج
1822029,ستونج تربنج
1822207,سيسوفون
1822214,سيام ريب
1822610,بري فينج
1822768,بورسات
1825093,سامراونج
1830098,تبينج مياتشاي
1830205,بايلين
1830467,كيب
1830468,كوه كونج
1830564,كراتي
1831112,كامبوت
1831125,كامبونج توم
1831133,كامبونج سبيو
1831142,سيهانوكفيل
1831167,كامبونج تشهنانج
1831173,كامبونج تشام
1831732,بانلونج
1831797,باتامبانج
1833747,ألسان
1835235,دايجيون
1835329,ديغو
1835553,سوون
1835848,سيول
1838524,بوسان
1840982,موان
1841811,غوانغجو
1843564,إنتشون
1844174,هونغسيونغ
1845033,تشنغجو
1845136,تشنتشون
1845457,جونجو
1845604,تشيونغجو
1845759,تشونان
1846266,جيجو
1846326,تشانغوون
1846986,أندونغ
1847947,شينغو
1847963,أتسوغي
1847966,أكاشي
1848004,زاما
1848055,غيرو
1848087,يوكوهاشي
1848096,يوكي
1848277,يوناغو، توتوري
1848313,يوكوسوكا
1848354,يوكوهاما
1848373,يوكايتشي
1848439,ياواتا
1848445,ياتسوشيرو
1848573,ياناغاوا
1848689,ياماغوتشي
1848705,ياماغا
1848774,يايزو
1848776,يايتا
1848976,واجيما
1849094,أوسوكي
1849186,يورايسو
1849237,يوزو
1849372,يوجي
1849407,يوينوهورا
1849429,يويدا
1849498,يوبي
1849519,تسوياما
1849563,تسوروكا
1849592,تسوروغا
1849788,تسوبامي
1849814,تويوتا
1849831,تويوكا
1849845,تويوكاوا، آيتشي
1849846,تويوهاشي، آيتشي
1849892,توتوري
1849904,توسو
1850091,توميوكا
1850147,طوكيو
1850181,توكوروزاوا
1850185,توكونامه
1850207,توكي
1850311,توتشيغي
1850396,تيرني
1850523,تاته ياما
1850559,تاتيباياشي
1850708,تانابا
1850742,تامانو
1850745,تامانا
1850834,تاكيو، ساغا
1850860,تاكيهارا
1850892,تاكاياما
1851002,تاكاساكي
1851012,تاكارازوكا
1851032,تاكاوكا
1851100,تاكاماتسو
1851137,تاكاهاشي
1851193,تاجيمي غيفو
1851259,تاهارا
1851273,تاغاوا
1851348,سوزوكا
1851368,سوا
1851483,سويتا، أوساكا
1851713,شوبارا
1851717,شيزوكا
1852003,شيوجيري
1852046,شينشيرو، آيتشي
1852225,شيمونوسكي
1852357,شيمودا
1852472,شيمادا
1852479,شيمبارا
1852588,شيبوشي
1852595,شيبوكاوا
1852607,شيباتا
1852663,سيتو
1852736,ساتسوماسينداي
1852899,ساسيبو
1852901,ساساياما
1852964,سانو
1852984,سانجو
1853066,ساكوراي
1853081,ساكو
1853140,ساكاتا
1853174,ساكايميناتو
1853209,ساكودو
1853237,سايكي، أويتا
1853303,ساغا
1853483,أوياما
1853564,أوتسوكي
1853574,أوتسو
1853677,أوتا
1853909,أوساكا
1853992,أونومیتشي
1854026,أونو
1854083,أوموتا
1854093,أومورا
1854162,أومه
1854186,أوماتشي
1854376,أوكازاكي
1854703,أوغاكي
1854747,أوداوارا، كاناغاوا
1854803,أوبو
1854849,أوباما
1854902,نامازو
1854905,نوماتا
1855078,نودا
1855095,نوبيوكا
1855189,نيشيو
1855203,نيشينوموتي
1855395,نيكو
1855425,نيهاما
1855476,نيتشينان
1855612,نارا
1855670,ناناو
1855694,ناميريكاوا
1855753,ناكاتسوغاوا غيفو
1855757,ناكاتسو، أويتا
1855907,ناكاما
1856057,ناغويا
1856068,ناغو، أوكيناوا
1856177,ناغاساكي
1856184,ناغاره ياما
1856199,ناغاوكا
1856367,موساشينو
1856434,موراكامي
1856584,موريغوتشي، أوساكا
1856667,ميزونامي غيفو
1856698,میوشي
1856703,ميازو
1856775,مياكونوجو
1856977,ميشيما
1857208,ميناماتا
1857276,ميكي
1857334,میهارا
1857519,ماتسوموتو
1857550,ماتسوا
1857553,ماتسودو
1857594,ماسودا
1857665,ماروغامه
1857766,مايزورو
1857769,مايبارا
1857871,ماتشيدا
1857910,كيوتو
1858088,كورومي
1858296,كورشي
1858301,كورايوشي
1858311,كوراشيكي، أوكاياما
1858428,كوماغايا
1858729,كوشيغايا
1858858,كومورو
1858910,كوماتسو
1858926,كوماكي، آيتشي
1858964,كوكوبونجي
1859093,كوغا
1859100,كوفو
1859171,كوبه
1859210,كيوسو
1859307,كيتاكيوشو
1859319,كيتاكاتا
1859393,كيسارازو
1859405,كيرو
1859492,كيكوتشي
1859586,كازو
1859642,كاواساكي
1859675,كاوانيشي
1859730,كاواغوتشي
1859740,كاواغويه
1859765,كاتسوياما
1859884,كاسوكابي
1859891,كاسوغاي
1859908,كاشيوازاكي
1859924,كاشيوا
1859941,كاشيما
1860034,كارييا
1860063,كاراتسو
1860098,كانوما
1860112,كانويا
1860635,كاميوكا
1860672,كاماكورا
1860728,كاكيغاوا
1860735,كاكاميغهارا
1860785,كاينان
1860827,كاغوشيما
1860871,كادوما، أوساكا
1861084,إزومو
1861171,إواتا
1861212,إواكوني
1861285,إتويغاوا
1861290,إتو
1861310,إتامي
1861416,إشيغاكا
1861436,إسيساكي
1861450,إيسه
1861464,إيساهايا
1861528,إنوياما، آيتشي
1861602,إنازاوا
1861641,إنا
1861749,إكوما
1861835,ليزوكا
1861864,إييدا
1861949,إيتشينوميا
1862010,إيبوسوكي
1862033,إباراكي
1862034,إبارا
1862198,هونجو
1862352,هيتويوشي
1862373,هيتا، أويتا
1862415,هيروشيما
1862462,هيراتسوكا
1862540,هيراكاتا، أوساكا
1862555,هيرادو
1862599,هينو
1862627,هيميجي
1862752,هيغاشيوساكا، أوساكا
1862912,هيكينان
1863018,هاتسوکایجي
1863082,هاشيموتو
1863173,هانيا
1863183,هانو
1863209,هاندا
1863289,هاماماتسو
1863310,هامادا
1863418,هاغي
1863431,هادانو
1863440,هاتشيؤوجي
1863451,أوميهاتشيمان
1863482,غيودا
1863541,غوسي
1863592,غوجو
1863614,غوبو
1863693,غاماغوري
1863713,فوتسو، تشيبا
1863905,فوناباشي
1863917,فوکویاما
1863945,فوكوري
1863967,فوكوكا
1864009,فوكوتشياما
1864092,فوجيساوا
1864099,فوجيوكا
1864105,فوجينوميا
1864134,فوجي
1864549,تشيريو
1864557,تشينو
1864624,تشيغاساكي
1864637,تشيتشيبو
1864750,بيبو
1864873,آيابه
1864894,أوارا
1864945,أتامي
1864985,آشيا
1865005,أشيكاغا
1865047,أساكوسا
1865290,أناكا
1865294,أنجو
1865309,أنان
1865449,أكي
1866923,ونسان
1870883,ساريون
1871859,بيونغيانغ
1871871,بيونغسونغ
1873757,نامبو
1876373,كايسونغ
1877449,هامهونغ
1877615,هاجو
1880252,سنغافورة
1886760,سوجو
1894616,مدينة أوكيناوا
1895695,كوشيما
1896348,هيكاري
1899102,ناغوتو
1907146,ساياما
1907148,فوسا
1907299,أساكي
1907307,كيميتسو
1907309,ميورا
1926006,إيو
1926020,يواجيما
1926054,ساجيو
1926055,اوزو
1926099,ماتسوياما
1937274,لوسبالوس
2012484,زيما
2013159,ياكوتسك
2013348,فلاديفوستوك
2014407,أولان أودا
2014624,أوداتشني
2014718,تيندا
2014927,تولون
2015310,فوكينو
2016701,شيمانوفسك
2016764,شيلخوف
2017487,رايتشيخينسك
2018116,بارتيزانسك
2019326,نيرتشينسك
2019528,ناخودكا
2019951,ميرني
2020812,لسوزافودسك
2020838,لينسك
2021618,كراسنوكامنسك
2022890,خاباروفسك
2023058,ريف كافاليروفو
2023469,إيركوتسك
2025339,تشيتا
2026609,بلاغوفيشتشينسك
2026643,بيروبيجان
2026696,بيكين
2026895,بيلوغورسك
2027296,أيخال
2027667,أنغارسك
2027749,أمورسك
2028462,أولان باتور
2028606,تسيتسيرليج
2029156,سوخبعاتر
2029656,اندوركهان
2029945,مورون
2031405,إردنيت
2031517,جزون مود
2031964,دارخان
2032007,دالانزادجاد
2032054,تشويبالسان
2032081,سايانشاند
2032201,بولجان
2032533,باياهنغور
2032614,باروون أورت
2032814,أرفايهير
2033467,يانجي
2034312,أولان هوت
2034937,شنيانغ
2036389,جيشي
2036892,هوهوت
2036986,هيغانغ
2037013,هاربن
2037886,داندونغ
2038180,تشانغتشون
2038679,أتشنغ
2040893,سينويجو
2042645,راجين
2043572,كانجيه
2043837,هيسان
2044757,تشونغجين
2051523,براتسك
2058430,وايالا
2062338,روكينغهام
2063523,بيرث
2065594,ماونت إيزا
2067119,ماندوراه
2068823,كالغورلي
2070998,جيرالدتون
2071059,جولر
2073124,داروين
2075265,بوسلتون
2075432,بانباري
2077895,ألِيس سبرينغز
2077963,ألباني
2078025,أديليد
2078127,فلاينغ فيش كوف
2082539,ميروكي
2083537,ويواك
2088122,بورت مورسبي
2088163,بوبونديتا
2090409,جبل هاجن
2090990,ميندي
2091996,مادانج
2092740,لاي
2093685,كوكوبو
2093967,كيمبي
2096742,جوروكا
2098329,دارو
2108502,هونيارا
2110460,يوزاوا آكيتا
2110498,يونيزاوا
2110579,ياتشيماتا
2110629,أوشيكو
2110681,تسوكوبا
2110729,توريده
2110735,تونو
2110774,توغانه
2110893,تاكاهاغي
2111018,شيروي
2111220,ساكورا
2111248,ساغاي
2111258,ريوغاساكي
2111325,أوتاوارا
2111530,أفوناتو
2111559,أوبانازاوا
2111684,ناريتا
2111781,ناغاي
2111824,موتومايا
2111831,موريا
2111834,موريوكا
2111836,موكا
2111855,موبارا، تشيبا
2111884,مايكو
2112141,كورياما
2112227,كيتاكامي
2112232,كيتا إيباراكي
2112263,كيسين-نوما، مياغي
2112309,كاتسورا، تشيبا
2112343,كاساما
2112409,كامينوياما
2112444,كامايشي
2112455,كاكودا
2112539,لواكي
2112555,إتاكو
2112571,إيشيوكا
2112576,إيشينوماكي
2112656,إتشينوسيكي
2112664,إيتشيهارا
2112688,هوكوتا
2112708,هيتاتشي
2112758,هيغاشينا
2112823,هاناماكي
2113015,تشيبا
2113077,آساهي
2113126,أكيتا
2118647,فيلوتشنسك
2119441,يوجنو-ساخالينسك
2119932,فانينو
2122104,بتروبافلوفسك
2123628,ماغادان
2124286,كورسكوف
2127202,أنادير
2127515,واكاناي
2127733,توماكوماي
2127878,موتسو
2127955,سوناغاوا
2128295,سابورو
2128382,روموي
2128574,أوتارو
2128787,أوداته
2128815,أوبيهيرو
2128867,نوشيرو
2128894,نوبوريبيتسو
2128975,نيمورو
2128983,نايورو
2129101,موروان
2129211,ميساوا
2129376,كوشيرو
2129395,كورويشي
2129537,كيتامي
2129870,إيواميزاوا
2129909,إشيكاري
2130054,كيتاهيروشيما
2130057,هيروساكي
2130146,كازونو، أكيتا
2130188,هاكوداته
2130306,فورانو
2130332,فوكاغاوا
2130404,إبيتسو
2130452,تشيتوزي
2130534,بيباي
2130612,أشيبيتسو
2130629,أساهيكاوا
2130658,آوموري
2130741,أباشيري
2131612,غوشوغاوارا
2139521,نوميا
2143285,وودونغا
2144528,وارنامبول
2144764,وانجارتا
2146108,ترارالغون
2146142,تاونسفيل
2146268,توومبا
2147381,تاري
2147497,تامورث
2147714,سيدني
2149645,شيبارتون
2151437,روكهامبتون
2152659,بورت ماكواري
2154219,أورانج
2155472,نيوكاسل
2156643,مونت غامبير
2158177,ملبورن
2158562,ماريبورو
2159045,مايتلاند
2159220,ماكاي
2159851,ليفربول
2160517,لاونسستون
2161314,كينغستون
2163055,هورشام
2163355,هوبارت
2164771,جرافتون
2164837,غولبرن
2165478,جلادستون
2165798,غيلونغ
2167817,إتشوكا
2168305,دوبو
2168943,دافنبورت
2171085,كوفس هاربور
2171507,ولونغونغ
2171845,سيسنوك
2172517,كانبرا
2172797,كيرنز، كوينزلاند
2173125,بيرني
2173323,بوندابيرج
2173911,بروكن هيل
2174003,بريزبن
2176187,بينديغو
2176632,باثرست
2177091,بالارات
2177671,آرمدال
2179537,ويلينغتون
2179670,وانجانوي
2183472,ريتشموند
2184397,بوريريوا
2185018,بالمرستون نورث
2186239,نيو بليموث
2186280,نيلسون
2186313,نابيير
2188164,لور هوت
2189529,إنفركارجل
2190224,هاستينجس
2190324,هاميلتون
2191562,دنيدين
2192362,كرايستشرش
2193733,أوكلاند
2198148,سوفا
2202064,نادي
2204506,لاوتوكا
2206854,جيسبورن
2208330,وهاكاتان
2208425,زوارة
2208485,زليتن
2208791,يفرن
2210247,طرابلس
2210554,شعبية سرت
2210560,صرمان
2212771,صبراتة
2212775,سبها
2212882,سيدي بن زينة
2213570,قصر خيار
2213695,قصر القربولي
2214433,نالوت
2214603,مرزق
2214827,مزدة
2214846,مصراتة
2215210,البريقة
2216349,جنزور
2216645,هون
2216885,الزاوية
2217362,غريان
2218478,براك الشاطئ
2218562,بن جواد
2218840,قصر ليبيا
2218963,الزنتان
2218970,الزاوية
2219235,أوباري
2219701,النقاط الخمس
2219905,المرقب
2219936,الجميل
2219960,الجديد
2219994,الحرشة
2220061,الغريفة
2220139,العَزيزية
2220957,ياوندي
2224827,نقاوندري
2228373,مارووا
2229798,القصور‎
2231320,غاروا
2232239,إديا
2232283,إبولووا
2232444,جان
2232593,دوالا
2233410,بويا
2234359,بيرتوا
2234974,بامندا
2235189,بافوسام
2236568,ويغ
2239076,ندالاتاندو
2239520,مبانزا كونغو
2239862,مالانجي
2240449,لواندا
2242001,كاشيتو
2243271,كابيندا
2243940,زيغنشور
2244991,تمباكوندا
2245704,سيديو
2246452,سانت لويس
2246512,روفسك
2246922,أوروسغي
2248752,ماتام
2249222,لوغا
2249782,كولدا
2250645,كيدوغو
2250805,كاولاك
2251007,كافرين
2251688,غاندياي
2251911,فاتيك
2252309,ديوربل
2253354,داكار
2253375,داغانا
2255285,سيبيتي
2255414,بوانت نوار
2255542,أوواندو
2255564,أويسو
2258261,دوليسي
2259655,إمبفوندو
2260401,جامبالا
2260535,برازافيل
2262644,تومار
2262912,سينترا
2262963,سيتوبال
2263480,سانتارين
2263667,شقبان
2264268,كويلوز
2264508,بورتاليغري
2267057,لشبونة
2267095,لييريا
2267827,فونشال
2268339,فارو
2268406,إيفورا
2268436,إستوريل
2269514,كاستيلو برانكو
2270380,كامارا دي لوبوس
2270985,بيجا
2272147,ألكوباكا
2272491,زويدرو
2273312,فوينجاما
2273435,توبمانبرج
2274129,سانيكويلي
2274372,بليبو
2274895,مونروفيا
2276086,كاكاتا
2276492,هاربر
2276600,جرينفيل
2277060,غبارنغا
2278158,بوخانان
2279755,ياموسوكرو
2281951,ساساندرا
2282006,سان بيدرو
2283016,أوديان
2284647,مان
2286304,كوروغو
2288829,غانيوا
2289983,ديمبوكرو
2290486,دالوا
2290956,بواكي
2291136,بونودوكو
2293538,أبيدجان
2293549,أبنقورو
2294700,تيما
2295458,سيكوندي تاكورادي
2295840,بريستية
2298205,مانكسيم
2298890,كوماسي
2299233,كباندو
2301190,ألمينا
2304121,آشيامان
2306104,أكرا
2309527,مالابو
2310046,باتا
2312249,موشي
2312895,مباندكا
2313002,ماتادي
2313762,ليبنغي
2314302,كينشاسا
2314705,كيكويت
2315417,إينونجو
2315728,جيمينا
2316702,بوما
2317285,باسنكوسو
2317397,بانداندو
2317765,زاريا
2318044,يولا
2318123,ينагوا
2319133,واري
2319480,أويو
2320576,أوموأهيا
2322911,سوكوتو
2324774,بورت هاركورت
2325330,أويري
2325590,أوسوجبو
2330100,مينا
2331140,ماكوردي
2331447,ميدغري
2331939,لوكوجا
2332459,لاغوس
2332515,لافيا
2334802,كاتسينا
2335204,كانو
2335727,كادونا
2335953,جوس
2336589,جالينجو
2337639,إيلورين
2338313,إيكيجا
2339354,إبادان
2339937,جوساو
2340451,جومبي
2343279,إنوغو
2344245,دوتسي
2345521,داماتورو
2346229,كالابار
2347059,بيرنين كيبي
2347283,بنين
2347470,باوتشي
2348773,أوكا
2349276,أساба
2350841,أكوري
2352379,أدو إكيتي
2352778,أبوجا
2352947,أبيوكوتا
2353099,أبكاليكي
2353151,آبا
2353197,زورغو
2353257,زينيار
2353688,ياكو
2354176,توغان
2354265,توما
2354349,تيتاو
2354675,تنكودوغو
2355404,سولينزو
2355869,سابوي
2356228,ريو
2356454,بو
2357043,واهيغويا
2357048,واغادوغو
2357062,أورودارا
2357163,نونا
2358100,مانغا
2358382,ليو
2358738,كوبيلا
2358946,كودوغو
2359142,كونغوسي
2359227,كومبيسيري
2359608,كايا
2360073,هوندي
2360238,غورسي
2360541,غايري
2360886,فادا نقورما
2361082,دوري
2361177,جيبو
2361342,ديبوغو
2361373,ديابغا
2361477,ديدوغو
2361586,دانو
2361845,بوسي
2361946,بولسا
2362150,بورومو
2362323,بوغاندي
2362344,بوبوديولاسو
2362669,باتي
2362909,بانفورا
2363534,سيفييه
2364079,سوتاوبوا
2364104,سوكوديه
2364752,نوتسي
2365267,لومي
2366152,كارا
2367164,داباونق
2367568,باسار
2367886,أتاكبامي
2374775,بيساو
2375558,ازويرات
2376115,تمبدغة
2376719,سيلبابي
2376898,روصو
2377450,نواكشوط
2377457,نواذيبو
2377539,النعمة
2378538,كيفة
2378736,كيهيدي
2380954,بوغي
2381291,لعيون
2381334,أطار
2381659,ألاك
2381690,أكجوجت
2383119,سيبوت
2383523,باوا
2383827,نولا
2384770,مبايكي
2386012,كاغا باندورو
2387495,كارنو
2387546,بوزوم
2387926,بوار
2388036,بوسانقوا
2388625,بوكارانغا
2388873,بيمبو
2389086,بربيراتي
2389691,باتانقافو
2392087,بورتو نوفو
2392204,باراكو
2392601,ناتيتينغو
2392897,لوكوسا
2393693,كاندي
2394560,جوجو
2394711,دسا-زومة
2394819,كوتونو
2395568,أبلاهو
2395635,ألادا
2395915,أبوميي
2396518,بورت جنتيل
2398269,مواندا
2399697,ليبرفيل
2400555,فرانسفيل
2403094,واترلو، سيراليون
2404433,بورت لوكو
2406407,ماكيني
2407656,كويدو
2407790,كينيما
2408329,كابالا
2409306,فريتون
2410048,بو
2410763,ساو تومي
2411585,جبل طارق
2411989,سيريكوندا
2413876,بانجول
2413920,باكاو
2425791,صارح
2426240,بالا
2426370,أم هاجر
2427123,انجمينا
2427336,موسورو
2427455,موندو
2427637,مونقو
2427697,مويسالا
2428042,امبورسو ليري
2428228,مسكوري
2428231,مساقط
2428394,ماو
2429158,ليري
2429296,لاي
2429605,كُمرا
2431907,غوري
2432639,فيانكا
2432678,فايا لارجو
2433437,دوبا
2434584,بوسو
2434910,بنقور
2434979,بول
2434985,بوكورو
2435124,بتكين
2436400,آتيا
2437798,زيندر
2438678,تيلابيري
2439376,تاهوا
2440485,نيامي
2441291,مرادي
2445488,دوسو
2445704,ديفا
2447513,أرليت
2448085,أغاديس
2449067,تمبكتو
2451185,سيكاسو
2451478,سيغو
2453348,موبتي
2454530,كوليكورو
2455290,كيدال
2455518,كايس
2455558,كاتي
2457163,جاو
2460596,باماكو
2461874,السمارة
2461993,المرسى
2462881,العيون
2463029,بوجدور
2463447,الداخلة
2464041,زغوان
2464470,تونس
2464648,توزر
2464701,تطاوين
2464855,تبرسق
2464858,طبربة
2464861,ريج
2464871,طبرقة
2464915,سوسة
2464960,سكرة
2464979,سبيطلة
2465030,سليانة
2465840,سيدي بوزيد
2467454,صفاقس
2467815,رادس
2467856,قصور الساف
2467959,قليبية
2468018,قبلي
2468285,الفحص
2468353,ڤفصة
2468369,قابس
2468579,نابل
2469140,مساكن
2469174,مارث
2469256,منزل جميل
2469264,منزل بورقيبة
2469268,منزل عبد الرحمان
2469274,منوبة
2469473,مدنين
2470088,جندوبة
2470173,جرجيس
2470191,جمال
2470384,حومة السوق
2470588,حمام الأنف
2470656,حلق الوادي
2471003,غار الدماء
2471012,غنوش
2471059,فريانة
2471788,الدهماني
2472431,بنڤردان
2472479,بن عروس
2472675,باردو
2472706,بنزرت
2472774,باجة
2472838,زرمدين
2473247,أريانة‎
2473257,الرّدَيِّف
2473449,القيروان
2473457,القصرين
2473493,المنستير
2473517,متلوي
2473570,المحرس
2473572,المهدية
2473633,الكلابين
2473634,الكاف
2473744,الحمامات
2473747,الحامة
2473826,البقالطة
2473937,أجيم
2474141,بومرداس
2475475,تقرت
2475687,تلمسان
2475744,تيزي وزو
2475860,تسمسيلت
2475921,تيرمتين
2476028,تيبازة
2476301,تندوف
2476403,تيميمون
2476412,الحد
2476897,تيارت
2477461,تبسة
2478216,تامنراست
2478226,تمالوس
2479215,سوق أهراس
2479536,سكيكدة
2480368,سيدي خالد
2481007,سيدي بلعباس
2481639,سفيزف
2481700,سطيف
2482159,صدوق
2482447,صالح باي
2482572,سعيدة
2482908,الرويبة
2483649,الرمشي
2483668,ولاية غليزان
2483746,الرقيبة
2483761,رقان
2483936,رأس الوادي
2484187,الرئيس حميدو
2484620,أم البواقي
2484933,أولاد جلال
2485572,وادي سلي
2485582,وادي ارهيو
2485618,وادي الفضة
2485801,ورقلة
2485926,وهران
2486177,نقاوس
2486690,المسيلة
2487134,مستغانم
2487444,مليانة
2487452,ميلة
2487852,بلدية المرسى الكبير
2488500,مقلع
2488835,المدية
2490098,معسكر‎
2491134,الأخضرية
2491191,الأغواط
2491889,خنشلة
2491911,خميس مليانة
2492345,الكركرة
2492913,جيجل
2494029,حاسي مسعود
2494554,حمام أبو حجر
2495662,قالمة
2496049,غرداية
2496059,قديل
2496573,فرعون
2497060,السانية‎
2497411,اﻟﻮادى
2497655,المغير
2497714,المالح
2497796,القصر
2497988,القالة
2498305,المنيعة
2498543,ولاية البيض
2498611,الشلف
2498704,العامرية
2498766,اليشير
2499193,بلدية دويرة
2500017,ولاية الجلفة
2500282,جامعة
2500583,دلّس
2500889,الدار البيضاء
2501152,قسنطينة
2501440,شرشال
2501680,الشبلي
2502385,بوسعادة
2502924,بوقادير
2502958,البويرة
2503229,بودواو
2503661,برج الكيفان
2503669,برج البحري
2503701,برج بوعريريج
2503755,بوغني
2503769,البليدة
2503826,بسكرة
2503847,بئر خادم
2503878,بئر العاتر
2504581,بني صاف
2504739,بني عمران
2505329,بجاية
2505530,بشار
2505572,باتنة
2505629,بريكة
2505651,برباشة
2505653,براقي
2505854,باب الزوار
2505915,عزابة
2506385,أرزيو
2506795,أولف
2506999,عنابة
2507169,أميزور
2507480,الجزائر
2507646,أقبو
2507901,عين تموشنت
2507912,عين طاية
2507926,عين سمارة
2507972,عين وسارة
2508010,دائرة عين مران
2508119,عين الترك
2508228,عين الدفلى‎
2508268,عين بسام
2508297,عين أرنات
2508813,أدرار
2509031,دائرة أبو الحسن
2509377,صفراء، بطليوس
2509402,يكلا، مرسية
2509553,فيلانيوفا دي لا سيرينا
2509650,بيكار
2509769,فيليث-مالقة
2509954,بلنسية
2510116,أبدة
2510245,طرش
2510253,توريفايجا
2510281,توريمولينوس
2510392,توميلوسو، سيوداد ريال
2510409,طليطلة
2510542,تيلدي
2510599,طريفا
2510693,طلبيرة
2510725,تاكورونتي
2510911,إشبيلية
2511102,سانتا بولا
2511162,سانتا إيولاليا ديل ريو
2511174,سانتا كروث دي تينيريفه
2511306,شلوقة
2511388,سان فرناندو، قادس
2511448,سان أنطونيو أباد
2511716,روكويتاس دي مار
2511852,رينكون دي لا فيكتوريا
2512169,بويرتو ريال
2512177,بورتولانو
2512196,بويرتو دي لا كروث
2512282,بريغو دي قرطبة، قرطبة
2512340,بوزوبلانكو، قرطبة
2512581,بايلار دي لا هورادادا
2512989,ميورقة
2512990,بالما ديل ريو
2513052,أشونة
2513076,أوريويلا
2513115,أوندا
2513324,نافالمورال دي لا ماتا
2513416,مرسية
2513477,موتريل
2513509,مورور
2513601,مونتيلا، قرطبة
2513759,مولينا دي سيغورا
2513791,موغير
2513882,ميخاس
2513885,ميغويلتورا
2513917,ماردة
2513947,مليلية
2514073,مارتوس، خاين
2514169,ماربيا
2514256,مالقة
2514651,لوس يانوس دي أريداني
2514824,لوس باريوس
2514891,لوركا، مرسية
2514893,لورة
2515151,لا أونيون
2515555,لا رودا
2515692,لا أوروتافا
2515812,لا يينا دي لا كونسيبسيون
2516255,خوميا
2516326,شريش
2516345,شاطبة
2516395,جيان
2516431,إسلا كريستينا
2516474,إكود دي لوس فينوس
2516480,إلبي
2516542,هويركال-أوفيرا
2516797,إيين
2516860,غيا دي إسورا
2516925,وادي آش
2517111,غراناديا دي أبونا
2517117,غرناطة
2517595,سهيل
2517816,إستيبونا
2518207,إل بويرتو دي سانتا ماريا
2518494,إلإيجايدو
2518505,إلدا
2518559,إلش
2518770,إستجة
2518820,دون بينايتو
2518924,دايميل، سيوداد ريال
2519240,قرطبة
2519402,ثيوداد ريال
2519425,ثيثا
2519477,تشايبيونا
2520055,كارتاما
2520058,كارتاخينا
2520283,كانديلاريا، سانتا كروث دي تينيريفه
2520413,كامبو دي كرايبتانا
2520493,كالفيا
2520496,كالبي
2520502,كالوسا دي سوجورا
2520600,قادس
2520611,قصرش
2520709,بوراينا
2521016,برجة
2521088,بنيدورم
2521139,بينالمادينا
2521410,بايلين
2521415,بيانة
2521420,بطليوس
2521456,أيامونتي
2521510,أسبي
2521582,أرونا، إسبانيا
2521590,أرميا
2521665,أركوس ديلا فرونتيرا
2521710,أنتقيرة
2521738,أندوجر
2521847,المنكب
2521855,ألمورادي
2521857,ألمونتي
2521886,ألمرية
2521893,ألمندراليخو
2521923,المنسى
2521978,ألَلَقَنْت
2521985,ألاورين لا غراندي
2521986,برج الهواريين
2521992,ألاما دي مرسية
2522013,الجزيرة الخضراء
2522098,ألكوي
2522129,جزيرة شقر
2522131,الكزار دي سان خوان
2522160,ألكالا لا ريال
2522258,البسيط
2522333,أغيلاس
2522437,أديخي
2523083,سرقوسة
2523630,ريدجو كالابريا
2523920,بلرم
2524170,ميسينا
2524881,كروتوني
2524907,كشنتة
2525068,كاتانيا
2525083,كاستلفترانو
2525473,كالياري
2525498,برونتي
2527089,تزنيت
2528910,تطوان
2529317,تازة
2529649,تارودانت
2530241,طانطان
2530335,طنجة
2533191,سدي قاسم
2534515,سيدي إفني
2537406,سطات
2537763,سلا
2537881,آسفي
2538475,رباط
2538898,ولماس
2540483,وجدة
2540689,وادي زم
2540850,ورززات
2541479,الناظور
2542051,الهراويين
2542715,مكناس
2542997,مراكش
2543549,العرائش
2544248,خريبكة
2544333,خنيفرة
2544571,القنيطرة
2546917,إفران
2548526,كلميم
2548623,كلميمة
2548885,فاس
2549263,الصويرة
2550078,الجديدة
2553455,شفشاون
2553604,الدار البيضاء
2555467,بركان
2555745,بني ملال
2556464,أزرو
2557055,صيلة
2558545,الحسيمة
2561668,أكادير
2562266,زبّار
2562305,فاليتا
2562501,سليما
2562541,سان باول إل بحر
2562629,قرمي
2562704,موستا
2563191,بيركيركارا
2595640,ديامينياديو
2596934,سيجويلا
2610319,فيبورج
2610613,فيلي
2611396,توشهافن
2614030,سيلكيبورج
2615006,راندرس
2615876,أودنسه
2616235,نوسونبي
2618425,كوبنهاغن
2618528,كولدنغ
2619771,هورسينس
2620320,هيليرود
2620473,هيليسينكور
2621942,فريدريكسبرغ
2622447,إيسبيرغ
2624886,آلبورغ
2633274,أكوريري
2633352,يورك
2633563,وستر
2633691,وولفرهامبتون
2633842,ونزر
2633858,ونشستر
2633866,ويمبلدون
2634021,وايتستابل
2634202,وايمث
2634483,ويسبري
2634491,ويست بروميتش
2634725,ورك
2634910,ويكفيلد
2635412,ترورو
2635427,تروبريدج
2635608,توتنهام
2636389,سويندون
2636432,سوانزي
2636531,سندرلاند
2636663,سترتفورد
2636713,ستراتفورد
2636841,ستوك-أون-ترينت
2636882,ستوكبورت
2636910,استيرلينغ
2636940,ستيفينيدج
2637330,ساوث سي
2637487,ساوثهامبتون
2637546,سوليهل
2637659,سليفورد
2637916,شوريهام
2638077,شفيلد
2638419,سكاربورو
2638664,ساليسبري
2638671,سالفورد
2638867,سانت ألبانز
2638978,راجبي
2639323,ريبون
2639495,رينفرو
2639563,ردكار
2639835,باتني
2639912,برستون
2639996,بورتسموث
2639998,بورتسليد
2640054,بورثكاول
2640085,بورتاداون
2640194,بليموث
2640358,بيرث
2640496,بنارث
2640729,أكسفورد
2640967,أوماه
2641022,أولدهام
2641168,نوتينغ هيل
2641170,نوتنغهام
2641181,نورويتش
2641430,نورثامبتون
2641598,نيوبورت
2641617,نيو مالدن
2641673,نيوكاسل أبون تاين
2642465,ميلتون كينز
2642607,ميدلزبرة
2642786,مالكشم
2643123,مانشستر
2643339,لوتن
2643736,ديري
2643743,لندن
2644210,ليفربول
2644487,لنكولن
2644531,ليشفيلد
2644660,لي
2644668,لايستر
2644688,ليدز
2644849,لارن
2644972,لانكستر
2646004,ايزلورث
2646057,إبسوتش
2646088,إنفرنيس
2646458,هدرسفيلد
2646517,هونسلو
2647138,هيميل هيمبستيد
2647349,هاتفيلد
2647356,هيستنغس
2647428,هاروغيت
2647461,هارلو
2647793,غلدفورد
2647937,غرينتش
2648319,جوول
2648404,غلوستر
2648579,غلاسكو
2648773,جيتشيد
2649258,فولكستون
2649660,فارنهام
2649672,فارنبرة
2649808,إكزتر
2650023,إيلي
2650122,إلغين
2650225,إدنبرة
2650497,إيست بورن
2650628,درم
2650657,دونستابل
2650732,دمفرلين
2650752,دندي
2650802,دمبارتون
2651048,دوفر
2651123,دونكاستر
2651347,ديربي
2651513,دارلينغتون
2651621,داجنهام
2651654,كومبرن
2652221,كوفنتري
2652586,كوليرين
2652618,كولشيستر
2653121,تشيسوك
2653144,تشبنهام
2653192,تشيتشستر
2653228,تشستر
2653261,شلتنهام
2653265,تشيلسي، لندن
2653266,تشيلمسفورد
2653775,كارلايل
2653822,كارديف
2653877,كانتربيري
2653941,كامبريدج
2653974,كان
2654141,بكستون
2654675,بريستول
2654710,برايتون
2654993,برادفورد
2655095,بورنموث
2655138,بوسطن
2655237,بولتن
2655459,بلاكبول
2655582,بيشاب بريغز
2655603,برمينغهام
2655984,بلفاست
2656046,بيدفورد
2656173,باث
2656192,باسينجستوك
2656284,بارنزلي
2656397,بانغور
2656490,بيليمينا
2656719,أيلزبري
2656992,أسكوت
2657540,ألدرشوت
2657770,أكرينجتون
2657782,آبريستويث
2657832,أبردين
2657896,زيورخ
2657908,زوغ
2657941,يافردون ليه باين
2657970,فينترتور
2657996,ويل
2658010,ويتزيكون
2658011,ويتينغين
2658145,فيفي
2658154,فيرناير
2658377,ثون
2658564,سولوتورن
2658576,سيون
2658606,ساير
2658665,شويز
2658761,شافهاوزن
2658822,سانت غالن
2659296,أونيكس
2659297,أولتن
2659496,نوشاتيل
2659587,مورجيس
2659601,مونترو
2659613,مونثي
2659667,ميرين
2659811,لوسرن
2659836,لوغانو
2659869,لوكارنو
2659994,لوزان
2660076,لا شو دو فون
2660104,كرينز
2660108,كروزلينغن
2660119,كوينز
2660127,كلوتين
2660305,هورغن
2660365,هيراسايو
2660512,غرينشين
2660646,جنيف
2660718,فريبور
2660727,فراونفيلد
2660911,إمن
2661169,خور
2661265,كاروج
2661321,برجدورف
2661337,بيول
2661338,بيولاش
2661513,بيال
2661552,برن
2661567,بيلينتسونا
2661604,بازل
2661646,بادن
2661861,أدليسويل
2661881,أراو
2662149,يستاد
2662689,فيسبي
2663536,فاكسيو
2664454,فيستيروس
2666199,أوبسالا
2667303,ترولهاتن
2670781,سندسفال
2673730,ستوكهولم
2676176,سودرتاليا
2685750,إوسترسوند
2686469,أورنشولدسفيك
2686657,أوربرو
2687700,نيكوبينج
2688250,نورتليه
2688368,نورشوبينغ
2692969,مالمو
2693678,لوند
2694762,لينشوبينغ
2698767,كوملا
2699282,كريستينه هامن
2701680,كارلستاد
2701713,كارلسكرونا
2701715,كارلسكوغا
2702261,كالمار
2702979,يونشوبينغ
2704136,هوسكفارنا
2706767,هلسينغبورغ
2707399,هسلهولم
2707684,هارنوساند
2708365,هالمستاد
2711537,غوتنبرغ
2712414,يفله
2712993,جملا أوبسالا
2715459,فالون
2715573,فالكنبرغ
2715953,إسكيلستونا
2720501,بوروس
2729907,لونقييربين
2732265,فيسيو
2732438,فيلا ريال
2732773,فيانا دو كاستيلو
2735943,بورتو
2738785,غوردا
2740637,كويمبرا
2742027,براغانسا
2742032,براغا
2742416,بارسيلوس
2742611,أفيرو
2743477,زفوله
2743493,زفايندريخت
2743608,زوتفن
2743977,زايست
2744483,فايك باي ديورستيده
2744904,فيسب
2745154,فوخت
2745321,فوربورخ
2745392,فلسنقن
2745912,أوترخت
2745973,آوتهورن
2747034,سوست
2747063,سنيك
2747351,هرتوخنبوش
2747373,لاهاي
2747891,روتردام
2747930,روسيندال
2748185,رينن
2748413,بورميراند
2750053,نايميخن
2750065,نايكيرك
2750896,مدلبورخ
2751283,ماسترخت
2751738,ليليستاد
2751771,لايدردورب
2751773,لايدن
2751792,ليوواردن
2751808,ليردام
2751834,ليك
2753106,كامبن
2753638,هورن
2754064,هيلفرسوم
2754408,هندريك- إيدو- أمباخت
2754447,هيلموند
2754454,هيليفوتسلاوس
2754692,هيمستيده
2754817,هارلينجن
2754861,هاردنبيرخ
2755003,هارلم
2755251,غرونينغن
2755420,غودة
2755434,خوريكوم
2755464,خورلا
2755476,خوس
2755605,خيميرت
2755633,خيلدرمالسن
2755669,خيرتراودنبيرخ
2756071,إنسخيده
2756136,إمن
2756253,آيندهوفن
2756342,إيرسل
2756723,دونجن
2756888,ديمين
2757872,كولمبورخ
2757991,كاستركوم
2758012,كابيلا آن دن آيسل
2758064,بوسوم
2758401,بريدا
2758460,بوكستل
2758598,بورنه
2758998,بيفيرفايك
2759145,بيرخن أوب زووم
2759154,بيرخن
2759426,باريندريخت
2759544,بارن
2759633,أسن
2759661,آرنم
2759706,آبلدورن
2759794,أمستردام
2759899,ألكمار
2759915,ألبلاسردام
2761353,فينر نويشتات
2761369,فيينا
2761524,فيلس
2762372,فيلاخ
2766429,سانكت بولتن
2766824,سالزبورغ
2772400,لينتز
2774326,كلاغنفورت أم فيرتِرسي
2775220,إنسبروك
2778067,غراتس
2779674,فيلدكيرش
2780741,دورنبيرن
2781503,بريغنز
2781680,بلودنز
2783759,ويفلغم
2783985,واترلو
2785141,تورنهاوت
2785169,توبيز
2785341,تورناي
2785476,تيلت
2786545,سانت تروند
2787769,رنز
2790471,نامور
2790869,مونس
2791067,مول، بلجيكا
2791301,مركسيم
2791961,ماسميخيلين
2791964,ماسايك
2792073,لوفان لا نوف
2792179,لومل
2792413,لييج
2794914,جيتي
2795011,إيكسل
2795113,هوي
2795398,هوخستراتن
2796696,هاله
2797656,غنت
2798578,إيتربيك
2800063,كورسيل
2800481,شارلوروا
2800866,بروكسل
2800931,بروج
2803073,آرلون
2803138,أنتويرب
2803201,آندرلخت
2803560,اتسوكو
2804008,تسيتاو
2804034,تسيرندورف
2804922,تسایتز
2805597,فورتسن
2805615,فورتسبورغ
2805644,فورسلن
2805753,فوبرتال
2805761,فونستورف
2805910,فولفرات
2806081,فورث آم راين
2806142,فورمس
2806654,فولفسبورغ
2806768,فولفراتسهاوزن
2806914,فولفنبوتل
2807184,فيتسنهاوزن
2807218,فيتموند
2807240,فيتليش
2807363,فيتن
2807465,ويسمار
2807594,فيبرفورت
2807872,وينندن
2808559,فيليش
2808720,فيلهلمسهافن
2808893,فيلدسهاوزن
2809138,فيزلوخ
2809346,فيسبادن
2809517,فيهل
2809889,فتسلار
2810188,فسترشتيده
2810612,فيزيلينغ
2810716,فرتهايم آم ماين
2810808,فيرنيغيروده
2810855,فرملزكيرشن
2810919,فردول
2810945,فيردر
2810969,فرداو
2811204,فندلينغن
2811644,فايترشتات
2811698,فايسفاسر
2811899,فايسنفلس
2811909,فايسنبورغ إن بايرن
2812174,فاينهايم
2812204,فاينغارتن
2812482,فايمر
2812625,فايل در شتات
2812636,فايل آم راين
2813390,فغبرغ
2813433,فينر
2813464,فيدل
2813786,فاسنبرغ
2814005,فارشتاين
2814131,فارن
2814153,فاربورغ
2814270,فانغن إم آلغوي
2814362,فالتروب
2814462,فالزروده
2814791,فالدزهوت-تينغن
2814874,فالدكرايبورغ
2815137,فالدبرول
2815330,فايبلينغن
2815487,فاغهويزل
2815565,فادرن
2815824,فريدن
2816630,فولكلينغن
2817065,فوردة
2817105,فلوتو
2817220,فيلينغن-شفنينغن
2817311,فيرزن
2817324,فيرنهايم
2817537,فرسمولد
2817576,فرل
2817599,فردن نيدرزاكسن
2817724,فلبرت
2817812,فشتا
2817873,فارل
2817927,فايهينغن
2818067,يوترسن
2818766,أونترشلايسهايم
2820256,أولم
2820456,أويلتسن
2820621,أوباخ-بالنبرغ
2820693,توتلينغن
2820860,توبينغن
2820973,تروسينغن
2821029,ترويسدورف
2821164,ترير
2821515,تراونشتاين
2821517,تراونرويت
2821807,تورجاو
2821899,تونيسفورست
2823533,تمبلين
2823567,تلتو
2823590,تلغته
2823708,تيغل
2823799,تاونوسشتاين
2824461,زوكة
2824655,زوندرن
2824801,زولتسباخ-روزنبرغ
2824841,زولتسباخ
2825297,شتوتغارت
2826082,شتراوسبرغ
2826287,اشترالزوند
2826304,شتريلن
2826595,شتولبرغ
2826909,شتوكاخ
2827479,شتندال
2828105,شتاينفورت
2829422,شتاسفورت
2829457,شتارنبرغ
2829758,شتاتلون
2829777,شتاتهاغن
2829804,شتاتالندورف
2829901,شتاده
2829998,شبروكهوفل
2830035,شبرينغه
2831088,زونتهوفن
2831250,زونهبرغ
2831276,زوندرسهاوزن
2831403,زومردا
2831486,زولتاو
2831580,زولينغن
2831852,زينتسيغ
2831872,سينسهايم
2831924,زينغن
2831948,زيندلفينغن
2832521,زيغبورغ
2833073,زنفتنبيرغ
2833170,زيلم
2833242,زيلينغنشتات
2833296,زيلب
2833475,زيندة
2833592,زيزن
2833641,زيلتسه
2834240,شفتسينغن
2834265,شفيرته
2834282,شفيرين
2834372,شولم
2834498,شفاينفورت
2834978,شفارتسنبرغ
2835482,شفايبيش غموند
2836084,شروبنهاوزن
2836203,شرامبرغ
2836282,شورتنز
2836320,شورندورف
2836413,شوبفهايم
2836809,شونهبك
2837291,شنفردينغن
2838053,شمالنبرغ
2838059,اشمالكالدن
2838201,شلوشترن
2839050,شكويديتس
2839335,شيفرشتات
2841386,زارشتيت
2841648,زانكت آوغستين
2841693,زانغرهاوزن
2842112,زالتسفيدل
2842131,زالتسكوتن
2842150,زالتسغيتر
2842632,زارلوييس
2842647,ساربروكن
2842688,زالفلد
2842884,روسلسهايم
2843355,رودولشتات
2843636,روتفايل
2844588,روستوك
2844862,روسرات
2845222,روننبرغ
2846523,رينتلن
2846843,ريتبرغ
2846939,ريزا
2847524,ريبنيتس-دامغارتن
2847645,راينه
2847666,راينباخ
2847689,ريدة
2847736,رويتلينغن
2848175,رنينغن
2848245,رندسبورغ
2848273,رمشايد
2848335,رماغن
2848762,راينهايم
2848845,راينبك
2849483,ريغنسبورغ
2849802,رافنسبورغ
2850213,راتينو
2850257,راستات
2850954,رادولفتسل
2850995,رادهفورمفالد
2851077,رادهبويل
2851079,رادهبرغ
2851343,كفيكبورن
2851465,كفيدلينبورغ
2851584,بوتلينغن
2851746,بولهايم
2852218,برنتسلاو
2852280,برييتس
2852458,بوتسدام
2853209,بلتنبرغ
2853292,بلاوين
2853572,برنا
2853658,بينهبرغ
2853924,بفونغسشتات
2853969,بفورتسهايم
2854386,بفافنهوفن أن در إلم
2854655,بترسهاغن
2854923,بنتزبرغ
2855047,باينه
2855441,بارشيم
2855525,بابنبورغ
2855745,بادربورن
2855859,أوفرات
2856500,أوسترهولتس-شارمبك
2856883,أسنابروك
2856930,أوشرسليبن
2856944,أوشاتس
2857129,أورانينبورغ
2857185,أبلادن
2857458,أولدنبورغ
2857565,أورينغين
2857798,أوفنبورغ
2857900,أورلينغهاوزن
2857904,أور-إركنشفيك
2857943,أولده
2858245,أوختروب
2858763,أوبرتسهاوزن
2859380,أوبر-رامشتات
2860080,أوبركيرش
2860410,أوبرهاوزن
2861402,أوبراسباخ
2861632,نورتينغن
2861650,نورنبيرغ
2861814,نورتهايم
2861914,نوردلينغن
2861934,نوردهورن
2861982,نوردهاوزن
2862026,نوردرشتيت
2862104,نوردنهام
2862620,نينبورغ
2863199,نيدركروختن
2863223,نيدركاسل
2863712,نيدراو
2863840,نويفيد
2863941,نوي-أولم
2864005,نويشتريليتز
2864058,نويشتات آم روبنبرغه
2864118,نويس
2864252,نويزيس
2864549,نويماركت إن در أوبرفالتس
2866070,نويبورغ آن در دوناو
2866280,نوي-أنشباخ
2866333,نتيتال
2866375,نتفن
2866758,نيكارسولم
2866906,نومبورغ
2867543,مونستر
2867714,ميونخ
2867985,مولهايم آم ماين
2867996,مولهاوزن
2868788,مولآكر
2869019,موسينغن
2869120,موسباخ
2869894,مونشنغلادباخ
2870221,مويرس
2870318,ميتفايدا
2871039,مندن
2871284,ميشلشتات
2871486,متزنجن
2871668,ميشيده
2871675,مرتسيغ
2871736,مرسيبورغ
2871845,مبن
2871983,مندن
2872079,ميله
2872155,مايسن
2872225,ماينينغن
2872237,ماينرتسهاغن
2872504,ميربوش
2872519,ميرانه
2872611,مشرنيش
2872649,ماين
2873211,مرسبورغ
2873289,ماركتردفيتس
2873291,ماركت أوبردورف
2873352,مارك كليبرغ
2873632,مارينبرغ
2873776,مارباخ
2873891,مانهايم
2874225,ماينتس
2874230,ماينتال
2874545,ماغديبورغ
2875107,لونن
2875115,لونبورغ
2875376,لودفيغسهافن
2875379,لودفيغسفيلده
2875392,لودفيغسبورغ
2875417,لودينغهاوزن
2875457,لودنشايد
2875484,لوكنفالده
2875601,لوبك
2875623,لوبيناو
2875626,لوبيكه
2875881,لوراخ
2876185,لونه
2876187,لونه
2876865,ليبشتات
2877088,لينغن
2877550,لينداو
2877648,ليمبورغ آن در لان
2877673,ليمباخ-أوبرفرونا
2878234,ليفركوزن
2878270,لويتكيرش إم آلغوي
2878695,ليونبرغ
2878784,لينهشتات
2878943,لمغو
2879139,لايبزيغ
2879185,لاينفلدن-إشتردينغن
2879241,لايمن
2879315,لايشلينغن
2879697,لير
2879832,ليباخ
2880077,لاوبهايم
2880144,لاوف آن در بغنيتز
2880221,لاوخهامر
2881062,لانغنهاغن
2881279,لانغن
2881485,لاندسهوت
2881509,لاندسبرغ آم لش
2881885,لار
2881889,لانشتاين
2881956,لاغه
2882087,لآتسن
2882091,باد لاسفه
2882439,كونتسلزاو
2882588,كولمباخ
2883784,كروناخ
2884050,كرويتستال
2884509,كريفلد
2885237,كوتن
2885397,كورشنبرويش
2885408,كورنفستهايم
2885536,كورباخ
2885672,كونتس
2885679,كونستانس
2885732,كونيغز فوسترهاوزن
2885734,كونيغسفينتر
2885760,كونيغشتاين إم تاونوس
2885800,كونيغسلوتر
2885908,كونيغسبرون
2886242,قلونية
2886446,كولبرمور
2886946,كوبلنس
2890158,كيتسينغن
2890473,كيرشهايم اونتر تك
2890504,كيرشهاين
2891014,كيرشبة
2891122,كيل
2891258,كيفهلير
2891524,كربن
2891834,كلهايم
2891951,كيهل
2892518,كاسل
2892786,كارلشتات آم ماين
2892794,كارلسروه
2892980,كاربن
2893264,كامب-لينتفورت
2893437,كامينز
2893438,كامن
2893544,كالتنكيرشن
2894375,كارست
2894553,يوليش
2895044,يينا
2895569,إتسهويه
2895669,إزرلون
2896020,إنغلهايم آم راين
2896514,إلميناو
2896546,إلرتيسن
2896736,إدشتاين
2896753,إيدار-أوبرشتاين
2896817,إيبنبورن
2897436,هونفلد
2898098,هوكيسفاغن
2898111,هوكلهوفن
2898304,هويرسفيردا
2898603,هورستل
2899101,هورب آم نيكار
2899601,هولتسميندن
2901420,هوينشتاين-إرنستال
2901588,هوين نويندورف
2902533,هوفهايم آم تاونوس
2902559,هوفغايزمار
2902768,هوف
2902852,هوكنهايم
2904789,هيلدسهايم
2904795,هيلدن
2904808,هيلشنباخ
2904992,هويزنشتام
2905206,هيتشتيت
2905290,هسيش أولدندورف
2905455,هرتسوغنرات
2905457,هرتسوغن آوراخ
2905560,هيرتن
2905826,هيرنبرغ
2905891,هيرنه
2906152,هيردكه
2906331,هنينغسدورف
2906376,هيننف
2906676,هلمشتيت
2907545,هايلباد هايليغنشتات
2907585,هايليغنهاوس
2907669,هايلبرون
2907851,هايدنهايم
2907887,هايدنو
2907911,هايدلبرغ
2908495,هشينغن
2910278,هارزهفينكل
2910831,هانوفر
2911007,هانو
2911051,هامينكلن
2911240,هام
2911271,هاملن
2911298,هامبورغ
2911384,هالفر
2911520,هاله
2911522,هاله
2911665,هلبرشتات
2911964,هايغر
2912621,هاغن
2913366,كوترسلوه
2913433,غوسترو
2913537,غونتسنهاوزن
2913555,غونتسبورغ
2913761,غومرسباخ
2913922,غوبن
2914929,غروس-أومشتات
2915613,غروس-غيراو
2916630,غروسنهاين
2917138,غروناو
2917325,غريما
2917540,غرفنبرويش
2917544,غريفين
2917788,غرايفسفالت
2918632,غوتينغن
2918752,غوتا
2918840,غوسلار
2918987,غورلتس
2919054,غوبينغن
2919625,غوخ
2920020,غلاوخاو
2920236,غلادبيك
2920478,غيفهورن
2920512,غيسن
2920620,غينغن آن در برنتس
2920757,غيفلسبرغ
2920834,غيسيكه
2920842,غيشر
2920891,غيرستهوفن
2921034,غيرمرسهايم
2921061,غيرلينغن
2921139,غيريتسريد
2921242,غيورغسمارينهوته
2921466,غيلسنكيرشن
2921473,غيلنهاوزن
2921528,غيلدرن
2921653,غايزلينغن آن در اشتايغه
2921837,غايلنكيرشن
2922102,غيزتاخت
2922530,غارميش-بارتنكيرشن
2922582,غارشينغ باي مونشن
2923362,غاغناو
2923544,فورت
2923625,فورستنفلدبروك
2923822,فولدا
2924206,فروندنبرغ
2924360,فريزويته
2924585,فريدريشسهافن
2924625,فريدريشسدورف
2924802,فريدبرغ
2924803,فريدبرغ
2925017,فرايتال
2925034,فرايزنغ
2925080,فرايلاسنغ
2925177,فرايبورغ
2925189,فرايبرغ آم نيكار
2925192,فرايبرغ
2925259,فريشن
2925533,فرانكفورت
2925629,فرانكنبرغ
2925832,فورست
2925910,فورشهايم
2926271,فلنسبورغ
2926670,فينسترفالده
2927930,فالكنزيه
2928381,أويتين
2928615,إيتلينغن
2928810,أسن
2928874,إسبلكامب
2928963,إيشفايلر
2928967,إشفيغه
2929134,إشبورن
2929247,إرفيته
2929567,ارلنجن
2929600,إركرات
2929622,إركلنتس
2929670,إرفورت
2929671,إرفتشتات
2929831,إبينغن
2930030,إنيغرلوه
2930043,إنيبهتال
2930449,إمستدن
2930509,إميريش آم راين
2930596,إمدن
2930821,إلمسهورن
2930889,إلفانغن
2931481,آيزنهوتنشتات
2931804,آينبك
2931871,آيلنبورغ
2932924,إيهنغن
2933627,إكرنفورده
2933882,ابرس والده
2933959,إبرسباخ آن در فيلز
2934246,دوسلدورف
2934691,دويسبورغ
2934728,دودرشتات
2935022,دريسدن
2935042,درنشتاينفورت
2935517,دورتموند
2935530,دورستن
2935825,دورماغن
2936253,دوناوفورت
2936267,دوناوشينغن
2936705,ديتزينجين
2936871,دينسلاكن
2936909,دينغولفينغ
2936974,ديلينغن أن در دوناو
2936985,ديلنبورغ
2937040,ديتسنباخ
2937317,ديبهولتس
2937591,ديبورغ
2937959,ديساو
2938376,دليتسش
2938389,دلبروك
2938540,دغندورف
2938784,داتلن
2938913,دارمشتات
2939167,دامة
2939623,داخاو
2939658,كوكسهافن
2939747,كريميتشاو
2939797,كرايلسهايم
2939811,كوتبوس
2939945,كوسفلد
2939951,كوبورغ
2939969,كلوبنبورغ
2939995,كلاوستال تسيللرفيلد
2940132,كيمنتس
2940213,سيلي
2940231,كاستروب راوكسل
2940383,كالف
2940451,بوكستهوده
2940512,بوتسباخ
2940938,بيورشتات
2940942,بورشايد
2941976,بيول
2942073,بودينغن
2942159,بيوكهبورغ
2942323,بوخهولتس إن در نوردهايده
2942634,بوخن
2943560,بروخزال
2943573,بروخكوبل
2944079,بريلون
2944200,بريتن
2944354,بريمرفورده
2944388,بريمن
2945024,براونشفايغ
2945474,برامشه
2945591,براكنهايم
2946111,بورنهايم
2946172,بورنا
2946228,بوركن
2946366,بوبارد
2946447,بون
2947416,بوخوم
2947444,بوبلينغين
2947449,بوبينغن
2947739,بليزكاستل
2948071,بلانكنبورغ
2948825,بينغن آن در راين
2949012,بيتيغهايم-بيسينغن
2949186,بيليفيلد
2949470,بكسباخ
2949475,بيفرونغن
2950073,برنبورغ
2950159,برلين
2950294,برغنويشتات
2950344,برغكامن
2950978,بنسهايم
2951111,بندورف
2951648,بيدبورغ
2951825,بايرويت
2951881,بوتسن
2951923,باوناتال
2952252,باسوم
2952984,بامبرغ
2953089,بالينغن
2953302,بايسفايلر
2953317,باد فيلدونغن
2953320,باد فالدزيه
2953321,باد فيلبل
2953324,باد تولتس
2953339,باد زودن آن در تاونوس
2953341,باد زغهبرغ
2953347,باد شفارتاو
2953357,باد زالتسونغن
2953358,باد زالتسوفلن
2953363,باد زكينغين
2953371,باد رايشنهال
2953374,باد رابناو
2953379,باد بيرمونت
2953385,باد أولدزلوه
2953386,باد أوينهاوزن
2953389,باد نوياشتات آن در زاله
2953391,باد نوينار-آرفايلر
2953400,باد موندر
2953402,باد مرغنتهايم
2953405,باد ليبشبرينغه
2953413,باد لانغنزالتسا
2953416,باد كرويتسناخ
2953424,باد كيسينغن
2953435,باد هونيف
2953439,باد هرسفلد
2953449,باد هاغزبورغ
2953504,بادن بادن
2953522,باد دوركهايم
2953525,باد دربورغ
2953545,باد برلهبورغ
2953552,بادبنتهايم
2953558,باد آيبلينغ
2953568,باكنانغ
2954006,آوريش
2954172,آوغسبورغ
2954932,آتندورن
2955168,آشرسليبن
2955272,أشافنبورغ
2955421,باد آرولزن
2955439,آرنشتات
2955471,آرنسبرغ
2955770,آبلدا
2956005,آنابرغ-بوخهولتس
2956093,آنغرمونده
2956206,آندرناخ
2957773,آلتنبورغ
2957886,آلتنا
2958128,آلسفلد
2958141,آلسدورف
2958533,آلفلد
2958595,آلب‌اشتاد
2958975,آيشاخ
2959083,آرينسبورغ
2959279,آهاوس
2959681,آخيم
2959686,آخرن
2959927,آلن
2960316,لوكسمبورغ
2961423,سليجو
2961911,راذفرانهام
2964574,دبلن
2964661,دروهيدا
2964690,دوغلاس
2965140,كورك
2967758,فوارون
2967849,فيتري سور سين
2967879,فيتري
2968054,فانسان
2968254,فيلوربان
2968529,فيلنوف سان جورج
2968705,فيلجويف
2968771,فيلفونتين
2969392,فيشي
2969958,فردان
2970148,فينس
2970777,فان
2970962,فالوريس
2971041,فالنسيان
2971549,تروا
2972191,تور
2972284,توركوينغ
2972315,تولوز
2972328,تولون
2972350,تول
2973783,ستراسبورغ
2974389,سواسون
2974681,سيفرون
2974733,سيت
2975233,سيليستات
2975446,ستشيلتيغهيم
2975921,سارتروفيل
2975964,سرغومين
2976043,سارسيل
2978179,سان مور ديه فوسيه
2978317,سان مارتان ديريس
2978640,سان مالو
2978891,سان لاورينت دو فار
2979783,سن جرمن آن له
2980291,سانت إتيان
2980827,سينت دي
2980916,سان دوني
2980942,سانت سير إكول
2981041,سان كلو
2981280,سانت بريوك
2982235,روي-مالميزون
2982652,روان
2982681,روبيه
2983026,رومينفيل
2983489,ريوم
2983990,رين
2984114,رانس
2984701,كامبار
2986495,بواتييه
2987914,بيربينيا
2988507,باريس
2988621,بانتان
2988758,باليزو
2988888,أويونا
2988936,أوترياو
2988998,أولينز
2989317,أورليان
2990189,نوازي لو غران
2990355,نيور
2990363,نيم
2990440,نيس
2990611,نويي-سور-سين
2990612,نيويلي سور مارني
2990919,أربونة
2990969,نانت
2990970,نانتير
2990999,نانسي
2991214,ميلوز
2992166,مونبلييه
2992616,مونفرماي
2992938,مونتبليار
2993002,مونتوبان
2993024,مونتارغيس
2994144,ميدون
2994160,متز
2994651,مولن
2994798,مو
2995469,مرسيليا
2996255,مانديليو لا نابول
2996568,ميزون ألفور
2996944,ليون
2997395,لورد
2997577,لوریان
2998150,ليزيو
2998224,لينغولشيم
2998286,ليموج
2998324,ليل
2998431,ليفين
2998975,لوفالوا-بيري
3003603,لو مان
3003796,لو هافر
3006767,لاروش سور يون
3006787,لا روشيل
3007477,لاون
3007609,لانيون
3012142,جوان لي بان
3012621,إيفري سور سين
3012834,إكيرتش
3012937,هييريس
3013525,هينان بومونت
3014078,هاغويناو
3014383,غويريت
3014728,غرونوبل
3014856,غراس
3015902,غيفورز
3016667,غاردان
3016702,غب بروانس آلب كوت دازور
3017910,فونتوني سو بوا
3019265,إفرو
3020020,ابيني-سور-سين
3020035,إبنال
3020495,اشيرول
3020686,دونكيرك
3020839,درانسي
3021000,دواي
3021372,ديجون
3021411,دييب
3021662,ديسين-شاربيو
3022530,كريتاي
3023141,كوربفوا
3024066,كومبيين
3024266,كولومب، أو دو سين
3024297,كولمار
3024596,كليشي سو بوا
3024635,كليرمون فيران
3024783,كلامار
3027105,شامبيني سور مارن
3027422,شامبيري
3027883,سيرجي
3028263,كاستر
3028486,كارفاين
3028641,قرقشونة
3028808,كان
3029030,كامبريه
3029162,كاليه
3029227,كاجنيس سور مير
3029241,كاين
3029825,برواي لا بويسير
3031005,بورجيز
3031009,بورغ أون بريس
3031133,بولوني سور مير
3031137,بولون-بيانكور
3031582,بوردو
3031815,بوندي
3032179,بوبيني
3032213,بلوا
3032797,بيارتس
3032833,بيزييه
3033002,بيثون
3033123,بيزنسون
3033791,بلفور
3034475,بايون
3034483,بايو
3034640,باستيا
3034911,بار لو دوك
3035681,أفينيون
3035843,أوكسار
3036145,أولنيه سو بوا
3036386,أوبارفيلييه
3036433,أوبان
3036572,أنيار سور سين
3036784,أراس
3036938,آرل
3037456,أنتيب
3037543,آنسي
3037598,أنغوليم
3037656,أنجيه
3037854,أميان
3038261,ألبي
3038266,ألبيرفيل
3038334,أجاكسيو
3038354,آكس أون بروفانس
3038634,أجان
3038638,أغدي
3038789,أبفيل
3040051,إسكالديس-إنجورداني
3041563,أندورا لا فيلا
3042237,دوغلاس
3042287,سان بيتر بورت
3043293,فاك
3044083,تاتا
3044774,سيكشفهيرفار
3045190,شوبرون
3046446,بشت
3046526,بيتش
3054543,سغليد
3054643,بودابست
3054667,بودا
3056508,جيلينا
3057124,ترنافا
3057140,ترينتشين
3057174,توبولتشاني
3057691,سينيتسا
3057692,سينتس
3057789,روجومبيروك
3057963,بوخوف
3058000,بريفيدزا
3058060,بوفاجسكا بيستريتسا
3058202,بييشتاني
3058210,بيزينوك
3058268,بارتيزانسكى
3058531,نيترا
3058780,مارتن
3058897,مالاتسكي
3059101,ليفيتسا
3059436,كومارنو
3060139,هاندلوفا
3060308,دونيسكا ستريدا
3060346,دوبنيتسا ناد فاهوم
3060405,دولني كوبين
3060972,براتيسلافا
3061186,بانسكا بيستريتسا
3061188,بانوفتس ناد بيبرافو
3061344,زنويمو
3061370,زلين
3061695,جديار ناد سازافو
3062339,فسيتين
3063447,فالاشسكي ميزيريتشي
3063548,أوستي ناد لابيم
3063907,ترتنوف
3064288,تبليتسه
3064379,تابور
3064673,شومبيرك
3065617,سوكولوف
3067421,بروستيوف
3067542,بشيبرام
3067580,برشيروف
3067696,براغ
3068160,بلزن
3068293,بيسك
3068582,باردوبيتسه
3068799,أوسترافا
3068927,أوبافا
3069011,أولوموتس
3069236,نيمبورك
3071507,لوني
3071677,ليتوميريتسه
3071961,ليبيريتس
3072463,كوتنا هورا
3072649,كروميشريش
3073371,كولين
3073660,كلاتوفي
3073699,كلادنو
3073803,كارلوفي فاري
3074149,يندريخوف هرادتس
3074199,جيهلافا
3074967,هرادتس كرالوفه
3075921,هافروف
3076127,فريدك-ميستك
3077244,ديتشين
3077539,خروديم
3077685,خوموتوف
3077835,خب
3077882,تشيسكي تشين
3077916,تشيسكيه بوديوفيتسه
3078610,برنو
3078773,بريتسلاف
3079467,بيرون
3079508,بينيشوف
3080165,جلونا غورا
3080231,غورلتس
3080866,زكوبن
3080944,زاجان
3080985,زابجه
3081368,فروتسواف
3081741,فوتسوافك
3082707,واوب جيخ
3083111,ترزبينيا
3083271,تورون
3083829,شتتين
3083988,شفينتوخوفيتسه
3084840,ستارغارد زتسيسينسكي
3085151,سوبوت
3085450,سووبسك
3086586,ريبنيك
3087584,راسيبورز
3088171,بوزنان
3088825,بوتسك
3089684,اوسترو ولكوبوليسكي
3090048,أبولوسكي
3090436,نيسا
3093133,وودج
3093692,لغنيتسا
3094802,كراكوف
3095049,كشالين
3095321,كونين
3095795,كووبجك
3096472,كاتوفيتسه
3096880,كاليش
3097257,يلينيا غورا
3097333,يافورجنو
3098218,غروجونتس
3098722,غورجوف ويلكوبولسكي
3099230,غليفيتسه
3099424,غدينيا
3099434,غدانسك
3099759,البلنغ
3100946,تشيستوخوفا
3101547,كرزنو
3101619,خوجوف
3102014,بيدغوشتش
3104324,سرقسطة
3104342,زامورا
3105935,فيلاديكانس
3105976,فيغو
3106672,بلد الوليد
3106868,فلاديمورو
3107677,طرطوشة
3107775,توريلافيجا
3108126,تيروال
3108317,تارانكون
3109041,سيستاو
3109256,شقوبية
3109642,سانتياغو دي كومبوستيلا
3109718,سانتاندير
3110040,سان سباستيان دي لوس رييس
3110044,سان سباستيان
3110360,سان مارتين دي لا فيغا
3110458,سان لورنزو دي ش الإسكوريال
3110627,سان فرناندو دي هيناريس
3110643,سان فيليو دي غيكسولس
3110921,سان أدريان دي بيزوس
3111108,سلمنقة
3111605,ريبوليت
3112989,بوزويلو دي الاركون
3113082,بورتغاليتي
3113236,بونفيرادا
3113331,بلاسينثيا
3114256,بارلا
3114472,بنبلونة
3114531,بالنثيا
3114711,أوفييدو
3115093,أولوت
3115177,أوليروس
3115463,نيغران
3115659,نابالكارنيرو
3116025,موستوليس
3116653,موانيا، بونتيفيدرا
3116689,ميراندا دي إيبرو
3117164,ماتارو، برشلونة
3117331,مارتوريل
3117539,مانليو
3117667,ماجاداهوندا
3117735,مدريد
3117814,لوغو
3118150,لوغرونيو
3118532,ليون
3118554,لايايوا
3118594,ليجانيس
3118848,لاس روزاس دي مدريد
3119841,لا كورونيا
3120514,وشقة
3120811,إرناني، إسبانيا
3121424,خيخون
3121437,خيتافي
3121766,جالاباجار
3121960,فوينلابرادا
3123063,إيرموا
3123104,إيراندايو
3123329,إل بارت دي يوبريغات
3123504,إليسكوريال
3123667,إل أستيريلو
3123688,إيخيا دي لوس كاباييروس
3124041,كوليريدو
3124132,قونكة
3124408,كوسلادا
3124765,كولمينار فيجو
3124964,سويداد لينيال
3127047,قلعة أيوب
3127065,قلهرة
3127461,برغش
3127958,بواديلا ديل مونتي
3128026,بلباو
3128174,بيرميو
3128272,بنو قاسم
3128760,برشلونة
3128795,بربشتر
3129028,بادالونا
3129135,أفيليس
3129661,أرينيس دي مار
3129857,آرنخويث
3129877,أراندا دي دويرو
3130564,ألكوركون
3130583,ألكوبينداس
3130606,الكنائس
3130616,ألكالا دي إيناريس
3133880,تروندهايم
3133895,ترومسو
3134331,تونسبيرغ
3137115,ستافانجر
3139075,سكيان
3140084,سارپسبرج
3143244,أوسلو
3145375,موس
3145580,مولده
3145614,مو إي رانا
3147474,ليلهامر
3149318,كريستيانساند
3151770,هورتن
3154084,هامار
3159016,درامن
3160881,بودو
3161732,برغن
3162955,أرندال
3164527,فيرونا
3164603,البندقية
3165185,إصطاجانكو
3165243,ترينتو
3165524,تورينو
3165926,تارانتو
3166236,سبوليتو
3167096,ساساري
3167561,سانتا ماريا كابوا فيتيري
3168070,سان مارينو المدينة
3168429,سان دونا دي بيافي
3168673,ساليرنو
3169070,روما
3169361,ريميني
3169424,ريتشوني
3169921,براتو
3170116,بورتيش
3170147,بردنونة
3170647,بيزا
3171168,بيسكارا
3171180,بيرودجا
3171457,بارما
3171728,بادوفا
3172287,نيتونو
3172394,نابولي
3172629,منزا
3173331,مودينا
3173435,ميلان
3174051,مقاطعة مانتوفا
3174659,ليفورنو
3174953,ليتشي
3175628,ييزي
3176219,جنوة
3176885,فوجا
3176959,فلورنسا
3178019,كوريدجو
3178587,جبت بكة
3178818,كيري
3179162,تشنتو
3180601,كابوا
3181554,بريشيا
3181928,بولونيا
3182164,بيرغامو
3182297,باسانو دل غرابا
3182351,باري
3182897,أرديا
3182957,أبريليا
3183719,فلوره
3183875,تيرانا
3184081,سكوتاري
3184497,بيكين
3184862,لوشنيه
3184935,ليز
3185060,كوتشوفا
3185082,كروجا
3185211,كافاجا
3185672,فيير
3185728,دراس
3186084,بيرات
3186573,زينيتسا
3186781,زابرشيتش
3186886,زغرب
3186952,زادار
3187047,فوكوفار
3187297,فرباس
3188383,فاراجدين
3188402,فاليفو
3188582,توزلا
3188893,تريبينيه
3188915,تربوفلي
3188924,ترافنيك
3189075,فيلينييه
3190261,سبليت
3190586,سلافونسكي برود
3190589,بوزيغا
3190813,سيساك
3190941,شيبينيك
3191281,سراييفو
3191376,شاباتس
3192224,بولا
3192241,بتوج
3192409,بريجيدور
3193044,بودغوريتسا
3194351,نوفو ميتسو
3194360,نوفي ساد
3194828,موستار
3195506,ماريبور
3196359,ليوبليانا
3197378,كرانج
3197728,كوبريفنيتسا
3197753,كوبر
3200396,جوراجدي
3201984,دوبوي
3202641,ستنيي
3202781,تسليي
3202888,تشاكوفيتش
3203106,بودفا
3203521,برتشكو
3203982,بيلوفار
3204176,بيالو بوليا
3204186,بيه لينا
3204222,بيخاتش
3204509,بار
3204541,بانيا لوكا
3204674,باتشكا بالانكا
3204793,أباتين
3206590,ريهين
3207197,فلمار
3247449,آخن
3272941,ريدشتات
3274966,لاودا-كونيغسهوفن
3313472,أثلون
3336893,رودغاو
3337504,سيهيم - يوجينهايم
3345300,كارلوفاتش
3346015,سومبي
3346821,أوندجيفا
3347019,موسامديس
3347353,مينونجي
3347719,لوينا
3347762,لوبانغو
3347939,وبيتو
3348078,كويتو
3348313,هوامبو
3351663,بنغيلا
3352136,ويندهوك
3352844,سواكوبموند
3353383,رونdu
3353540,ريهوبوث
3353811,أوتجيوارونغو
3354021,أوشاكاتي
3355672,لودريتز
3356264,كيتمانشوب
3357247,غوبابيس
3359638,ولفس بي
3369157,كيب تاون
3370903,جيمس تاون
3374036,بريدج تاون
3374333,برايا
3374462,مينديلو
3374888,اسومادا
3378644,جورج توغن
3380387,سان لوران دو ماروني
3381303,كوروا
3382160,كايين
3383330,باراماريبو
3383714,ليليدورب
3386496,تيريسينا
3388368,ساو لويز
3390760,ريسيفي
3394023,ناتال
3395503,مارابا
3395981,ماسايو
3396016,ماكابا
3397277,جواو بيسوا
3399415,فورتاليزا
3405870,بيليم
3413829,ريكيافيك
3415212,كوبافوغور
3415496,كيفلافيك
3416706,هافنارفيوردور
3421319,نوك
3426691,ستانلي
3427213,زاراتي، بوينس آيرس
3427428,فيلاجواي
3427474,فالنتين ألسينا
3427687,تورتيوغيوتاس
3427833,تانديل
3428067,سان فيسينتي
3428071,سانتو تومي
3428576,سان بيدرو
3428577,سان بيدرو
3428609,سان ميغيل ديل مونتي
3428708,سان لويس ديل بالمار
3428775,سان خوستو
3428975,سان خابيير
3428992,سان إيسيدرو
3429244,سان انطونيو دي بادوا
3429248,سان أنطونيو دي أريكو
3429399,سلاديلو
3429403,سالادس
3429577,ريسيستينسيا
3429594,الاسترجاع
3429652,كويلمس
3429732,بويرتو ريكو
3429777,بويرتو جواسيو
3429786,بويرتو إسبيرانزا
3429886,بوساداس، ميسيونيس
3429902,بونتيفيدرا
3429949,بيران
3429971,بينامار
3429980,بيلار
3430104,باسو دي لوس ليبريس
3430340,اوبيرا
3430415,نوجويا
3430443,نيكوتشيا
3430457,نافارو
3430545,مورون، بوينس آيرس
3430595,مونتي شينغولو
3430598,مونتي كاسيروس
3430601,مونت كارلو
3430668,ميرامار
3430697,ميرلو، بوينس آيرس
3430708,مرسيدس، مقاطعة بوينس آيرس
3430709,مرسيدس
3430861,مار ديل تويو
3430863,ماريه ديل بلاتا
3430957,مجدلينا
3430988,لوخان، مقاطعة بوينس آيرس
3431271,لوماس دي زامورا
3431313,لوبوس
3431391,لياندرو ن. ألم
3431788,لاس فلوريس
3432043,لابلاتا
3432079,لاباز
3432135,لانوس
3433360,إيتوزاينغو
3433424,إيسيدرو كاسانوفا
3433522,هورلينغهام
3433658,جيوليجياشو، انتري ريوس
3433663,جوالجواي
3433715,جويا
3433787,جنرال باتشيكو
3433801,جنرال خوان مادارياجا
3433803,الجنرال خوسيه دي سان مارتين
3433817,جنرال بلجرانو
3433899,فورموزا
3433956,فيدرال
3433975,إيزيزا
3434095,إسكينا
3434141,إنسينادا
3434291,إل سوبيربيو
3434674,إلدورادو
3435010,دون توركواتو
3435038,دولوريس
3435103,كوروزو كواتيا
3435217,كورينتس
3435261,كونكورديا، انتري ريوس
3435264,كونسبسيون ديل أوروغواي
3435352,كولون
3435448,تشاسكوموس
3435607,كاستيلار
3435644,كارمن دي أريكو
3435713,كانويلاس
3435810,كامبانا
3435894,بيورزاكو
3435910,بوينس آيرس
3435963,كورونيل براندسن
3436040,بيريسو
3436043,بيرازاتيغي
3436047,بينيتو خواريس
3436124,بارانكيوراس
3436150,باراديرو
3436152,بانفيلد، بوينس آيرس
3436177,بالكارسي
3436199,أزول، مقاطعة بوينس آيرس
3436221,أياكوتشو
3436714,فيلاريكا
3436725,فيلا هايز
3437056,سان لورينزو
3437063,سان خوان باوتيستا
3437526,بيلار
3437547,بيدرو خوان كابالييرو
3438115,فيرناندو دي لا مورا
3438735,إنكارناسيون
3438819,كورونيل أوفييدو
3438834,كونسيبسيون
3439101,سيوداد ديل إسته
3439297,كاازابا
3439320,كاكوبي
3439389,أسونسيون
3439525,يونغ
3439748,ترينيداد
3439781,ترينتا إي تريس
3440034,تاكواريمبو
3440571,سانت لوسيا
3440639,سان خوسيه دي مايو
3440696,سان كارلوس، أوروغواي
3440714,سالتو، أوروغواي
3440777,روتشا
3440781,ريفيرا
3440963,بروغريسو
3441243,بايساندو
3441354,باندو، أوروغواي
3441575,مونتفيدو
3441665,مينا
3441684,مرسيدس
3441702,ميلو
3441894,مالدونادو
3442098,لا باز
3442568,فراي بنتوس
3442585,فلوريدا
3442727,دورازنو
3442750,دولوريس، أوروغواي
3443013,كولونيا ديل ساكرامنتو
3443341,كارميلو، أوروغواي
3443413,كانيلونس
3443758,أرتيجاس
3444924,فيتوريا
3446098,تريس لاغواس
3446621,تيوفيلو أوتوني
3446753,تاكواريتينغا
3448439,ساو باولو
3449072,ساو غونسالو
3449319,ساو كارلوس
3449433,سانتوس
3450554,سالفادور، باهيا
3451190,ريو دي جانيرو
3452640,بورتو سيجورو
3452925,بورتو أليغري
3454690,بباوليستا
3458449,لوندرينا
3458611,الحرية
3458696,لفراس
3459462,جوندياي
3462377,غويانيا
3463030,فوز دو إيغواسو
3463237,فلوريانوبوليس
3464374,دوق دي كاكسياس
3464460,دورادوس
3464975,كوريتيبا
3465038,كويابا
3465342,كورومبا
3466779,الأفعى ذات الجرس
3467747,كامبو غراندي
3467865,كامبيناس
3468376,ايتابيميريم دي كاتشويرو
3469058,برازيليا
3469968,بلوميناو
3470127,بيلو هوريزونتي
3470451,بارريتوس
3471872,أراكاجو
3474574,بالماس
3480908,لا أسونسيون
3488465,سبانيش تاون
3489239,أوتشو ريوس
3489460,مونتيغو باي
3492914,سانتياغو دي لوس كابالييروس
3492984,سانتا كروز ديل سيبو
3492985,سانتا كروز دي باراهونا
3493032,سان بيدرو دي ماكوريس
3493081,سان خوان دي لا ماغوانا
3493100,سان خوسيه دي أوكوا
3493146,سان فرانسيسكو دي ماكوريس
3493174,سان فرناندو دي مونتي كريستي
3493175,بويرتو بلاتا
3493240,سالفاليون دي هيغويي
3493283,سالسيدو
3493383,سان اجناثيو دي سابانيتا
3495857,نيبا
3496021,ناغوا
3496134,مونتي بلاتا
3496331,موكا
3496831,ماو
3500957,لا رومانا
3504765,هاتو مايور ديل ري
3508952,داخابون
3509207,كوتوي
3509382,لافيغا
3511233,بوناو
3511540,سان كريستوبال
3512067,باني
3512208,أزوا
3513090,ويلمستاد
3513392,فيليبسبورج
3513563,كراليندايك
3514670,فيلاهيرموسا
3514876,فالادوليد، المكسيك
3515001,توكستلا غوتيريز
3515302,تولوكا
3515665,تيكول
3516355,تامبيكو
3520064,سالينا كروز
3521081,بويبلا
3521342,بلايا ديل كارمن
3521476,ريف بيهيهيابان
3521596,بيتو
3522210,باتشوكا دي سوتو
3522507,أوخاكا
3522790,ناوكالبان دي خواريز
3522924,موتول، يوكاتان
3523349,ماردة
3524348,ليناريس، نويفو ليون
3526617,خالابا دي انريكيز
3529947,كويرنافاكا
3530580,سيوداد فيكتوريا
3530597,مدينة مكسيكو
3530870,تشيلبانسينجو
3531023,تشيتومال
3531673,كانكون
3531732,كامبيتشي
3533462,أكابولكو
3536729,سانتياغو دي كوبا
3537906,سانتا كلارا
3539560,سان خوسيه دي لاس لاخاس
3540667,سانكتي سبيريتوس
3544091,بينار ديل ريو
3545867,نويفا خيرونا
3547398,ماتانزاس
3550598,لاس توناس
3553478,هافانا
3556969,هولغوين
3557689,غوانتانامو
3564124,سينفويغوس
3564178,سييغو دي أفيلا
3566067,كاماغويه
3567597,بايامو
3568312,أرتيميسا
3570675,فور دو فرانس
3571824,ناساو
3572375,ميناء حر
3573197,هاميلتون
3573576,تونابونا
3573703,سكاربوروغ
3573732,سانجري جراندي
3573738,سان فرناندو
3573840,ريو كلارو
3573890,بورت أوف سبين
3573899,بوينت فورتين
3574194,مارابيا
3574309,لافينتيل
3574636,دييغو مارتين
3574810,تشاغوانياس
3575051,أريما
3575551,باستير
3575635,روسو
3576686,جروس إيسليت
3576812,كاستريس
3577154,أورنجستاد
3577430,رود تاون
3577887,كينغستاون
3578069,بليموث
3578599,بوانت-آه-بيتر
3578682,بيتي-بور
3578959,لزابيم
3578967,لو مول
3578978,لو غوسييه
3579585,كابستر-بيل-أو
3579732,باس-تير
3579767,باي-ماؤو
3580477,خليج الغرب
3580661,جورج تاون
3581514,أورانج ووك
3582672,بلموبان
3582677,مدينة بليز
3582805,ساكاتيكولوكا
3582883,أوسولوتان
3583102,سونسونات
3583158,سنسونتيبيك
3583178,سان فيسينتي
3583334,سانتا آنا
3583361,سان سلفادور
3583446,سان ميغيل
3583747,سان فرانسيسكو
3584257,سانتا تيكلا
3584772,لا يونيون
3586977,كوجوتيبيك
3587091,تشالاتينانجو
3587426,أواتشابان
3598132,مدينة غواتيمالا
3600949,تيغوسيغالبا
3601782,سان بيدرو سولا
3616232,سوموتو
3617052,ريفاس
3617154,بويرتو كابيزاس
3617448,أوكوتال
3617708,ماتاجالبا
3617723,ماسايا
3617763,ماناغوا
3618030,ليون
3618908,خويجالبا
3618926,خينوتيبي
3618929,خينوتيجا
3619136,غرناطة
3619194,استيلي
3620381,تشينانديجا
3620674,بواكو
3620680,بلوفيلدز، نيكاراغوا
3621849,سان خوسيه
3622228,بونتاريناس
3622247,ليمون
3622716,نيكوجا
3623076,ليبيريا
3623486,هيريديا
3624370,كارتاغو
3624955,ألاخويلا
3625549,بلنسية
3625929,توكوبيتا
3625979,تروخيللو
3628053,سان خوان دي لوس موروس
3628423,سان فيليب
3628473,سان كريستوبال
3628503,سان كارلوس
3629672,بويرتو لا كروز
3629710,بويرتو أياكوتشو
3632308,ماردة
3632998,ماراكاي
3633009,ماراكايبو
3633622,لوس تيكيس
3637721,لا غويرا
3640226,غوانار
3644768,كومانا
3645213,سانتا آنا دي كورو
3645532,سيوداد بوليفار
3646738,كاراكاس
3647651,كابيماس
3648522,باركيسيميتو
3648546,باريناس
3648559,برشلونة
3649959,زامورا
3650472,تولكان
3650721,تينا
3651297,سانتو دومينغو دي لوس كولورادوس
3651438,سانتا إيلينا
3652065,سامبورونديون
3652350,ريوبامبا
3652462,كيتو
3652584,بويو
3652743,بويرتو فرانسيسكو دي أوريليانا
3652941,بورتوفييخو
3653295,بيدرو كاربو
3653693,اوتابالو
3654215,ميلاغرو
3654533,ماتشالا
3654541,ماكاس
3654667,لوخا
3654870,لاتاكونغا
3655185,نويفا لوخا
3655673,إيبارا
3657509,غواياكيل
3660689,أمباتو
3662574,ريو برانكو
3662762,بورتو فاليو
3663517,ماناوس
3664980,بوا فيستا
3665688,يوبال
3665900,فيللافيسينسيو
3666304,توربو
3666608,تونخا
3667983,سينسيليخو
3668605,سانتا مارتا
3670218,سان أندريس
3670745,ريوهاتشا
3671116,كيبدو
3671519,بويرتو كاريينو
3671916,بوبايان
3672486,بيريرا
3672778,باستو
3673899,نيفا
3674453,مونتيريا
3674654,موكوا
3674676,ميتو
3674962,ميديلين
3675443,مانيزاليس
3676623,ليتيسيا
3680656,أباجي
3682426,فلورنسيا
3685533,كوكوتا
3687238,قرطاجنة، كولومبيا
3687925,كالي
3688465,بوكاراميانجا
3688689,بوغوتا
3689147,بارانكويلا
3689560,أرمينيا
3689718,أراوكا
3689759,أراكاتاكا
3691148,تومبس
3691175,تروخيو، بيرو
3693345,بوكالبا
3693528,بيورا
3694119,بايخان
3694564,مويوبامبا
3696183,إكيتوس
3696378,هوراز
3696417,هوانوكو
3698350,تشيكلايو
3698540,تشاتشابويا
3699088,كاخامركا
3701117,سانتياغو دي فيراغوس
3703068,بينونومي
3707961,لا تشوريرا
3711668,داويد
3712076,كولون
3718426,بورت أو برانس
3778045,ماتورين
3805673,سان فرناندو دي أبوري
3815415,تلاكسكالا
3828545,سان خوسيه ديل جوافيار
3832132,زابالا
3832260,يربا بويينا
3832694,فيلا ماريا
3832756,فيلا دولوريس
3832765,فيلا ديل روزاريو
3832778,فيلا دي كونستيتوسيون
3832791,فيلا كارلوس باز
3832811,فيلا أنجيلا
3832899,فيدما
3833027,فيرا
3833062,فينادو تيورتو
3833112,فينتيسينكو دي مايو
3833367,أوشوايا
3833512,توبونغاتو
3833520,توينويان
3833794,تريس إسليتاس
3833859,تريس آرويوس
3833875,ترينكيو لايكيون
3833883,تريليو
3834048,توستادو
3834310,توي
3834502,تيرماس دي ريو هندو
3834601,تارتغال
3834813,تافي فييخو
3835869,سانتياغو ديل استيرو
3835994,سانتا روزا، لا بامبا
3836142,سانتا ماريا
3836194,سانتا لوسيا
3836277,سانتا فيه
3836564,سان سلفادور دي خوخوي
3836620,وهران، سالتا
3836669,سان رافائيل، مندوزا
3836772,سان بيدرو دي جوجوي
3836846,سان نيكولاس دي لوس آرويوس
3836873,سان ميغيل دي توكومان
3836992,سان مارتين
3836993,فيلا جنرال سان مارتين
3837056,سان لويس
3837124,سان خوستو
3837213,سان خوان، الأرجنتين
3837506,سان إسيدرو
3837675,سان فرانسيسكو، قرطبة
3837702,سان فرناندو ديل فالي دي كاتاماركا
3837855,سان كارلوس دي بوليفار
3837980,سان أنطونيو أويستي
3838227,سالتو
3838233,سالتا
3838561,روساريو دي ليرما
3838564,روساريو دي لا فرونتيرا
3838583,روساريو
3838650,روخاس
3838759,ريفادافيا
3838854,ريو غراندي، تييرا ديل فويغو
3838859,ريو غاليغوس، سانتا كروز
3838874,ريو كوارتو، قرطبة
3838879,ريو كولورادو
3839307,روسون، تشوبوت
3839444,راماللو
3839479,رافاييلا
3839490,كويتيليبي
3839982,بونتا ألتا
3840092,بويرتو مادرين
3840104,بويرتو ديسيادو
3840300,بريسدنس روكي ساينز بينيا
3841159,بيغوي
3841490,بيرغامينو
3841679,بيهواخو
3841956,بارانا، انتري ريوس
3842190,بالبالا
3842670,أولافاريا
3842881,نويفي دي خوليو
3843123,نيوكوين
3843803,مونتيروس
3844298,سان خوسيه دي ميتان
3844421,مندوزا
3844899,ماركوس خوارس
3845181,مالارغويه
3845330,ماتشاجاي
3846864,لينكولن
3846915,ليبرتادور جنرال سان مارتين
3848687,لاس بريناس
3848950,لا ريوخا
3852468,لابولاي
3853354,جونين، مقاطعة بوينس آيرس
3853510,يسوع ماريا
3855041,جنرال فيليغاس
3855043,لوس توليدوس
3855065,جنرال روكا، ريو نيغرو
3855074,جنرال بينيدو
3855075,جينرال بيكو
3855090,جنرال غويمس
3855139,جنرال ألفير
3855143,جنرال آتشا
3855666,فاماييلا
3855974,آيسكيول
3856022,إسبيرانزا
3858677,الكالافات
3859384,ديامانتي
3859512,ديان فونيس
3859828,كروز ديل إيخي
3859965,كوسكيون
3860164,كورونيل سوريز
3860174,كورونيل برينجليس
3860217,كورندا
3860259,كوردوبا
3860443,كومودورو ريفادافيا
3860828,كولون
3861056,كيبوليتي
3861344,تشيفيلكوي
3861416,تشيمباس
3861445,تشيليسيتو
3861678,شاراتا
3861953,تشاكابوكو
3862086,سيريلوس
3862240,كاوسيتي
3862320,خوان خوسيه كاستيلي
3862351,كاسيلدا
3862583,كارمن دي باتاغونيس
3862607,كارلوس كاسارس
3862981,كانيدا دي جوميز
3863882,براغدو
3864331,بيل فيل
3864375,بيلا فيستا
3864430,بيلين
3865086,باهيا بلانكا
3865436,أريسيفيس
3865840,أناتويا
3866163,ألتا غراسيا
3866465,أيموغاستا
3866496,أجويلاريس
3867291,فيلادلفيا
3868121,فينيا ديل مار
3868626,فالبارايسو
3868707,فالديفيا
3870011,تيموكو
3870282,تالكاهوانو
3870294,تالكا
3871336,سانتياغو
3873775,رانكاجوا
3874787,بونتا أرينس
3874930,بويرتو فاراس
3874958,بويرتو نتالز
3874960,بويرتو مونت
3877348,بانجويبولي
3884373,لا سيرينا
3885456,لا ليغوا
3887127,إيكيكي
3892870,كوريكو
3892892,كيوراناي لاهيو
3892934,كيوراكافاي
3893532,كورونل
3893629,كوكويمبو
3893656,كوبيابو
3893726,كونستيتسيون
3893865,كونكون
3893894,كونثبثيون، تشيلي
3894242,كولينا
3894319,كولبيون
3894426,كويايك
3895088,تشيلان
3895138,شيغوانتي
3896105,كايكيونيس
3896433,قرطاجنة
3896924,كانيت
3897322,كالديرا
3897334,كالبوكو
3897347,كالاما
3899361,أريكا
3899462,أراوكو
3899539,أنتوفاغاستا
3899695,أنكود
3899887,ألتو هوسبيكيو
3901435,فينتو، بوليفيا
3902202,توبيزا
3902377,ترينيداد
3903320,تاريخا
3903987,سوكري
3904906,سانتا كروز دي لا سيرا
3906194,ساكابا
3906791,كياكويو
3907080,بوناتا، بوليفيا
3907584,بوتوسي
3909234,أورورو
3911925,لاباز
3915350,غواياراميرين
3919902,كولكابيرهوا
3919968,كوتشابامبا
3919998,كوبيخا
3928128,تاكنا
3931276,بونو
3931470,بويرتو مالدونادو
3934608,موكيجوا
3936456,ليما
3938527,إيكا
3939459,وانكاشو
3939470,هوانكافيليكا
3940002,هواتشو
3941584,قوسقو
3944797,سيرو دي باسكو
3946083,كاياو
3947019,أياكوتشو
3947322,أريكيبا
3948642,أبانكاي
3979770,سابوبان، خاليسكو
3979844,ساكاتيكاس
3981609,تيخوانا
3981885,تيكيلا
3981941,تيبيك
3985344,سان ميغيل دي الليندي
3985606,سان لويس بوتوسي
3985710,كابو سان لوكاس
3987224,سان فيليبي، باخا كاليفورنيا
3988086,سالتيو
3988214,سلامنكا
3991164,سانتياغو دي كويريتارو
3991328,بويرتو فالارتا
3994616,نويفو كاساس غرانديس
3995402,موريليا
3995465,مونتيري
3996069,مكسيكالي
4000900,لا باز
4004330,ايرابواتو
4004898,ارموسييو سونورا
4005270,غواناخواتو
4005539,غوادالاخارا
4006702,إنسينادا
4012176,كوليتاكان
4013516,كوليما
4013708,سيوداد خواريز
4013714,ثيوداد جوثمان
4013720,ديليسياس
4014338,تشيواوا
4014875,سيلايا
4019233,أغواسكاليينتس
4030723,آدمزتاون
4033936,بابيتي
4035413,أبيا
4035715,آواروآ
4044012,هاغاتنيا
4046704,فورت هنت
4048023,بيسمير
4048662,بادوكا
4049979,برمنغهام
4054378,سنتر بوينت
4057835,كولمان
4058219,ديفني
4058553,ديكاتور
4059102,دوثان
4060791,إنتربرايز
4061234,فيرهوب
4062577,فلورنس
4062644,فولي
4063619,غادسدن
4066811,هيلينا
4067927,هوموود
4067994,هوفر
4068446,هويتاون
4068590,هنتسفيل
4074267,ماديسن
4076239,ميلبروك
4076598,موبيل
4076784,مونتغومري
4080555,نورث بورت
4081644,أوبيليكا
4081914,أوكسفورد
4082569,بلهام
4082866,فينيكس سيتي
4084796,براتفيل
4084888,بريتشارد
4089114,سلما
4092788,تالاديغا
4094163,تروي
4094212,تروسفيل
4094455,توسكالوسا
4101114,بيلا فيستا
4101241,بنتون
4101260,بنتونفيل
4103957,كابوت
4106458,كونوي
4109785,إل دورادو
4110486,فايتفيل
4111410,فورت سميث
4116315,جاكسونفيل
4116834,جونزبورو
4119403,ليتل روك
4120792,ماوميل
4124112,نورث ليتل روك
4125388,باراغولد
4126226,باين بلاف
4128894,روجرز
4129397,راسلفيل
4130430,سيرسي
4131116,سايلوم سبرينغز
4132093,سبرينغدل
4133367,تيكساركانا
4134716,فان بيورين
4135865,ويست ممفيس
4142290,دوفر
4143637,ميلدتاون
4143861,نيوارك
4145381,ويلمنغتون
4145941,ألتامونت سبرنغز
4146166,أبوبكا
4146389,أوبورندال
4146429,أفينتجورا
4146723,بارتو
4147241,بل غليد
4148411,بوكا راتون
4148533,بونيتا سبرنغز
4148677,بوينتون
4148708,برادنتون
4148757,براندون
4149962,كيب كورال
4150190,كاسيلبيري
4151316,كليرواتر
4151352,كليرمونت
4151440,كوكاو
4151455,كوكونت كريك
4151824,كوبر سيتي
4151871,كورال غيبلز
4151909,كورال سبرنغز
4152311,كريستفيو
4152772,دانيا بيتش
4152820,ديفي
4152872,دايتونا بيتش
4152890,ديلاند
4152926,ديباري
4153071,ديرفيلد بيتش
4153132,دلراي بيتش
4153146,دلتونا
4153471,دورال
4153759,ديوندن
4154606,يوستيس
4155966,فورت لاودردال
4155995,فورت مايرز
4156018,فورت بيرس
4156042,فورت والتون بيتش
4156404,غينزفيل
4157827,هينز سيتي
4157898,هالانديل بيتش
4158476,هياليه
4158482,هياليه غاردنز
4158928,هوليوود
4159050,هومستيد
4159553,إيموكالي
4160021,جاكسونفيل
4160023,جاكسونفيل بيتش
4160610,جوبيتر، فلوريدا
4160812,كي ويست
4160983,كيسيمي
4161373,ليك ماري
4161400,ليك ويلز
4161422,ليك وورث
4161438,ليكلاند
4161580,لارغو
4161616,لاودرديل ليكس
4161771,ليسبرغ
4163049,لاين هافن
4163220,ميتلاند
4163388,ماركو آيلاند
4163407,مارغيت
4163971,ملبورن
4164138,ميامي
4164143,ميامي بيتش
4164167,ميامي غاردنز
4164186,ميامي ليكس
4164601,ميرامار
4165565,نيبلز
4165869,نيو بورت ريتشي
4165913,نيو سميرنا بيتش
4166222,نورث لاودرديل
4166232,نورث ميامي
4166233,شمال ميامي بيتش
4166274,نورث بورت
4166638,أوكلاند بارك
4166673,أوكالا
4166776,أوكوي
4167003,أوبا لوكا
4167147,أورلاندو
4167178,اورموند بيتش، فلوريدا
4167348,أوفيدو
4167499,بالم باي
4167519,بالم بيتش غاردنز
4167538,بالم كوست
4167583,بالم سبرنغز
4167634,بالميتو باي
4167694,بنما سيتي
4167829,باركلاند
4168139,بيمبروك باينز
4168228,بينساكولا
4168590,باينكريست
4168630,بينيلاس بارك
4168773,بلانت سيتي
4168782,بلانتيشن
4169014,بومبانو سيتي
4169060,بونته فيردا بيتش
4169452,بونتا غوردا
4170174,ريفييرا بيتش
4170358,روكليدج
4170617,رويال بالم بيتش
4170797,سيفتي هاربور
4172086,سانفورد
4172131,ساراسوتا
4172372,سيباستيان، فلوريدا
4172434,سيمينول
4174201,ستيوارت
4174383,صني آيلز بيتش
4174402,صنرايز، فلوريدا
4174600,سويتواتر
4174715,تالاهاسي
4174738,تاماراك
4174757,تامبا
4174855,تاربون سبرينغز
4174861,تافاريس
4174969,تمبل تراس
4175437,تيتوسفيل
4176318,فالريكو
4177703,ويلنغتون
4177872,ويست ملبورن
4177887,ويست بالم بيتش
4178003,وستون
4178560,وينتر بارك
4179074,أكوورث
4179320,ألباني
4179574,ألفاريتا
4179667,أميريكوس
4180386,أثينا
4180439,أتلانتا
4180531,أوغستا
4184530,بروكهافن
4184845,برونزويك
4185657,كالهون
4186416,كارولتون
4186531,كارترزفيل
4187204,تشامبلي
4188985,كولومبوس
4189213,كونيرز
4190581,دالتون
4191124,ديكاتور
4191955,دوغلاسفيل
4192205,دبلن
4192289,دولوث
4192375,دنوودي
4192674,إيست بوينت
4194474,فايتيفيل
4195701,فورست بارك
4196586,غينسفيل
4198322,غريفين
4200671,هاينزفيل
4203696,كينيساو
4204007,كنجزلاند
4205196,لورينسفيل
4207400,ماكون
4207783,ماريتا
4208442,ماكدونو
4212684,نيونان
4212888,نوركروس
4215110,بيتشتري سيتي
4215114,بيشتري كورنرز
4215391,بيري
4219001,ريفرديل
4219762,روما
4219934,روزويل
4220629,سانت ماريز
4221333,ساندي سبرينغز
4221552,سافانا
4223379,سميرنا
4223413,سنيلفيل
4224681,ستوكبريدج
4225309,سواني
4226348,توماسفيل
4226552,تيفتون
4228147,فالدوستا
4229476,وارنر روبينز
4231523,ويندر
4231874,وودستوك
4232679,ألتون
4233813,بلفيل
4235193,كاربوندال
4235668,تشارلستون
4236191,كلينسفيل
4236895,ديكادور
4237717,إدوردسفيل
4239509,غودفري
4239714,غرانيت سيتي
4241704,جاكسونفيل
4243899,ماريون
4244099,ماتون
4245926,أوفالون
4247703,كوينسي
4250542,سبرينج فيلد، إلينوي
4254679,بلومنغتون
4255466,كارمل
4255836,كلاركسفيل
4256038,كولومبوس
4257227,إيفانسفيل
4257494,فيشرز
4258285,غرينفيلد
4258313,غرينوود
4259418,إنديانابوليس
4259640,جاسبر
4259671,جيفرسونفيلي
4260210,لورانس
4262072,نيو كاسل
4263681,ريتشموند
4264617,سيمور
4265737,تير هوت
4266307,فينسينس
4270356,ديربي
4271086,إمبوريا
4271935,غاردنر
4272340,غريت بيند
4272782,هايز
4273299,هتشنسون
4273680,جنكشن سيتي
4274277,لورانس
4274305,ليفنوورث
4274317,ليوود
4274994,مانهاتن
4276248,نيوتن
4276614,أولاث
4276873,أوفرلاند بارك
4277241,بيتسبرغ
4277718,بريري فيليج
4278890,سالينا
4279247,شاوني
4280539,توبيكا، كانساس
4281730,ويتشيتا
4282757,أشلاند
4285268,بولينغ غرين
4288809,كوفينغتون
4289445,دانفيل
4291255,إيرلانغر
4291945,فلورنس
4292071,فورت توماس
4292188,فرانكفورت
4292686,جورجتاون
4294494,هندرسون
4295251,هوبكينزفيل
4295776,إندبندنس
4297983,ليكسينغتون
4299276,لويفيل
4299670,ماديسونفيل
4302035,موراي
4302529,نيوبورت
4302561,نيشلسفيل
4303436,أوينسبورو
4305504,رادكليف
4308122,شيلبيفيل
4308225,شيفلي
4313697,وينشستر
4314550,الإسكندرية
4315588,باتون روج
4315768,بايو كين
4317639,بوسير سيتي
4323873,إستيل
4326575,غريتنا
4326868,هاموند
4328010,هوما
4329753,كينير
4330145,لافاييت
4330236,ليك تشارلز
4330525,لابلاس
4333669,مونرو
4334720,نتشتوشس
4334971,نيو أيبيريا
4335045,نيو أورلينز
4339348,روستون
4341378,شناندوا
4341513,شريفبورت
4341727,سليدل
4342816,سولفور
4346788,زاكاري
4346913,أبردين
4346991,أدلفي
4347242,أنابوليس
4347553,أسبن هيل
4347778,بالتيمور
4348353,بلتسفيل
4348599,بيثيسدا
4349159,باوي
4350160,كالفرتون
4350413,كارني
4350635,كاتونسفيل
4351383,شيلوم
4351871,كلينتون
4351977,كوليج بارك
4352053,كولومبيا
4352539,كروفتون
4352681,كمبرلاند
4353925,إيست ريفرديل
4353962,ايستون
4354163,إلديرسبورغ
4354234,إلكتون
4354256,إلكريدج
4354573,فيرلاند
4354821,فيرندال
4355585,فريدريك
4355843,غايثرسبيرغ
4356050,جيرمانتاون
4356847,غرينبيلت
4357141,هاجرستاون
4358082,هيلكريست هايهتس
4358821,هايتسفيل
4360201,لاك شور
4360287,لاندوفر
4360314,لانغلي بارك
4360369,لوريل
4361831,ماريلند
4362344,ميدل ريفر
4362438,ميلفورد ميل
4362743,مونتجومري
4363843,نورث بيثيسدا
4364537,أولني
4366001,بوتوماك
4366476,راندالستاون
4367175,روكفيل
4368711,سالزبوري
4369978,ساوث لوريل
4370890,تاكوما بارك
4373238,وستمنستر
4373349,ويتون
4374513,أفتون
4375087,أرنولد
4375663,بالوين
4377664,بلو سبرينغز
4379966,كاب جيراردو
4381072,تشيسترفيلد
4381478,كلايتون
4381982,كولومبيا
4382837,كريف كوير
4386289,فارمنغتون
4386387,فيرغسون
4386802,فلوريسانت
4387990,غلادستون
4388460,غراندفيو
4389418,هانيبال
4389967,هازلوود
4391812,إنديبندنس
4392388,جفرسون سيتي
4392768,جوبلن
4393217,كانساس سيتي
4393739,كيركوود
4394870,ليز ساميت، ميزوري
4394905,ليماي
4395052,ليبرتي
4397962,ميلفيل
4400648,نيكسا
4402178,أوفرلاند
4402245,أوزارك
4405180,رايمور
4405434,ريبابلك
4406282,رولا
4407066,سانت لويس
4408000,سيداليا
4408672,سيكستون
4409896,سبرينغفيلد
4413595,وارنسبورغ
4413872,ويبستر غروفز
4414001,ونتزفيل
4414749,وايلدوود
4418478,بيلوكسي
4419290,براندون
4421935,كلاركسديل
4422133,كلينتون
4422442,كولومبوس
4427569,غوتير
4428475,غرينفيل
4428495,غرينوود
4428667,غولفبورت
4429295,هاتيسبورغ
4429589,هيرناندو
4430400,هورن ليك
4431410,جاكسون
4433039,لاوريل
4434069,لونغ بيتش
4434663,ماديسون
4435764,ميريديان
4437982,ناتشيز
4439506,أوشن سبرينغز
4439869,أوليف برانش
4440076,أكسفورد
4440397,باسكاغولا
4440559,بيارل
4443296,ريدجلاند
4447161,ستاركفيل
4448903,توبيلو
4449620,فيكسبيرغ
4452303,ألبيمارل
4453035,آشبورو
4453066,آشفيل
4456703,بون
4458228,برلنغتون
4459343,كاربورو
4459467,كاري
4460243,تشارلوت
4460943,كلايتون
4461574,كونكورد
4464368,دورهام
4464873,إيدن
4465088,إليزابيث سيتي
4466033,فاييتفيل
4467485,فاكواي فارينا
4467657,غارنر
4467732,غاستونيا
4468261,غولدزبورو
4469146,غرينزبورو
4469160,غرينفيل
4470244,هافلوك
4470566,هندرسون
4470778,هيكري
4471025,هاي بوينت
4471641,هولي سبرينغز
4471851,هوب ميلز
4472370,هانترسفيل
4473083,جاكسونفيل
4474040,كانابوليس
4474221,كيرنيرسفيل
4474436,كينستون
4475347,لورينبرغ
4475640,لينوير
4475773,ليكسينغتون
4477525,لومبيرتون
4478334,ماثيوز
4479946,مونرو
4480125,موريسفيل
4480219,مورغانتون
4481682,نيوبيرن
4485272,بينهورست
4487042,رالي
4488232,رونوك رابيدز
4488762,روكي ماونت
4489985,ساليسبري
4490329,سانفورد
4491180,شيلبي
4494942,توماسفيل
4499379,ويلمينغتون
4499389,ويلسون
4499612,وينستون-سالم، كارولاينا الشمالية
4500546,اتلانتيك سيتي
4501018,كامدن
4503346,أوشن أكرس
4505542,أثينس
4506008,بيفركريك
4508204,سنترفيل
4508722,سينسيناتي
4509177,كولومبوس
4509884,دايتون، أوهايو
4511263,فيربورن
4513409,غروف سيتي
4513575,هاملتن
4514746,هوبر هايتس
4515843,كاترنغ
4516233,لانكستر
4516412,لبنان
4517698,مايسن
4518188,مياميسبيرغ
4518264,ميدلتاون
4519995,نوروود
4520760,أوكسفورد
4520905,باتاسكالا
4521209,بيكيرينغتون
4521816,بورتسموث
4522411,رينولدزبورغ
4522586,ريفرسايد
4525304,سبرينغبورو
4525353,سبرينغفيلد
4526576,تروتوود
4526993,أوبير أرلينغتون
4527124,فانداليا
4528259,وايت أوك
4528291,وايت هول
4528810,زينيا
4528923,زانيسفيل
4529096,أدا
4529292,ألتوس
4529469,أدمور
4529987,برتلسفيل
4530372,بيثاني
4530801,بيكسبي
4531405,بروكن أرو
4533029,تشيكاشا
4533580,كلارمور
4534934,ديل سيتي
4535389,دنكان
4535414,ديورانت
4535740,إدموند
4535783,إلرينو
4535961,إنيد
4539615,جنكس
4540737,لوتون
4542367,ماكالستر
4542765,ميدويست سيتي
4542975,مور
4543352,موستانغ
4544349,أوكلاهوما سيتي
4547407,أواسو
4548267,بونكا سيتي
4550881,سابولبا
4551177,شوني
4552215,ستيلووتر
4552707,تاهليكوا
4556165,يوكون
4557137,تشيستر
4560349,فيلادلفيا
4562407,يورك، بنسلفانيا
4562506,أغوادييا
4562635,أريسيبو
4562768,برشلونيتا
4562831,بايامون
4563008,كاغواس
4563243,كارولينا
4563298,كاتانو
4563308,كايي
4564946,فاخاردو
4565105,غوايامة
4565119,جوينابو
4565564,هوماكاو
4566137,مناتي
4566385,مايجويز
4566880,بونثي
4568127,سان خوان
4568451,تروخيلو ألتو
4568533,فيغا باخا
4568917,ياوكو
4569067,أيكن
4569298,أندرسون
4571722,بلافتون
4574324,تشارلستون
4574989,كليمسون
4575352,كولومبيا
4575461,كونواي
4577263,إيسلي
4578737,فلورنس
4580098,غوس كريك
4580543,غرينفيل
4580569,غرينوود
4580599,غرير
4581023,هاناهان
4581832,هيلتون هيد أيلاند
4585000,ليكسينغتون
4586523,مولدين
4588165,مونت بليستانت
4588718,ميرتل بيتش
4589368,نورث أوغوستا
4589387,نورث تشارلستون
4589446,نورث ميرتل بيتش
4595374,سيفين أوكس
4595864,سيمبسونفيل
4596208,سوكاستي
4597200,سبارتانبرغ
4597948,سمتر
4600541,ويست كولومبيا
4604183,بارتليت
4608408,برينتوود
4608657,بريستول
4612862,تشاتانوغا
4613868,كلاركسفيل
4614088,كليفلاند
4614748,كليرفيل
4614867,كولومبيا
4615145,كوكفل
4619800,دييرسبورغ
4621846,فاراغوت
4623560,فرانكلين
4624180,غالاتين
4624601,جيرمانتاون
4625282,غودليتسفيل
4628735,هيندرسونفيل
4632595,جاكسون
4633419,جونسون سيتي
4634662,كينغسبورت
4634946,نوكسفيل
4636045,لبنان
4639848,مرفيل
4641239,ممفيس
4642938,موريستاون
4644585,ناشفيل
4646571,أوك ريدج
4656585,سيفيرفيل
4657077,شيلبيفيل
4658590,سميرنا
4659557,سبرينغفيلد
4663494,تولاهوما
4669635,أبيلين
4669828,أديسون
4670074,ألامو
4670234,اليس
4670300,ألين
4670555,ألطون
4670592,ألفين
4670866,انغلتون
4671240,أرلينغتون
4671524,أتاسكوكيتا
4671654,أوستن
4672731,باي تاون
4672989,بومونت
4673094,بيدفورد
4673353,بيلاير
4673425,بيلتون
4673482,بنبروك
4676206,برينهام
4676740,براونزفيل
4676798,براونوود
4677008,بريان
4677551,بورليسون
4679195,كارولتون
4679803,سيدار هيل
4679867,سيدار بارك
4679944,سيلنيا
4681462,سيبولو
4681485,سينكو رانش
4681976,كيلبورن
4682127,كلوفرليف
4682464,كوليج ستيشن
4682478,كوليفيل
4682991,كونروي
4683021,كونفيرس
4683244,كوبيراس كوف
4683416,كوربوس كريستي
4683462,كورسيكانا
4684724,سايبرس
4684888,دالاس
4685524,دي سوتو
4685737,دير بارك
4685892,دنيسون
4685907,دينتون
4686163,ديكينسون
4686593,دونا
4687331,دانكنفيل
4688275,إدينبورغ
4689311,اينيس
4689550,يولس
4690198,فارمرز برانش
4691585,فلاور
4691833,فورني
4691930,فورت وورث
4692521,فريندزوود
4692559,فريسكو
4692746,غينسفيل
4692883,غالفستون
4693003,غارلاند
4693150,غتسفيل
4693342,جورجتاون
4694482,غراند براري
4694568,غرابفين
4695066,غرينفيل
4695317,غروفز
4695912,هالتوم سيتي
4696233,هارلينغن
4697645,هايلاند فيلدج
4699066,هيوستن
4699442,هامبل
4699540,هانتسفيل
4699575,هورست
4700168,إيرفينغ
4702732,كاتي
4703078,كيرفيل
4703223,كيلين
4703384,كينغزفيل
4703811,كيلي
4704027,لا ماركيو
4704108,لا بورت
4704628,لايك جاكسون
4705191,لانكستر
4705349,لاريدو
4705692,ليغ سيتي
4706057,لويسفيل
4706736,ليتل إلم
4707814,لونغفيو
4708308,لوفكين
4709013,مانسفيلد
4709272,مارشال
4709796,ماكالين
4710178,ماككيني
4710749,مرسيدس
4710826,موسكو
4711156,ميدلوذيان
4711725,ميشن
4711729,ميشين بيند
4711801,ميسوري سيتي
4712933,ماونت بليزانت
4713735,ناكوغدوشس
4713932,نيدرلاند
4714131,نيو براونفيلز
4717232,فلسطين
4717560,باريس
4717782,باسادينا
4718097,بيرلاند
4718209,بيكان غروف
4718711,بفلوغرفيل
4718721,فار
4719457,بلانو
4720039,بورت أرثر
4720131,بورتلاند
4722625,ريتشاردسون
4723406,روكوول
4723914,روزنبرغ
4724129,راوند روك
4724564,ساتشس
4724642,سجيناو
4726206,سان أنطونيو
4726290,سان بنيتو
4726440,سان خوان
4726491,سان ماركوس
4727326,شيرتز
4727605,سيغوفيل
4727756,سيغوين
4728328,شيرمان
4733042,ساوث هيوستن
4733313,ساوثلايك
4733624,سبرينغ
4734005,ستافورد
4734350,ستيفنفيل
4734825,شوجر لاند
4734909,سولفر سبرينغز
4735702,تايلور
4735966,تمبل
4736028,تيريل
4736096,تيكساركانا
4736134,تكساس سيتي
4736388,ذا كولوني
4736476,ذا وودلاندز
4738214,تايلر
4738606,يونيفرسيتي بارك
4738721,أفايلد
4739157,فيكتوريا
4739526,واكو
4740328,وكساهاتشي، تكساس
4740364,ويذرفورد
4740629,ويسلاكو
4741100,ويست يونيفرسيتي بلايس
4741616,وايت ستليمينت
4741752,ويتشيتا فولز
4743275,ويلي
4744091,الإسكندرية
4744870,آشبورن
4745272,بيلي إس كروسروادس
4747845,بلاكسبرغ
4748305,بون أير
4748993,بريستول
4751421,كيف سبرينغ
4752031,شارلوتسفيل
4752186,تشيسابيك
4752229,تشيستر
4752665,كريستيانسبورغ
4753671,كولونيل هايتس
4754966,كولبيبر
4755280,دانفيل
4758023,فيرفاكس
4760059,فريدريكسبيورغ
4760232,فرونت رويال
4762894,هامبتون
4763231,هاريسونبورغ
4763793,هيرندون
4764127,هايلاند سبرينغز
4764826,هوبويل
4765520,هيبلا فالي
4765553,إيديلوود
4768351,لاك ريدج
4769125,ليسبورغ
4769608,لينكولنيا
4769667,لينتون هال
4770714,لورتون
4771075,لينشبرغ
4771401,ماناساس
4771414,بارك ماناساس
4772354,ماكلين
4773677,مونتكلاير
4776222,نورفولك
4776970,أوكتون
4778626,بطرسبرغ
4779999,بورتسموث
4780837,رادفورد
4781708,ريتشموند
4782167,روانوك
4784112,سالم
4787117,سبرينغفيلد
4787440,ستونتون
4788158,سوفولك
4791259,فرجينيا بيتش
4792522,واينيسبورو
4793846,ويليامزبرغ
4794120,وينشستر
4795467,شارلوت أمالي
4796512,سانت كروا
4801859,تشارلستون
4802316,كلاركسبورغ
4805404,فيرمونت
4809537,هنغتينغتون
4813878,مرتينسبورغ
4815352,مورغانتاون
4817641,باركرسبورغ
4828193,شيروود
4828382,فرانكلين
4829307,باي سيتي
4829762,ألاباستير
4829791,ألبيرتفيل
4830198,أننيستون
4830668,آثنز
4830796,أوبورن
4832294,رفير
4832353,دانبري
4832425,دارين
4832554,إنكستر
4833320,كليفلاند هايتس
4833403,إيست هارتفورد
4833425,إيست هيفن
4834040,إينفيلد
4834157,فيرفيلد
4834272,فارمنغتون
4835003,غلاستونبوري
4835512,غويلفورد
4835654,هامدن
4835797,هارتفورد
4838116,ماديسون
4838174,مانشستر
4838524,ميريديان
4838633,ميدلتاون
4838652,ميلفورد
4839222,ناوغاتوك
4839292,نيو بريتن
4839319,نيو كانان
4839366,نيو هيفن
4839416,نيو لندن
4839497,نيوينغون
4839704,نورث هيفن
4839822,نوروولك
4839843,نورويتش
4842898,شيلتون
4843564,ستامفورد
4844309,تورينجتون
4845193,واتربوري
4845419,ويست هيفن
4845823,ويليمانتيك
4846757,ألتونا
4846834,أميس
4846960,أنكيني
4848489,بيتيندورف
4849826,برلنغتون
4850699,سيدار فولز
4850751,سيدار رابيدز
4852022,كلينتون
4852640,كورالفيل
4852832,كونسيل بلوفس
4853423,دافنبورت
4853828,دي موين
4857486,فورت دودج
4861719,إنديانولا
4862034,آيوا سيتي
4862760,جونستون
4866371,مارشالتاون
4866445,ماسون سيتي
4868907,نيوتن
4869195,نورث ليبرتي
4870380,أوتوموا
4876523,سيوكس سيتي
4879890,أوربنديل
4880889,واترلو
4880981,واوكي
4881346,ويست دي موينز
4882920,إديسون
4883078,ألغانكوئين
4883207,إلسيب
4883555,أرلينغتون هايتس
4884141,بارتليت
4884192,باتافيا
4884434,بلوود
4884453,بيلفيدير
4884509,بنسنفيل
4884597,بروين
4885156,بلومينغديل
4885164,بلومنجتون
4885186,بلو أيلاند
4885265,بوليغ بروك
4885418,برادلي
4885573,بريجفيو
4885689,بروكفيلد
4885955,بوفالو غروف
4885983,بربانك
4886255,كالوميت سيتي
4886662,كارول ستريم
4886676,كاربنترفيل
4886738,كاري
4887158,تشامبيغن
4887398,شيكاغو
4887442,شيكاغو هايتس
4888015,سيسيرو
4888892,كاونتري كلاب هيلز
4889229,كريستال ليك
4889426,دانفيل
4889447,دارين
4889553,ديكالب
4889668,ديرفيلد
4889772,ديس بلينس
4889959,ديكسون
4890536,إيست مولين
4890549,إيست بيوريا
4890864,إلجين
4890925,قرية إلك غروف
4891010,إلمهورست
4891051,إلموود بارك
4891382,إيفانستون
4891431,إفرغرين بارك
4893037,فرانكفورت
4893070,فرانكلين بارك
4893171,فري بورت
4893392,غاليسبورغ
4893591,جنيف
4893811,غلن إلين
4894861,غورني
4895066,هانوور بارك
4895298,هارفي
4895876,هايلاند بارك
4896353,هوموود
4898182,كانكاكي
4899012,ليك فورست
4899340,لانسينغ
4899581,ليمونت
4900080,ليسل
4900292,لوكبورت
4900373,لومبارد
4900579,لوفز بارك
4900817,ماكوم
4901514,مايوود
4901663,ماكهنري
4901868,ملروز بارك
4902476,مولين
4902763,مورتون غروف
4903024,مونت بروسبكت
4903184,موندلين
4903279,نابرفيل
4903535,نيو لنوكس
4903730,نايلز
4903780,نورمال، إلينوي
4903862,نورث شيكاغو
4904056,نورث بروك
4904286,أوك فورست
4904365,أوك لاون
4904937,اورلاند بارك
4905006,أوتاوا
4905211,بلاتين
4905263,بالوس هيلز
4905337,بارك فورست
4905367,بارك ريدج
4905599,بيكين
4905687,بيوريا
4906125,بلاينفيلد
4906882,بروسبيكت هايتس
4907907,روك أيلاند
4907959,روكفورد
4908052,رولينج ميدوز
4908068,روميوفيل
4908737,سانت تشارلز
4910713,شامبورغ
4911600,سكوكي
4911934,ساوث هولاند
4912499,سترلينغ
4913110,سيكامور
4913723,تينلي بارك
4914570,أوربانا
4914830,فيلا بارك
4915545,واشنطن
4915734,وكغن
4915963,ويست شيكاغو
4916140,وست تشتر
4916207,وست مونت
4916288,ويتون
4916311,ويلينغ
4916732,ويلميت
4917123,وودستوك
4917298,يوركفيل
4917358,زيون
4917592,مدينة اندرسون
4919381,كروفوردسفيل
4919451,كراون بوينت
4919820,داير
4919857,إيست شيكاغو
4919987,إلخارت
4920423,فورت واين
4920473,فرانكفورت
4920607,غاري
4921100,هاموند
4921402,هايلاند ،مقاطعة ليك
4921476,هوبارت
4921725,هنتنغتون
4922388,كوكومو
4922462,لافاييت
4923210,ماريون
4923531,ميشيغان سيتي
4923670,ميشاواكا
4924006,مونسي
4924104,نيو هافن
4925006,بورتاغ
4926563,ساوث بند
4927537,فالبارايسو
4928096,ويست لافاييت
4928118,ويستفيلد
4928662,أبينغتون
4928703,أكتون
4928788,أغاوام
4929004,أميسبوري
4929022,أميرست
4929023,أمهيرست سنتر
4929399,أتلبورو
4929771,بارنستابل
4930505,بيفرلي
4930956,بوسطن
4931429,بروكتون
4931482,بروكلين
4931737,بورلينغتون
4931972,كامبريدج
4932869,تشيلمسفورد
4932879,تشيلسي
4933002,شيكوبي
4933743,كونكورد
4934500,دانفرز
4934664,ديدام
4935038,دراكوت
4935211,دوكسبوري
4935434,إيست لونغميدو
4935582,إيستهامبتون
4935623,إيستون
4936008,إيفرت
4936087,فيرهيفن
4936159,فول ريفر
4936812,فيتشبورغ
4937230,فرامينغهام
4937276,فرانكلين
4937557,غاردنر
4937829,غلوستر
4938048,غرافتون
4938378,غرينفيلد
4938836,هانوفر
4939085,هافر هيل
4939647,هولدين
4939783,هوليوك
4941720,لورانس
4941873,ليومنستر
4941935,ليكسينغتون
4942508,لونغميدو
4942618,لوويل
4942744,لودلو
4942807,لين
4942939,مالدن
4943021,مانسفيلد
4943097,ماربلهيد
4943170,مارلبورو
4943629,ميدفورد
4943828,ميثيون
4943958,ميلفورد
4944193,ميلتون
4944994,ناتيك
4945055,نيدهام
4945121,نيو بدفورد
4945283,نيوتن
4945819,نورثهامبتون
4945911,نورتون
4945952,نوروود
4946620,بالمر
4946863,بيبودي
4947459,بيتسفيلد
4948247,كوينسي
4948403,راندولف
4950065,سالم
4951257,سومرفيل
4951594,ساوثبريدج
4951788,سبرينغفيلد
4952629,تونتون
4954380,والثام
4954611,وترتاون
4955089,ويست سبرينغفيلد
4955190,ويستفيلد
4955336,ويماوث
4955840,ويلمنجتون
4955993,وينثروب
4956032,ووبرن
4956184,ورسستر
4956976,أوبورن
4957003,أوغوستا
4957280,بانجور
4958141,بيدفورد
4969398,لويستون
4975802,بورتلاند
4977222,ساكو
4977762,سانفورد
4979244,ساوث بورتلاند
4982236,ووترفيل
4982753,وستبروك
4983811,أدريان
4984016,ألين بارك
4984029,بلدة ألندل
4984247,آن آربر
4984565,أوبورن هيلز
4985153,باتل كريك
4985180,باي سيتي
4985744,بيركلي
4986172,برمنغهام
4987482,بيرتون
4990510,ديربورن
4990512,ديربورن هايتس
4990729,ديترويت
4991640,إيست لانسنغ
4991735,إيستبوينت
4992523,فارمنغتون هيلز
4992635,فيرندال
4992982,فلينت
4993659,غاردن سيتي
4994391,غراندفيل
4995197,هامتراميك
4995514,هاسليت
4995664,هازل بارك
4996248,هولاند
4996306,هولت
4997384,جاكسون
4997500,جينيسون
4997787,كالامازو
4998018,كينتوود
4998830,لانسنغ
4999311,لينكولن بارك
4999837,ليفونيا
5000500,ماديسون هايتس
5000947,ماركيت
5001929,ميدلاند
5002344,مونرو
5002656,ماونت كليمنس
5002714,ماونت بليزانت
5003132,مسكيغون
5004005,نورتون شورز
5004062,نوفي
5004188,أوك بارك
5004359,أوكيموس
5006166,بونتياك
5006233,بورت هورون
5006250,بورتاغ
5007402,روتشستر هيلز
5007531,رومولوس
5007655,روزفيل
5007804,رويال أوك
5007989,ساغيناو
5010636,ساوثفيلد
5010646,ساوثغيت
5011148,ستيرلينغ هايتس
5011908,تايلور
5012495,ترافيرس سيتي
5012521,ترينتون
5012639,تروي
5013924,ووكر
5014051,وارين
5014208,ويفرلي
5014224,واين
5014681,ويستلاند
5015599,وايندوت
5015618,وايومنغ
5015688,يبسيلانتي
5016024,ألبرت ليا
5016374,أندوفر
5016450,أنوكا
5016494,أبل فالي
5016884,أوستين
5018739,بلومنغتون
5019330,بروكلين سنتر
5019335,بروكلن بارك
5019588,بافلو
5019767,بورنسفيل
5020859,تشامبلين
5020881,تشانهاسين
5020938,تشسكا
5021828,كولومبيا هايتس
5022025,كون رابيدز
5022134,كوتج غروف
5023571,كريستال
5024719,دولوث
5024825,إيجان
5025219,إيدن بريري
5025264,إدينا
5025471,إلك ريفر
5026291,فيرباولت
5026321,فارمينغتون
5027117,فورست ليك
5027482,فريدلي
5028163,غولدن فالي
5029181,هام ليك
5029500,هاستينغز
5030005,هيبينغ
5030670,هوبكنز
5031412,إنفر غروف هايتس
5034059,ليكفيل
5034767,لينو ليكس
5036420,مانكاتو
5036493,مابل غروف
5036588,مابلوود
5037649,مينيابولس
5037784,مينيتونكا
5038108,مورهيد
5039080,نيو برايتون
5039094,نيو هوب
5039675,نورثفيلد
5039978,أوكدل
5040477,أوتسيغو
5040647,أواتونا
5041926,بليموث
5042373,بريور ليك
5042561,رامسي
5042773,ريد وينغ
5043193,ريتشفيلد
5043473,روتشيستر
5043779,روسيماونت
5043799,روزفيل
5045258,سانت مايكل
5045360,سانت باول
5046001,سارتيل
5046063,سافاغ
5046997,شاكوبي
5047234,شورفيو
5048814,ستيلووتر
5052658,وايت بير ليك
5052916,ويلمر
5053156,وينونا
5053358,وودبوري
5055787,كيركفيل
5059163,فارغو
5059429,غراند فوركس
5059836,جيمستاون
5062458,ويست فارغو
5063805,بيليفيو
5066001,كولمبوس
5068725,فريمونت
5069297,غراند إيسلاند
5069802,هاستينغس
5071348,كيارني
5071665,لا فيستا
5072006,لنكن
5073965,نورفولك
5074472,أوماها
5074792,بابيليون
5084868,كونكورد
5085374,ديري
5085520,دوفر
5088262,كين
5088438,لاكونيا
5089178,مانشستر
5089478,ميريماك
5090046,ناشوا
5091383,بورتسموث
5091872,روتشستر
5097598,إليزابيث
5097672,إنغلوود
5099738,إيزيلن
5099836,جيرسي سيتي
5100506,ليندن
5101717,نيو برونزويك
5101798,نيوآرك
5102466,باترسون
5102922,برينستون
5105496,ترنتون
5105634,يونيون سيتي
5106529,ودبريدغ
5106834,ألباني
5107152,أمستردام
5107505,أوبورن
5107760,بالدوين
5108093,باتافيا
5108169,باي شور
5109177,بينغامتون
5110077,برينتوود
5110302,بروكلين
5110629,بوفالو
5112078,سنترال آيسلب
5112710,سيسيرو
5112961,كليفتون بارك
5113142,كوهوس
5113412,كوماك
5113481,كوني آيلاند
5113683,كوبيغ
5113790,كورتلاند
5114731,دير بارك
5114900,ديبيو
5115107,ديكس هيلس
5115960,إيست ميدو
5115962,إيست ماسابيكوا
5115989,إيست نورثبورت
5116495,إلم هرست
5116497,إلميرا
5116508,إلمونت
5116917,فار روكواي
5117438,فلورال بارك
5117891,فرانكلين سكوير
5117949,فريبورت
5118226,غاردين سيتي
5118626,غلين كوف
5118743,غلوفرسفيل
5119019,غراند أيلاند
5120034,هارلم
5120095,هارريسون
5120228,هاوبباوج
5120521,هنريتا
5120656,هيكسفيلي
5121163,هولتسفيل
5121636,هنتنغتون
5122331,إرونديكوويت
5122413,إسليب
5122432,إثاكا
5122477,جاكسون هايتس
5122534,جيمستاون
5123477,كينغستون
5123533,كيرياس جويل
5123718,لاكاوانا
5124276,ليفيتاون
5125011,لوكبورت
5125086,لونغ بيتش
5125523,لينبروك
5125738,مامارونيك
5125771,مانهاتن
5126183,ماسابيكوا
5126208,ماستيك
5126555,ميلفيل
5126842,ميدلتاون
5127134,مينيولا
5127835,ماونت فيرنون
5128266,نانويت
5128481,نيو سيتي
5128549,نيو روتشيل
5128581,نيويورك
5128654,نيوبورغ
5128723,نياجارا فولز
5128904,نورث بيلموري
5129134,نورث ماسابيكوا
5129245,نورث توناواندا
5129248,نورث فالي ستريم
5129603,أوشنسايد
5130081,أوسويغو
5130831,بيكسكيل
5131638,بلينفيو
5131692,بلاتسبورغ
5132002,بورت تشيستير
5132143,بكبسي
5134086,روتشستر
5134203,روكفيل سينتر
5134295,رومي
5134316,رونكونكوما
5134323,روزفلت
5134693,ري
5136334,ساراتوغا سبرينغس
5136433,سكيرديل
5136454,سكنيكتادي
5137507,سيفورد
5138022,شيرلي
5138539,سميثتاون
5139287,سبرنغفيلد غاردنز، كوينز
5139301,سبرينغ فالي
5140405,سيراكيوز
5141502,تروي
5141927,يونيوندايل
5142056,أوتيكا
5142109,فالي ستريم
5143396,واتيرتاون
5143630,ويست بابيلون
5143832,ويست هيمستيد
5143992,ويست سينيكا
5144040,وستباري
5144336,وايت بلينس
5145028,وودمير
5145215,يونكيرس
5145476,آكرون
5145607,ألايانس
5146055,آشلاند
5146089,أشتابولا
5146233,اورورا
5146277,أفون
5146286,آفون ليك
5146491,باربرتون
5146675,بيه فيليج
5147097,بيريا
5147968,بولينغ غرين
5148273,برودفيو هايتس
5148326,بروك بارك
5148480,برونزويك
5150529,كليفلاند
5151613,كوياهوغا فولز
5151861,ديفاينس
5151891,ديلاوير
5152333,دبلن
5152599,إيست كليفلاند
5152833,ايست ليك
5153207,إليريا
5153420,يوكليد
5153680,فيرفيو بارك
5153924,فندلي
5155207,فريمونت
5155393,غاهانا
5155499,غارفيلد هايتس
5156371,غرين
5158164,هدسن
5159537,كينت
5160315,ليكوود
5160783,ليما
5161262,لورين
5161723,مانسقيلد
5161803,ميبل هايتس
5161902,ماريون
5162077,ميريزفيل
5162097,ماسيلون
5162188,مايفيلد هايتس
5162512,مدينا
5162645,منتور
5162851,ميدلبيرغ هايتس
5163799,ماونت فرنون
5164390,نيو فيلادلفيا
5164466,نيوارك
5164582,نايلز
5164706,نورث كانتون
5164862,نورث أولمستيد
5164903,نورث ريدجفيل
5164916,نورث رويالتون
5165101,نورواك، أوهايو
5165734,أوريغون
5166009,باينسفيل
5166177,بارما
5166184,بارما هايتس
5166516,بيريسبورغ
5166819,بيكوا
5168491,روكي ريفير
5170691,ساندوسكي
5171728,شاكير هايتس
5172078,سيدني
5172387,سولون
5172485,ساوث إوكليد
5173048,ستوبنفيل
5173171,ستو
5173210,ستريتسبورو
5173237,سترونغسفيل
5173572,سيلفانيا
5173623,تلمادغ
5173930,تيفين
5174035,توليدو
5174358,تروي
5174550,توينسبورغ
5175496,وادزورث
5176472,ويسترفيل
5176517,ويست ليك
5176937,ويلوبي
5177358,ووستير
5177568,يونغزتاون
5178127,ألينتاون
5178195,ألتونا
5180225,بيت لحم
5188843,إيري
5192726,هاريسبرج
5193011,هازلتون
5193309,هيرميتاغ
5195561,جونستاون
5197517,لبنان
5200499,ماكيسبورت
5203127,نيو كاسل
5206379,بيتسبرغ
5207728,ريدينغ
5211303,سكرانتون
5213681,ولاية كوليج
5219287,وايتهول
5219488,ويلكس بار
5219585,ويليامسبورت
5220798,بارينغتون
5221077,بريستول
5221341,سنترال فولز
5221637,كوفنتري
5221659,كرانستون
5221703,كمبرلاند
5221931,إيست بروفيدانس
5223358,ميدلتاون
5223505,ناراغانسيت
5223593,نيوبورت
5223672,نورث كينغستاون
5223681,نورث بروفيدانس
5223869,بوتكيت
5224082,بورتسموث
5224151,بروفيدنس
5224949,سميثفيلد
5225507,وارويك
5225627,ويست وارويك
5225631,ويسترلي
5225809,ونسوكت
5225857,أبردين
5226534,بروكينغز
5231851,سايوكس فالز
5234372,برلينغتون
5235024,كولشستر
5240509,روتلاند
5241248,ساوث برلنغتون
5244080,أبليتون
5245193,بيفر دام
5245387,بلويت
5246835,بروكفيلد
5249871,كوداهي
5250201,دي بير
5251436,أو كلير
5253219,فيتشبورغ
5253352,فوند دو لاك
5253710,فرانكلين
5254962,غرين باي
5255068,غرينفيلد
5257754,جاينسفيل
5258296,كاوكاونا
5258393,كينوشا
5258957,لاكروس
5261457,ماديسون
5261585,مانيتووك
5261969,مارشفيلد
5262596,ميناشا
5262630,مينوموني فولز
5262634,مينوموني
5262649,ميكيون
5262838,ميدلتون
5263045,ميلواكي
5264049,موسكيغو
5264223,نيناه
5264381,نيو برلين
5265228,أوك كريك
5265499,أوكونوموك
5265838,أوشكوش
5267403,بيلستانت برايري
5268249,راسين
5268986,ريفر فولز
5272893,شيبويجان
5273812,ساوث ميلووكي
5275020,صن برايري
5275191,سوبريور
5278005,ووترتاون
5278052,وكيشا
5278120,واوسو
5278159,واواتوزا
5278420,ويست أليس
5278422,ويست بيند
5279436,ويسكونسن رابيدز
5280814,ويرتون
5280854,ويلينغ
5281551,أنسونيا
5282804,بريدجبورت
5282835,بريستول
5283837,تشيشاير
5284756,فيلموري
5287262,باكيي
5287565,بولهيد سيتس
5288636,كازا غراندي
5288661,كاساس أدوبز
5289282,تشاندلر
5293083,دوغلاس
5293996,الميراج
5294167,إلوي
5294810,فلاغستاف
5294902,فلورنس
5294937,فلوفينغ ولس
5295143,فورتونا فوتهيلز
5295985,غلانديل
5296266,غوديير
5296802,غرين فالي
5301067,كينجمان
5301388,ليك هافاسو سيتي
5303752,ماريكوبا
5304391,ميسا
5306611,نوغاليس
5307540,أورو فالي
5308305,بايسون
5308480,بيوريا
5308655,فينيكس
5309842,بريسكوت
5309858,بريسكوت فالي
5310193,كوين كريك
5312544,ساهوريتا
5312913,سان لويس
5313457,سكوتسديل
5314328,سييرا فيستا
5315062,سوميرتون
5316428,سوربرايز
5317058,تمب
5318313,توسون
5322053,يوما
5322400,أديلانتو
5322737,ألاميدا
5322850,ألباني
5323060,ألهامبرا
5323163,أليسو فيجو
5323694,أميريكان كانيون
5323810,آناهايم
5324200,أنتيوك
5324363,أببل فالي
5324477,أركاديا
5324802,أرويو غراندي
5324862,أرتيسيا
5324903,أرفين
5325011,آشلاند
5325111,أتاساديرو
5325187,أتووتر
5325372,أفوكادو هايهتس
5325423,أزوسا
5325738,بيكرسفيلد
5325866,بالدوين بارك
5326032,بانينغ
5326297,بارستاو
5326561,باي بوينت
5327098,بيومونت
5327298,بيل
5327319,بيل غاردينس
5327422,بيلفلاوير
5327455,بيلمونت
5327550,بنيسيا
5327684,بيركيلي
5328041,بيفرلي هيلز
5329649,بلايث
5330567,براولي
5330582,بري
5330642,برينتوود
5331575,بوينا بارك
5331835,بربانك
5331920,بورلينغامي
5332593,كالاباساس
5332698,كاليكسيكو
5333180,كاماريلو
5333689,كامببيل
5334223,كارلسباد
5334519,كارسون
5335006,كاثيدرال سيتي
5335650,سيريس
5335663,سيرريتوس
5336269,تشيكو
5336537,تشينو
5336667,تشاوتشيلا
5336899,تشولا فيستا
5337561,سيتروس هيايتس
5337696,كلاريمونت
5337908,كليرلاكي
5338122,كلوفيس
5338166,كواتشيلا
5338196,كوالينغا
5338783,كولتون
5339066,كومبتون
5339111,كونكورد
5339539,كوركوران
5339631,كورونا
5339663,كورونادو
5339840,كوستا ميسا
5340175,كوفينا
5341051,كوداهي
5341114,كولفر سيتي
5341145,كوبيرتينو
5341256,سايبريس
5341430,دالي سيتي
5341483,دانا بوينت
5341531,دانفيل
5341704,دافيس
5342485,ديلانو
5342710,ديسيرت هوت سبرينغس
5342992,دياموند بار
5343171,دينوبا
5343303,ديكسون
5343858,داوني
5344147,دوارتي
5344157,دوبلين
5344942,إيست هيميت
5344994,إيست لوس أنجيلس
5345032,إيست بالو ألتو
5345529,الكاهون
5345609,إل سنترو
5345623,إل سيرريتو
5345743,إل مونتي
5345860,إل سغوندو
5346111,إلك غروفي
5346646,إنسينيتاس
5346827,إسكونديدو
5347335,فيرفيلد
5349705,فولسوم
5349755,فونتانا
5350159,فوستير سيتي
5350207,فوونتين فالي
5350734,فريمونت
5350937,فريسنو
5351247,فوليرتون
5351428,غالت
5351515,غاردين غروفي
5351549,غاردينا
5352214,غيلروي
5352350,غلين أفون
5352423,غلينديل
5352439,غليندورا
5352963,غوليتا
5354172,غرينفيلد
5354819,هاكيندا هايهتس
5355180,هانفورد
5355828,هاوثورني
5355933,هايوارد
5356277,هيميت
5356451,هيركوليس
5356521,هيرموسا بيتش
5356576,هيسبيريا
5356868,هايلاند
5357499,هوليستير
5357527,هوليوود
5358705,هونتينغتون بيتش
5358736,هونتينغتون بارك
5359052,إمبيريال
5359054,إمبيريال بيتش
5359446,إنديو
5359488,إنغليووود
5359777,إرفاين
5363859,لا كانيادا فلينتريدج
5363922,لا هابرا
5363943,لاهويا
5363990,لا ميسا
5364007,لا ميرادا
5364022,لا بالما
5364066,لا بوينتي
5364079,لا كوينتا
5364134,لا فيرني
5364226,لافاييتي
5364275,لاغونا بيتش
5364329,لاغونا نيغويل
5364369,لاغونا ووودس
5364499,لاك إلسينوري
5364514,لاك فوريست
5364855,لاكيووود
5364916,لامونت
5364940,لانكستر
5365425,لاثروب
5365603,لاوندالي
5365893,ليمون غروف
5365918,ليمووري
5365937,لينوكس
5366375,لينكون
5367440,ليفرمور
5367565,لودي
5367696,لوما ليندا
5367767,لوميتا
5367788,لومبوك
5367929,لونغ بيتش
5368335,لوس ألتوس
5368361,لوس أنجلوس
5368453,لوس بانوس
5368518,لوس غاتوس
5369367,لينووود
5369568,ماديرا
5370082,مانهاتان بيتش
5370164,مانتيكا
5370493,مارينا
5370868,مارتينز
5371261,مايووود
5372205,مينيفي
5372223,مينلو بارك
5372253,ميرسيد
5373129,ميلبراي
5373327,ميلبيتاس
5373492,ميرا لوما
5373763,ميسيون فيجو
5373900,موديستو
5374175,مونروفيا
5374232,مونتكلير
5374322,مونتيبيلو
5374361,مونتيري
5374406,مونتيري بارك
5374648,مووربارك
5374671,موراغا
5374732,مورينو فالي
5374764,مورغان هيل
5375480,ماونتن فيو
5375911,مورريتا، ريفيرسيدي، كاليفورنيا
5376095,نابا
5376200,ناشيونال سيتي
5376803,نيوارك
5377199,نوركو
5377995,نوروالك
5378044,نوفاتو
5378500,أواكدالي
5378538,أوكلاند
5378566,أواكلي
5378771,أوسيانسيدي
5378870,أويلدال
5379439,أونتاريو
5379513,أورانج
5379678,أوريندا
5379759,أوروفيلي
5380184,أوكسنارد
5380420,باسيفيكا، سان ماتيو، كاليفورنيا
5380437,باسيفيك غروف
5380626,بالم ديزرت
5380668,بالم سبرينغس
5380698,بالمديل
5380748,بالو ألتو
5381002,باراديس
5381110,باراموونت
5381325,بارلير
5381396,باسادينا
5381438,باسو روبليس
5381515,باتيرسون
5382146,بيرريس
5382232,بيتالوما
5382496,بيكو ريفيرا
5383187,بينولي
5383465,بيتسبورغ
5383527,بلاسينتيا
5383720,بليسانت هيل
5383777,بليسانتون
5384170,بومونا
5384339,بورت هوينيمي
5384471,بورتيرفيل
5384690,باواي
5385793,رامونا
5385941,رانتشو كوردوفا
5385955,رانتشو كوكامونغا
5386015,رانتشو ميراج
5386035,رانتشو بالوس فيرديس
5386082,رانتشو سانتا مارغاريتا
5386754,ريدلاندس
5386785,ريدوندو بيتش
5386834,ريدوود
5386984,ريدلي
5387288,ريالتو
5387428,ريتشموند
5387494,ريدجكريست
5387687,ريوليندا
5387749,ريبون
5387844,ريفيربانك
5387877,ريفرسايد
5388319,روكلين
5388564,روهنيرت بارك
5388867,روسيميد
5388881,روزفيل
5389213,روبيدوكس
5389489,ساكرامنتو
5391295,ساليناس
5391710,سان بيرناردينو، كاليفورنيا
5391760,سان كارلوس
5391791,سان كليمينتي
5391811,سان دييغو
5391891,سان ديماس
5391945,سان فيرناندو
5391959,سان فرانسيسكو
5392034,سان غابريل
5392090,سان جاسينتو
5392171,سان هوزيه
5392229,سان جوان كابيسترانو
5392263,سان ليندرو
5392323,سان لويس أوبيسبو
5392368,سان ماركوس
5392423,سان ماتيو
5392508,سان بابلو
5392567,سان رافاييل
5392593,سان رامون
5392868,سانجر
5392900,سانتا أنا
5392952,سانتا باربارا
5393015,سانتا كلارا
5393049,سانتا كلاريتا
5393052,سانتا كروز
5393128,سانتا ف سبرينغس
5393180,سانتا ماريا
5393212,سانتا مونيكا
5393245,سانتا باولا
5393287,سانتا روسا
5393429,سانتي
5393485,ساراتوغا
5394086,سيل بيتش
5394136,سيسيدي
5394329,سيلما
5394842,شافتير
5396003,سيمي فالي
5397018,سوليداد
5397376,سووث إل مونتي
5397603,سوث غيت
5397664,سووث لاك تاهوي
5397717,سووث باسادينا
5397765,سووث سان فرانسيسكو
5397777,ساوث سان جوزيه هيلز
5398630,ستانتون
5399020,ستوكتون
5400075,سانيفال
5401395,تيميكولا
5401469,تيمبل سيتي
5402405,ثوسند أوكس
5403022,توررانسي
5403191,تراساي
5403676,تروكي
5403783,تولاري
5404024,ترلوك
5404119,توستين
5404198,توينتينين بالمس
5404476,وكياه
5404555,يونيون سيتي
5404794,يونيفرسال سيتي
5404915,آبلاند
5405228,فاكافيلي
5405380,فاليجو
5405693,فان نويس
5405841,فينسيا
5405878,فينتورا
5406222,فيكتورفيل
5406567,فيساليا
5406602,فيستا
5406976,والنوت
5406990,والنوت كريك
5407030,والنوت بارك
5407529,واتسونفيل
5407908,ويست كارسون
5407933,ويست كوفينا
5408076,ويست هوليوود
5408191,ويست بوينتي فالي
5408211,ويست ساكرامينتو
5408406,ويستمينستير
5409059,ويتير
5409260,ويلدومار
5409768,ويلوبروك
5410004,ويندسور
5410430,ووودلاند
5410902,يوربا ليندا
5411015,يوبا سيتي
5411046,يوكيبا
5411079,يوككا فالي
5412199,أرفادا
5412347,أورورا
5414941,برايتون
5416005,كانون سيتي
5416329,كاسل روك
5416541,سينتينيال
5417598,كولورادو سبرينغس
5417737,كوميرك سيتي
5419384,دنفر
5420241,دورانغو
5421250,إنجلوود
5422191,فاونتن
5423294,غولدن
5423573,غراند جنكشن
5423908,غرينوود فيليج
5427771,لافاييت
5427946,ليكوود
5429032,ليتلتون
5429522,لويزفيل
5431710,مونتروز
5433124,نورثغلين
5434006,باركر
5435464,بويبلو
5441492,ثورنتون
5443910,وستمنستر
5443948,ويت ريدج
5445298,دودج سيتي
5445439,غاردن سيتي
5445820,ليبرال
5454627,ألاموغوردو
5454711,ألباكركي
5460459,كارلسباد
5462393,كلوفيس، نيومكسيكو
5467328,فارمينغتون
5468773,غالوب
5471578,هوبز
5475352,لاس كروسيس
5476913,لوس لوناس
5488441,روزويل
5490263,سانتا فيه
5493403,سنلاند بارك
5500539,بولدر سيتي
5501344,كارسون سيتي
5503766,إنتربرايز
5504003,فيرنلي
5505411,هندرسون
5506956,لاس فيغاس
5508180,ميسكيت
5509403,نورث لاس فيغاس
5509851,باهرومب
5509952,بارادايس
5511077,رينو
5512862,سباركس
5512909,سبرينغ فالي
5513307,سن فالي
5513343,سنرايز مانور
5515110,ويتني
5515345,وينشستر
5516233,أماريلو
5517061,بيغ سبرينغ
5520076,ديل ريو
5520552,دوماس
5520677,إيغل باس
5520993,إل باسو
5523074,هيرفورد
5525577,لوبوك
5526337,مدلاند
5527554,أوديسا
5527953,بامبا
5528450,بلينفيو
5530022,سان أنجيلو
5536630,سيدار سيتي
5540831,هوريكان
5549222,واشنطن
5550368,واسكو
5551535,أباتشي جنكشن
5552301,أفونديل
5554072,جونو
5558953,أركاتا
5563397,إوريكا
5567770,ماكينليفيل
5570160,ردينغ
5572400,سوسانفيلي
5574991,بولدر
5576859,إري
5576909,إيفانز
5577147,فورت كولنز
5577592,غريلي
5579276,لونغمونت
5579368,لوفلاند
5583509,وندسور
5586437,بويسي
5587698,كالدويل
5589173,كويور دي أليني، أيداهو
5591778,إيغيل
5596475,أيداهو فولز
5597955,كونا
5598538,لويستون
5600685,ميريديان
5601538,موسكو
5601933,نامبا
5604045,بوكاتيلو
5604353,بوست فولز
5605242,ريكسبورغ، أيداهو
5610810,توين فولز
5641727,بوزيمان
5642934,بوتي
5655240,غريت فولز، مونتانا
5656882,هيلينا
5660340,كاليسبيل
5666639,ميسولا
5688025,بيسمارك
5688789,ديكينسون
5690366,ماندان
5690532,مينوت
5692947,ويليستون
5697939,نورث بلات
5703670,إلكو
5710756,ألباني
5711099,ألوها
5711789,آشلاند
5713376,بيفيرتون
5713587,بيند
5717758,كنبي
5718601,سنترال بوينت
5720495,كوس باي
5720727,كورفاليس
5722064,دالاس
5725846,يوجين
5727190,فورست غروف
5727382,فور كورنيرس
5729080,غرانتس باس
5729485,غريشام
5730183,هابي فالي
5730675,هايسفيل
5731070,هيرميستون
5731371,هيلسبورو
5734711,كيزر
5735238,كلاماث فالز
5735724,ليك أوسويغو
5736218,لبنان
5739936,ميكمينفيل
5740099,ميدفورد
5740900,ميلواوكي
5742726,نيوبيرغ
5743731,أوك غروف
5744253,أوريغون سيتي
5745380,بيندلينتون
5746545,بورتلاند، أوريغون
5747882,ريدموند
5749352,روزبيرغ
5750162,سايلم
5751632,شيروود
5754005,سبرينغفيلد
5756304,ذا داليس
5756758,تيغارد
5757477,تراوتدل
5757506,توالاتين
5760009,ويست لين
5761287,ويلسونفيل
5761708,وودبورن
5768233,رابيد سيتي
5771826,بونتيفول
5771960,بريغهام سيتي
5772654,سنترفيل
5772959,كليرفيلد
5773001,كلينتون
5773304,كوتنوود هايتس
5774001,درابر
5774215,إيغل ماونتن
5774662,فارمنغتون
5775782,هيريمان
5775863,هايلاند
5776008,هولاداي
5776715,كايسفيل
5777107,لايتون
5777224,ليهي
5777544,لوغان
5778244,ميدفال
5778352,ميلكريك
5778755,موراي
5779036,نورث أوغدن
5779068,نورث سولت ليك
5779206,أوغدن
5779334,أوريم
5779548,بايسون
5779816,بليزانت غروف
5780026,بروفو
5780557,ريفرتون
5780802,روي
5780993,سالت ليك
5781087,ساراتوغا سبرينغز
5781770,جوردن الجنوبية
5781783,جنوب أوغدن
5781860,سبانيش فورك
5781993,سبرينغفيل
5782391,سيراكيوز
5782476,تايلورزفيل
5783695,تويلي
5784549,ويست جوردان
5784607,ويست فالي سيتي
5785243,أبردين
5785657,أناكورتس
5785868,أرلينغتون
5785965,أوبورن
5786485,باتيل غراوند
5786882,بالفيو
5786899,بيلينغام
5787829,بوثيل
5788054,بريميرتون
5788516,بورين
5788822,كاماس
5789683,سنتراليا
5791159,كوفينغتون
5792244,ديس موينس
5793427,إدموندز
5793639,إلينسبورغ
5793933,إيفريت
5794245,فيدرال واي
5794559,فايف كورنيرس
5798487,إساكوه
5799587,كينمور
5799610,كينويك
5799625,كينت
5799841,كيركلاند
5800112,لاسي
5800317,ليك ستيفنز
5800420,ليكوود
5801617,لونغفيو
5802049,لينوود
5802340,مابل فالي
5802493,مارثا لاك
5802570,ماريسفيلي
5803139,ميرسير آيلاند
5803457,ميل كريك
5803786,مونرو
5803990,موسيس ليك
5804127,مونت فيرنون
5804191,مونتليك تيراس
5804306,موكيلتو
5805441,أوك هاربور
5805687,أولمبيا
5806298,باسكو
5807212,بورت أنجلوس
5807540,بولمان
5807575,بويالوب
5808079,ريدموند
5808189,رينتون
5808276,ريتشلاند
5809402,ساماميش
5809805,سيتاك
5809844,سياتل
5810301,شورلين
5811696,سبوكين
5811729,سبوكان فالي
5812604,سانيسايد
5812944,تاكوما
5814043,توكويلا
5814095,تومواتير
5814450,يونيفيرسيتي بليس
5814616,فانكوفر
5814916,والا والا
5815136,واشوغال
5815342,وينتاتشي
5816320,بينبريج آيلاند
5816605,ياكيما
5820705,كاسبر
5821086,شايان
5826027,جيليت
5830062,لارامي
5838198,شيريدان
5844096,أمريكان فورك
5847486,كايلو
5854686,وايباهو
5856195,هونولولو
5861897,فيربانكس
5879400,أنكوريج
5881576,باغو باغو
5881791,أبوتسفورد
5882799,إيردراي
5882873,أجاكس
5884083,ألما، كيبك
5884588,أموس، كيبك
5888377,أورورا
5889745,بيه كومو، كيبك
5894171,باري
5895650,بيكونسفيلد
5897884,بيلفي
5898138,بيل أوي، كيبك
5906267,بوشيفيل، كيبك
5907092,بريسبريدج
5907364,برامبتون
5907990,برانتفورد
5909294,بروكفيل
5909629,بروسار
5911592,بيرلينجتون
5911606,بورنبي
5913414,كاليدون
5913490,كالغاري
5913695,كامبريدج
5914132,كامبل ريفر
5914653,كامروز
5914826,كاندياك، كيبك
5919566,شومبلي، كيبك
5920288,تشارلوت تاون
5920433,شاتوغيه، كيبك
5924579,كوبورغ
5925975,كولينجوود
5926268,كولوود
5927690,كوكويتلام
5927969,كورنر بروك
5928065,كورنوال
5930890,كورتيناي
5931800,كرانبروك
5935277,دارتموث
5937615,ديلتا
5940956,دولار ديزورمو، كيبك
5941925,دورفال، كيبك
5942845,درومونفيل
5945707,ايست ويليمباري
5946768,إدمونتون
5949512,إيسكويمالت
5955815,فورت إيري
5955895,فورت ماكموراي
5955960,فورت سانت جون
5957776,فريدريكتون
5959974,غاتينو
5964215,غرانبي
5964347,غراند براري
5964700,غريتر سودبوري
5967149,غريمسبي
5967629,غويلف
5969782,هاميلتون
5978765,هانتسفيل
5987650,جولييت، كيبك
5989045,كاملوبس
5990579,كيلونا
5991055,كينورا
5992500,كينغستون
5992526,كينغسفيل
5992830,كيركلاند، كيبك
5992996,كيتشنر
6049388,لانغفورد
6049429,لانغلي، كولومبيا البريطانية
6049863,لا بريري
6050177,لاسال
6050610,لافال
6051122,ليمينغتون
6051562,ليدوك
6052788,ليس كوتياكس
6053154,ليثبريدج
6058024,لويدمنستر
6058560,لندن
6059891,لونغوي
6064180,ماغوغ، كيبك
6065686,مابل ريدج
6066513,ماركام
6067494,ماسكوش، كيبك
6071618,مدسين هات
6073363,ميدلاند
6074377,ميلتون
6075061,ميرابيل، كيبك
6075292,ميشن
6075357,ميسيساغا
6076211,مونكتون
6077243,مونتريال
6077315,مونت رويال
6077340,مونت سان هيلير
6078112,موسجاو
6085772,نانيامو إي
6087701,نيوماركت
6087844,نيو ويستمينيستر
6087892,نياجارا فولز
6087905,نياجارا-أون-ذا-ليك
6089404,نورث باتلفورد
6089426,نورث باي
6089661,كاويتشان الشمالية
6091919,أوك باي
6092122,أوكفيل
6094325,أوريليا
6094578,أوشاوا
6094817,أوتاوا
6095645,أوين ساوند
6101141,بينتيكتون
6101645,بيتيربوروغ
6104111,بيكرينغ
6105815,بيت ميدوز
6107325,بوينت كلير
6111632,بورت ألبيرني
6111704,بورت كولبورن
6111706,بورت كوكويتلام
6111962,بورت مودي
6113335,برينس ألبرت
6113365,برينس جورج
6115355,قوينت ويست
6118158,رد دير
6119109,ريجاينا
6119518,ريبنتينيي
6122085,ريتشموند
6122091,ريتشموند هيل
6128577,رووان نوراندا
6136944,سانيتش
6137270,ساغينيه
6137489,سان باسيلي لي جراند
6137540,سان برونو دي مونترافلي
6137633,سان كونستانت
6137780,سانت كاثرين
6137941,سانت جولي
6138175,سانت أوستاش
6138374,سان هياسنت، كيبك
6138495,سان جان سور ريشليو
6138501,سان جيروم
6138617,سان لازار، كيبك
6139289,سالبيري دي فاليفيلد
6139417,سالمون آرم
6141190,سارنيا
6141256,ساسكاتون
6141439,سو ساينت ماري
6144312,سات إيل
6145489,شاوينيغان
6146143,شيربروك
6146279,شيروود بارك
6154383,سبروس غرووف
6154636,سكواميش
6155033,سانت ألبرت
6155721,سانت كاثرينز
6156102,ستاينباك
6157977,ستارتفورد
6158357,سانت توماس
6159905,سوري، كولومبيا البريطانية
6160603,سويفت كورنت
6162416,تيكومسه
6162949,تيراس
6163012,تيربون
6165719,ثورولد
6166142,ثاندر باي
6166580,تيلسونبيرج
6166739,تيمينز
6167865,تورونتو
6169141,تروا ريفيير
6172932,يوكسبريدج
6173017,فال دور، كيبك
6173331,فانكوفر
6173404,فانير
6173570,فودرويدوريون
6173577,فاوجان
6173864,فيرنون
6174041,فكتوريا
6174151,فيكتوريا فيل
6176823,واترلو
6177869,ويلاند
6179226,ويسماونت
6180170,ويتبي
6180550,وايت هورس
6180961,وايت روك
6182962,وندسور
6183235,وينيبيغ
6184365,وودستوك
6185377,يلونايف
6185607,يوركتن
6230919,وهانجاراي
6241325,روتوروا
6243926,بلينهايم
6244895,هوت العليا
6254843,بيرندرانجر
6254845,ديبايال
6295587,باتام
6324729,هاليفاكس
6324733,سانت جونز
6325485,شارل سبورغ
6325494,مدينة كيبك
6325521,ليفيس
6331909,جونز كريك
6332309,كوتلر باي
6332428,هارلم الشرقية
6354895,ريموسكي
6354897,ريفري دو لوب
6354908,سيدني
6354957,خليج هيرفي
6417459,كراسنوزنامنسك
6543862,فيلينوف داسك
6544493,كارابانتشيل
6545089,كواترو كامينوس
6545173,سوهو
6545249,بيملكو
6546693,ابي الجعد (البلدية)
6558039,راينشتيتن
6620339,كاراثا
6620444,غررردس كراس
6690108,بانتشكولا
6691113,نخلة الجميرة
6691640,لانسي
6692280,كناري وارف
6692471,لوس رياليخوس
6692921,ليتونستون
6693088,باساخيس
6695754,كوغاليم
6697039,باساوري
6698121,تاغواتينغا، القطاع الفدرالي
6698360,بابور
6765385,مدينة عنة الجديدة
6822097,تشيكوسه
6822098,كاسوميغاورا
6822100,تسوكوبا-ميراي
6822103,كاميسو
6822105,ساكوراغاوا
6822108,إناشيكي
6822112,تشيكوما
6822114,مينامي أشيغارا
6822116,تاكاشيما
6822117,كوكا
6822119,كاتسوراغي
6822120,كاشيبا
6822123,نانتو
6822128,إبينا
6822129,تاما
6822130,موساشيموراياما
6822132,أكيشيما
6822136,هيغاشي ياماتو
6822137,ميساتو
6822138,نيزا
6822140,كاهوكو
6822144,ماتسورا
6822146,أونجو
6822147,كاسوغا
6822153,يوروما، أوكيناوا
6822155,ميدوري
6822158,مياكوجيما، أوكيناوا
6822161,هيداكا
6822163,إروما
6822167,سوسا
6822168,سانمو
6822170,تامورا
6822171,كينوكاوا
6822174,ناسوشيوبارا
6822175,شيموتسوكا
6822176,ناسوكاراسوياما
6822178,كوماغانه
6822179,إنزاي
6822180,إسومي
6822182,ياتشيو
6822184,أوشو
6822186,هاتشيمانتاي
6822188,أوساكي
6822192,إزو
6822195,سوسونو
6822196,أومازاكي
6822198,نيكاهو
6822199,دايسين
6822201,أوغا
6822202,يوريهونجو
6822205,تسوغارو
6822206,هيراكاوا
6822207,تووادا
6822209,نيشين
6822211,تشيتا
6822212,آيساي
6822214,هاشيما
6822216,كاني غيفو
6822217,مينوكامو غيفو
6822218,موتسو
6822219,غوجو غيفو
6822220,إينا
6825489,جويتسو
6825494,يونوما
6825496,هابيكينو
6862586,هوكوتو
6871926,ناحية العلم
6930641,عين صالح
6940394,سايتاما
6941014,بونتا ديلغادا
6941080,فورت براغ
6945291,القدس القديمة
6947041,بلاكهيث
6954929,نويدا الكبرى
6967865,القرارة
6967990,الزوايدة
7062967,نيانزا
7115111,كورفيرا دي أستورياس
7116866,فيلا مرسيدس، سان لويس
7257422,والينغفورد سنتر
7257540,برينتري
7257992,بل أير ساوث
7259621,بلدة ويست بلومفيلد
7262464,فنسنت
7279747,بهيوادي
7280528,الرشيدية‎
7281838,لوغان سيتي
7281840,باراماتا
7284571,أيسلبن
7289614,هاله نويشتت
7289825,بر دبي
7290718,بارا دا تيجوكا
7303419,القدس الشرقية
7422816,دازايفو
7521348,العين السخنة
7522199,إكه-بوكورو
7535637,أفيانيدا
7535681,سان أوغوستن دي ديماروس
7538520,روسينها
7577022,تريس سانتوس
7601921,قرية تشونغشينغ الجديدة
7626461,ضاحية يارين
7645166,سان ميغيل، بوينس آيرس
7647007,باريلوتشي
7648070,بلبالا
7670941,مقاطعة كينترون
7778796,مورينو
7799991,القاهرة الجديدة
7799998,الشروق
7802746,مدينة الصدر
7838895,الرصيفة
7886881,سينتار زوبا
7931933,أول كالو
8057551,مدينة خليفة أ
8096217,إيستفال
8134081,القاهرة الجديدة
8184212,رهط
8200824,مردف
8201275,هور العنز
8225407,منخول
8226485,نايف
8226590,المرر القديم
8308627,جوانينج
8310136,تل السبع
8315400,هولوواي
8374203,عرعرة‎
8374209,حورة‎
8374220,كسيفة‎
8428283,شوهام
8436351,سيغيشوارا
8436572,ساوث كينغستاون
8449855,مدينة الملك خالد العسكرية
8456741,لاي تشاو
8469788,مرسى دبي
8475866,الرميلة
8475923,الجرف
8504423,سوبانغ جايا
8504621,قريضة
8521418,إسباركوس
8521444,ميناء الإمام الخميني
8531960,لينكولن
8533133,ليوبانشيو
8533869,فانكوفر الغربية
8542188,الداخلة‎
8594709,ثان فو با ريا
8601412,سانتو دومينغو إيسте
8604682,جونستون
8715035,ناكانو
9073431,الطارف
9075170,بور فؤاد
9253107,دیرلوك منطقه نهیلي
9534257,أم جرس
9948272,سيكونج
10172104,أدروغي
10630007,تسوشيما
10630449,ساحل الشمس
10861986,الظليل
11009418,تفرغ زينه
11207824,أم لخبا
11428685,الرُّكبان
11467676,سان بورخا
11496397,دار النعيم
11523293,سيجونغ
11524601,جبل علي
11611609,ساغاميهارا
11670045,سبت العلايا
11747175,نيابولي
11778484,لوغنان
11835536,رِياض الخَبراء
11837657,ايشيكاوا
11995100,باتشونغ
12042052,مدينة بني ياس
12042053,مصفح
12047416,مدينة الشامخة
12047417,ريف الفجيرة
12076997,خوسيه سي باز
12219798,فريج كليب
12226438,سيوداد دي لا باز
12242643,المطار العتيق
12242644,الثمامة ٤٧
12242645,الثمامة ٤٦
12242646,الثمامة ٥٠
12242742,فريج الأمير
12451089,العبور
12500245,سراة عبيدة
12513572,المشعلية
12546009,رنية
12640344,كومبيينجا
12640361,النجيلة
12640364,الشيخ زايد
12687313,مسلاتة
13118420,البدع
13118439,لهباب
13286467,صويلح
13308287,مرج الحمام
13535606,نجا نام
13631406,شورش
13680148,الضواحي
13680149,الزهور
