# GENERATED by `./gradlew -p tools/timetables generateReachRows` (units/GenerateReachRows.kt); prove extends it
# each new year through official/monitor/recipes.tsv. kz.qmdb's measured units, each
# unit's own tables (kz-qmdb.tsv's rows at its point) replayed across its area: at 8 bearings and 50 % and 95 % of its radius,
# held out and tagged with the unit, a point another unit takes left out (the review of 9 Oct 2026,
# "prove it across the unit"). Coordinates and the tables' own paths only, never a time.
path	entry	lat	lon	zone	columns	format	school	split	note
archive/tables/pinned/kz-qmdb/2026-10-09/konaev-2026.txt	kz.qmdb/konaev	44.021829	77.083333	Asia/Almaty	F+E S D A M I	daily	hanafi	test	Konaev's own table at 50 % of its 30.8 km reach, bearing 0: Konaev, 2026 (QMDB's own place for the app's city; QMDB year API, capture of 9 Oct 2026)
archive/tables/pinned/kz-qmdb/2026-10-09/konaev-2027.txt	kz.qmdb/konaev	44.021829	77.083333	Asia/Almaty	F+E S D A M I	daily	hanafi	test	Konaev's own table at 50 % of its 30.8 km reach, bearing 0: Konaev, 2027 (QMDB's own place for the app's city; QMDB year API, capture of 9 Oct 2026)
archive/tables/pinned/kz-qmdb/2026-10-09/konaev-2026.txt	kz.qmdb/konaev	43.981183	77.219430	Asia/Almaty	F+E S D A M I	daily	hanafi	test	Konaev's own table at 50 % of its 30.8 km reach, bearing 45: Konaev, 2026 (QMDB's own place for the app's city; QMDB year API, capture of 9 Oct 2026)
archive/tables/pinned/kz-qmdb/2026-10-09/konaev-2027.txt	kz.qmdb/konaev	43.981183	77.219430	Asia/Almaty	F+E S D A M I	daily	hanafi	test	Konaev's own table at 50 % of its 30.8 km reach, bearing 45: Konaev, 2027 (QMDB's own place for the app's city; QMDB year API, capture of 9 Oct 2026)
archive/tables/pinned/kz-qmdb/2026-10-09/konaev-2026.txt	kz.qmdb/konaev	43.883172	77.275487	Asia/Almaty	F+E S D A M I	daily	hanafi	test	Konaev's own table at 50 % of its 30.8 km reach, bearing 90: Konaev, 2026 (QMDB's own place for the app's city; QMDB year API, capture of 9 Oct 2026)
archive/tables/pinned/kz-qmdb/2026-10-09/konaev-2027.txt	kz.qmdb/konaev	43.883172	77.275487	Asia/Almaty	F+E S D A M I	daily	hanafi	test	Konaev's own table at 50 % of its 30.8 km reach, bearing 90: Konaev, 2027 (QMDB's own place for the app's city; QMDB year API, capture of 9 Oct 2026)
archive/tables/pinned/kz-qmdb/2026-10-09/konaev-2026.txt	kz.qmdb/konaev	43.785322	77.218983	Asia/Almaty	F+E S D A M I	daily	hanafi	test	Konaev's own table at 50 % of its 30.8 km reach, bearing 135: Konaev, 2026 (QMDB's own place for the app's city; QMDB year API, capture of 9 Oct 2026)
archive/tables/pinned/kz-qmdb/2026-10-09/konaev-2027.txt	kz.qmdb/konaev	43.785322	77.218983	Asia/Almaty	F+E S D A M I	daily	hanafi	test	Konaev's own table at 50 % of its 30.8 km reach, bearing 135: Konaev, 2027 (QMDB's own place for the app's city; QMDB year API, capture of 9 Oct 2026)
archive/tables/pinned/kz-qmdb/2026-10-09/konaev-2026.txt	kz.qmdb/konaev	43.744837	77.083333	Asia/Almaty	F+E S D A M I	daily	hanafi	test	Konaev's own table at 50 % of its 30.8 km reach, bearing 180: Konaev, 2026 (QMDB's own place for the app's city; QMDB year API, capture of 9 Oct 2026)
archive/tables/pinned/kz-qmdb/2026-10-09/konaev-2027.txt	kz.qmdb/konaev	43.744837	77.083333	Asia/Almaty	F+E S D A M I	daily	hanafi	test	Konaev's own table at 50 % of its 30.8 km reach, bearing 180: Konaev, 2027 (QMDB's own place for the app's city; QMDB year API, capture of 9 Oct 2026)
archive/tables/pinned/kz-qmdb/2026-10-09/konaev-2026.txt	kz.qmdb/konaev	43.785322	76.947683	Asia/Almaty	F+E S D A M I	daily	hanafi	test	Konaev's own table at 50 % of its 30.8 km reach, bearing 225: Konaev, 2026 (QMDB's own place for the app's city; QMDB year API, capture of 9 Oct 2026)
archive/tables/pinned/kz-qmdb/2026-10-09/konaev-2027.txt	kz.qmdb/konaev	43.785322	76.947683	Asia/Almaty	F+E S D A M I	daily	hanafi	test	Konaev's own table at 50 % of its 30.8 km reach, bearing 225: Konaev, 2027 (QMDB's own place for the app's city; QMDB year API, capture of 9 Oct 2026)
archive/tables/pinned/kz-qmdb/2026-10-09/konaev-2026.txt	kz.qmdb/konaev	43.883172	76.891179	Asia/Almaty	F+E S D A M I	daily	hanafi	test	Konaev's own table at 50 % of its 30.8 km reach, bearing 270: Konaev, 2026 (QMDB's own place for the app's city; QMDB year API, capture of 9 Oct 2026)
archive/tables/pinned/kz-qmdb/2026-10-09/konaev-2027.txt	kz.qmdb/konaev	43.883172	76.891179	Asia/Almaty	F+E S D A M I	daily	hanafi	test	Konaev's own table at 50 % of its 30.8 km reach, bearing 270: Konaev, 2027 (QMDB's own place for the app's city; QMDB year API, capture of 9 Oct 2026)
archive/tables/pinned/kz-qmdb/2026-10-09/konaev-2026.txt	kz.qmdb/konaev	43.981183	76.947236	Asia/Almaty	F+E S D A M I	daily	hanafi	test	Konaev's own table at 50 % of its 30.8 km reach, bearing 315: Konaev, 2026 (QMDB's own place for the app's city; QMDB year API, capture of 9 Oct 2026)
archive/tables/pinned/kz-qmdb/2026-10-09/konaev-2027.txt	kz.qmdb/konaev	43.981183	76.947236	Asia/Almaty	F+E S D A M I	daily	hanafi	test	Konaev's own table at 50 % of its 30.8 km reach, bearing 315: Konaev, 2027 (QMDB's own place for the app's city; QMDB year API, capture of 9 Oct 2026)
archive/tables/pinned/kz-qmdb/2026-10-09/konaev-2026.txt	kz.qmdb/konaev	44.146475	77.083333	Asia/Almaty	F+E S D A M I	daily	hanafi	test	Konaev's own table at 95 % of its 30.8 km reach, bearing 0: Konaev, 2026 (QMDB's own place for the app's city; QMDB year API, capture of 9 Oct 2026)
archive/tables/pinned/kz-qmdb/2026-10-09/konaev-2027.txt	kz.qmdb/konaev	44.146475	77.083333	Asia/Almaty	F+E S D A M I	daily	hanafi	test	Konaev's own table at 95 % of its 30.8 km reach, bearing 0: Konaev, 2027 (QMDB's own place for the app's city; QMDB year API, capture of 9 Oct 2026)
archive/tables/pinned/kz-qmdb/2026-10-09/konaev-2026.txt	kz.qmdb/konaev	44.069110	77.342301	Asia/Almaty	F+E S D A M I	daily	hanafi	test	Konaev's own table at 95 % of its 30.8 km reach, bearing 45: Konaev, 2026 (QMDB's own place for the app's city; QMDB year API, capture of 9 Oct 2026)
archive/tables/pinned/kz-qmdb/2026-10-09/konaev-2027.txt	kz.qmdb/konaev	44.069110	77.342301	Asia/Almaty	F+E S D A M I	daily	hanafi	test	Konaev's own table at 95 % of its 30.8 km reach, bearing 45: Konaev, 2027 (QMDB's own place for the app's city; QMDB year API, capture of 9 Oct 2026)
archive/tables/pinned/kz-qmdb/2026-10-09/konaev-2026.txt	kz.qmdb/konaev	43.882752	77.448423	Asia/Almaty	F+E S D A M I	daily	hanafi	test	Konaev's own table at 95 % of its 30.8 km reach, bearing 90: Konaev, 2026 (QMDB's own place for the app's city; QMDB year API, capture of 9 Oct 2026)
archive/tables/pinned/kz-qmdb/2026-10-09/konaev-2027.txt	kz.qmdb/konaev	43.882752	77.448423	Asia/Almaty	F+E S D A M I	daily	hanafi	test	Konaev's own table at 95 % of its 30.8 km reach, bearing 90: Konaev, 2027 (QMDB's own place for the app's city; QMDB year API, capture of 9 Oct 2026)
archive/tables/pinned/kz-qmdb/2026-10-09/konaev-2026.txt	kz.qmdb/konaev	43.696975	77.340689	Asia/Almaty	F+E S D A M I	daily	hanafi	test	Konaev's own table at 95 % of its 30.8 km reach, bearing 135: Konaev, 2026 (QMDB's own place for the app's city; QMDB year API, capture of 9 Oct 2026)
archive/tables/pinned/kz-qmdb/2026-10-09/konaev-2027.txt	kz.qmdb/konaev	43.696975	77.340689	Asia/Almaty	F+E S D A M I	daily	hanafi	test	Konaev's own table at 95 % of its 30.8 km reach, bearing 135: Konaev, 2027 (QMDB's own place for the app's city; QMDB year API, capture of 9 Oct 2026)
archive/tables/pinned/kz-qmdb/2026-10-09/konaev-2026.txt	kz.qmdb/konaev	43.696975	76.825977	Asia/Almaty	F+E S D A M I	daily	hanafi	test	Konaev's own table at 95 % of its 30.8 km reach, bearing 225: Konaev, 2026 (QMDB's own place for the app's city; QMDB year API, capture of 9 Oct 2026)
archive/tables/pinned/kz-qmdb/2026-10-09/konaev-2027.txt	kz.qmdb/konaev	43.696975	76.825977	Asia/Almaty	F+E S D A M I	daily	hanafi	test	Konaev's own table at 95 % of its 30.8 km reach, bearing 225: Konaev, 2027 (QMDB's own place for the app's city; QMDB year API, capture of 9 Oct 2026)
archive/tables/pinned/kz-qmdb/2026-10-09/konaev-2026.txt	kz.qmdb/konaev	43.882752	76.718243	Asia/Almaty	F+E S D A M I	daily	hanafi	test	Konaev's own table at 95 % of its 30.8 km reach, bearing 270: Konaev, 2026 (QMDB's own place for the app's city; QMDB year API, capture of 9 Oct 2026)
archive/tables/pinned/kz-qmdb/2026-10-09/konaev-2027.txt	kz.qmdb/konaev	43.882752	76.718243	Asia/Almaty	F+E S D A M I	daily	hanafi	test	Konaev's own table at 95 % of its 30.8 km reach, bearing 270: Konaev, 2027 (QMDB's own place for the app's city; QMDB year API, capture of 9 Oct 2026)
archive/tables/pinned/kz-qmdb/2026-10-09/konaev-2026.txt	kz.qmdb/konaev	44.069110	76.824365	Asia/Almaty	F+E S D A M I	daily	hanafi	test	Konaev's own table at 95 % of its 30.8 km reach, bearing 315: Konaev, 2026 (QMDB's own place for the app's city; QMDB year API, capture of 9 Oct 2026)
archive/tables/pinned/kz-qmdb/2026-10-09/konaev-2027.txt	kz.qmdb/konaev	44.069110	76.824365	Asia/Almaty	F+E S D A M I	daily	hanafi	test	Konaev's own table at 95 % of its 30.8 km reach, bearing 315: Konaev, 2027 (QMDB's own place for the app's city; QMDB year API, capture of 9 Oct 2026)
archive/tables/moral-auth-world/centralasia/off_ast_h1.txt	kz.qmdb/astana	51.230909	71.433333	Asia/Almaty	F+E S D A M I	daily	hanafi	test	Astana's own table at 50 % of its 21.7 km reach, bearing 0: Astana, Jan-Jun 2026 (at/above 48N)
archive/tables/moral-auth-world/centralasia/off_ast_h2.txt	kz.qmdb/astana	51.230909	71.433333	Asia/Almaty	F+E S D A M I	daily	hanafi	test	Astana's own table at 50 % of its 21.7 km reach, bearing 0: Astana, Jul-Dec 2026 (folded in, see above)
archive/tables/pinned/kz-qmdb/2026-10-03/astana-2027.txt	kz.qmdb/astana	51.230909	71.433333	Asia/Almaty	F+E S D A M I	daily	hanafi	test	Astana's own table at 50 % of its 21.7 km reach, bearing 0: Astana, 2027 (at/above 48N; QMDB year API, monitor capture of 3 Oct 2026)
archive/tables/moral-auth-world/centralasia/off_ast_h1.txt	kz.qmdb/astana	51.202278	71.543451	Asia/Almaty	F+E S D A M I	daily	hanafi	test	Astana's own table at 50 % of its 21.7 km reach, bearing 45: Astana, Jan-Jun 2026 (at/above 48N)
archive/tables/moral-auth-world/centralasia/off_ast_h2.txt	kz.qmdb/astana	51.202278	71.543451	Asia/Almaty	F+E S D A M I	daily	hanafi	test	Astana's own table at 50 % of its 21.7 km reach, bearing 45: Astana, Jul-Dec 2026 (folded in, see above)
archive/tables/pinned/kz-qmdb/2026-10-03/astana-2027.txt	kz.qmdb/astana	51.202278	71.543451	Asia/Almaty	F+E S D A M I	daily	hanafi	test	Astana's own table at 50 % of its 21.7 km reach, bearing 45: Astana, 2027 (at/above 48N; QMDB year API, monitor capture of 3 Oct 2026)
archive/tables/moral-auth-world/centralasia/off_ast_h1.txt	kz.qmdb/astana	51.133230	71.588830	Asia/Almaty	F+E S D A M I	daily	hanafi	test	Astana's own table at 50 % of its 21.7 km reach, bearing 90: Astana, Jan-Jun 2026 (at/above 48N)
archive/tables/moral-auth-world/centralasia/off_ast_h2.txt	kz.qmdb/astana	51.133230	71.588830	Asia/Almaty	F+E S D A M I	daily	hanafi	test	Astana's own table at 50 % of its 21.7 km reach, bearing 90: Astana, Jul-Dec 2026 (folded in, see above)
archive/tables/pinned/kz-qmdb/2026-10-03/astana-2027.txt	kz.qmdb/astana	51.133230	71.588830	Asia/Almaty	F+E S D A M I	daily	hanafi	test	Astana's own table at 50 % of its 21.7 km reach, bearing 90: Astana, 2027 (at/above 48N; QMDB year API, monitor capture of 3 Oct 2026)
archive/tables/moral-auth-world/centralasia/off_ast_h1.txt	kz.qmdb/astana	51.064285	71.543122	Asia/Almaty	F+E S D A M I	daily	hanafi	test	Astana's own table at 50 % of its 21.7 km reach, bearing 135: Astana, Jan-Jun 2026 (at/above 48N)
archive/tables/moral-auth-world/centralasia/off_ast_h2.txt	kz.qmdb/astana	51.064285	71.543122	Asia/Almaty	F+E S D A M I	daily	hanafi	test	Astana's own table at 50 % of its 21.7 km reach, bearing 135: Astana, Jul-Dec 2026 (folded in, see above)
archive/tables/pinned/kz-qmdb/2026-10-03/astana-2027.txt	kz.qmdb/astana	51.064285	71.543122	Asia/Almaty	F+E S D A M I	daily	hanafi	test	Astana's own table at 50 % of its 21.7 km reach, bearing 135: Astana, 2027 (at/above 48N; QMDB year API, monitor capture of 3 Oct 2026)
archive/tables/moral-auth-world/centralasia/off_ast_h1.txt	kz.qmdb/astana	51.035757	71.433333	Asia/Almaty	F+E S D A M I	daily	hanafi	test	Astana's own table at 50 % of its 21.7 km reach, bearing 180: Astana, Jan-Jun 2026 (at/above 48N)
archive/tables/moral-auth-world/centralasia/off_ast_h2.txt	kz.qmdb/astana	51.035757	71.433333	Asia/Almaty	F+E S D A M I	daily	hanafi	test	Astana's own table at 50 % of its 21.7 km reach, bearing 180: Astana, Jul-Dec 2026 (folded in, see above)
archive/tables/pinned/kz-qmdb/2026-10-03/astana-2027.txt	kz.qmdb/astana	51.035757	71.433333	Asia/Almaty	F+E S D A M I	daily	hanafi	test	Astana's own table at 50 % of its 21.7 km reach, bearing 180: Astana, 2027 (at/above 48N; QMDB year API, monitor capture of 3 Oct 2026)
archive/tables/moral-auth-world/centralasia/off_ast_h1.txt	kz.qmdb/astana	51.064285	71.323544	Asia/Almaty	F+E S D A M I	daily	hanafi	test	Astana's own table at 50 % of its 21.7 km reach, bearing 225: Astana, Jan-Jun 2026 (at/above 48N)
archive/tables/moral-auth-world/centralasia/off_ast_h2.txt	kz.qmdb/astana	51.064285	71.323544	Asia/Almaty	F+E S D A M I	daily	hanafi	test	Astana's own table at 50 % of its 21.7 km reach, bearing 225: Astana, Jul-Dec 2026 (folded in, see above)
archive/tables/pinned/kz-qmdb/2026-10-03/astana-2027.txt	kz.qmdb/astana	51.064285	71.323544	Asia/Almaty	F+E S D A M I	daily	hanafi	test	Astana's own table at 50 % of its 21.7 km reach, bearing 225: Astana, 2027 (at/above 48N; QMDB year API, monitor capture of 3 Oct 2026)
archive/tables/moral-auth-world/centralasia/off_ast_h1.txt	kz.qmdb/astana	51.133230	71.277836	Asia/Almaty	F+E S D A M I	daily	hanafi	test	Astana's own table at 50 % of its 21.7 km reach, bearing 270: Astana, Jan-Jun 2026 (at/above 48N)
archive/tables/moral-auth-world/centralasia/off_ast_h2.txt	kz.qmdb/astana	51.133230	71.277836	Asia/Almaty	F+E S D A M I	daily	hanafi	test	Astana's own table at 50 % of its 21.7 km reach, bearing 270: Astana, Jul-Dec 2026 (folded in, see above)
archive/tables/pinned/kz-qmdb/2026-10-03/astana-2027.txt	kz.qmdb/astana	51.133230	71.277836	Asia/Almaty	F+E S D A M I	daily	hanafi	test	Astana's own table at 50 % of its 21.7 km reach, bearing 270: Astana, 2027 (at/above 48N; QMDB year API, monitor capture of 3 Oct 2026)
archive/tables/moral-auth-world/centralasia/off_ast_h1.txt	kz.qmdb/astana	51.202278	71.323215	Asia/Almaty	F+E S D A M I	daily	hanafi	test	Astana's own table at 50 % of its 21.7 km reach, bearing 315: Astana, Jan-Jun 2026 (at/above 48N)
archive/tables/moral-auth-world/centralasia/off_ast_h2.txt	kz.qmdb/astana	51.202278	71.323215	Asia/Almaty	F+E S D A M I	daily	hanafi	test	Astana's own table at 50 % of its 21.7 km reach, bearing 315: Astana, Jul-Dec 2026 (folded in, see above)
archive/tables/pinned/kz-qmdb/2026-10-03/astana-2027.txt	kz.qmdb/astana	51.202278	71.323215	Asia/Almaty	F+E S D A M I	daily	hanafi	test	Astana's own table at 50 % of its 21.7 km reach, bearing 315: Astana, 2027 (at/above 48N; QMDB year API, monitor capture of 3 Oct 2026)
archive/tables/moral-auth-world/centralasia/off_ast_h1.txt	kz.qmdb/astana	51.318728	71.433333	Asia/Almaty	F+E S D A M I	daily	hanafi	test	Astana's own table at 95 % of its 21.7 km reach, bearing 0: Astana, Jan-Jun 2026 (at/above 48N)
archive/tables/moral-auth-world/centralasia/off_ast_h2.txt	kz.qmdb/astana	51.318728	71.433333	Asia/Almaty	F+E S D A M I	daily	hanafi	test	Astana's own table at 95 % of its 21.7 km reach, bearing 0: Astana, Jul-Dec 2026 (folded in, see above)
archive/tables/pinned/kz-qmdb/2026-10-03/astana-2027.txt	kz.qmdb/astana	51.318728	71.433333	Asia/Almaty	F+E S D A M I	daily	hanafi	test	Astana's own table at 95 % of its 21.7 km reach, bearing 0: Astana, 2027 (at/above 48N; QMDB year API, monitor capture of 3 Oct 2026)
archive/tables/moral-auth-world/centralasia/off_ast_h1.txt	kz.qmdb/astana	51.264240	71.642839	Asia/Almaty	F+E S D A M I	daily	hanafi	test	Astana's own table at 95 % of its 21.7 km reach, bearing 45: Astana, Jan-Jun 2026 (at/above 48N)
archive/tables/moral-auth-world/centralasia/off_ast_h2.txt	kz.qmdb/astana	51.264240	71.642839	Asia/Almaty	F+E S D A M I	daily	hanafi	test	Astana's own table at 95 % of its 21.7 km reach, bearing 45: Astana, Jul-Dec 2026 (folded in, see above)
archive/tables/pinned/kz-qmdb/2026-10-03/astana-2027.txt	kz.qmdb/astana	51.264240	71.642839	Asia/Almaty	F+E S D A M I	daily	hanafi	test	Astana's own table at 95 % of its 21.7 km reach, bearing 45: Astana, 2027 (at/above 48N; QMDB year API, monitor capture of 3 Oct 2026)
archive/tables/moral-auth-world/centralasia/off_ast_h1.txt	kz.qmdb/astana	51.132961	71.728777	Asia/Almaty	F+E S D A M I	daily	hanafi	test	Astana's own table at 95 % of its 21.7 km reach, bearing 90: Astana, Jan-Jun 2026 (at/above 48N)
archive/tables/moral-auth-world/centralasia/off_ast_h2.txt	kz.qmdb/astana	51.132961	71.728777	Asia/Almaty	F+E S D A M I	daily	hanafi	test	Astana's own table at 95 % of its 21.7 km reach, bearing 90: Astana, Jul-Dec 2026 (folded in, see above)
archive/tables/pinned/kz-qmdb/2026-10-03/astana-2027.txt	kz.qmdb/astana	51.132961	71.728777	Asia/Almaty	F+E S D A M I	daily	hanafi	test	Astana's own table at 95 % of its 21.7 km reach, bearing 90: Astana, 2027 (at/above 48N; QMDB year API, monitor capture of 3 Oct 2026)
archive/tables/moral-auth-world/centralasia/off_ast_h1.txt	kz.qmdb/astana	51.002053	71.641653	Asia/Almaty	F+E S D A M I	daily	hanafi	test	Astana's own table at 95 % of its 21.7 km reach, bearing 135: Astana, Jan-Jun 2026 (at/above 48N)
archive/tables/moral-auth-world/centralasia/off_ast_h2.txt	kz.qmdb/astana	51.002053	71.641653	Asia/Almaty	F+E S D A M I	daily	hanafi	test	Astana's own table at 95 % of its 21.7 km reach, bearing 135: Astana, Jul-Dec 2026 (folded in, see above)
archive/tables/pinned/kz-qmdb/2026-10-03/astana-2027.txt	kz.qmdb/astana	51.002053	71.641653	Asia/Almaty	F+E S D A M I	daily	hanafi	test	Astana's own table at 95 % of its 21.7 km reach, bearing 135: Astana, 2027 (at/above 48N; QMDB year API, monitor capture of 3 Oct 2026)
archive/tables/moral-auth-world/centralasia/off_ast_h1.txt	kz.qmdb/astana	50.947938	71.433333	Asia/Almaty	F+E S D A M I	daily	hanafi	test	Astana's own table at 95 % of its 21.7 km reach, bearing 180: Astana, Jan-Jun 2026 (at/above 48N)
archive/tables/moral-auth-world/centralasia/off_ast_h2.txt	kz.qmdb/astana	50.947938	71.433333	Asia/Almaty	F+E S D A M I	daily	hanafi	test	Astana's own table at 95 % of its 21.7 km reach, bearing 180: Astana, Jul-Dec 2026 (folded in, see above)
archive/tables/pinned/kz-qmdb/2026-10-03/astana-2027.txt	kz.qmdb/astana	50.947938	71.433333	Asia/Almaty	F+E S D A M I	daily	hanafi	test	Astana's own table at 95 % of its 21.7 km reach, bearing 180: Astana, 2027 (at/above 48N; QMDB year API, monitor capture of 3 Oct 2026)
archive/tables/moral-auth-world/centralasia/off_ast_h1.txt	kz.qmdb/astana	51.002053	71.225013	Asia/Almaty	F+E S D A M I	daily	hanafi	test	Astana's own table at 95 % of its 21.7 km reach, bearing 225: Astana, Jan-Jun 2026 (at/above 48N)
archive/tables/moral-auth-world/centralasia/off_ast_h2.txt	kz.qmdb/astana	51.002053	71.225013	Asia/Almaty	F+E S D A M I	daily	hanafi	test	Astana's own table at 95 % of its 21.7 km reach, bearing 225: Astana, Jul-Dec 2026 (folded in, see above)
archive/tables/pinned/kz-qmdb/2026-10-03/astana-2027.txt	kz.qmdb/astana	51.002053	71.225013	Asia/Almaty	F+E S D A M I	daily	hanafi	test	Astana's own table at 95 % of its 21.7 km reach, bearing 225: Astana, 2027 (at/above 48N; QMDB year API, monitor capture of 3 Oct 2026)
archive/tables/moral-auth-world/centralasia/off_ast_h1.txt	kz.qmdb/astana	51.132961	71.137889	Asia/Almaty	F+E S D A M I	daily	hanafi	test	Astana's own table at 95 % of its 21.7 km reach, bearing 270: Astana, Jan-Jun 2026 (at/above 48N)
archive/tables/moral-auth-world/centralasia/off_ast_h2.txt	kz.qmdb/astana	51.132961	71.137889	Asia/Almaty	F+E S D A M I	daily	hanafi	test	Astana's own table at 95 % of its 21.7 km reach, bearing 270: Astana, Jul-Dec 2026 (folded in, see above)
archive/tables/pinned/kz-qmdb/2026-10-03/astana-2027.txt	kz.qmdb/astana	51.132961	71.137889	Asia/Almaty	F+E S D A M I	daily	hanafi	test	Astana's own table at 95 % of its 21.7 km reach, bearing 270: Astana, 2027 (at/above 48N; QMDB year API, monitor capture of 3 Oct 2026)
archive/tables/moral-auth-world/centralasia/off_ast_h1.txt	kz.qmdb/astana	51.264240	71.223827	Asia/Almaty	F+E S D A M I	daily	hanafi	test	Astana's own table at 95 % of its 21.7 km reach, bearing 315: Astana, Jan-Jun 2026 (at/above 48N)
archive/tables/moral-auth-world/centralasia/off_ast_h2.txt	kz.qmdb/astana	51.264240	71.223827	Asia/Almaty	F+E S D A M I	daily	hanafi	test	Astana's own table at 95 % of its 21.7 km reach, bearing 315: Astana, Jul-Dec 2026 (folded in, see above)
archive/tables/pinned/kz-qmdb/2026-10-03/astana-2027.txt	kz.qmdb/astana	51.264240	71.223827	Asia/Almaty	F+E S D A M I	daily	hanafi	test	Astana's own table at 95 % of its 21.7 km reach, bearing 315: Astana, 2027 (at/above 48N; QMDB year API, monitor capture of 3 Oct 2026)
archive/tables/pinned/kz-qmdb/2026-10-06/oral-2026.txt	kz.qmdb/oral	51.301146	51.370537	Asia/Oral	F+E S D A M I	daily	hanafi	test	Oral's own table at 50 % of its 21.6 km reach, bearing 0: Oral, 2026 (at/above 48N, the west; QMDB year API, capture of 6 Oct 2026)
archive/tables/pinned/kz-qmdb/2026-10-06/oral-2027.txt	kz.qmdb/oral	51.301146	51.370537	Asia/Oral	F+E S D A M I	daily	hanafi	test	Oral's own table at 50 % of its 21.6 km reach, bearing 0: Oral, 2027 (at/above 48N, the west; QMDB year API, capture of 6 Oct 2026)
archive/tables/pinned/kz-qmdb/2026-10-06/oral-2026.txt	kz.qmdb/oral	51.272647	51.480315	Asia/Oral	F+E S D A M I	daily	hanafi	test	Oral's own table at 50 % of its 21.6 km reach, bearing 45: Oral, 2026 (at/above 48N, the west; QMDB year API, capture of 6 Oct 2026)
archive/tables/pinned/kz-qmdb/2026-10-06/oral-2027.txt	kz.qmdb/oral	51.272647	51.480315	Asia/Oral	F+E S D A M I	daily	hanafi	test	Oral's own table at 50 % of its 21.6 km reach, bearing 45: Oral, 2027 (at/above 48N, the west; QMDB year API, capture of 6 Oct 2026)
archive/tables/pinned/kz-qmdb/2026-10-06/oral-2026.txt	kz.qmdb/oral	51.203917	51.525555	Asia/Oral	F+E S D A M I	daily	hanafi	test	Oral's own table at 50 % of its 21.6 km reach, bearing 90: Oral, 2026 (at/above 48N, the west; QMDB year API, capture of 6 Oct 2026)
archive/tables/pinned/kz-qmdb/2026-10-06/oral-2027.txt	kz.qmdb/oral	51.203917	51.525555	Asia/Oral	F+E S D A M I	daily	hanafi	test	Oral's own table at 50 % of its 21.6 km reach, bearing 90: Oral, 2027 (at/above 48N, the west; QMDB year API, capture of 6 Oct 2026)
archive/tables/pinned/kz-qmdb/2026-10-06/oral-2026.txt	kz.qmdb/oral	51.135289	51.479988	Asia/Oral	F+E S D A M I	daily	hanafi	test	Oral's own table at 50 % of its 21.6 km reach, bearing 135: Oral, 2026 (at/above 48N, the west; QMDB year API, capture of 6 Oct 2026)
archive/tables/pinned/kz-qmdb/2026-10-06/oral-2027.txt	kz.qmdb/oral	51.135289	51.479988	Asia/Oral	F+E S D A M I	daily	hanafi	test	Oral's own table at 50 % of its 21.6 km reach, bearing 135: Oral, 2027 (at/above 48N, the west; QMDB year API, capture of 6 Oct 2026)
archive/tables/pinned/kz-qmdb/2026-10-06/oral-2026.txt	kz.qmdb/oral	51.106892	51.370537	Asia/Oral	F+E S D A M I	daily	hanafi	test	Oral's own table at 50 % of its 21.6 km reach, bearing 180: Oral, 2026 (at/above 48N, the west; QMDB year API, capture of 6 Oct 2026)
archive/tables/pinned/kz-qmdb/2026-10-06/oral-2027.txt	kz.qmdb/oral	51.106892	51.370537	Asia/Oral	F+E S D A M I	daily	hanafi	test	Oral's own table at 50 % of its 21.6 km reach, bearing 180: Oral, 2027 (at/above 48N, the west; QMDB year API, capture of 6 Oct 2026)
archive/tables/pinned/kz-qmdb/2026-10-06/oral-2026.txt	kz.qmdb/oral	51.135289	51.261086	Asia/Oral	F+E S D A M I	daily	hanafi	test	Oral's own table at 50 % of its 21.6 km reach, bearing 225: Oral, 2026 (at/above 48N, the west; QMDB year API, capture of 6 Oct 2026)
archive/tables/pinned/kz-qmdb/2026-10-06/oral-2027.txt	kz.qmdb/oral	51.135289	51.261086	Asia/Oral	F+E S D A M I	daily	hanafi	test	Oral's own table at 50 % of its 21.6 km reach, bearing 225: Oral, 2027 (at/above 48N, the west; QMDB year API, capture of 6 Oct 2026)
archive/tables/pinned/kz-qmdb/2026-10-06/oral-2026.txt	kz.qmdb/oral	51.203917	51.215519	Asia/Oral	F+E S D A M I	daily	hanafi	test	Oral's own table at 50 % of its 21.6 km reach, bearing 270: Oral, 2026 (at/above 48N, the west; QMDB year API, capture of 6 Oct 2026)
archive/tables/pinned/kz-qmdb/2026-10-06/oral-2027.txt	kz.qmdb/oral	51.203917	51.215519	Asia/Oral	F+E S D A M I	daily	hanafi	test	Oral's own table at 50 % of its 21.6 km reach, bearing 270: Oral, 2027 (at/above 48N, the west; QMDB year API, capture of 6 Oct 2026)
archive/tables/pinned/kz-qmdb/2026-10-06/oral-2026.txt	kz.qmdb/oral	51.272647	51.260759	Asia/Oral	F+E S D A M I	daily	hanafi	test	Oral's own table at 50 % of its 21.6 km reach, bearing 315: Oral, 2026 (at/above 48N, the west; QMDB year API, capture of 6 Oct 2026)
archive/tables/pinned/kz-qmdb/2026-10-06/oral-2027.txt	kz.qmdb/oral	51.272647	51.260759	Asia/Oral	F+E S D A M I	daily	hanafi	test	Oral's own table at 50 % of its 21.6 km reach, bearing 315: Oral, 2027 (at/above 48N, the west; QMDB year API, capture of 6 Oct 2026)
archive/tables/pinned/kz-qmdb/2026-10-06/oral-2026.txt	kz.qmdb/oral	51.388560	51.370537	Asia/Oral	F+E S D A M I	daily	hanafi	test	Oral's own table at 95 % of its 21.6 km reach, bearing 0: Oral, 2026 (at/above 48N, the west; QMDB year API, capture of 6 Oct 2026)
archive/tables/pinned/kz-qmdb/2026-10-06/oral-2027.txt	kz.qmdb/oral	51.388560	51.370537	Asia/Oral	F+E S D A M I	daily	hanafi	test	Oral's own table at 95 % of its 21.6 km reach, bearing 0: Oral, 2027 (at/above 48N, the west; QMDB year API, capture of 6 Oct 2026)
archive/tables/pinned/kz-qmdb/2026-10-06/oral-2026.txt	kz.qmdb/oral	51.334324	51.579396	Asia/Oral	F+E S D A M I	daily	hanafi	test	Oral's own table at 95 % of its 21.6 km reach, bearing 45: Oral, 2026 (at/above 48N, the west; QMDB year API, capture of 6 Oct 2026)
archive/tables/pinned/kz-qmdb/2026-10-06/oral-2027.txt	kz.qmdb/oral	51.334324	51.579396	Asia/Oral	F+E S D A M I	daily	hanafi	test	Oral's own table at 95 % of its 21.6 km reach, bearing 45: Oral, 2027 (at/above 48N, the west; QMDB year API, capture of 6 Oct 2026)
archive/tables/pinned/kz-qmdb/2026-10-06/oral-2026.txt	kz.qmdb/oral	51.203649	51.665071	Asia/Oral	F+E S D A M I	daily	hanafi	test	Oral's own table at 95 % of its 21.6 km reach, bearing 90: Oral, 2026 (at/above 48N, the west; QMDB year API, capture of 6 Oct 2026)
archive/tables/pinned/kz-qmdb/2026-10-06/oral-2027.txt	kz.qmdb/oral	51.203649	51.665071	Asia/Oral	F+E S D A M I	daily	hanafi	test	Oral's own table at 95 % of its 21.6 km reach, bearing 90: Oral, 2027 (at/above 48N, the west; QMDB year API, capture of 6 Oct 2026)
archive/tables/pinned/kz-qmdb/2026-10-06/oral-2026.txt	kz.qmdb/oral	51.073345	51.578216	Asia/Oral	F+E S D A M I	daily	hanafi	test	Oral's own table at 95 % of its 21.6 km reach, bearing 135: Oral, 2026 (at/above 48N, the west; QMDB year API, capture of 6 Oct 2026)
archive/tables/pinned/kz-qmdb/2026-10-06/oral-2027.txt	kz.qmdb/oral	51.073345	51.578216	Asia/Oral	F+E S D A M I	daily	hanafi	test	Oral's own table at 95 % of its 21.6 km reach, bearing 135: Oral, 2027 (at/above 48N, the west; QMDB year API, capture of 6 Oct 2026)
archive/tables/pinned/kz-qmdb/2026-10-06/oral-2026.txt	kz.qmdb/oral	51.019478	51.370537	Asia/Oral	F+E S D A M I	daily	hanafi	test	Oral's own table at 95 % of its 21.6 km reach, bearing 180: Oral, 2026 (at/above 48N, the west; QMDB year API, capture of 6 Oct 2026)
archive/tables/pinned/kz-qmdb/2026-10-06/oral-2027.txt	kz.qmdb/oral	51.019478	51.370537	Asia/Oral	F+E S D A M I	daily	hanafi	test	Oral's own table at 95 % of its 21.6 km reach, bearing 180: Oral, 2027 (at/above 48N, the west; QMDB year API, capture of 6 Oct 2026)
archive/tables/pinned/kz-qmdb/2026-10-06/oral-2026.txt	kz.qmdb/oral	51.073345	51.162858	Asia/Oral	F+E S D A M I	daily	hanafi	test	Oral's own table at 95 % of its 21.6 km reach, bearing 225: Oral, 2026 (at/above 48N, the west; QMDB year API, capture of 6 Oct 2026)
archive/tables/pinned/kz-qmdb/2026-10-06/oral-2027.txt	kz.qmdb/oral	51.073345	51.162858	Asia/Oral	F+E S D A M I	daily	hanafi	test	Oral's own table at 95 % of its 21.6 km reach, bearing 225: Oral, 2027 (at/above 48N, the west; QMDB year API, capture of 6 Oct 2026)
archive/tables/pinned/kz-qmdb/2026-10-06/oral-2026.txt	kz.qmdb/oral	51.203649	51.076003	Asia/Oral	F+E S D A M I	daily	hanafi	test	Oral's own table at 95 % of its 21.6 km reach, bearing 270: Oral, 2026 (at/above 48N, the west; QMDB year API, capture of 6 Oct 2026)
archive/tables/pinned/kz-qmdb/2026-10-06/oral-2027.txt	kz.qmdb/oral	51.203649	51.076003	Asia/Oral	F+E S D A M I	daily	hanafi	test	Oral's own table at 95 % of its 21.6 km reach, bearing 270: Oral, 2027 (at/above 48N, the west; QMDB year API, capture of 6 Oct 2026)
archive/tables/pinned/kz-qmdb/2026-10-06/oral-2026.txt	kz.qmdb/oral	51.334324	51.161678	Asia/Oral	F+E S D A M I	daily	hanafi	test	Oral's own table at 95 % of its 21.6 km reach, bearing 315: Oral, 2026 (at/above 48N, the west; QMDB year API, capture of 6 Oct 2026)
archive/tables/pinned/kz-qmdb/2026-10-06/oral-2027.txt	kz.qmdb/oral	51.334324	51.161678	Asia/Oral	F+E S D A M I	daily	hanafi	test	Oral's own table at 95 % of its 21.6 km reach, bearing 315: Oral, 2027 (at/above 48N, the west; QMDB year API, capture of 6 Oct 2026)
archive/tables/pinned/kz-qmdb/2026-10-03/kokshetau-2026.txt	kz.qmdb/kokshetau	53.381149	69.391667	Asia/Almaty	F+E S D A M I	daily	hanafi	test	Kokshetau's own table at 50 % of its 19.9 km reach, bearing 0: Kokshetau, 2026 (at/above 48N; QMDB year API, monitor capture of 3 Oct 2026)
archive/tables/pinned/kz-qmdb/2026-10-03/kokshetau-2027.txt	kz.qmdb/kokshetau	53.381149	69.391667	Asia/Almaty	F+E S D A M I	daily	hanafi	test	Kokshetau's own table at 50 % of its 19.9 km reach, bearing 0: Kokshetau, 2027 (at/above 48N; QMDB year API, monitor capture of 3 Oct 2026)
archive/tables/pinned/kz-qmdb/2026-10-03/kokshetau-2026.txt	kz.qmdb/kokshetau	53.228347	69.497365	Asia/Almaty	F+E S D A M I	daily	hanafi	test	Kokshetau's own table at 50 % of its 19.9 km reach, bearing 135: Kokshetau, 2026 (at/above 48N; QMDB year API, monitor capture of 3 Oct 2026)
archive/tables/pinned/kz-qmdb/2026-10-03/kokshetau-2027.txt	kz.qmdb/kokshetau	53.228347	69.497365	Asia/Almaty	F+E S D A M I	daily	hanafi	test	Kokshetau's own table at 50 % of its 19.9 km reach, bearing 135: Kokshetau, 2027 (at/above 48N; QMDB year API, monitor capture of 3 Oct 2026)
archive/tables/pinned/kz-qmdb/2026-10-03/kokshetau-2026.txt	kz.qmdb/kokshetau	53.202185	69.391667	Asia/Almaty	F+E S D A M I	daily	hanafi	test	Kokshetau's own table at 50 % of its 19.9 km reach, bearing 180: Kokshetau, 2026 (at/above 48N; QMDB year API, monitor capture of 3 Oct 2026)
archive/tables/pinned/kz-qmdb/2026-10-03/kokshetau-2027.txt	kz.qmdb/kokshetau	53.202185	69.391667	Asia/Almaty	F+E S D A M I	daily	hanafi	test	Kokshetau's own table at 50 % of its 19.9 km reach, bearing 180: Kokshetau, 2027 (at/above 48N; QMDB year API, monitor capture of 3 Oct 2026)
archive/tables/pinned/kz-qmdb/2026-10-03/kokshetau-2026.txt	kz.qmdb/kokshetau	53.228347	69.285969	Asia/Almaty	F+E S D A M I	daily	hanafi	test	Kokshetau's own table at 50 % of its 19.9 km reach, bearing 225: Kokshetau, 2026 (at/above 48N; QMDB year API, monitor capture of 3 Oct 2026)
archive/tables/pinned/kz-qmdb/2026-10-03/kokshetau-2027.txt	kz.qmdb/kokshetau	53.228347	69.285969	Asia/Almaty	F+E S D A M I	daily	hanafi	test	Kokshetau's own table at 50 % of its 19.9 km reach, bearing 225: Kokshetau, 2027 (at/above 48N; QMDB year API, monitor capture of 3 Oct 2026)
archive/tables/pinned/kz-qmdb/2026-10-03/kokshetau-2026.txt	kz.qmdb/kokshetau	53.291573	69.241966	Asia/Almaty	F+E S D A M I	daily	hanafi	test	Kokshetau's own table at 50 % of its 19.9 km reach, bearing 270: Kokshetau, 2026 (at/above 48N; QMDB year API, monitor capture of 3 Oct 2026)
archive/tables/pinned/kz-qmdb/2026-10-03/kokshetau-2027.txt	kz.qmdb/kokshetau	53.291573	69.241966	Asia/Almaty	F+E S D A M I	daily	hanafi	test	Kokshetau's own table at 50 % of its 19.9 km reach, bearing 270: Kokshetau, 2027 (at/above 48N; QMDB year API, monitor capture of 3 Oct 2026)
archive/tables/pinned/kz-qmdb/2026-10-03/kokshetau-2026.txt	kz.qmdb/kokshetau	53.354894	69.285655	Asia/Almaty	F+E S D A M I	daily	hanafi	test	Kokshetau's own table at 50 % of its 19.9 km reach, bearing 315: Kokshetau, 2026 (at/above 48N; QMDB year API, monitor capture of 3 Oct 2026)
archive/tables/pinned/kz-qmdb/2026-10-03/kokshetau-2027.txt	kz.qmdb/kokshetau	53.354894	69.285655	Asia/Almaty	F+E S D A M I	daily	hanafi	test	Kokshetau's own table at 50 % of its 19.9 km reach, bearing 315: Kokshetau, 2027 (at/above 48N; QMDB year API, monitor capture of 3 Oct 2026)
archive/tables/pinned/kz-qmdb/2026-10-03/kokshetau-2026.txt	kz.qmdb/kokshetau	53.461684	69.391667	Asia/Almaty	F+E S D A M I	daily	hanafi	test	Kokshetau's own table at 95 % of its 19.9 km reach, bearing 0: Kokshetau, 2026 (at/above 48N; QMDB year API, monitor capture of 3 Oct 2026)
archive/tables/pinned/kz-qmdb/2026-10-03/kokshetau-2027.txt	kz.qmdb/kokshetau	53.461684	69.391667	Asia/Almaty	F+E S D A M I	daily	hanafi	test	Kokshetau's own table at 95 % of its 19.9 km reach, bearing 0: Kokshetau, 2027 (at/above 48N; QMDB year API, monitor capture of 3 Oct 2026)
archive/tables/pinned/kz-qmdb/2026-10-03/kokshetau-2026.txt	kz.qmdb/kokshetau	53.121650	69.391667	Asia/Almaty	F+E S D A M I	daily	hanafi	test	Kokshetau's own table at 95 % of its 19.9 km reach, bearing 180: Kokshetau, 2026 (at/above 48N; QMDB year API, monitor capture of 3 Oct 2026)
archive/tables/pinned/kz-qmdb/2026-10-03/kokshetau-2027.txt	kz.qmdb/kokshetau	53.121650	69.391667	Asia/Almaty	F+E S D A M I	daily	hanafi	test	Kokshetau's own table at 95 % of its 19.9 km reach, bearing 180: Kokshetau, 2027 (at/above 48N; QMDB year API, monitor capture of 3 Oct 2026)
archive/tables/pinned/kz-qmdb/2026-10-03/kokshetau-2026.txt	kz.qmdb/kokshetau	53.171278	69.191108	Asia/Almaty	F+E S D A M I	daily	hanafi	test	Kokshetau's own table at 95 % of its 19.9 km reach, bearing 225: Kokshetau, 2026 (at/above 48N; QMDB year API, monitor capture of 3 Oct 2026)
archive/tables/pinned/kz-qmdb/2026-10-03/kokshetau-2027.txt	kz.qmdb/kokshetau	53.171278	69.191108	Asia/Almaty	F+E S D A M I	daily	hanafi	test	Kokshetau's own table at 95 % of its 19.9 km reach, bearing 225: Kokshetau, 2027 (at/above 48N; QMDB year API, monitor capture of 3 Oct 2026)
archive/tables/pinned/kz-qmdb/2026-10-03/kokshetau-2026.txt	kz.qmdb/kokshetau	53.291329	69.107237	Asia/Almaty	F+E S D A M I	daily	hanafi	test	Kokshetau's own table at 95 % of its 19.9 km reach, bearing 270: Kokshetau, 2026 (at/above 48N; QMDB year API, monitor capture of 3 Oct 2026)
archive/tables/pinned/kz-qmdb/2026-10-03/kokshetau-2027.txt	kz.qmdb/kokshetau	53.291329	69.107237	Asia/Almaty	F+E S D A M I	daily	hanafi	test	Kokshetau's own table at 95 % of its 19.9 km reach, bearing 270: Kokshetau, 2027 (at/above 48N; QMDB year API, monitor capture of 3 Oct 2026)
archive/tables/pinned/kz-qmdb/2026-10-03/kokshetau-2026.txt	kz.qmdb/kokshetau	53.411717	69.189976	Asia/Almaty	F+E S D A M I	daily	hanafi	test	Kokshetau's own table at 95 % of its 19.9 km reach, bearing 315: Kokshetau, 2026 (at/above 48N; QMDB year API, monitor capture of 3 Oct 2026)
archive/tables/pinned/kz-qmdb/2026-10-03/kokshetau-2027.txt	kz.qmdb/kokshetau	53.411717	69.189976	Asia/Almaty	F+E S D A M I	daily	hanafi	test	Kokshetau's own table at 95 % of its 19.9 km reach, bearing 315: Kokshetau, 2027 (at/above 48N; QMDB year API, monitor capture of 3 Oct 2026)
archive/tables/pinned/kz-qmdb/2026-10-06/atyrau-2026.txt	kz.qmdb/atyrau	47.231331	51.883333	Asia/Atyrau	F+E S D A M I	daily	hanafi	test	Atyrau's own table at 50 % of its 25.5 km reach, bearing 0: Atyrau, 2026 (46-48N, the west; QMDB year API, capture of 6 Oct 2026)
archive/tables/pinned/kz-qmdb/2026-10-06/atyrau-2027.txt	kz.qmdb/atyrau	47.231331	51.883333	Asia/Atyrau	F+E S D A M I	daily	hanafi	test	Atyrau's own table at 50 % of its 25.5 km reach, bearing 0: Atyrau, 2027 (46-48N, the west; QMDB year API, capture of 6 Oct 2026)
archive/tables/pinned/kz-qmdb/2026-10-06/atyrau-2026.txt	kz.qmdb/atyrau	47.197684	52.002660	Asia/Atyrau	F+E S D A M I	daily	hanafi	test	Atyrau's own table at 50 % of its 25.5 km reach, bearing 45: Atyrau, 2026 (46-48N, the west; QMDB year API, capture of 6 Oct 2026)
archive/tables/pinned/kz-qmdb/2026-10-06/atyrau-2027.txt	kz.qmdb/atyrau	47.197684	52.002660	Asia/Atyrau	F+E S D A M I	daily	hanafi	test	Atyrau's own table at 50 % of its 25.5 km reach, bearing 45: Atyrau, 2027 (46-48N, the west; QMDB year API, capture of 6 Oct 2026)
archive/tables/pinned/kz-qmdb/2026-10-06/atyrau-2026.txt	kz.qmdb/atyrau	47.116543	52.051830	Asia/Atyrau	F+E S D A M I	daily	hanafi	test	Atyrau's own table at 50 % of its 25.5 km reach, bearing 90: Atyrau, 2026 (46-48N, the west; QMDB year API, capture of 6 Oct 2026)
archive/tables/pinned/kz-qmdb/2026-10-06/atyrau-2027.txt	kz.qmdb/atyrau	47.116543	52.051830	Asia/Atyrau	F+E S D A M I	daily	hanafi	test	Atyrau's own table at 50 % of its 25.5 km reach, bearing 90: Atyrau, 2027 (46-48N, the west; QMDB year API, capture of 6 Oct 2026)
archive/tables/pinned/kz-qmdb/2026-10-06/atyrau-2026.txt	kz.qmdb/atyrau	47.035526	52.002297	Asia/Atyrau	F+E S D A M I	daily	hanafi	test	Atyrau's own table at 50 % of its 25.5 km reach, bearing 135: Atyrau, 2026 (46-48N, the west; QMDB year API, capture of 6 Oct 2026)
archive/tables/pinned/kz-qmdb/2026-10-06/atyrau-2027.txt	kz.qmdb/atyrau	47.035526	52.002297	Asia/Atyrau	F+E S D A M I	daily	hanafi	test	Atyrau's own table at 50 % of its 25.5 km reach, bearing 135: Atyrau, 2027 (46-48N, the west; QMDB year API, capture of 6 Oct 2026)
archive/tables/pinned/kz-qmdb/2026-10-06/atyrau-2026.txt	kz.qmdb/atyrau	47.002003	51.883333	Asia/Atyrau	F+E S D A M I	daily	hanafi	test	Atyrau's own table at 50 % of its 25.5 km reach, bearing 180: Atyrau, 2026 (46-48N, the west; QMDB year API, capture of 6 Oct 2026)
archive/tables/pinned/kz-qmdb/2026-10-06/atyrau-2027.txt	kz.qmdb/atyrau	47.002003	51.883333	Asia/Atyrau	F+E S D A M I	daily	hanafi	test	Atyrau's own table at 50 % of its 25.5 km reach, bearing 180: Atyrau, 2027 (46-48N, the west; QMDB year API, capture of 6 Oct 2026)
archive/tables/pinned/kz-qmdb/2026-10-06/atyrau-2026.txt	kz.qmdb/atyrau	47.035526	51.764369	Asia/Atyrau	F+E S D A M I	daily	hanafi	test	Atyrau's own table at 50 % of its 25.5 km reach, bearing 225: Atyrau, 2026 (46-48N, the west; QMDB year API, capture of 6 Oct 2026)
archive/tables/pinned/kz-qmdb/2026-10-06/atyrau-2027.txt	kz.qmdb/atyrau	47.035526	51.764369	Asia/Atyrau	F+E S D A M I	daily	hanafi	test	Atyrau's own table at 50 % of its 25.5 km reach, bearing 225: Atyrau, 2027 (46-48N, the west; QMDB year API, capture of 6 Oct 2026)
archive/tables/pinned/kz-qmdb/2026-10-06/atyrau-2026.txt	kz.qmdb/atyrau	47.116543	51.714836	Asia/Atyrau	F+E S D A M I	daily	hanafi	test	Atyrau's own table at 50 % of its 25.5 km reach, bearing 270: Atyrau, 2026 (46-48N, the west; QMDB year API, capture of 6 Oct 2026)
archive/tables/pinned/kz-qmdb/2026-10-06/atyrau-2027.txt	kz.qmdb/atyrau	47.116543	51.714836	Asia/Atyrau	F+E S D A M I	daily	hanafi	test	Atyrau's own table at 50 % of its 25.5 km reach, bearing 270: Atyrau, 2027 (46-48N, the west; QMDB year API, capture of 6 Oct 2026)
archive/tables/pinned/kz-qmdb/2026-10-06/atyrau-2026.txt	kz.qmdb/atyrau	47.197684	51.764006	Asia/Atyrau	F+E S D A M I	daily	hanafi	test	Atyrau's own table at 50 % of its 25.5 km reach, bearing 315: Atyrau, 2026 (46-48N, the west; QMDB year API, capture of 6 Oct 2026)
archive/tables/pinned/kz-qmdb/2026-10-06/atyrau-2027.txt	kz.qmdb/atyrau	47.197684	51.764006	Asia/Atyrau	F+E S D A M I	daily	hanafi	test	Atyrau's own table at 50 % of its 25.5 km reach, bearing 315: Atyrau, 2027 (46-48N, the west; QMDB year API, capture of 6 Oct 2026)
archive/tables/pinned/kz-qmdb/2026-10-06/atyrau-2026.txt	kz.qmdb/atyrau	47.334528	51.883333	Asia/Atyrau	F+E S D A M I	daily	hanafi	test	Atyrau's own table at 95 % of its 25.5 km reach, bearing 0: Atyrau, 2026 (46-48N, the west; QMDB year API, capture of 6 Oct 2026)
archive/tables/pinned/kz-qmdb/2026-10-06/atyrau-2027.txt	kz.qmdb/atyrau	47.334528	51.883333	Asia/Atyrau	F+E S D A M I	daily	hanafi	test	Atyrau's own table at 95 % of its 25.5 km reach, bearing 0: Atyrau, 2027 (46-48N, the west; QMDB year API, capture of 6 Oct 2026)
archive/tables/pinned/kz-qmdb/2026-10-06/atyrau-2026.txt	kz.qmdb/atyrau	47.270494	52.110366	Asia/Atyrau	F+E S D A M I	daily	hanafi	test	Atyrau's own table at 95 % of its 25.5 km reach, bearing 45: Atyrau, 2026 (46-48N, the west; QMDB year API, capture of 6 Oct 2026)
archive/tables/pinned/kz-qmdb/2026-10-06/atyrau-2027.txt	kz.qmdb/atyrau	47.270494	52.110366	Asia/Atyrau	F+E S D A M I	daily	hanafi	test	Atyrau's own table at 95 % of its 25.5 km reach, bearing 45: Atyrau, 2027 (46-48N, the west; QMDB year API, capture of 6 Oct 2026)
archive/tables/pinned/kz-qmdb/2026-10-06/atyrau-2026.txt	kz.qmdb/atyrau	47.116221	52.203475	Asia/Atyrau	F+E S D A M I	daily	hanafi	test	Atyrau's own table at 95 % of its 25.5 km reach, bearing 90: Atyrau, 2026 (46-48N, the west; QMDB year API, capture of 6 Oct 2026)
archive/tables/pinned/kz-qmdb/2026-10-06/atyrau-2027.txt	kz.qmdb/atyrau	47.116221	52.203475	Asia/Atyrau	F+E S D A M I	daily	hanafi	test	Atyrau's own table at 95 % of its 25.5 km reach, bearing 90: Atyrau, 2027 (46-48N, the west; QMDB year API, capture of 6 Oct 2026)
archive/tables/pinned/kz-qmdb/2026-10-06/atyrau-2026.txt	kz.qmdb/atyrau	46.962394	52.109056	Asia/Atyrau	F+E S D A M I	daily	hanafi	test	Atyrau's own table at 95 % of its 25.5 km reach, bearing 135: Atyrau, 2026 (46-48N, the west; QMDB year API, capture of 6 Oct 2026)
archive/tables/pinned/kz-qmdb/2026-10-06/atyrau-2027.txt	kz.qmdb/atyrau	46.962394	52.109056	Asia/Atyrau	F+E S D A M I	daily	hanafi	test	Atyrau's own table at 95 % of its 25.5 km reach, bearing 135: Atyrau, 2027 (46-48N, the west; QMDB year API, capture of 6 Oct 2026)
archive/tables/pinned/kz-qmdb/2026-10-06/atyrau-2026.txt	kz.qmdb/atyrau	46.898806	51.883333	Asia/Atyrau	F+E S D A M I	daily	hanafi	test	Atyrau's own table at 95 % of its 25.5 km reach, bearing 180: Atyrau, 2026 (46-48N, the west; QMDB year API, capture of 6 Oct 2026)
archive/tables/pinned/kz-qmdb/2026-10-06/atyrau-2027.txt	kz.qmdb/atyrau	46.898806	51.883333	Asia/Atyrau	F+E S D A M I	daily	hanafi	test	Atyrau's own table at 95 % of its 25.5 km reach, bearing 180: Atyrau, 2027 (46-48N, the west; QMDB year API, capture of 6 Oct 2026)
archive/tables/pinned/kz-qmdb/2026-10-06/atyrau-2026.txt	kz.qmdb/atyrau	46.962394	51.657610	Asia/Atyrau	F+E S D A M I	daily	hanafi	test	Atyrau's own table at 95 % of its 25.5 km reach, bearing 225: Atyrau, 2026 (46-48N, the west; QMDB year API, capture of 6 Oct 2026)
archive/tables/pinned/kz-qmdb/2026-10-06/atyrau-2027.txt	kz.qmdb/atyrau	46.962394	51.657610	Asia/Atyrau	F+E S D A M I	daily	hanafi	test	Atyrau's own table at 95 % of its 25.5 km reach, bearing 225: Atyrau, 2027 (46-48N, the west; QMDB year API, capture of 6 Oct 2026)
archive/tables/pinned/kz-qmdb/2026-10-06/atyrau-2026.txt	kz.qmdb/atyrau	47.116221	51.563191	Asia/Atyrau	F+E S D A M I	daily	hanafi	test	Atyrau's own table at 95 % of its 25.5 km reach, bearing 270: Atyrau, 2026 (46-48N, the west; QMDB year API, capture of 6 Oct 2026)
archive/tables/pinned/kz-qmdb/2026-10-06/atyrau-2027.txt	kz.qmdb/atyrau	47.116221	51.563191	Asia/Atyrau	F+E S D A M I	daily	hanafi	test	Atyrau's own table at 95 % of its 25.5 km reach, bearing 270: Atyrau, 2027 (46-48N, the west; QMDB year API, capture of 6 Oct 2026)
archive/tables/pinned/kz-qmdb/2026-10-06/atyrau-2026.txt	kz.qmdb/atyrau	47.270494	51.656300	Asia/Atyrau	F+E S D A M I	daily	hanafi	test	Atyrau's own table at 95 % of its 25.5 km reach, bearing 315: Atyrau, 2026 (46-48N, the west; QMDB year API, capture of 6 Oct 2026)
archive/tables/pinned/kz-qmdb/2026-10-06/atyrau-2027.txt	kz.qmdb/atyrau	47.270494	51.656300	Asia/Atyrau	F+E S D A M I	daily	hanafi	test	Atyrau's own table at 95 % of its 25.5 km reach, bearing 315: Atyrau, 2027 (46-48N, the west; QMDB year API, capture of 6 Oct 2026)
archive/tables/pinned/kz-qmdb/2026-10-06/aktobe-2026.txt	kz.qmdb/aktobe	50.402900	57.154555	Asia/Aqtobe	F+E S D A M I	daily	hanafi	test	Aktobe's own table at 50 % of its 22.8 km reach, bearing 0: Aktobe, 2026 (at/above 48N, the west; QMDB year API, capture of 6 Oct 2026)
archive/tables/pinned/kz-qmdb/2026-10-06/aktobe-2027.txt	kz.qmdb/aktobe	50.402900	57.154555	Asia/Aqtobe	F+E S D A M I	daily	hanafi	test	Aktobe's own table at 50 % of its 22.8 km reach, bearing 0: Aktobe, 2027 (at/above 48N, the west; QMDB year API, capture of 6 Oct 2026)
archive/tables/pinned/kz-qmdb/2026-10-06/aktobe-2026.txt	kz.qmdb/aktobe	50.372816	57.268220	Asia/Aqtobe	F+E S D A M I	daily	hanafi	test	Aktobe's own table at 50 % of its 22.8 km reach, bearing 45: Aktobe, 2026 (at/above 48N, the west; QMDB year API, capture of 6 Oct 2026)
archive/tables/pinned/kz-qmdb/2026-10-06/aktobe-2027.txt	kz.qmdb/aktobe	50.372816	57.268220	Asia/Aqtobe	F+E S D A M I	daily	hanafi	test	Aktobe's own table at 50 % of its 22.8 km reach, bearing 45: Aktobe, 2027 (at/above 48N, the west; QMDB year API, capture of 6 Oct 2026)
archive/tables/pinned/kz-qmdb/2026-10-06/aktobe-2026.txt	kz.qmdb/aktobe	50.300267	57.315057	Asia/Aqtobe	F+E S D A M I	daily	hanafi	test	Aktobe's own table at 50 % of its 22.8 km reach, bearing 90: Aktobe, 2026 (at/above 48N, the west; QMDB year API, capture of 6 Oct 2026)
archive/tables/pinned/kz-qmdb/2026-10-06/aktobe-2027.txt	kz.qmdb/aktobe	50.300267	57.315057	Asia/Aqtobe	F+E S D A M I	daily	hanafi	test	Aktobe's own table at 50 % of its 22.8 km reach, bearing 90: Aktobe, 2027 (at/above 48N, the west; QMDB year API, capture of 6 Oct 2026)
archive/tables/pinned/kz-qmdb/2026-10-06/aktobe-2026.txt	kz.qmdb/aktobe	50.227827	57.267874	Asia/Aqtobe	F+E S D A M I	daily	hanafi	test	Aktobe's own table at 50 % of its 22.8 km reach, bearing 135: Aktobe, 2026 (at/above 48N, the west; QMDB year API, capture of 6 Oct 2026)
archive/tables/pinned/kz-qmdb/2026-10-06/aktobe-2027.txt	kz.qmdb/aktobe	50.227827	57.267874	Asia/Aqtobe	F+E S D A M I	daily	hanafi	test	Aktobe's own table at 50 % of its 22.8 km reach, bearing 135: Aktobe, 2027 (at/above 48N, the west; QMDB year API, capture of 6 Oct 2026)
archive/tables/pinned/kz-qmdb/2026-10-06/aktobe-2026.txt	kz.qmdb/aktobe	50.197854	57.154555	Asia/Aqtobe	F+E S D A M I	daily	hanafi	test	Aktobe's own table at 50 % of its 22.8 km reach, bearing 180: Aktobe, 2026 (at/above 48N, the west; QMDB year API, capture of 6 Oct 2026)
archive/tables/pinned/kz-qmdb/2026-10-06/aktobe-2027.txt	kz.qmdb/aktobe	50.197854	57.154555	Asia/Aqtobe	F+E S D A M I	daily	hanafi	test	Aktobe's own table at 50 % of its 22.8 km reach, bearing 180: Aktobe, 2027 (at/above 48N, the west; QMDB year API, capture of 6 Oct 2026)
archive/tables/pinned/kz-qmdb/2026-10-06/aktobe-2026.txt	kz.qmdb/aktobe	50.227827	57.041236	Asia/Aqtobe	F+E S D A M I	daily	hanafi	test	Aktobe's own table at 50 % of its 22.8 km reach, bearing 225: Aktobe, 2026 (at/above 48N, the west; QMDB year API, capture of 6 Oct 2026)
archive/tables/pinned/kz-qmdb/2026-10-06/aktobe-2027.txt	kz.qmdb/aktobe	50.227827	57.041236	Asia/Aqtobe	F+E S D A M I	daily	hanafi	test	Aktobe's own table at 50 % of its 22.8 km reach, bearing 225: Aktobe, 2027 (at/above 48N, the west; QMDB year API, capture of 6 Oct 2026)
archive/tables/pinned/kz-qmdb/2026-10-06/aktobe-2026.txt	kz.qmdb/aktobe	50.300267	56.994053	Asia/Aqtobe	F+E S D A M I	daily	hanafi	test	Aktobe's own table at 50 % of its 22.8 km reach, bearing 270: Aktobe, 2026 (at/above 48N, the west; QMDB year API, capture of 6 Oct 2026)
archive/tables/pinned/kz-qmdb/2026-10-06/aktobe-2027.txt	kz.qmdb/aktobe	50.300267	56.994053	Asia/Aqtobe	F+E S D A M I	daily	hanafi	test	Aktobe's own table at 50 % of its 22.8 km reach, bearing 270: Aktobe, 2027 (at/above 48N, the west; QMDB year API, capture of 6 Oct 2026)
archive/tables/pinned/kz-qmdb/2026-10-06/aktobe-2026.txt	kz.qmdb/aktobe	50.372816	57.040890	Asia/Aqtobe	F+E S D A M I	daily	hanafi	test	Aktobe's own table at 50 % of its 22.8 km reach, bearing 315: Aktobe, 2026 (at/above 48N, the west; QMDB year API, capture of 6 Oct 2026)
archive/tables/pinned/kz-qmdb/2026-10-06/aktobe-2027.txt	kz.qmdb/aktobe	50.372816	57.040890	Asia/Aqtobe	F+E S D A M I	daily	hanafi	test	Aktobe's own table at 50 % of its 22.8 km reach, bearing 315: Aktobe, 2027 (at/above 48N, the west; QMDB year API, capture of 6 Oct 2026)
archive/tables/pinned/kz-qmdb/2026-10-06/aktobe-2026.txt	kz.qmdb/aktobe	50.495170	57.154555	Asia/Aqtobe	F+E S D A M I	daily	hanafi	test	Aktobe's own table at 95 % of its 22.8 km reach, bearing 0: Aktobe, 2026 (at/above 48N, the west; QMDB year API, capture of 6 Oct 2026)
archive/tables/pinned/kz-qmdb/2026-10-06/aktobe-2027.txt	kz.qmdb/aktobe	50.495170	57.154555	Asia/Aqtobe	F+E S D A M I	daily	hanafi	test	Aktobe's own table at 95 % of its 22.8 km reach, bearing 0: Aktobe, 2027 (at/above 48N, the west; QMDB year API, capture of 6 Oct 2026)
archive/tables/pinned/kz-qmdb/2026-10-06/aktobe-2026.txt	kz.qmdb/aktobe	50.437916	57.370816	Asia/Aqtobe	F+E S D A M I	daily	hanafi	test	Aktobe's own table at 95 % of its 22.8 km reach, bearing 45: Aktobe, 2026 (at/above 48N, the west; QMDB year API, capture of 6 Oct 2026)
archive/tables/pinned/kz-qmdb/2026-10-06/aktobe-2027.txt	kz.qmdb/aktobe	50.437916	57.370816	Asia/Aqtobe	F+E S D A M I	daily	hanafi	test	Aktobe's own table at 95 % of its 22.8 km reach, bearing 45: Aktobe, 2027 (at/above 48N, the west; QMDB year API, capture of 6 Oct 2026)
archive/tables/pinned/kz-qmdb/2026-10-06/aktobe-2026.txt	kz.qmdb/aktobe	50.299978	57.459507	Asia/Aqtobe	F+E S D A M I	daily	hanafi	test	Aktobe's own table at 95 % of its 22.8 km reach, bearing 90: Aktobe, 2026 (at/above 48N, the west; QMDB year API, capture of 6 Oct 2026)
archive/tables/pinned/kz-qmdb/2026-10-06/aktobe-2027.txt	kz.qmdb/aktobe	50.299978	57.459507	Asia/Aqtobe	F+E S D A M I	daily	hanafi	test	Aktobe's own table at 95 % of its 22.8 km reach, bearing 90: Aktobe, 2027 (at/above 48N, the west; QMDB year API, capture of 6 Oct 2026)
archive/tables/pinned/kz-qmdb/2026-10-06/aktobe-2026.txt	kz.qmdb/aktobe	50.162439	57.369567	Asia/Aqtobe	F+E S D A M I	daily	hanafi	test	Aktobe's own table at 95 % of its 22.8 km reach, bearing 135: Aktobe, 2026 (at/above 48N, the west; QMDB year API, capture of 6 Oct 2026)
archive/tables/pinned/kz-qmdb/2026-10-06/aktobe-2027.txt	kz.qmdb/aktobe	50.162439	57.369567	Asia/Aqtobe	F+E S D A M I	daily	hanafi	test	Aktobe's own table at 95 % of its 22.8 km reach, bearing 135: Aktobe, 2027 (at/above 48N, the west; QMDB year API, capture of 6 Oct 2026)
archive/tables/pinned/kz-qmdb/2026-10-06/aktobe-2026.txt	kz.qmdb/aktobe	50.105584	57.154555	Asia/Aqtobe	F+E S D A M I	daily	hanafi	test	Aktobe's own table at 95 % of its 22.8 km reach, bearing 180: Aktobe, 2026 (at/above 48N, the west; QMDB year API, capture of 6 Oct 2026)
archive/tables/pinned/kz-qmdb/2026-10-06/aktobe-2027.txt	kz.qmdb/aktobe	50.105584	57.154555	Asia/Aqtobe	F+E S D A M I	daily	hanafi	test	Aktobe's own table at 95 % of its 22.8 km reach, bearing 180: Aktobe, 2027 (at/above 48N, the west; QMDB year API, capture of 6 Oct 2026)
archive/tables/pinned/kz-qmdb/2026-10-06/aktobe-2026.txt	kz.qmdb/aktobe	50.162439	56.939543	Asia/Aqtobe	F+E S D A M I	daily	hanafi	test	Aktobe's own table at 95 % of its 22.8 km reach, bearing 225: Aktobe, 2026 (at/above 48N, the west; QMDB year API, capture of 6 Oct 2026)
archive/tables/pinned/kz-qmdb/2026-10-06/aktobe-2027.txt	kz.qmdb/aktobe	50.162439	56.939543	Asia/Aqtobe	F+E S D A M I	daily	hanafi	test	Aktobe's own table at 95 % of its 22.8 km reach, bearing 225: Aktobe, 2027 (at/above 48N, the west; QMDB year API, capture of 6 Oct 2026)
archive/tables/pinned/kz-qmdb/2026-10-06/aktobe-2026.txt	kz.qmdb/aktobe	50.299978	56.849603	Asia/Aqtobe	F+E S D A M I	daily	hanafi	test	Aktobe's own table at 95 % of its 22.8 km reach, bearing 270: Aktobe, 2026 (at/above 48N, the west; QMDB year API, capture of 6 Oct 2026)
archive/tables/pinned/kz-qmdb/2026-10-06/aktobe-2027.txt	kz.qmdb/aktobe	50.299978	56.849603	Asia/Aqtobe	F+E S D A M I	daily	hanafi	test	Aktobe's own table at 95 % of its 22.8 km reach, bearing 270: Aktobe, 2027 (at/above 48N, the west; QMDB year API, capture of 6 Oct 2026)
archive/tables/pinned/kz-qmdb/2026-10-06/aktobe-2026.txt	kz.qmdb/aktobe	50.437916	56.938294	Asia/Aqtobe	F+E S D A M I	daily	hanafi	test	Aktobe's own table at 95 % of its 22.8 km reach, bearing 315: Aktobe, 2026 (at/above 48N, the west; QMDB year API, capture of 6 Oct 2026)
archive/tables/pinned/kz-qmdb/2026-10-06/aktobe-2027.txt	kz.qmdb/aktobe	50.437916	56.938294	Asia/Aqtobe	F+E S D A M I	daily	hanafi	test	Aktobe's own table at 95 % of its 22.8 km reach, bearing 315: Aktobe, 2027 (at/above 48N, the west; QMDB year API, capture of 6 Oct 2026)
archive/tables/pinned/kz-qmdb/2026-10-09/stepnogorsk-2026.txt	kz.qmdb/stepnogorsk	52.438675	71.881667	Asia/Almaty	F+E S D A M I	daily	hanafi	test	Stepnogorsk's own table at 50 % of its 20.4 km reach, bearing 0: Stepnogorsk, 2026 (QMDB's own place for the app's city; QMDB year API, capture of 9 Oct 2026)
archive/tables/pinned/kz-qmdb/2026-10-09/stepnogorsk-2027.txt	kz.qmdb/stepnogorsk	52.438675	71.881667	Asia/Almaty	F+E S D A M I	daily	hanafi	test	Stepnogorsk's own table at 50 % of its 20.4 km reach, bearing 0: Stepnogorsk, 2027 (QMDB's own place for the app's city; QMDB year API, capture of 9 Oct 2026)
archive/tables/pinned/kz-qmdb/2026-10-09/stepnogorsk-2026.txt	kz.qmdb/stepnogorsk	52.411760	71.988004	Asia/Almaty	F+E S D A M I	daily	hanafi	test	Stepnogorsk's own table at 50 % of its 20.4 km reach, bearing 45: Stepnogorsk, 2026 (QMDB's own place for the app's city; QMDB year API, capture of 9 Oct 2026)
archive/tables/pinned/kz-qmdb/2026-10-09/stepnogorsk-2027.txt	kz.qmdb/stepnogorsk	52.411760	71.988004	Asia/Almaty	F+E S D A M I	daily	hanafi	test	Stepnogorsk's own table at 50 % of its 20.4 km reach, bearing 45: Stepnogorsk, 2027 (QMDB's own place for the app's city; QMDB year API, capture of 9 Oct 2026)
archive/tables/pinned/kz-qmdb/2026-10-09/stepnogorsk-2026.txt	kz.qmdb/stepnogorsk	52.346849	72.031829	Asia/Almaty	F+E S D A M I	daily	hanafi	test	Stepnogorsk's own table at 50 % of its 20.4 km reach, bearing 90: Stepnogorsk, 2026 (QMDB's own place for the app's city; QMDB year API, capture of 9 Oct 2026)
archive/tables/pinned/kz-qmdb/2026-10-09/stepnogorsk-2027.txt	kz.qmdb/stepnogorsk	52.346849	72.031829	Asia/Almaty	F+E S D A M I	daily	hanafi	test	Stepnogorsk's own table at 50 % of its 20.4 km reach, bearing 90: Stepnogorsk, 2027 (QMDB's own place for the app's city; QMDB year API, capture of 9 Oct 2026)
archive/tables/pinned/kz-qmdb/2026-10-09/stepnogorsk-2026.txt	kz.qmdb/stepnogorsk	52.282033	71.987692	Asia/Almaty	F+E S D A M I	daily	hanafi	test	Stepnogorsk's own table at 50 % of its 20.4 km reach, bearing 135: Stepnogorsk, 2026 (QMDB's own place for the app's city; QMDB year API, capture of 9 Oct 2026)
archive/tables/pinned/kz-qmdb/2026-10-09/stepnogorsk-2027.txt	kz.qmdb/stepnogorsk	52.282033	71.987692	Asia/Almaty	F+E S D A M I	daily	hanafi	test	Stepnogorsk's own table at 50 % of its 20.4 km reach, bearing 135: Stepnogorsk, 2027 (QMDB's own place for the app's city; QMDB year API, capture of 9 Oct 2026)
archive/tables/pinned/kz-qmdb/2026-10-09/stepnogorsk-2026.txt	kz.qmdb/stepnogorsk	52.255213	71.881667	Asia/Almaty	F+E S D A M I	daily	hanafi	test	Stepnogorsk's own table at 50 % of its 20.4 km reach, bearing 180: Stepnogorsk, 2026 (QMDB's own place for the app's city; QMDB year API, capture of 9 Oct 2026)
archive/tables/pinned/kz-qmdb/2026-10-09/stepnogorsk-2027.txt	kz.qmdb/stepnogorsk	52.255213	71.881667	Asia/Almaty	F+E S D A M I	daily	hanafi	test	Stepnogorsk's own table at 50 % of its 20.4 km reach, bearing 180: Stepnogorsk, 2027 (QMDB's own place for the app's city; QMDB year API, capture of 9 Oct 2026)
archive/tables/pinned/kz-qmdb/2026-10-09/stepnogorsk-2026.txt	kz.qmdb/stepnogorsk	52.282033	71.775642	Asia/Almaty	F+E S D A M I	daily	hanafi	test	Stepnogorsk's own table at 50 % of its 20.4 km reach, bearing 225: Stepnogorsk, 2026 (QMDB's own place for the app's city; QMDB year API, capture of 9 Oct 2026)
archive/tables/pinned/kz-qmdb/2026-10-09/stepnogorsk-2027.txt	kz.qmdb/stepnogorsk	52.282033	71.775642	Asia/Almaty	F+E S D A M I	daily	hanafi	test	Stepnogorsk's own table at 50 % of its 20.4 km reach, bearing 225: Stepnogorsk, 2027 (QMDB's own place for the app's city; QMDB year API, capture of 9 Oct 2026)
archive/tables/pinned/kz-qmdb/2026-10-09/stepnogorsk-2026.txt	kz.qmdb/stepnogorsk	52.346849	71.731505	Asia/Almaty	F+E S D A M I	daily	hanafi	test	Stepnogorsk's own table at 50 % of its 20.4 km reach, bearing 270: Stepnogorsk, 2026 (QMDB's own place for the app's city; QMDB year API, capture of 9 Oct 2026)
archive/tables/pinned/kz-qmdb/2026-10-09/stepnogorsk-2027.txt	kz.qmdb/stepnogorsk	52.346849	71.731505	Asia/Almaty	F+E S D A M I	daily	hanafi	test	Stepnogorsk's own table at 50 % of its 20.4 km reach, bearing 270: Stepnogorsk, 2027 (QMDB's own place for the app's city; QMDB year API, capture of 9 Oct 2026)
archive/tables/pinned/kz-qmdb/2026-10-09/stepnogorsk-2026.txt	kz.qmdb/stepnogorsk	52.411760	71.775330	Asia/Almaty	F+E S D A M I	daily	hanafi	test	Stepnogorsk's own table at 50 % of its 20.4 km reach, bearing 315: Stepnogorsk, 2026 (QMDB's own place for the app's city; QMDB year API, capture of 9 Oct 2026)
archive/tables/pinned/kz-qmdb/2026-10-09/stepnogorsk-2027.txt	kz.qmdb/stepnogorsk	52.411760	71.775330	Asia/Almaty	F+E S D A M I	daily	hanafi	test	Stepnogorsk's own table at 50 % of its 20.4 km reach, bearing 315: Stepnogorsk, 2027 (QMDB's own place for the app's city; QMDB year API, capture of 9 Oct 2026)
archive/tables/pinned/kz-qmdb/2026-10-09/stepnogorsk-2026.txt	kz.qmdb/stepnogorsk	52.521233	71.881667	Asia/Almaty	F+E S D A M I	daily	hanafi	test	Stepnogorsk's own table at 95 % of its 20.4 km reach, bearing 0: Stepnogorsk, 2026 (QMDB's own place for the app's city; QMDB year API, capture of 9 Oct 2026)
archive/tables/pinned/kz-qmdb/2026-10-09/stepnogorsk-2027.txt	kz.qmdb/stepnogorsk	52.521233	71.881667	Asia/Almaty	F+E S D A M I	daily	hanafi	test	Stepnogorsk's own table at 95 % of its 20.4 km reach, bearing 0: Stepnogorsk, 2027 (QMDB's own place for the app's city; QMDB year API, capture of 9 Oct 2026)
archive/tables/pinned/kz-qmdb/2026-10-09/stepnogorsk-2026.txt	kz.qmdb/stepnogorsk	52.470012	72.083974	Asia/Almaty	F+E S D A M I	daily	hanafi	test	Stepnogorsk's own table at 95 % of its 20.4 km reach, bearing 45: Stepnogorsk, 2026 (QMDB's own place for the app's city; QMDB year API, capture of 9 Oct 2026)
archive/tables/pinned/kz-qmdb/2026-10-09/stepnogorsk-2027.txt	kz.qmdb/stepnogorsk	52.470012	72.083974	Asia/Almaty	F+E S D A M I	daily	hanafi	test	Stepnogorsk's own table at 95 % of its 20.4 km reach, bearing 45: Stepnogorsk, 2027 (QMDB's own place for the app's city; QMDB year API, capture of 9 Oct 2026)
archive/tables/pinned/kz-qmdb/2026-10-09/stepnogorsk-2026.txt	kz.qmdb/stepnogorsk	52.346600	72.166973	Asia/Almaty	F+E S D A M I	daily	hanafi	test	Stepnogorsk's own table at 95 % of its 20.4 km reach, bearing 90: Stepnogorsk, 2026 (QMDB's own place for the app's city; QMDB year API, capture of 9 Oct 2026)
archive/tables/pinned/kz-qmdb/2026-10-09/stepnogorsk-2027.txt	kz.qmdb/stepnogorsk	52.346600	72.166973	Asia/Almaty	F+E S D A M I	daily	hanafi	test	Stepnogorsk's own table at 95 % of its 20.4 km reach, bearing 90: Stepnogorsk, 2027 (QMDB's own place for the app's city; QMDB year API, capture of 9 Oct 2026)
archive/tables/pinned/kz-qmdb/2026-10-09/stepnogorsk-2026.txt	kz.qmdb/stepnogorsk	52.223532	72.082849	Asia/Almaty	F+E S D A M I	daily	hanafi	test	Stepnogorsk's own table at 95 % of its 20.4 km reach, bearing 135: Stepnogorsk, 2026 (QMDB's own place for the app's city; QMDB year API, capture of 9 Oct 2026)
archive/tables/pinned/kz-qmdb/2026-10-09/stepnogorsk-2027.txt	kz.qmdb/stepnogorsk	52.223532	72.082849	Asia/Almaty	F+E S D A M I	daily	hanafi	test	Stepnogorsk's own table at 95 % of its 20.4 km reach, bearing 135: Stepnogorsk, 2027 (QMDB's own place for the app's city; QMDB year API, capture of 9 Oct 2026)
archive/tables/pinned/kz-qmdb/2026-10-09/stepnogorsk-2026.txt	kz.qmdb/stepnogorsk	52.172655	71.881667	Asia/Almaty	F+E S D A M I	daily	hanafi	test	Stepnogorsk's own table at 95 % of its 20.4 km reach, bearing 180: Stepnogorsk, 2026 (QMDB's own place for the app's city; QMDB year API, capture of 9 Oct 2026)
archive/tables/pinned/kz-qmdb/2026-10-09/stepnogorsk-2027.txt	kz.qmdb/stepnogorsk	52.172655	71.881667	Asia/Almaty	F+E S D A M I	daily	hanafi	test	Stepnogorsk's own table at 95 % of its 20.4 km reach, bearing 180: Stepnogorsk, 2027 (QMDB's own place for the app's city; QMDB year API, capture of 9 Oct 2026)
archive/tables/pinned/kz-qmdb/2026-10-09/stepnogorsk-2026.txt	kz.qmdb/stepnogorsk	52.223532	71.680485	Asia/Almaty	F+E S D A M I	daily	hanafi	test	Stepnogorsk's own table at 95 % of its 20.4 km reach, bearing 225: Stepnogorsk, 2026 (QMDB's own place for the app's city; QMDB year API, capture of 9 Oct 2026)
archive/tables/pinned/kz-qmdb/2026-10-09/stepnogorsk-2027.txt	kz.qmdb/stepnogorsk	52.223532	71.680485	Asia/Almaty	F+E S D A M I	daily	hanafi	test	Stepnogorsk's own table at 95 % of its 20.4 km reach, bearing 225: Stepnogorsk, 2027 (QMDB's own place for the app's city; QMDB year API, capture of 9 Oct 2026)
archive/tables/pinned/kz-qmdb/2026-10-09/stepnogorsk-2026.txt	kz.qmdb/stepnogorsk	52.346600	71.596361	Asia/Almaty	F+E S D A M I	daily	hanafi	test	Stepnogorsk's own table at 95 % of its 20.4 km reach, bearing 270: Stepnogorsk, 2026 (QMDB's own place for the app's city; QMDB year API, capture of 9 Oct 2026)
archive/tables/pinned/kz-qmdb/2026-10-09/stepnogorsk-2027.txt	kz.qmdb/stepnogorsk	52.346600	71.596361	Asia/Almaty	F+E S D A M I	daily	hanafi	test	Stepnogorsk's own table at 95 % of its 20.4 km reach, bearing 270: Stepnogorsk, 2027 (QMDB's own place for the app's city; QMDB year API, capture of 9 Oct 2026)
archive/tables/pinned/kz-qmdb/2026-10-09/stepnogorsk-2026.txt	kz.qmdb/stepnogorsk	52.470012	71.679360	Asia/Almaty	F+E S D A M I	daily	hanafi	test	Stepnogorsk's own table at 95 % of its 20.4 km reach, bearing 315: Stepnogorsk, 2026 (QMDB's own place for the app's city; QMDB year API, capture of 9 Oct 2026)
archive/tables/pinned/kz-qmdb/2026-10-09/stepnogorsk-2027.txt	kz.qmdb/stepnogorsk	52.470012	71.679360	Asia/Almaty	F+E S D A M I	daily	hanafi	test	Stepnogorsk's own table at 95 % of its 20.4 km reach, bearing 315: Stepnogorsk, 2027 (QMDB's own place for the app's city; QMDB year API, capture of 9 Oct 2026)
archive/tables/pinned/kz-qmdb/2026-10-09/atbasar-2026.txt	kz.qmdb/atbasar	51.913337	68.358335	Asia/Almaty	F+E S D A M I	daily	hanafi	test	Atbasar's own table at 50 % of its 21.7 km reach, bearing 0: Atbasar, 2026 (QMDB's own place for the app's city; QMDB year API, capture of 9 Oct 2026)
archive/tables/pinned/kz-qmdb/2026-10-09/atbasar-2027.txt	kz.qmdb/atbasar	51.913337	68.358335	Asia/Almaty	F+E S D A M I	daily	hanafi	test	Atbasar's own table at 50 % of its 21.7 km reach, bearing 0: Atbasar, 2027 (QMDB's own place for the app's city; QMDB year API, capture of 9 Oct 2026)
archive/tables/pinned/kz-qmdb/2026-10-09/atbasar-2026.txt	kz.qmdb/atbasar	51.884705	68.470117	Asia/Almaty	F+E S D A M I	daily	hanafi	test	Atbasar's own table at 50 % of its 21.7 km reach, bearing 45: Atbasar, 2026 (QMDB's own place for the app's city; QMDB year API, capture of 9 Oct 2026)
archive/tables/pinned/kz-qmdb/2026-10-09/atbasar-2027.txt	kz.qmdb/atbasar	51.884705	68.470117	Asia/Almaty	F+E S D A M I	daily	hanafi	test	Atbasar's own table at 50 % of its 21.7 km reach, bearing 45: Atbasar, 2027 (QMDB's own place for the app's city; QMDB year API, capture of 9 Oct 2026)
archive/tables/pinned/kz-qmdb/2026-10-09/atbasar-2026.txt	kz.qmdb/atbasar	51.815655	68.516176	Asia/Almaty	F+E S D A M I	daily	hanafi	test	Atbasar's own table at 50 % of its 21.7 km reach, bearing 90: Atbasar, 2026 (QMDB's own place for the app's city; QMDB year API, capture of 9 Oct 2026)
archive/tables/pinned/kz-qmdb/2026-10-09/atbasar-2027.txt	kz.qmdb/atbasar	51.815655	68.516176	Asia/Almaty	F+E S D A M I	daily	hanafi	test	Atbasar's own table at 50 % of its 21.7 km reach, bearing 90: Atbasar, 2027 (QMDB's own place for the app's city; QMDB year API, capture of 9 Oct 2026)
archive/tables/pinned/kz-qmdb/2026-10-09/atbasar-2026.txt	kz.qmdb/atbasar	51.746711	68.469775	Asia/Almaty	F+E S D A M I	daily	hanafi	test	Atbasar's own table at 50 % of its 21.7 km reach, bearing 135: Atbasar, 2026 (QMDB's own place for the app's city; QMDB year API, capture of 9 Oct 2026)
archive/tables/pinned/kz-qmdb/2026-10-09/atbasar-2027.txt	kz.qmdb/atbasar	51.746711	68.469775	Asia/Almaty	F+E S D A M I	daily	hanafi	test	Atbasar's own table at 50 % of its 21.7 km reach, bearing 135: Atbasar, 2027 (QMDB's own place for the app's city; QMDB year API, capture of 9 Oct 2026)
archive/tables/pinned/kz-qmdb/2026-10-09/atbasar-2026.txt	kz.qmdb/atbasar	51.718185	68.358335	Asia/Almaty	F+E S D A M I	daily	hanafi	test	Atbasar's own table at 50 % of its 21.7 km reach, bearing 180: Atbasar, 2026 (QMDB's own place for the app's city; QMDB year API, capture of 9 Oct 2026)
archive/tables/pinned/kz-qmdb/2026-10-09/atbasar-2027.txt	kz.qmdb/atbasar	51.718185	68.358335	Asia/Almaty	F+E S D A M I	daily	hanafi	test	Atbasar's own table at 50 % of its 21.7 km reach, bearing 180: Atbasar, 2027 (QMDB's own place for the app's city; QMDB year API, capture of 9 Oct 2026)
archive/tables/pinned/kz-qmdb/2026-10-09/atbasar-2026.txt	kz.qmdb/atbasar	51.746711	68.246895	Asia/Almaty	F+E S D A M I	daily	hanafi	test	Atbasar's own table at 50 % of its 21.7 km reach, bearing 225: Atbasar, 2026 (QMDB's own place for the app's city; QMDB year API, capture of 9 Oct 2026)
archive/tables/pinned/kz-qmdb/2026-10-09/atbasar-2027.txt	kz.qmdb/atbasar	51.746711	68.246895	Asia/Almaty	F+E S D A M I	daily	hanafi	test	Atbasar's own table at 50 % of its 21.7 km reach, bearing 225: Atbasar, 2027 (QMDB's own place for the app's city; QMDB year API, capture of 9 Oct 2026)
archive/tables/pinned/kz-qmdb/2026-10-09/atbasar-2026.txt	kz.qmdb/atbasar	51.815655	68.200494	Asia/Almaty	F+E S D A M I	daily	hanafi	test	Atbasar's own table at 50 % of its 21.7 km reach, bearing 270: Atbasar, 2026 (QMDB's own place for the app's city; QMDB year API, capture of 9 Oct 2026)
archive/tables/pinned/kz-qmdb/2026-10-09/atbasar-2027.txt	kz.qmdb/atbasar	51.815655	68.200494	Asia/Almaty	F+E S D A M I	daily	hanafi	test	Atbasar's own table at 50 % of its 21.7 km reach, bearing 270: Atbasar, 2027 (QMDB's own place for the app's city; QMDB year API, capture of 9 Oct 2026)
archive/tables/pinned/kz-qmdb/2026-10-09/atbasar-2026.txt	kz.qmdb/atbasar	51.884705	68.246553	Asia/Almaty	F+E S D A M I	daily	hanafi	test	Atbasar's own table at 50 % of its 21.7 km reach, bearing 315: Atbasar, 2026 (QMDB's own place for the app's city; QMDB year API, capture of 9 Oct 2026)
archive/tables/pinned/kz-qmdb/2026-10-09/atbasar-2027.txt	kz.qmdb/atbasar	51.884705	68.246553	Asia/Almaty	F+E S D A M I	daily	hanafi	test	Atbasar's own table at 50 % of its 21.7 km reach, bearing 315: Atbasar, 2027 (QMDB's own place for the app's city; QMDB year API, capture of 9 Oct 2026)
archive/tables/pinned/kz-qmdb/2026-10-09/atbasar-2026.txt	kz.qmdb/atbasar	52.001156	68.358335	Asia/Almaty	F+E S D A M I	daily	hanafi	test	Atbasar's own table at 95 % of its 21.7 km reach, bearing 0: Atbasar, 2026 (QMDB's own place for the app's city; QMDB year API, capture of 9 Oct 2026)
archive/tables/pinned/kz-qmdb/2026-10-09/atbasar-2027.txt	kz.qmdb/atbasar	52.001156	68.358335	Asia/Almaty	F+E S D A M I	daily	hanafi	test	Atbasar's own table at 95 % of its 21.7 km reach, bearing 0: Atbasar, 2027 (QMDB's own place for the app's city; QMDB year API, capture of 9 Oct 2026)
archive/tables/pinned/kz-qmdb/2026-10-09/atbasar-2026.txt	kz.qmdb/atbasar	51.946664	68.571014	Asia/Almaty	F+E S D A M I	daily	hanafi	test	Atbasar's own table at 95 % of its 21.7 km reach, bearing 45: Atbasar, 2026 (QMDB's own place for the app's city; QMDB year API, capture of 9 Oct 2026)
archive/tables/pinned/kz-qmdb/2026-10-09/atbasar-2027.txt	kz.qmdb/atbasar	51.946664	68.571014	Asia/Almaty	F+E S D A M I	daily	hanafi	test	Atbasar's own table at 95 % of its 21.7 km reach, bearing 45: Atbasar, 2027 (QMDB's own place for the app's city; QMDB year API, capture of 9 Oct 2026)
archive/tables/pinned/kz-qmdb/2026-10-09/atbasar-2026.txt	kz.qmdb/atbasar	51.815380	68.658232	Asia/Almaty	F+E S D A M I	daily	hanafi	test	Atbasar's own table at 95 % of its 21.7 km reach, bearing 90: Atbasar, 2026 (QMDB's own place for the app's city; QMDB year API, capture of 9 Oct 2026)
archive/tables/pinned/kz-qmdb/2026-10-09/atbasar-2027.txt	kz.qmdb/atbasar	51.815380	68.658232	Asia/Almaty	F+E S D A M I	daily	hanafi	test	Atbasar's own table at 95 % of its 21.7 km reach, bearing 90: Atbasar, 2027 (QMDB's own place for the app's city; QMDB year API, capture of 9 Oct 2026)
archive/tables/pinned/kz-qmdb/2026-10-09/atbasar-2026.txt	kz.qmdb/atbasar	51.684477	68.569780	Asia/Almaty	F+E S D A M I	daily	hanafi	test	Atbasar's own table at 95 % of its 21.7 km reach, bearing 135: Atbasar, 2026 (QMDB's own place for the app's city; QMDB year API, capture of 9 Oct 2026)
archive/tables/pinned/kz-qmdb/2026-10-09/atbasar-2027.txt	kz.qmdb/atbasar	51.684477	68.569780	Asia/Almaty	F+E S D A M I	daily	hanafi	test	Atbasar's own table at 95 % of its 21.7 km reach, bearing 135: Atbasar, 2027 (QMDB's own place for the app's city; QMDB year API, capture of 9 Oct 2026)
archive/tables/pinned/kz-qmdb/2026-10-09/atbasar-2026.txt	kz.qmdb/atbasar	51.630366	68.358335	Asia/Almaty	F+E S D A M I	daily	hanafi	test	Atbasar's own table at 95 % of its 21.7 km reach, bearing 180: Atbasar, 2026 (QMDB's own place for the app's city; QMDB year API, capture of 9 Oct 2026)
archive/tables/pinned/kz-qmdb/2026-10-09/atbasar-2027.txt	kz.qmdb/atbasar	51.630366	68.358335	Asia/Almaty	F+E S D A M I	daily	hanafi	test	Atbasar's own table at 95 % of its 21.7 km reach, bearing 180: Atbasar, 2027 (QMDB's own place for the app's city; QMDB year API, capture of 9 Oct 2026)
archive/tables/pinned/kz-qmdb/2026-10-09/atbasar-2026.txt	kz.qmdb/atbasar	51.684477	68.146890	Asia/Almaty	F+E S D A M I	daily	hanafi	test	Atbasar's own table at 95 % of its 21.7 km reach, bearing 225: Atbasar, 2026 (QMDB's own place for the app's city; QMDB year API, capture of 9 Oct 2026)
archive/tables/pinned/kz-qmdb/2026-10-09/atbasar-2027.txt	kz.qmdb/atbasar	51.684477	68.146890	Asia/Almaty	F+E S D A M I	daily	hanafi	test	Atbasar's own table at 95 % of its 21.7 km reach, bearing 225: Atbasar, 2027 (QMDB's own place for the app's city; QMDB year API, capture of 9 Oct 2026)
archive/tables/pinned/kz-qmdb/2026-10-09/atbasar-2026.txt	kz.qmdb/atbasar	51.815380	68.058438	Asia/Almaty	F+E S D A M I	daily	hanafi	test	Atbasar's own table at 95 % of its 21.7 km reach, bearing 270: Atbasar, 2026 (QMDB's own place for the app's city; QMDB year API, capture of 9 Oct 2026)
archive/tables/pinned/kz-qmdb/2026-10-09/atbasar-2027.txt	kz.qmdb/atbasar	51.815380	68.058438	Asia/Almaty	F+E S D A M I	daily	hanafi	test	Atbasar's own table at 95 % of its 21.7 km reach, bearing 270: Atbasar, 2027 (QMDB's own place for the app's city; QMDB year API, capture of 9 Oct 2026)
archive/tables/pinned/kz-qmdb/2026-10-09/atbasar-2026.txt	kz.qmdb/atbasar	51.946664	68.145656	Asia/Almaty	F+E S D A M I	daily	hanafi	test	Atbasar's own table at 95 % of its 21.7 km reach, bearing 315: Atbasar, 2026 (QMDB's own place for the app's city; QMDB year API, capture of 9 Oct 2026)
archive/tables/pinned/kz-qmdb/2026-10-09/atbasar-2027.txt	kz.qmdb/atbasar	51.946664	68.145656	Asia/Almaty	F+E S D A M I	daily	hanafi	test	Atbasar's own table at 95 % of its 21.7 km reach, bearing 315: Atbasar, 2027 (QMDB's own place for the app's city; QMDB year API, capture of 9 Oct 2026)
archive/tables/pinned/kz-qmdb/2026-10-09/kandyagash-2026.txt	kz.qmdb/kandyagash	49.580564	57.423333	Asia/Aqtobe	F+E S D A M I	daily	hanafi	test	Kandyagash's own table at 50 % of its 23.6 km reach, bearing 0: Kandyagash, 2026 (QMDB's own place for the app's city; QMDB year API, capture of 9 Oct 2026)
archive/tables/pinned/kz-qmdb/2026-10-09/kandyagash-2027.txt	kz.qmdb/kandyagash	49.580564	57.423333	Asia/Aqtobe	F+E S D A M I	daily	hanafi	test	Kandyagash's own table at 50 % of its 23.6 km reach, bearing 0: Kandyagash, 2027 (QMDB's own place for the app's city; QMDB year API, capture of 9 Oct 2026)
archive/tables/pinned/kz-qmdb/2026-10-09/kandyagash-2026.txt	kz.qmdb/kandyagash	49.549425	57.538991	Asia/Aqtobe	F+E S D A M I	daily	hanafi	test	Kandyagash's own table at 50 % of its 23.6 km reach, bearing 45: Kandyagash, 2026 (QMDB's own place for the app's city; QMDB year API, capture of 9 Oct 2026)
archive/tables/pinned/kz-qmdb/2026-10-09/kandyagash-2027.txt	kz.qmdb/kandyagash	49.549425	57.538991	Asia/Aqtobe	F+E S D A M I	daily	hanafi	test	Kandyagash's own table at 50 % of its 23.6 km reach, bearing 45: Kandyagash, 2027 (QMDB's own place for the app's city; QMDB year API, capture of 9 Oct 2026)
archive/tables/pinned/kz-qmdb/2026-10-09/kandyagash-2026.txt	kz.qmdb/kandyagash	49.474329	57.586648	Asia/Aqtobe	F+E S D A M I	daily	hanafi	test	Kandyagash's own table at 50 % of its 23.6 km reach, bearing 90: Kandyagash, 2026 (QMDB's own place for the app's city; QMDB year API, capture of 9 Oct 2026)
archive/tables/pinned/kz-qmdb/2026-10-09/kandyagash-2027.txt	kz.qmdb/kandyagash	49.474329	57.586648	Asia/Aqtobe	F+E S D A M I	daily	hanafi	test	Kandyagash's own table at 50 % of its 23.6 km reach, bearing 90: Kandyagash, 2027 (QMDB's own place for the app's city; QMDB year API, capture of 9 Oct 2026)
archive/tables/pinned/kz-qmdb/2026-10-09/kandyagash-2026.txt	kz.qmdb/kandyagash	49.399348	57.538637	Asia/Aqtobe	F+E S D A M I	daily	hanafi	test	Kandyagash's own table at 50 % of its 23.6 km reach, bearing 135: Kandyagash, 2026 (QMDB's own place for the app's city; QMDB year API, capture of 9 Oct 2026)
archive/tables/pinned/kz-qmdb/2026-10-09/kandyagash-2027.txt	kz.qmdb/kandyagash	49.399348	57.538637	Asia/Aqtobe	F+E S D A M I	daily	hanafi	test	Kandyagash's own table at 50 % of its 23.6 km reach, bearing 135: Kandyagash, 2027 (QMDB's own place for the app's city; QMDB year API, capture of 9 Oct 2026)
archive/tables/pinned/kz-qmdb/2026-10-09/kandyagash-2026.txt	kz.qmdb/kandyagash	49.368324	57.423333	Asia/Aqtobe	F+E S D A M I	daily	hanafi	test	Kandyagash's own table at 50 % of its 23.6 km reach, bearing 180: Kandyagash, 2026 (QMDB's own place for the app's city; QMDB year API, capture of 9 Oct 2026)
archive/tables/pinned/kz-qmdb/2026-10-09/kandyagash-2027.txt	kz.qmdb/kandyagash	49.368324	57.423333	Asia/Aqtobe	F+E S D A M I	daily	hanafi	test	Kandyagash's own table at 50 % of its 23.6 km reach, bearing 180: Kandyagash, 2027 (QMDB's own place for the app's city; QMDB year API, capture of 9 Oct 2026)
archive/tables/pinned/kz-qmdb/2026-10-09/kandyagash-2026.txt	kz.qmdb/kandyagash	49.399348	57.308029	Asia/Aqtobe	F+E S D A M I	daily	hanafi	test	Kandyagash's own table at 50 % of its 23.6 km reach, bearing 225: Kandyagash, 2026 (QMDB's own place for the app's city; QMDB year API, capture of 9 Oct 2026)
archive/tables/pinned/kz-qmdb/2026-10-09/kandyagash-2027.txt	kz.qmdb/kandyagash	49.399348	57.308029	Asia/Aqtobe	F+E S D A M I	daily	hanafi	test	Kandyagash's own table at 50 % of its 23.6 km reach, bearing 225: Kandyagash, 2027 (QMDB's own place for the app's city; QMDB year API, capture of 9 Oct 2026)
archive/tables/pinned/kz-qmdb/2026-10-09/kandyagash-2026.txt	kz.qmdb/kandyagash	49.474329	57.260018	Asia/Aqtobe	F+E S D A M I	daily	hanafi	test	Kandyagash's own table at 50 % of its 23.6 km reach, bearing 270: Kandyagash, 2026 (QMDB's own place for the app's city; QMDB year API, capture of 9 Oct 2026)
archive/tables/pinned/kz-qmdb/2026-10-09/kandyagash-2027.txt	kz.qmdb/kandyagash	49.474329	57.260018	Asia/Aqtobe	F+E S D A M I	daily	hanafi	test	Kandyagash's own table at 50 % of its 23.6 km reach, bearing 270: Kandyagash, 2027 (QMDB's own place for the app's city; QMDB year API, capture of 9 Oct 2026)
archive/tables/pinned/kz-qmdb/2026-10-09/kandyagash-2026.txt	kz.qmdb/kandyagash	49.549425	57.307675	Asia/Aqtobe	F+E S D A M I	daily	hanafi	test	Kandyagash's own table at 50 % of its 23.6 km reach, bearing 315: Kandyagash, 2026 (QMDB's own place for the app's city; QMDB year API, capture of 9 Oct 2026)
archive/tables/pinned/kz-qmdb/2026-10-09/kandyagash-2027.txt	kz.qmdb/kandyagash	49.549425	57.307675	Asia/Aqtobe	F+E S D A M I	daily	hanafi	test	Kandyagash's own table at 50 % of its 23.6 km reach, bearing 315: Kandyagash, 2027 (QMDB's own place for the app's city; QMDB year API, capture of 9 Oct 2026)
archive/tables/pinned/kz-qmdb/2026-10-09/kandyagash-2026.txt	kz.qmdb/kandyagash	49.676072	57.423333	Asia/Aqtobe	F+E S D A M I	daily	hanafi	test	Kandyagash's own table at 95 % of its 23.6 km reach, bearing 0: Kandyagash, 2026 (QMDB's own place for the app's city; QMDB year API, capture of 9 Oct 2026)
archive/tables/pinned/kz-qmdb/2026-10-09/kandyagash-2027.txt	kz.qmdb/kandyagash	49.676072	57.423333	Asia/Aqtobe	F+E S D A M I	daily	hanafi	test	Kandyagash's own table at 95 % of its 23.6 km reach, bearing 0: Kandyagash, 2027 (QMDB's own place for the app's city; QMDB year API, capture of 9 Oct 2026)
archive/tables/pinned/kz-qmdb/2026-10-09/kandyagash-2026.txt	kz.qmdb/kandyagash	49.616808	57.643387	Asia/Aqtobe	F+E S D A M I	daily	hanafi	test	Kandyagash's own table at 95 % of its 23.6 km reach, bearing 45: Kandyagash, 2026 (QMDB's own place for the app's city; QMDB year API, capture of 9 Oct 2026)
archive/tables/pinned/kz-qmdb/2026-10-09/kandyagash-2027.txt	kz.qmdb/kandyagash	49.616808	57.643387	Asia/Aqtobe	F+E S D A M I	daily	hanafi	test	Kandyagash's own table at 95 % of its 23.6 km reach, bearing 45: Kandyagash, 2027 (QMDB's own place for the app's city; QMDB year API, capture of 9 Oct 2026)
archive/tables/pinned/kz-qmdb/2026-10-09/kandyagash-2026.txt	kz.qmdb/kandyagash	49.474029	57.733630	Asia/Aqtobe	F+E S D A M I	daily	hanafi	test	Kandyagash's own table at 95 % of its 23.6 km reach, bearing 90: Kandyagash, 2026 (QMDB's own place for the app's city; QMDB year API, capture of 9 Oct 2026)
archive/tables/pinned/kz-qmdb/2026-10-09/kandyagash-2027.txt	kz.qmdb/kandyagash	49.474029	57.733630	Asia/Aqtobe	F+E S D A M I	daily	hanafi	test	Kandyagash's own table at 95 % of its 23.6 km reach, bearing 90: Kandyagash, 2027 (QMDB's own place for the app's city; QMDB year API, capture of 9 Oct 2026)
archive/tables/pinned/kz-qmdb/2026-10-09/kandyagash-2026.txt	kz.qmdb/kandyagash	49.331665	57.642110	Asia/Aqtobe	F+E S D A M I	daily	hanafi	test	Kandyagash's own table at 95 % of its 23.6 km reach, bearing 135: Kandyagash, 2026 (QMDB's own place for the app's city; QMDB year API, capture of 9 Oct 2026)
archive/tables/pinned/kz-qmdb/2026-10-09/kandyagash-2027.txt	kz.qmdb/kandyagash	49.331665	57.642110	Asia/Aqtobe	F+E S D A M I	daily	hanafi	test	Kandyagash's own table at 95 % of its 23.6 km reach, bearing 135: Kandyagash, 2027 (QMDB's own place for the app's city; QMDB year API, capture of 9 Oct 2026)
archive/tables/pinned/kz-qmdb/2026-10-09/kandyagash-2026.txt	kz.qmdb/kandyagash	49.272816	57.423333	Asia/Aqtobe	F+E S D A M I	daily	hanafi	test	Kandyagash's own table at 95 % of its 23.6 km reach, bearing 180: Kandyagash, 2026 (QMDB's own place for the app's city; QMDB year API, capture of 9 Oct 2026)
archive/tables/pinned/kz-qmdb/2026-10-09/kandyagash-2027.txt	kz.qmdb/kandyagash	49.272816	57.423333	Asia/Aqtobe	F+E S D A M I	daily	hanafi	test	Kandyagash's own table at 95 % of its 23.6 km reach, bearing 180: Kandyagash, 2027 (QMDB's own place for the app's city; QMDB year API, capture of 9 Oct 2026)
archive/tables/pinned/kz-qmdb/2026-10-09/kandyagash-2026.txt	kz.qmdb/kandyagash	49.331665	57.204556	Asia/Aqtobe	F+E S D A M I	daily	hanafi	test	Kandyagash's own table at 95 % of its 23.6 km reach, bearing 225: Kandyagash, 2026 (QMDB's own place for the app's city; QMDB year API, capture of 9 Oct 2026)
archive/tables/pinned/kz-qmdb/2026-10-09/kandyagash-2027.txt	kz.qmdb/kandyagash	49.331665	57.204556	Asia/Aqtobe	F+E S D A M I	daily	hanafi	test	Kandyagash's own table at 95 % of its 23.6 km reach, bearing 225: Kandyagash, 2027 (QMDB's own place for the app's city; QMDB year API, capture of 9 Oct 2026)
archive/tables/pinned/kz-qmdb/2026-10-09/kandyagash-2026.txt	kz.qmdb/kandyagash	49.474029	57.113036	Asia/Aqtobe	F+E S D A M I	daily	hanafi	test	Kandyagash's own table at 95 % of its 23.6 km reach, bearing 270: Kandyagash, 2026 (QMDB's own place for the app's city; QMDB year API, capture of 9 Oct 2026)
archive/tables/pinned/kz-qmdb/2026-10-09/kandyagash-2027.txt	kz.qmdb/kandyagash	49.474029	57.113036	Asia/Aqtobe	F+E S D A M I	daily	hanafi	test	Kandyagash's own table at 95 % of its 23.6 km reach, bearing 270: Kandyagash, 2027 (QMDB's own place for the app's city; QMDB year API, capture of 9 Oct 2026)
archive/tables/pinned/kz-qmdb/2026-10-09/kandyagash-2026.txt	kz.qmdb/kandyagash	49.616808	57.203279	Asia/Aqtobe	F+E S D A M I	daily	hanafi	test	Kandyagash's own table at 95 % of its 23.6 km reach, bearing 315: Kandyagash, 2026 (QMDB's own place for the app's city; QMDB year API, capture of 9 Oct 2026)
archive/tables/pinned/kz-qmdb/2026-10-09/kandyagash-2027.txt	kz.qmdb/kandyagash	49.616808	57.203279	Asia/Aqtobe	F+E S D A M I	daily	hanafi	test	Kandyagash's own table at 95 % of its 23.6 km reach, bearing 315: Kandyagash, 2027 (QMDB's own place for the app's city; QMDB year API, capture of 9 Oct 2026)
archive/tables/pinned/kz-qmdb/2026-10-06/khromtau-2026.txt	kz.qmdb/khromtau	50.349653	58.434722	Asia/Aqtobe	F+E S D A M I	daily	hanafi	test	Khromtau's own table at 50 % of its 22.1 km reach, bearing 0: Khromtau, 2026 (at/above 48N, the west, just past a 0.1 deg curve step; QMDB year API, capture of 6 Oct 2026)
archive/tables/pinned/kz-qmdb/2026-10-06/khromtau-2027.txt	kz.qmdb/khromtau	50.349653	58.434722	Asia/Aqtobe	F+E S D A M I	daily	hanafi	test	Khromtau's own table at 50 % of its 22.1 km reach, bearing 0: Khromtau, 2027 (at/above 48N, the west, just past a 0.1 deg curve step; QMDB year API, capture of 6 Oct 2026)
archive/tables/pinned/kz-qmdb/2026-10-06/khromtau-2026.txt	kz.qmdb/khromtau	50.320495	58.544776	Asia/Aqtobe	F+E S D A M I	daily	hanafi	test	Khromtau's own table at 50 % of its 22.1 km reach, bearing 45: Khromtau, 2026 (at/above 48N, the west, just past a 0.1 deg curve step; QMDB year API, capture of 6 Oct 2026)
archive/tables/pinned/kz-qmdb/2026-10-06/khromtau-2027.txt	kz.qmdb/khromtau	50.320495	58.544776	Asia/Aqtobe	F+E S D A M I	daily	hanafi	test	Khromtau's own table at 50 % of its 22.1 km reach, bearing 45: Khromtau, 2027 (at/above 48N, the west, just past a 0.1 deg curve step; QMDB year API, capture of 6 Oct 2026)
archive/tables/pinned/kz-qmdb/2026-10-06/khromtau-2026.txt	kz.qmdb/khromtau	50.250174	58.590132	Asia/Aqtobe	F+E S D A M I	daily	hanafi	test	Khromtau's own table at 50 % of its 22.1 km reach, bearing 90: Khromtau, 2026 (at/above 48N, the west, just past a 0.1 deg curve step; QMDB year API, capture of 6 Oct 2026)
archive/tables/pinned/kz-qmdb/2026-10-06/khromtau-2027.txt	kz.qmdb/khromtau	50.250174	58.590132	Asia/Aqtobe	F+E S D A M I	daily	hanafi	test	Khromtau's own table at 50 % of its 22.1 km reach, bearing 90: Khromtau, 2027 (at/above 48N, the west, just past a 0.1 deg curve step; QMDB year API, capture of 6 Oct 2026)
archive/tables/pinned/kz-qmdb/2026-10-06/khromtau-2026.txt	kz.qmdb/khromtau	50.179958	58.544452	Asia/Aqtobe	F+E S D A M I	daily	hanafi	test	Khromtau's own table at 50 % of its 22.1 km reach, bearing 135: Khromtau, 2026 (at/above 48N, the west, just past a 0.1 deg curve step; QMDB year API, capture of 6 Oct 2026)
archive/tables/pinned/kz-qmdb/2026-10-06/khromtau-2027.txt	kz.qmdb/khromtau	50.179958	58.544452	Asia/Aqtobe	F+E S D A M I	daily	hanafi	test	Khromtau's own table at 50 % of its 22.1 km reach, bearing 135: Khromtau, 2027 (at/above 48N, the west, just past a 0.1 deg curve step; QMDB year API, capture of 6 Oct 2026)
archive/tables/pinned/kz-qmdb/2026-10-06/khromtau-2026.txt	kz.qmdb/khromtau	50.150903	58.434722	Asia/Aqtobe	F+E S D A M I	daily	hanafi	test	Khromtau's own table at 50 % of its 22.1 km reach, bearing 180: Khromtau, 2026 (at/above 48N, the west, just past a 0.1 deg curve step; QMDB year API, capture of 6 Oct 2026)
archive/tables/pinned/kz-qmdb/2026-10-06/khromtau-2027.txt	kz.qmdb/khromtau	50.150903	58.434722	Asia/Aqtobe	F+E S D A M I	daily	hanafi	test	Khromtau's own table at 50 % of its 22.1 km reach, bearing 180: Khromtau, 2027 (at/above 48N, the west, just past a 0.1 deg curve step; QMDB year API, capture of 6 Oct 2026)
archive/tables/pinned/kz-qmdb/2026-10-06/khromtau-2026.txt	kz.qmdb/khromtau	50.179958	58.324992	Asia/Aqtobe	F+E S D A M I	daily	hanafi	test	Khromtau's own table at 50 % of its 22.1 km reach, bearing 225: Khromtau, 2026 (at/above 48N, the west, just past a 0.1 deg curve step; QMDB year API, capture of 6 Oct 2026)
archive/tables/pinned/kz-qmdb/2026-10-06/khromtau-2027.txt	kz.qmdb/khromtau	50.179958	58.324992	Asia/Aqtobe	F+E S D A M I	daily	hanafi	test	Khromtau's own table at 50 % of its 22.1 km reach, bearing 225: Khromtau, 2027 (at/above 48N, the west, just past a 0.1 deg curve step; QMDB year API, capture of 6 Oct 2026)
archive/tables/pinned/kz-qmdb/2026-10-06/khromtau-2026.txt	kz.qmdb/khromtau	50.250174	58.279312	Asia/Aqtobe	F+E S D A M I	daily	hanafi	test	Khromtau's own table at 50 % of its 22.1 km reach, bearing 270: Khromtau, 2026 (at/above 48N, the west, just past a 0.1 deg curve step; QMDB year API, capture of 6 Oct 2026)
archive/tables/pinned/kz-qmdb/2026-10-06/khromtau-2027.txt	kz.qmdb/khromtau	50.250174	58.279312	Asia/Aqtobe	F+E S D A M I	daily	hanafi	test	Khromtau's own table at 50 % of its 22.1 km reach, bearing 270: Khromtau, 2027 (at/above 48N, the west, just past a 0.1 deg curve step; QMDB year API, capture of 6 Oct 2026)
archive/tables/pinned/kz-qmdb/2026-10-06/khromtau-2026.txt	kz.qmdb/khromtau	50.320495	58.324668	Asia/Aqtobe	F+E S D A M I	daily	hanafi	test	Khromtau's own table at 50 % of its 22.1 km reach, bearing 315: Khromtau, 2026 (at/above 48N, the west, just past a 0.1 deg curve step; QMDB year API, capture of 6 Oct 2026)
archive/tables/pinned/kz-qmdb/2026-10-06/khromtau-2027.txt	kz.qmdb/khromtau	50.320495	58.324668	Asia/Aqtobe	F+E S D A M I	daily	hanafi	test	Khromtau's own table at 50 % of its 22.1 km reach, bearing 315: Khromtau, 2027 (at/above 48N, the west, just past a 0.1 deg curve step; QMDB year API, capture of 6 Oct 2026)
archive/tables/pinned/kz-qmdb/2026-10-06/khromtau-2026.txt	kz.qmdb/khromtau	50.439091	58.434722	Asia/Aqtobe	F+E S D A M I	daily	hanafi	test	Khromtau's own table at 95 % of its 22.1 km reach, bearing 0: Khromtau, 2026 (at/above 48N, the west, just past a 0.1 deg curve step; QMDB year API, capture of 6 Oct 2026)
archive/tables/pinned/kz-qmdb/2026-10-06/khromtau-2027.txt	kz.qmdb/khromtau	50.439091	58.434722	Asia/Aqtobe	F+E S D A M I	daily	hanafi	test	Khromtau's own table at 95 % of its 22.1 km reach, bearing 0: Khromtau, 2027 (at/above 48N, the west, just past a 0.1 deg curve step; QMDB year API, capture of 6 Oct 2026)
archive/tables/pinned/kz-qmdb/2026-10-06/khromtau-2026.txt	kz.qmdb/khromtau	50.383601	58.644103	Asia/Aqtobe	F+E S D A M I	daily	hanafi	test	Khromtau's own table at 95 % of its 22.1 km reach, bearing 45: Khromtau, 2026 (at/above 48N, the west, just past a 0.1 deg curve step; QMDB year API, capture of 6 Oct 2026)
archive/tables/pinned/kz-qmdb/2026-10-06/khromtau-2027.txt	kz.qmdb/khromtau	50.383601	58.644103	Asia/Aqtobe	F+E S D A M I	daily	hanafi	test	Khromtau's own table at 95 % of its 22.1 km reach, bearing 45: Khromtau, 2027 (at/above 48N, the west, just past a 0.1 deg curve step; QMDB year API, capture of 6 Oct 2026)
archive/tables/pinned/kz-qmdb/2026-10-06/khromtau-2026.txt	kz.qmdb/khromtau	50.249904	58.730001	Asia/Aqtobe	F+E S D A M I	daily	hanafi	test	Khromtau's own table at 95 % of its 22.1 km reach, bearing 90: Khromtau, 2026 (at/above 48N, the west, just past a 0.1 deg curve step; QMDB year API, capture of 6 Oct 2026)
archive/tables/pinned/kz-qmdb/2026-10-06/khromtau-2027.txt	kz.qmdb/khromtau	50.249904	58.730001	Asia/Aqtobe	F+E S D A M I	daily	hanafi	test	Khromtau's own table at 95 % of its 22.1 km reach, bearing 90: Khromtau, 2027 (at/above 48N, the west, just past a 0.1 deg curve step; QMDB year API, capture of 6 Oct 2026)
archive/tables/pinned/kz-qmdb/2026-10-06/khromtau-2026.txt	kz.qmdb/khromtau	50.116581	58.642933	Asia/Aqtobe	F+E S D A M I	daily	hanafi	test	Khromtau's own table at 95 % of its 22.1 km reach, bearing 135: Khromtau, 2026 (at/above 48N, the west, just past a 0.1 deg curve step; QMDB year API, capture of 6 Oct 2026)
archive/tables/pinned/kz-qmdb/2026-10-06/khromtau-2027.txt	kz.qmdb/khromtau	50.116581	58.642933	Asia/Aqtobe	F+E S D A M I	daily	hanafi	test	Khromtau's own table at 95 % of its 22.1 km reach, bearing 135: Khromtau, 2027 (at/above 48N, the west, just past a 0.1 deg curve step; QMDB year API, capture of 6 Oct 2026)
archive/tables/pinned/kz-qmdb/2026-10-06/khromtau-2026.txt	kz.qmdb/khromtau	50.061465	58.434722	Asia/Aqtobe	F+E S D A M I	daily	hanafi	test	Khromtau's own table at 95 % of its 22.1 km reach, bearing 180: Khromtau, 2026 (at/above 48N, the west, just past a 0.1 deg curve step; QMDB year API, capture of 6 Oct 2026)
archive/tables/pinned/kz-qmdb/2026-10-06/khromtau-2027.txt	kz.qmdb/khromtau	50.061465	58.434722	Asia/Aqtobe	F+E S D A M I	daily	hanafi	test	Khromtau's own table at 95 % of its 22.1 km reach, bearing 180: Khromtau, 2027 (at/above 48N, the west, just past a 0.1 deg curve step; QMDB year API, capture of 6 Oct 2026)
archive/tables/pinned/kz-qmdb/2026-10-06/khromtau-2026.txt	kz.qmdb/khromtau	50.116581	58.226511	Asia/Aqtobe	F+E S D A M I	daily	hanafi	test	Khromtau's own table at 95 % of its 22.1 km reach, bearing 225: Khromtau, 2026 (at/above 48N, the west, just past a 0.1 deg curve step; QMDB year API, capture of 6 Oct 2026)
archive/tables/pinned/kz-qmdb/2026-10-06/khromtau-2027.txt	kz.qmdb/khromtau	50.116581	58.226511	Asia/Aqtobe	F+E S D A M I	daily	hanafi	test	Khromtau's own table at 95 % of its 22.1 km reach, bearing 225: Khromtau, 2027 (at/above 48N, the west, just past a 0.1 deg curve step; QMDB year API, capture of 6 Oct 2026)
archive/tables/pinned/kz-qmdb/2026-10-06/khromtau-2026.txt	kz.qmdb/khromtau	50.249904	58.139443	Asia/Aqtobe	F+E S D A M I	daily	hanafi	test	Khromtau's own table at 95 % of its 22.1 km reach, bearing 270: Khromtau, 2026 (at/above 48N, the west, just past a 0.1 deg curve step; QMDB year API, capture of 6 Oct 2026)
archive/tables/pinned/kz-qmdb/2026-10-06/khromtau-2027.txt	kz.qmdb/khromtau	50.249904	58.139443	Asia/Aqtobe	F+E S D A M I	daily	hanafi	test	Khromtau's own table at 95 % of its 22.1 km reach, bearing 270: Khromtau, 2027 (at/above 48N, the west, just past a 0.1 deg curve step; QMDB year API, capture of 6 Oct 2026)
archive/tables/pinned/kz-qmdb/2026-10-06/khromtau-2026.txt	kz.qmdb/khromtau	50.383601	58.225341	Asia/Aqtobe	F+E S D A M I	daily	hanafi	test	Khromtau's own table at 95 % of its 22.1 km reach, bearing 315: Khromtau, 2026 (at/above 48N, the west, just past a 0.1 deg curve step; QMDB year API, capture of 6 Oct 2026)
archive/tables/pinned/kz-qmdb/2026-10-06/khromtau-2027.txt	kz.qmdb/khromtau	50.383601	58.225341	Asia/Aqtobe	F+E S D A M I	daily	hanafi	test	Khromtau's own table at 95 % of its 22.1 km reach, bearing 315: Khromtau, 2027 (at/above 48N, the west, just past a 0.1 deg curve step; QMDB year API, capture of 6 Oct 2026)
archive/tables/pinned/kz-qmdb/2026-10-06/shalqar-2026.txt	kz.qmdb/shalqar	47.905586	59.619290	Asia/Aqtobe	F+E S D A M I	daily	hanafi	test	Shalqar's own table at 50 % of its 16.5 km reach, bearing 0: Shalqar, 2026 (46-48N, the west; QMDB year API, capture of 6 Oct 2026)
archive/tables/pinned/kz-qmdb/2026-10-06/shalqar-2027.txt	kz.qmdb/shalqar	47.905586	59.619290	Asia/Aqtobe	F+E S D A M I	daily	hanafi	test	Shalqar's own table at 50 % of its 16.5 km reach, bearing 0: Shalqar, 2027 (46-48N, the west; QMDB year API, capture of 6 Oct 2026)
archive/tables/pinned/kz-qmdb/2026-10-06/shalqar-2026.txt	kz.qmdb/shalqar	47.883829	59.697519	Asia/Aqtobe	F+E S D A M I	daily	hanafi	test	Shalqar's own table at 50 % of its 16.5 km reach, bearing 45: Shalqar, 2026 (46-48N, the west; QMDB year API, capture of 6 Oct 2026)
archive/tables/pinned/kz-qmdb/2026-10-06/shalqar-2027.txt	kz.qmdb/shalqar	47.883829	59.697519	Asia/Aqtobe	F+E S D A M I	daily	hanafi	test	Shalqar's own table at 50 % of its 16.5 km reach, bearing 45: Shalqar, 2027 (46-48N, the west; QMDB year API, capture of 6 Oct 2026)
archive/tables/pinned/kz-qmdb/2026-10-06/shalqar-2026.txt	kz.qmdb/shalqar	47.831339	59.729810	Asia/Aqtobe	F+E S D A M I	daily	hanafi	test	Shalqar's own table at 50 % of its 16.5 km reach, bearing 90: Shalqar, 2026 (46-48N, the west; QMDB year API, capture of 6 Oct 2026)
archive/tables/pinned/kz-qmdb/2026-10-06/shalqar-2027.txt	kz.qmdb/shalqar	47.831339	59.729810	Asia/Aqtobe	F+E S D A M I	daily	hanafi	test	Shalqar's own table at 50 % of its 16.5 km reach, bearing 90: Shalqar, 2027 (46-48N, the west; QMDB year API, capture of 6 Oct 2026)
archive/tables/pinned/kz-qmdb/2026-10-06/shalqar-2026.txt	kz.qmdb/shalqar	47.778902	59.697361	Asia/Aqtobe	F+E S D A M I	daily	hanafi	test	Shalqar's own table at 50 % of its 16.5 km reach, bearing 135: Shalqar, 2026 (46-48N, the west; QMDB year API, capture of 6 Oct 2026)
archive/tables/pinned/kz-qmdb/2026-10-06/shalqar-2027.txt	kz.qmdb/shalqar	47.778902	59.697361	Asia/Aqtobe	F+E S D A M I	daily	hanafi	test	Shalqar's own table at 50 % of its 16.5 km reach, bearing 135: Shalqar, 2027 (46-48N, the west; QMDB year API, capture of 6 Oct 2026)
archive/tables/pinned/kz-qmdb/2026-10-06/shalqar-2026.txt	kz.qmdb/shalqar	47.757198	59.619290	Asia/Aqtobe	F+E S D A M I	daily	hanafi	test	Shalqar's own table at 50 % of its 16.5 km reach, bearing 180: Shalqar, 2026 (46-48N, the west; QMDB year API, capture of 6 Oct 2026)
archive/tables/pinned/kz-qmdb/2026-10-06/shalqar-2027.txt	kz.qmdb/shalqar	47.757198	59.619290	Asia/Aqtobe	F+E S D A M I	daily	hanafi	test	Shalqar's own table at 50 % of its 16.5 km reach, bearing 180: Shalqar, 2027 (46-48N, the west; QMDB year API, capture of 6 Oct 2026)
archive/tables/pinned/kz-qmdb/2026-10-06/shalqar-2026.txt	kz.qmdb/shalqar	47.778902	59.541219	Asia/Aqtobe	F+E S D A M I	daily	hanafi	test	Shalqar's own table at 50 % of its 16.5 km reach, bearing 225: Shalqar, 2026 (46-48N, the west; QMDB year API, capture of 6 Oct 2026)
archive/tables/pinned/kz-qmdb/2026-10-06/shalqar-2027.txt	kz.qmdb/shalqar	47.778902	59.541219	Asia/Aqtobe	F+E S D A M I	daily	hanafi	test	Shalqar's own table at 50 % of its 16.5 km reach, bearing 225: Shalqar, 2027 (46-48N, the west; QMDB year API, capture of 6 Oct 2026)
archive/tables/pinned/kz-qmdb/2026-10-06/shalqar-2026.txt	kz.qmdb/shalqar	47.831339	59.508770	Asia/Aqtobe	F+E S D A M I	daily	hanafi	test	Shalqar's own table at 50 % of its 16.5 km reach, bearing 270: Shalqar, 2026 (46-48N, the west; QMDB year API, capture of 6 Oct 2026)
archive/tables/pinned/kz-qmdb/2026-10-06/shalqar-2027.txt	kz.qmdb/shalqar	47.831339	59.508770	Asia/Aqtobe	F+E S D A M I	daily	hanafi	test	Shalqar's own table at 50 % of its 16.5 km reach, bearing 270: Shalqar, 2027 (46-48N, the west; QMDB year API, capture of 6 Oct 2026)
archive/tables/pinned/kz-qmdb/2026-10-06/shalqar-2026.txt	kz.qmdb/shalqar	47.883829	59.541061	Asia/Aqtobe	F+E S D A M I	daily	hanafi	test	Shalqar's own table at 50 % of its 16.5 km reach, bearing 315: Shalqar, 2026 (46-48N, the west; QMDB year API, capture of 6 Oct 2026)
archive/tables/pinned/kz-qmdb/2026-10-06/shalqar-2027.txt	kz.qmdb/shalqar	47.883829	59.541061	Asia/Aqtobe	F+E S D A M I	daily	hanafi	test	Shalqar's own table at 50 % of its 16.5 km reach, bearing 315: Shalqar, 2027 (46-48N, the west; QMDB year API, capture of 6 Oct 2026)
archive/tables/pinned/kz-qmdb/2026-10-06/shalqar-2026.txt	kz.qmdb/shalqar	47.972361	59.619290	Asia/Aqtobe	F+E S D A M I	daily	hanafi	test	Shalqar's own table at 95 % of its 16.5 km reach, bearing 0: Shalqar, 2026 (46-48N, the west; QMDB year API, capture of 6 Oct 2026)
archive/tables/pinned/kz-qmdb/2026-10-06/shalqar-2027.txt	kz.qmdb/shalqar	47.972361	59.619290	Asia/Aqtobe	F+E S D A M I	daily	hanafi	test	Shalqar's own table at 95 % of its 16.5 km reach, bearing 0: Shalqar, 2027 (46-48N, the west; QMDB year API, capture of 6 Oct 2026)
archive/tables/pinned/kz-qmdb/2026-10-06/shalqar-2026.txt	kz.qmdb/shalqar	47.930976	59.768060	Asia/Aqtobe	F+E S D A M I	daily	hanafi	test	Shalqar's own table at 95 % of its 16.5 km reach, bearing 45: Shalqar, 2026 (46-48N, the west; QMDB year API, capture of 6 Oct 2026)
archive/tables/pinned/kz-qmdb/2026-10-06/shalqar-2027.txt	kz.qmdb/shalqar	47.930976	59.768060	Asia/Aqtobe	F+E S D A M I	daily	hanafi	test	Shalqar's own table at 95 % of its 16.5 km reach, bearing 45: Shalqar, 2027 (46-48N, the west; QMDB year API, capture of 6 Oct 2026)
archive/tables/pinned/kz-qmdb/2026-10-06/shalqar-2026.txt	kz.qmdb/shalqar	47.831201	59.829278	Asia/Aqtobe	F+E S D A M I	daily	hanafi	test	Shalqar's own table at 95 % of its 16.5 km reach, bearing 90: Shalqar, 2026 (46-48N, the west; QMDB year API, capture of 6 Oct 2026)
archive/tables/pinned/kz-qmdb/2026-10-06/shalqar-2027.txt	kz.qmdb/shalqar	47.831201	59.829278	Asia/Aqtobe	F+E S D A M I	daily	hanafi	test	Shalqar's own table at 95 % of its 16.5 km reach, bearing 90: Shalqar, 2027 (46-48N, the west; QMDB year API, capture of 6 Oct 2026)
archive/tables/pinned/kz-qmdb/2026-10-06/shalqar-2026.txt	kz.qmdb/shalqar	47.731617	59.767490	Asia/Aqtobe	F+E S D A M I	daily	hanafi	test	Shalqar's own table at 95 % of its 16.5 km reach, bearing 135: Shalqar, 2026 (46-48N, the west; QMDB year API, capture of 6 Oct 2026)
archive/tables/pinned/kz-qmdb/2026-10-06/shalqar-2027.txt	kz.qmdb/shalqar	47.731617	59.767490	Asia/Aqtobe	F+E S D A M I	daily	hanafi	test	Shalqar's own table at 95 % of its 16.5 km reach, bearing 135: Shalqar, 2027 (46-48N, the west; QMDB year API, capture of 6 Oct 2026)
archive/tables/pinned/kz-qmdb/2026-10-06/shalqar-2026.txt	kz.qmdb/shalqar	47.690423	59.619290	Asia/Aqtobe	F+E S D A M I	daily	hanafi	test	Shalqar's own table at 95 % of its 16.5 km reach, bearing 180: Shalqar, 2026 (46-48N, the west; QMDB year API, capture of 6 Oct 2026)
archive/tables/pinned/kz-qmdb/2026-10-06/shalqar-2027.txt	kz.qmdb/shalqar	47.690423	59.619290	Asia/Aqtobe	F+E S D A M I	daily	hanafi	test	Shalqar's own table at 95 % of its 16.5 km reach, bearing 180: Shalqar, 2027 (46-48N, the west; QMDB year API, capture of 6 Oct 2026)
archive/tables/pinned/kz-qmdb/2026-10-06/shalqar-2026.txt	kz.qmdb/shalqar	47.731617	59.471090	Asia/Aqtobe	F+E S D A M I	daily	hanafi	test	Shalqar's own table at 95 % of its 16.5 km reach, bearing 225: Shalqar, 2026 (46-48N, the west; QMDB year API, capture of 6 Oct 2026)
archive/tables/pinned/kz-qmdb/2026-10-06/shalqar-2027.txt	kz.qmdb/shalqar	47.731617	59.471090	Asia/Aqtobe	F+E S D A M I	daily	hanafi	test	Shalqar's own table at 95 % of its 16.5 km reach, bearing 225: Shalqar, 2027 (46-48N, the west; QMDB year API, capture of 6 Oct 2026)
archive/tables/pinned/kz-qmdb/2026-10-06/shalqar-2026.txt	kz.qmdb/shalqar	47.831201	59.409302	Asia/Aqtobe	F+E S D A M I	daily	hanafi	test	Shalqar's own table at 95 % of its 16.5 km reach, bearing 270: Shalqar, 2026 (46-48N, the west; QMDB year API, capture of 6 Oct 2026)
archive/tables/pinned/kz-qmdb/2026-10-06/shalqar-2027.txt	kz.qmdb/shalqar	47.831201	59.409302	Asia/Aqtobe	F+E S D A M I	daily	hanafi	test	Shalqar's own table at 95 % of its 16.5 km reach, bearing 270: Shalqar, 2027 (46-48N, the west; QMDB year API, capture of 6 Oct 2026)
archive/tables/pinned/kz-qmdb/2026-10-06/shalqar-2026.txt	kz.qmdb/shalqar	47.930976	59.470520	Asia/Aqtobe	F+E S D A M I	daily	hanafi	test	Shalqar's own table at 95 % of its 16.5 km reach, bearing 315: Shalqar, 2026 (46-48N, the west; QMDB year API, capture of 6 Oct 2026)
archive/tables/pinned/kz-qmdb/2026-10-06/shalqar-2027.txt	kz.qmdb/shalqar	47.930976	59.470520	Asia/Aqtobe	F+E S D A M I	daily	hanafi	test	Shalqar's own table at 95 % of its 16.5 km reach, bearing 315: Shalqar, 2027 (46-48N, the west; QMDB year API, capture of 6 Oct 2026)
archive/tables/pinned/kz-qmdb/2026-10-09/kulsary-2026.txt	kz.qmdb/kulsary	47.098446	54.016667	Asia/Atyrau	F+E S D A M I	daily	hanafi	test	Kulsary's own table at 50 % of its 25.6 km reach, bearing 0: Kulsary, 2026 (QMDB's own place for the app's city; QMDB year API, capture of 9 Oct 2026)
archive/tables/pinned/kz-qmdb/2026-10-09/kulsary-2027.txt	kz.qmdb/kulsary	47.098446	54.016667	Asia/Atyrau	F+E S D A M I	daily	hanafi	test	Kulsary's own table at 50 % of its 25.6 km reach, bearing 0: Kulsary, 2027 (QMDB's own place for the app's city; QMDB year API, capture of 9 Oct 2026)
archive/tables/pinned/kz-qmdb/2026-10-09/kulsary-2026.txt	kz.qmdb/kulsary	47.064668	54.136163	Asia/Atyrau	F+E S D A M I	daily	hanafi	test	Kulsary's own table at 50 % of its 25.6 km reach, bearing 45: Kulsary, 2026 (QMDB's own place for the app's city; QMDB year API, capture of 9 Oct 2026)
archive/tables/pinned/kz-qmdb/2026-10-09/kulsary-2027.txt	kz.qmdb/kulsary	47.064668	54.136163	Asia/Atyrau	F+E S D A M I	daily	hanafi	test	Kulsary's own table at 50 % of its 25.6 km reach, bearing 45: Kulsary, 2027 (QMDB's own place for the app's city; QMDB year API, capture of 9 Oct 2026)
archive/tables/pinned/kz-qmdb/2026-10-09/kulsary-2026.txt	kz.qmdb/kulsary	46.983209	54.185402	Asia/Atyrau	F+E S D A M I	daily	hanafi	test	Kulsary's own table at 50 % of its 25.6 km reach, bearing 90: Kulsary, 2026 (QMDB's own place for the app's city; QMDB year API, capture of 9 Oct 2026)
archive/tables/pinned/kz-qmdb/2026-10-09/kulsary-2027.txt	kz.qmdb/kulsary	46.983209	54.185402	Asia/Atyrau	F+E S D A M I	daily	hanafi	test	Kulsary's own table at 50 % of its 25.6 km reach, bearing 90: Kulsary, 2027 (QMDB's own place for the app's city; QMDB year API, capture of 9 Oct 2026)
archive/tables/pinned/kz-qmdb/2026-10-09/kulsary-2026.txt	kz.qmdb/kulsary	46.901874	54.135800	Asia/Atyrau	F+E S D A M I	daily	hanafi	test	Kulsary's own table at 50 % of its 25.6 km reach, bearing 135: Kulsary, 2026 (QMDB's own place for the app's city; QMDB year API, capture of 9 Oct 2026)
archive/tables/pinned/kz-qmdb/2026-10-09/kulsary-2027.txt	kz.qmdb/kulsary	46.901874	54.135800	Asia/Atyrau	F+E S D A M I	daily	hanafi	test	Kulsary's own table at 50 % of its 25.6 km reach, bearing 135: Kulsary, 2027 (QMDB's own place for the app's city; QMDB year API, capture of 9 Oct 2026)
archive/tables/pinned/kz-qmdb/2026-10-09/kulsary-2026.txt	kz.qmdb/kulsary	46.868220	54.016667	Asia/Atyrau	F+E S D A M I	daily	hanafi	test	Kulsary's own table at 50 % of its 25.6 km reach, bearing 180: Kulsary, 2026 (QMDB's own place for the app's city; QMDB year API, capture of 9 Oct 2026)
archive/tables/pinned/kz-qmdb/2026-10-09/kulsary-2027.txt	kz.qmdb/kulsary	46.868220	54.016667	Asia/Atyrau	F+E S D A M I	daily	hanafi	test	Kulsary's own table at 50 % of its 25.6 km reach, bearing 180: Kulsary, 2027 (QMDB's own place for the app's city; QMDB year API, capture of 9 Oct 2026)
archive/tables/pinned/kz-qmdb/2026-10-09/kulsary-2026.txt	kz.qmdb/kulsary	46.901874	53.897534	Asia/Atyrau	F+E S D A M I	daily	hanafi	test	Kulsary's own table at 50 % of its 25.6 km reach, bearing 225: Kulsary, 2026 (QMDB's own place for the app's city; QMDB year API, capture of 9 Oct 2026)
archive/tables/pinned/kz-qmdb/2026-10-09/kulsary-2027.txt	kz.qmdb/kulsary	46.901874	53.897534	Asia/Atyrau	F+E S D A M I	daily	hanafi	test	Kulsary's own table at 50 % of its 25.6 km reach, bearing 225: Kulsary, 2027 (QMDB's own place for the app's city; QMDB year API, capture of 9 Oct 2026)
archive/tables/pinned/kz-qmdb/2026-10-09/kulsary-2026.txt	kz.qmdb/kulsary	46.983209	53.847932	Asia/Atyrau	F+E S D A M I	daily	hanafi	test	Kulsary's own table at 50 % of its 25.6 km reach, bearing 270: Kulsary, 2026 (QMDB's own place for the app's city; QMDB year API, capture of 9 Oct 2026)
archive/tables/pinned/kz-qmdb/2026-10-09/kulsary-2027.txt	kz.qmdb/kulsary	46.983209	53.847932	Asia/Atyrau	F+E S D A M I	daily	hanafi	test	Kulsary's own table at 50 % of its 25.6 km reach, bearing 270: Kulsary, 2027 (QMDB's own place for the app's city; QMDB year API, capture of 9 Oct 2026)
archive/tables/pinned/kz-qmdb/2026-10-09/kulsary-2026.txt	kz.qmdb/kulsary	47.064668	53.897171	Asia/Atyrau	F+E S D A M I	daily	hanafi	test	Kulsary's own table at 50 % of its 25.6 km reach, bearing 315: Kulsary, 2026 (QMDB's own place for the app's city; QMDB year API, capture of 9 Oct 2026)
archive/tables/pinned/kz-qmdb/2026-10-09/kulsary-2027.txt	kz.qmdb/kulsary	47.064668	53.897171	Asia/Atyrau	F+E S D A M I	daily	hanafi	test	Kulsary's own table at 50 % of its 25.6 km reach, bearing 315: Kulsary, 2027 (QMDB's own place for the app's city; QMDB year API, capture of 9 Oct 2026)
archive/tables/pinned/kz-qmdb/2026-10-09/kulsary-2026.txt	kz.qmdb/kulsary	47.202048	54.016667	Asia/Atyrau	F+E S D A M I	daily	hanafi	test	Kulsary's own table at 95 % of its 25.6 km reach, bearing 0: Kulsary, 2026 (QMDB's own place for the app's city; QMDB year API, capture of 9 Oct 2026)
archive/tables/pinned/kz-qmdb/2026-10-09/kulsary-2027.txt	kz.qmdb/kulsary	47.202048	54.016667	Asia/Atyrau	F+E S D A M I	daily	hanafi	test	Kulsary's own table at 95 % of its 25.6 km reach, bearing 0: Kulsary, 2027 (QMDB's own place for the app's city; QMDB year API, capture of 9 Oct 2026)
archive/tables/pinned/kz-qmdb/2026-10-09/kulsary-2026.txt	kz.qmdb/kulsary	47.137763	54.244021	Asia/Atyrau	F+E S D A M I	daily	hanafi	test	Kulsary's own table at 95 % of its 25.6 km reach, bearing 45: Kulsary, 2026 (QMDB's own place for the app's city; QMDB year API, capture of 9 Oct 2026)
archive/tables/pinned/kz-qmdb/2026-10-09/kulsary-2027.txt	kz.qmdb/kulsary	47.137763	54.244021	Asia/Atyrau	F+E S D A M I	daily	hanafi	test	Kulsary's own table at 95 % of its 25.6 km reach, bearing 45: Kulsary, 2027 (QMDB's own place for the app's city; QMDB year API, capture of 9 Oct 2026)
archive/tables/pinned/kz-qmdb/2026-10-09/kulsary-2026.txt	kz.qmdb/kulsary	46.982886	54.337262	Asia/Atyrau	F+E S D A M I	daily	hanafi	test	Kulsary's own table at 95 % of its 25.6 km reach, bearing 90: Kulsary, 2026 (QMDB's own place for the app's city; QMDB year API, capture of 9 Oct 2026)
archive/tables/pinned/kz-qmdb/2026-10-09/kulsary-2027.txt	kz.qmdb/kulsary	46.982886	54.337262	Asia/Atyrau	F+E S D A M I	daily	hanafi	test	Kulsary's own table at 95 % of its 25.6 km reach, bearing 90: Kulsary, 2027 (QMDB's own place for the app's city; QMDB year API, capture of 9 Oct 2026)
archive/tables/pinned/kz-qmdb/2026-10-09/kulsary-2026.txt	kz.qmdb/kulsary	46.828455	54.242710	Asia/Atyrau	F+E S D A M I	daily	hanafi	test	Kulsary's own table at 95 % of its 25.6 km reach, bearing 135: Kulsary, 2026 (QMDB's own place for the app's city; QMDB year API, capture of 9 Oct 2026)
archive/tables/pinned/kz-qmdb/2026-10-09/kulsary-2027.txt	kz.qmdb/kulsary	46.828455	54.242710	Asia/Atyrau	F+E S D A M I	daily	hanafi	test	Kulsary's own table at 95 % of its 25.6 km reach, bearing 135: Kulsary, 2027 (QMDB's own place for the app's city; QMDB year API, capture of 9 Oct 2026)
archive/tables/pinned/kz-qmdb/2026-10-09/kulsary-2026.txt	kz.qmdb/kulsary	46.764618	54.016667	Asia/Atyrau	F+E S D A M I	daily	hanafi	test	Kulsary's own table at 95 % of its 25.6 km reach, bearing 180: Kulsary, 2026 (QMDB's own place for the app's city; QMDB year API, capture of 9 Oct 2026)
archive/tables/pinned/kz-qmdb/2026-10-09/kulsary-2027.txt	kz.qmdb/kulsary	46.764618	54.016667	Asia/Atyrau	F+E S D A M I	daily	hanafi	test	Kulsary's own table at 95 % of its 25.6 km reach, bearing 180: Kulsary, 2027 (QMDB's own place for the app's city; QMDB year API, capture of 9 Oct 2026)
archive/tables/pinned/kz-qmdb/2026-10-09/kulsary-2026.txt	kz.qmdb/kulsary	46.828455	53.790624	Asia/Atyrau	F+E S D A M I	daily	hanafi	test	Kulsary's own table at 95 % of its 25.6 km reach, bearing 225: Kulsary, 2026 (QMDB's own place for the app's city; QMDB year API, capture of 9 Oct 2026)
archive/tables/pinned/kz-qmdb/2026-10-09/kulsary-2027.txt	kz.qmdb/kulsary	46.828455	53.790624	Asia/Atyrau	F+E S D A M I	daily	hanafi	test	Kulsary's own table at 95 % of its 25.6 km reach, bearing 225: Kulsary, 2027 (QMDB's own place for the app's city; QMDB year API, capture of 9 Oct 2026)
archive/tables/pinned/kz-qmdb/2026-10-09/kulsary-2026.txt	kz.qmdb/kulsary	46.982886	53.696072	Asia/Atyrau	F+E S D A M I	daily	hanafi	test	Kulsary's own table at 95 % of its 25.6 km reach, bearing 270: Kulsary, 2026 (QMDB's own place for the app's city; QMDB year API, capture of 9 Oct 2026)
archive/tables/pinned/kz-qmdb/2026-10-09/kulsary-2027.txt	kz.qmdb/kulsary	46.982886	53.696072	Asia/Atyrau	F+E S D A M I	daily	hanafi	test	Kulsary's own table at 95 % of its 25.6 km reach, bearing 270: Kulsary, 2027 (QMDB's own place for the app's city; QMDB year API, capture of 9 Oct 2026)
archive/tables/pinned/kz-qmdb/2026-10-09/kulsary-2026.txt	kz.qmdb/kulsary	47.137763	53.789313	Asia/Atyrau	F+E S D A M I	daily	hanafi	test	Kulsary's own table at 95 % of its 25.6 km reach, bearing 315: Kulsary, 2026 (QMDB's own place for the app's city; QMDB year API, capture of 9 Oct 2026)
archive/tables/pinned/kz-qmdb/2026-10-09/kulsary-2027.txt	kz.qmdb/kulsary	47.137763	53.789313	Asia/Atyrau	F+E S D A M I	daily	hanafi	test	Kulsary's own table at 95 % of its 25.6 km reach, bearing 315: Kulsary, 2027 (QMDB's own place for the app's city; QMDB year API, capture of 9 Oct 2026)
archive/tables/pinned/kz-qmdb/2026-10-06/ayagoz-2026.txt	kz.qmdb/ayagoz	47.980606	80.433333	Asia/Almaty	F+E S D A M I	daily	hanafi	test	Ayagoz's own table at 50 % of its 3.1 km reach, bearing 0: Ayagoz, 2026 (46-48N, the east; QMDB year API, capture of 6 Oct 2026)
archive/tables/pinned/kz-qmdb/2026-10-06/ayagoz-2027.txt	kz.qmdb/ayagoz	47.980606	80.433333	Asia/Almaty	F+E S D A M I	daily	hanafi	test	Ayagoz's own table at 50 % of its 3.1 km reach, bearing 0: Ayagoz, 2027 (46-48N, the east; QMDB year API, capture of 6 Oct 2026)
archive/tables/pinned/kz-qmdb/2026-10-06/ayagoz-2026.txt	kz.qmdb/ayagoz	47.976523	80.448057	Asia/Almaty	F+E S D A M I	daily	hanafi	test	Ayagoz's own table at 50 % of its 3.1 km reach, bearing 45: Ayagoz, 2026 (46-48N, the east; QMDB year API, capture of 6 Oct 2026)
archive/tables/pinned/kz-qmdb/2026-10-06/ayagoz-2027.txt	kz.qmdb/ayagoz	47.976523	80.448057	Asia/Almaty	F+E S D A M I	daily	hanafi	test	Ayagoz's own table at 50 % of its 3.1 km reach, bearing 45: Ayagoz, 2027 (46-48N, the east; QMDB year API, capture of 6 Oct 2026)
archive/tables/pinned/kz-qmdb/2026-10-06/ayagoz-2026.txt	kz.qmdb/ayagoz	47.966665	80.454152	Asia/Almaty	F+E S D A M I	daily	hanafi	test	Ayagoz's own table at 50 % of its 3.1 km reach, bearing 90: Ayagoz, 2026 (46-48N, the east; QMDB year API, capture of 6 Oct 2026)
archive/tables/pinned/kz-qmdb/2026-10-06/ayagoz-2027.txt	kz.qmdb/ayagoz	47.966665	80.454152	Asia/Almaty	F+E S D A M I	daily	hanafi	test	Ayagoz's own table at 50 % of its 3.1 km reach, bearing 90: Ayagoz, 2027 (46-48N, the east; QMDB year API, capture of 6 Oct 2026)
archive/tables/pinned/kz-qmdb/2026-10-06/ayagoz-2026.txt	kz.qmdb/ayagoz	47.956809	80.448051	Asia/Almaty	F+E S D A M I	daily	hanafi	test	Ayagoz's own table at 50 % of its 3.1 km reach, bearing 135: Ayagoz, 2026 (46-48N, the east; QMDB year API, capture of 6 Oct 2026)
archive/tables/pinned/kz-qmdb/2026-10-06/ayagoz-2027.txt	kz.qmdb/ayagoz	47.956809	80.448051	Asia/Almaty	F+E S D A M I	daily	hanafi	test	Ayagoz's own table at 50 % of its 3.1 km reach, bearing 135: Ayagoz, 2027 (46-48N, the east; QMDB year API, capture of 6 Oct 2026)
archive/tables/pinned/kz-qmdb/2026-10-06/ayagoz-2026.txt	kz.qmdb/ayagoz	47.952728	80.433333	Asia/Almaty	F+E S D A M I	daily	hanafi	test	Ayagoz's own table at 50 % of its 3.1 km reach, bearing 180: Ayagoz, 2026 (46-48N, the east; QMDB year API, capture of 6 Oct 2026)
archive/tables/pinned/kz-qmdb/2026-10-06/ayagoz-2027.txt	kz.qmdb/ayagoz	47.952728	80.433333	Asia/Almaty	F+E S D A M I	daily	hanafi	test	Ayagoz's own table at 50 % of its 3.1 km reach, bearing 180: Ayagoz, 2027 (46-48N, the east; QMDB year API, capture of 6 Oct 2026)
archive/tables/pinned/kz-qmdb/2026-10-06/ayagoz-2026.txt	kz.qmdb/ayagoz	47.956809	80.418615	Asia/Almaty	F+E S D A M I	daily	hanafi	test	Ayagoz's own table at 50 % of its 3.1 km reach, bearing 225: Ayagoz, 2026 (46-48N, the east; QMDB year API, capture of 6 Oct 2026)
archive/tables/pinned/kz-qmdb/2026-10-06/ayagoz-2027.txt	kz.qmdb/ayagoz	47.956809	80.418615	Asia/Almaty	F+E S D A M I	daily	hanafi	test	Ayagoz's own table at 50 % of its 3.1 km reach, bearing 225: Ayagoz, 2027 (46-48N, the east; QMDB year API, capture of 6 Oct 2026)
archive/tables/pinned/kz-qmdb/2026-10-06/ayagoz-2026.txt	kz.qmdb/ayagoz	47.966665	80.412514	Asia/Almaty	F+E S D A M I	daily	hanafi	test	Ayagoz's own table at 50 % of its 3.1 km reach, bearing 270: Ayagoz, 2026 (46-48N, the east; QMDB year API, capture of 6 Oct 2026)
archive/tables/pinned/kz-qmdb/2026-10-06/ayagoz-2027.txt	kz.qmdb/ayagoz	47.966665	80.412514	Asia/Almaty	F+E S D A M I	daily	hanafi	test	Ayagoz's own table at 50 % of its 3.1 km reach, bearing 270: Ayagoz, 2027 (46-48N, the east; QMDB year API, capture of 6 Oct 2026)
archive/tables/pinned/kz-qmdb/2026-10-06/ayagoz-2026.txt	kz.qmdb/ayagoz	47.976523	80.418609	Asia/Almaty	F+E S D A M I	daily	hanafi	test	Ayagoz's own table at 50 % of its 3.1 km reach, bearing 315: Ayagoz, 2026 (46-48N, the east; QMDB year API, capture of 6 Oct 2026)
archive/tables/pinned/kz-qmdb/2026-10-06/ayagoz-2027.txt	kz.qmdb/ayagoz	47.976523	80.418609	Asia/Almaty	F+E S D A M I	daily	hanafi	test	Ayagoz's own table at 50 % of its 3.1 km reach, bearing 315: Ayagoz, 2027 (46-48N, the east; QMDB year API, capture of 6 Oct 2026)
archive/tables/pinned/kz-qmdb/2026-10-06/ayagoz-2026.txt	kz.qmdb/ayagoz	47.993152	80.433333	Asia/Almaty	F+E S D A M I	daily	hanafi	test	Ayagoz's own table at 95 % of its 3.1 km reach, bearing 0: Ayagoz, 2026 (46-48N, the east; QMDB year API, capture of 6 Oct 2026)
archive/tables/pinned/kz-qmdb/2026-10-06/ayagoz-2027.txt	kz.qmdb/ayagoz	47.993152	80.433333	Asia/Almaty	F+E S D A M I	daily	hanafi	test	Ayagoz's own table at 95 % of its 3.1 km reach, bearing 0: Ayagoz, 2027 (46-48N, the east; QMDB year API, capture of 6 Oct 2026)
archive/tables/pinned/kz-qmdb/2026-10-06/ayagoz-2026.txt	kz.qmdb/ayagoz	47.985391	80.461313	Asia/Almaty	F+E S D A M I	daily	hanafi	test	Ayagoz's own table at 95 % of its 3.1 km reach, bearing 45: Ayagoz, 2026 (46-48N, the east; QMDB year API, capture of 6 Oct 2026)
archive/tables/pinned/kz-qmdb/2026-10-06/ayagoz-2027.txt	kz.qmdb/ayagoz	47.985391	80.461313	Asia/Almaty	F+E S D A M I	daily	hanafi	test	Ayagoz's own table at 95 % of its 3.1 km reach, bearing 45: Ayagoz, 2027 (46-48N, the east; QMDB year API, capture of 6 Oct 2026)
archive/tables/pinned/kz-qmdb/2026-10-06/ayagoz-2026.txt	kz.qmdb/ayagoz	47.966660	80.472889	Asia/Almaty	F+E S D A M I	daily	hanafi	test	Ayagoz's own table at 95 % of its 3.1 km reach, bearing 90: Ayagoz, 2026 (46-48N, the east; QMDB year API, capture of 6 Oct 2026)
archive/tables/pinned/kz-qmdb/2026-10-06/ayagoz-2027.txt	kz.qmdb/ayagoz	47.966660	80.472889	Asia/Almaty	F+E S D A M I	daily	hanafi	test	Ayagoz's own table at 95 % of its 3.1 km reach, bearing 90: Ayagoz, 2027 (46-48N, the east; QMDB year API, capture of 6 Oct 2026)
archive/tables/pinned/kz-qmdb/2026-10-06/ayagoz-2026.txt	kz.qmdb/ayagoz	47.947936	80.461293	Asia/Almaty	F+E S D A M I	daily	hanafi	test	Ayagoz's own table at 95 % of its 3.1 km reach, bearing 135: Ayagoz, 2026 (46-48N, the east; QMDB year API, capture of 6 Oct 2026)
archive/tables/pinned/kz-qmdb/2026-10-06/ayagoz-2027.txt	kz.qmdb/ayagoz	47.947936	80.461293	Asia/Almaty	F+E S D A M I	daily	hanafi	test	Ayagoz's own table at 95 % of its 3.1 km reach, bearing 135: Ayagoz, 2027 (46-48N, the east; QMDB year API, capture of 6 Oct 2026)
archive/tables/pinned/kz-qmdb/2026-10-06/ayagoz-2026.txt	kz.qmdb/ayagoz	47.940182	80.433333	Asia/Almaty	F+E S D A M I	daily	hanafi	test	Ayagoz's own table at 95 % of its 3.1 km reach, bearing 180: Ayagoz, 2026 (46-48N, the east; QMDB year API, capture of 6 Oct 2026)
archive/tables/pinned/kz-qmdb/2026-10-06/ayagoz-2027.txt	kz.qmdb/ayagoz	47.940182	80.433333	Asia/Almaty	F+E S D A M I	daily	hanafi	test	Ayagoz's own table at 95 % of its 3.1 km reach, bearing 180: Ayagoz, 2027 (46-48N, the east; QMDB year API, capture of 6 Oct 2026)
archive/tables/pinned/kz-qmdb/2026-10-06/ayagoz-2026.txt	kz.qmdb/ayagoz	47.947936	80.405373	Asia/Almaty	F+E S D A M I	daily	hanafi	test	Ayagoz's own table at 95 % of its 3.1 km reach, bearing 225: Ayagoz, 2026 (46-48N, the east; QMDB year API, capture of 6 Oct 2026)
archive/tables/pinned/kz-qmdb/2026-10-06/ayagoz-2027.txt	kz.qmdb/ayagoz	47.947936	80.405373	Asia/Almaty	F+E S D A M I	daily	hanafi	test	Ayagoz's own table at 95 % of its 3.1 km reach, bearing 225: Ayagoz, 2027 (46-48N, the east; QMDB year API, capture of 6 Oct 2026)
archive/tables/pinned/kz-qmdb/2026-10-06/ayagoz-2026.txt	kz.qmdb/ayagoz	47.966660	80.393777	Asia/Almaty	F+E S D A M I	daily	hanafi	test	Ayagoz's own table at 95 % of its 3.1 km reach, bearing 270: Ayagoz, 2026 (46-48N, the east; QMDB year API, capture of 6 Oct 2026)
archive/tables/pinned/kz-qmdb/2026-10-06/ayagoz-2027.txt	kz.qmdb/ayagoz	47.966660	80.393777	Asia/Almaty	F+E S D A M I	daily	hanafi	test	Ayagoz's own table at 95 % of its 3.1 km reach, bearing 270: Ayagoz, 2027 (46-48N, the east; QMDB year API, capture of 6 Oct 2026)
archive/tables/pinned/kz-qmdb/2026-10-06/ayagoz-2026.txt	kz.qmdb/ayagoz	47.985391	80.405353	Asia/Almaty	F+E S D A M I	daily	hanafi	test	Ayagoz's own table at 95 % of its 3.1 km reach, bearing 315: Ayagoz, 2026 (46-48N, the east; QMDB year API, capture of 6 Oct 2026)
archive/tables/pinned/kz-qmdb/2026-10-06/ayagoz-2027.txt	kz.qmdb/ayagoz	47.985391	80.405353	Asia/Almaty	F+E S D A M I	daily	hanafi	test	Ayagoz's own table at 95 % of its 3.1 km reach, bearing 315: Ayagoz, 2027 (46-48N, the east; QMDB year API, capture of 6 Oct 2026)
archive/tables/pinned/kz-qmdb/2026-10-06/oskemen-2026.txt	kz.qmdb/oskemen	50.049948	82.627848	Asia/Almaty	F+E S D A M I	daily	hanafi	test	Oskemen's own table at 50 % of its 22.6 km reach, bearing 0: Oskemen, 2026 (at/above 48N, just short of a 0.1 deg curve step; QMDB year API, capture of 6 Oct 2026)
archive/tables/pinned/kz-qmdb/2026-10-06/oskemen-2027.txt	kz.qmdb/oskemen	50.049948	82.627848	Asia/Almaty	F+E S D A M I	daily	hanafi	test	Oskemen's own table at 50 % of its 22.6 km reach, bearing 0: Oskemen, 2027 (at/above 48N, just short of a 0.1 deg curve step; QMDB year API, capture of 6 Oct 2026)
archive/tables/pinned/kz-qmdb/2026-10-06/oskemen-2026.txt	kz.qmdb/oskemen	50.020130	82.739687	Asia/Almaty	F+E S D A M I	daily	hanafi	test	Oskemen's own table at 50 % of its 22.6 km reach, bearing 45: Oskemen, 2026 (at/above 48N, just short of a 0.1 deg curve step; QMDB year API, capture of 6 Oct 2026)
archive/tables/pinned/kz-qmdb/2026-10-06/oskemen-2027.txt	kz.qmdb/oskemen	50.020130	82.739687	Asia/Almaty	F+E S D A M I	daily	hanafi	test	Oskemen's own table at 50 % of its 22.6 km reach, bearing 45: Oskemen, 2027 (at/above 48N, just short of a 0.1 deg curve step; QMDB year API, capture of 6 Oct 2026)
archive/tables/pinned/kz-qmdb/2026-10-06/oskemen-2026.txt	kz.qmdb/oskemen	49.948218	82.785776	Asia/Almaty	F+E S D A M I	daily	hanafi	test	Oskemen's own table at 50 % of its 22.6 km reach, bearing 90: Oskemen, 2026 (at/above 48N, just short of a 0.1 deg curve step; QMDB year API, capture of 6 Oct 2026)
archive/tables/pinned/kz-qmdb/2026-10-06/oskemen-2027.txt	kz.qmdb/oskemen	49.948218	82.785776	Asia/Almaty	F+E S D A M I	daily	hanafi	test	Oskemen's own table at 50 % of its 22.6 km reach, bearing 90: Oskemen, 2027 (at/above 48N, just short of a 0.1 deg curve step; QMDB year API, capture of 6 Oct 2026)
archive/tables/pinned/kz-qmdb/2026-10-06/oskemen-2026.txt	kz.qmdb/oskemen	49.876413	82.739354	Asia/Almaty	F+E S D A M I	daily	hanafi	test	Oskemen's own table at 50 % of its 22.6 km reach, bearing 135: Oskemen, 2026 (at/above 48N, just short of a 0.1 deg curve step; QMDB year API, capture of 6 Oct 2026)
archive/tables/pinned/kz-qmdb/2026-10-06/oskemen-2027.txt	kz.qmdb/oskemen	49.876413	82.739354	Asia/Almaty	F+E S D A M I	daily	hanafi	test	Oskemen's own table at 50 % of its 22.6 km reach, bearing 135: Oskemen, 2027 (at/above 48N, just short of a 0.1 deg curve step; QMDB year API, capture of 6 Oct 2026)
archive/tables/pinned/kz-qmdb/2026-10-06/oskemen-2026.txt	kz.qmdb/oskemen	49.846702	82.627848	Asia/Almaty	F+E S D A M I	daily	hanafi	test	Oskemen's own table at 50 % of its 22.6 km reach, bearing 180: Oskemen, 2026 (at/above 48N, just short of a 0.1 deg curve step; QMDB year API, capture of 6 Oct 2026)
archive/tables/pinned/kz-qmdb/2026-10-06/oskemen-2027.txt	kz.qmdb/oskemen	49.846702	82.627848	Asia/Almaty	F+E S D A M I	daily	hanafi	test	Oskemen's own table at 50 % of its 22.6 km reach, bearing 180: Oskemen, 2027 (at/above 48N, just short of a 0.1 deg curve step; QMDB year API, capture of 6 Oct 2026)
archive/tables/pinned/kz-qmdb/2026-10-06/oskemen-2026.txt	kz.qmdb/oskemen	49.876413	82.516342	Asia/Almaty	F+E S D A M I	daily	hanafi	test	Oskemen's own table at 50 % of its 22.6 km reach, bearing 225: Oskemen, 2026 (at/above 48N, just short of a 0.1 deg curve step; QMDB year API, capture of 6 Oct 2026)
archive/tables/pinned/kz-qmdb/2026-10-06/oskemen-2027.txt	kz.qmdb/oskemen	49.876413	82.516342	Asia/Almaty	F+E S D A M I	daily	hanafi	test	Oskemen's own table at 50 % of its 22.6 km reach, bearing 225: Oskemen, 2027 (at/above 48N, just short of a 0.1 deg curve step; QMDB year API, capture of 6 Oct 2026)
archive/tables/pinned/kz-qmdb/2026-10-06/oskemen-2026.txt	kz.qmdb/oskemen	49.948218	82.469920	Asia/Almaty	F+E S D A M I	daily	hanafi	test	Oskemen's own table at 50 % of its 22.6 km reach, bearing 270: Oskemen, 2026 (at/above 48N, just short of a 0.1 deg curve step; QMDB year API, capture of 6 Oct 2026)
archive/tables/pinned/kz-qmdb/2026-10-06/oskemen-2027.txt	kz.qmdb/oskemen	49.948218	82.469920	Asia/Almaty	F+E S D A M I	daily	hanafi	test	Oskemen's own table at 50 % of its 22.6 km reach, bearing 270: Oskemen, 2027 (at/above 48N, just short of a 0.1 deg curve step; QMDB year API, capture of 6 Oct 2026)
archive/tables/pinned/kz-qmdb/2026-10-06/oskemen-2026.txt	kz.qmdb/oskemen	50.020130	82.516009	Asia/Almaty	F+E S D A M I	daily	hanafi	test	Oskemen's own table at 50 % of its 22.6 km reach, bearing 315: Oskemen, 2026 (at/above 48N, just short of a 0.1 deg curve step; QMDB year API, capture of 6 Oct 2026)
archive/tables/pinned/kz-qmdb/2026-10-06/oskemen-2027.txt	kz.qmdb/oskemen	50.020130	82.516009	Asia/Almaty	F+E S D A M I	daily	hanafi	test	Oskemen's own table at 50 % of its 22.6 km reach, bearing 315: Oskemen, 2027 (at/above 48N, just short of a 0.1 deg curve step; QMDB year API, capture of 6 Oct 2026)
archive/tables/pinned/kz-qmdb/2026-10-06/oskemen-2026.txt	kz.qmdb/oskemen	50.141409	82.627848	Asia/Almaty	F+E S D A M I	daily	hanafi	test	Oskemen's own table at 95 % of its 22.6 km reach, bearing 0: Oskemen, 2026 (at/above 48N, just short of a 0.1 deg curve step; QMDB year API, capture of 6 Oct 2026)
archive/tables/pinned/kz-qmdb/2026-10-06/oskemen-2027.txt	kz.qmdb/oskemen	50.141409	82.627848	Asia/Almaty	F+E S D A M I	daily	hanafi	test	Oskemen's own table at 95 % of its 22.6 km reach, bearing 0: Oskemen, 2027 (at/above 48N, just short of a 0.1 deg curve step; QMDB year API, capture of 6 Oct 2026)
archive/tables/pinned/kz-qmdb/2026-10-06/oskemen-2026.txt	kz.qmdb/oskemen	50.084662	82.840628	Asia/Almaty	F+E S D A M I	daily	hanafi	test	Oskemen's own table at 95 % of its 22.6 km reach, bearing 45: Oskemen, 2026 (at/above 48N, just short of a 0.1 deg curve step; QMDB year API, capture of 6 Oct 2026)
archive/tables/pinned/kz-qmdb/2026-10-06/oskemen-2027.txt	kz.qmdb/oskemen	50.084662	82.840628	Asia/Almaty	F+E S D A M I	daily	hanafi	test	Oskemen's own table at 95 % of its 22.6 km reach, bearing 45: Oskemen, 2027 (at/above 48N, just short of a 0.1 deg curve step; QMDB year API, capture of 6 Oct 2026)
archive/tables/pinned/kz-qmdb/2026-10-06/oskemen-2026.txt	kz.qmdb/oskemen	49.947938	82.927910	Asia/Almaty	F+E S D A M I	daily	hanafi	test	Oskemen's own table at 95 % of its 22.6 km reach, bearing 90: Oskemen, 2026 (at/above 48N, just short of a 0.1 deg curve step; QMDB year API, capture of 6 Oct 2026)
archive/tables/pinned/kz-qmdb/2026-10-06/oskemen-2027.txt	kz.qmdb/oskemen	49.947938	82.927910	Asia/Almaty	F+E S D A M I	daily	hanafi	test	Oskemen's own table at 95 % of its 22.6 km reach, bearing 90: Oskemen, 2027 (at/above 48N, just short of a 0.1 deg curve step; QMDB year API, capture of 6 Oct 2026)
archive/tables/pinned/kz-qmdb/2026-10-06/oskemen-2026.txt	kz.qmdb/oskemen	49.811601	82.839425	Asia/Almaty	F+E S D A M I	daily	hanafi	test	Oskemen's own table at 95 % of its 22.6 km reach, bearing 135: Oskemen, 2026 (at/above 48N, just short of a 0.1 deg curve step; QMDB year API, capture of 6 Oct 2026)
archive/tables/pinned/kz-qmdb/2026-10-06/oskemen-2027.txt	kz.qmdb/oskemen	49.811601	82.839425	Asia/Almaty	F+E S D A M I	daily	hanafi	test	Oskemen's own table at 95 % of its 22.6 km reach, bearing 135: Oskemen, 2027 (at/above 48N, just short of a 0.1 deg curve step; QMDB year API, capture of 6 Oct 2026)
archive/tables/pinned/kz-qmdb/2026-10-06/oskemen-2026.txt	kz.qmdb/oskemen	49.755241	82.627848	Asia/Almaty	F+E S D A M I	daily	hanafi	test	Oskemen's own table at 95 % of its 22.6 km reach, bearing 180: Oskemen, 2026 (at/above 48N, just short of a 0.1 deg curve step; QMDB year API, capture of 6 Oct 2026)
archive/tables/pinned/kz-qmdb/2026-10-06/oskemen-2027.txt	kz.qmdb/oskemen	49.755241	82.627848	Asia/Almaty	F+E S D A M I	daily	hanafi	test	Oskemen's own table at 95 % of its 22.6 km reach, bearing 180: Oskemen, 2027 (at/above 48N, just short of a 0.1 deg curve step; QMDB year API, capture of 6 Oct 2026)
archive/tables/pinned/kz-qmdb/2026-10-06/oskemen-2026.txt	kz.qmdb/oskemen	49.811601	82.416271	Asia/Almaty	F+E S D A M I	daily	hanafi	test	Oskemen's own table at 95 % of its 22.6 km reach, bearing 225: Oskemen, 2026 (at/above 48N, just short of a 0.1 deg curve step; QMDB year API, capture of 6 Oct 2026)
archive/tables/pinned/kz-qmdb/2026-10-06/oskemen-2027.txt	kz.qmdb/oskemen	49.811601	82.416271	Asia/Almaty	F+E S D A M I	daily	hanafi	test	Oskemen's own table at 95 % of its 22.6 km reach, bearing 225: Oskemen, 2027 (at/above 48N, just short of a 0.1 deg curve step; QMDB year API, capture of 6 Oct 2026)
archive/tables/pinned/kz-qmdb/2026-10-06/oskemen-2026.txt	kz.qmdb/oskemen	49.947938	82.327786	Asia/Almaty	F+E S D A M I	daily	hanafi	test	Oskemen's own table at 95 % of its 22.6 km reach, bearing 270: Oskemen, 2026 (at/above 48N, just short of a 0.1 deg curve step; QMDB year API, capture of 6 Oct 2026)
archive/tables/pinned/kz-qmdb/2026-10-06/oskemen-2027.txt	kz.qmdb/oskemen	49.947938	82.327786	Asia/Almaty	F+E S D A M I	daily	hanafi	test	Oskemen's own table at 95 % of its 22.6 km reach, bearing 270: Oskemen, 2027 (at/above 48N, just short of a 0.1 deg curve step; QMDB year API, capture of 6 Oct 2026)
archive/tables/pinned/kz-qmdb/2026-10-06/oskemen-2026.txt	kz.qmdb/oskemen	50.084662	82.415068	Asia/Almaty	F+E S D A M I	daily	hanafi	test	Oskemen's own table at 95 % of its 22.6 km reach, bearing 315: Oskemen, 2026 (at/above 48N, just short of a 0.1 deg curve step; QMDB year API, capture of 6 Oct 2026)
archive/tables/pinned/kz-qmdb/2026-10-06/oskemen-2027.txt	kz.qmdb/oskemen	50.084662	82.415068	Asia/Almaty	F+E S D A M I	daily	hanafi	test	Oskemen's own table at 95 % of its 22.6 km reach, bearing 315: Oskemen, 2027 (at/above 48N, just short of a 0.1 deg curve step; QMDB year API, capture of 6 Oct 2026)
archive/tables/pinned/kz-qmdb/2026-10-09/ridder-2026.txt	kz.qmdb/ridder	50.439584	83.506329	Asia/Almaty	F+E S D A M I	daily	hanafi	test	Ridder's own table at 50 % of its 22.4 km reach, bearing 0: Ridder, 2026 (QMDB's own place for the app's city; QMDB year API, capture of 9 Oct 2026)
archive/tables/pinned/kz-qmdb/2026-10-09/ridder-2027.txt	kz.qmdb/ridder	50.439584	83.506329	Asia/Almaty	F+E S D A M I	daily	hanafi	test	Ridder's own table at 50 % of its 22.4 km reach, bearing 0: Ridder, 2027 (QMDB's own place for the app's city; QMDB year API, capture of 9 Oct 2026)
archive/tables/pinned/kz-qmdb/2026-10-09/ridder-2026.txt	kz.qmdb/ridder	50.410029	83.618088	Asia/Almaty	F+E S D A M I	daily	hanafi	test	Ridder's own table at 50 % of its 22.4 km reach, bearing 45: Ridder, 2026 (QMDB's own place for the app's city; QMDB year API, capture of 9 Oct 2026)
archive/tables/pinned/kz-qmdb/2026-10-09/ridder-2027.txt	kz.qmdb/ridder	50.410029	83.618088	Asia/Almaty	F+E S D A M I	daily	hanafi	test	Ridder's own table at 50 % of its 22.4 km reach, bearing 45: Ridder, 2027 (QMDB's own place for the app's city; QMDB year API, capture of 9 Oct 2026)
archive/tables/pinned/kz-qmdb/2026-10-09/ridder-2026.txt	kz.qmdb/ridder	50.338753	83.664143	Asia/Almaty	F+E S D A M I	daily	hanafi	test	Ridder's own table at 50 % of its 22.4 km reach, bearing 90: Ridder, 2026 (QMDB's own place for the app's city; QMDB year API, capture of 9 Oct 2026)
archive/tables/pinned/kz-qmdb/2026-10-09/ridder-2027.txt	kz.qmdb/ridder	50.338753	83.664143	Asia/Almaty	F+E S D A M I	daily	hanafi	test	Ridder's own table at 50 % of its 22.4 km reach, bearing 90: Ridder, 2027 (QMDB's own place for the app's city; QMDB year API, capture of 9 Oct 2026)
archive/tables/pinned/kz-qmdb/2026-10-09/ridder-2026.txt	kz.qmdb/ridder	50.267584	83.617753	Asia/Almaty	F+E S D A M I	daily	hanafi	test	Ridder's own table at 50 % of its 22.4 km reach, bearing 135: Ridder, 2026 (QMDB's own place for the app's city; QMDB year API, capture of 9 Oct 2026)
archive/tables/pinned/kz-qmdb/2026-10-09/ridder-2027.txt	kz.qmdb/ridder	50.267584	83.617753	Asia/Almaty	F+E S D A M I	daily	hanafi	test	Ridder's own table at 50 % of its 22.4 km reach, bearing 135: Ridder, 2027 (QMDB's own place for the app's city; QMDB year API, capture of 9 Oct 2026)
archive/tables/pinned/kz-qmdb/2026-10-09/ridder-2026.txt	kz.qmdb/ridder	50.238136	83.506329	Asia/Almaty	F+E S D A M I	daily	hanafi	test	Ridder's own table at 50 % of its 22.4 km reach, bearing 180: Ridder, 2026 (QMDB's own place for the app's city; QMDB year API, capture of 9 Oct 2026)
archive/tables/pinned/kz-qmdb/2026-10-09/ridder-2027.txt	kz.qmdb/ridder	50.238136	83.506329	Asia/Almaty	F+E S D A M I	daily	hanafi	test	Ridder's own table at 50 % of its 22.4 km reach, bearing 180: Ridder, 2027 (QMDB's own place for the app's city; QMDB year API, capture of 9 Oct 2026)
archive/tables/pinned/kz-qmdb/2026-10-09/ridder-2026.txt	kz.qmdb/ridder	50.267584	83.394905	Asia/Almaty	F+E S D A M I	daily	hanafi	test	Ridder's own table at 50 % of its 22.4 km reach, bearing 225: Ridder, 2026 (QMDB's own place for the app's city; QMDB year API, capture of 9 Oct 2026)
archive/tables/pinned/kz-qmdb/2026-10-09/ridder-2027.txt	kz.qmdb/ridder	50.267584	83.394905	Asia/Almaty	F+E S D A M I	daily	hanafi	test	Ridder's own table at 50 % of its 22.4 km reach, bearing 225: Ridder, 2027 (QMDB's own place for the app's city; QMDB year API, capture of 9 Oct 2026)
archive/tables/pinned/kz-qmdb/2026-10-09/ridder-2026.txt	kz.qmdb/ridder	50.338753	83.348515	Asia/Almaty	F+E S D A M I	daily	hanafi	test	Ridder's own table at 50 % of its 22.4 km reach, bearing 270: Ridder, 2026 (QMDB's own place for the app's city; QMDB year API, capture of 9 Oct 2026)
archive/tables/pinned/kz-qmdb/2026-10-09/ridder-2027.txt	kz.qmdb/ridder	50.338753	83.348515	Asia/Almaty	F+E S D A M I	daily	hanafi	test	Ridder's own table at 50 % of its 22.4 km reach, bearing 270: Ridder, 2027 (QMDB's own place for the app's city; QMDB year API, capture of 9 Oct 2026)
archive/tables/pinned/kz-qmdb/2026-10-09/ridder-2026.txt	kz.qmdb/ridder	50.410029	83.394570	Asia/Almaty	F+E S D A M I	daily	hanafi	test	Ridder's own table at 50 % of its 22.4 km reach, bearing 315: Ridder, 2026 (QMDB's own place for the app's city; QMDB year API, capture of 9 Oct 2026)
archive/tables/pinned/kz-qmdb/2026-10-09/ridder-2027.txt	kz.qmdb/ridder	50.410029	83.394570	Asia/Almaty	F+E S D A M I	daily	hanafi	test	Ridder's own table at 50 % of its 22.4 km reach, bearing 315: Ridder, 2027 (QMDB's own place for the app's city; QMDB year API, capture of 9 Oct 2026)
archive/tables/pinned/kz-qmdb/2026-10-09/ridder-2026.txt	kz.qmdb/ridder	50.530236	83.506329	Asia/Almaty	F+E S D A M I	daily	hanafi	test	Ridder's own table at 95 % of its 22.4 km reach, bearing 0: Ridder, 2026 (QMDB's own place for the app's city; QMDB year API, capture of 9 Oct 2026)
archive/tables/pinned/kz-qmdb/2026-10-09/ridder-2027.txt	kz.qmdb/ridder	50.530236	83.506329	Asia/Almaty	F+E S D A M I	daily	hanafi	test	Ridder's own table at 95 % of its 22.4 km reach, bearing 0: Ridder, 2027 (QMDB's own place for the app's city; QMDB year API, capture of 9 Oct 2026)
archive/tables/pinned/kz-qmdb/2026-10-09/ridder-2026.txt	kz.qmdb/ridder	50.473990	83.718958	Asia/Almaty	F+E S D A M I	daily	hanafi	test	Ridder's own table at 95 % of its 22.4 km reach, bearing 45: Ridder, 2026 (QMDB's own place for the app's city; QMDB year API, capture of 9 Oct 2026)
archive/tables/pinned/kz-qmdb/2026-10-09/ridder-2027.txt	kz.qmdb/ridder	50.473990	83.718958	Asia/Almaty	F+E S D A M I	daily	hanafi	test	Ridder's own table at 95 % of its 22.4 km reach, bearing 45: Ridder, 2027 (QMDB's own place for the app's city; QMDB year API, capture of 9 Oct 2026)
archive/tables/pinned/kz-qmdb/2026-10-09/ridder-2026.txt	kz.qmdb/ridder	50.338474	83.806174	Asia/Almaty	F+E S D A M I	daily	hanafi	test	Ridder's own table at 95 % of its 22.4 km reach, bearing 90: Ridder, 2026 (QMDB's own place for the app's city; QMDB year API, capture of 9 Oct 2026)
archive/tables/pinned/kz-qmdb/2026-10-09/ridder-2027.txt	kz.qmdb/ridder	50.338474	83.806174	Asia/Almaty	F+E S D A M I	daily	hanafi	test	Ridder's own table at 95 % of its 22.4 km reach, bearing 90: Ridder, 2027 (QMDB's own place for the app's city; QMDB year API, capture of 9 Oct 2026)
archive/tables/pinned/kz-qmdb/2026-10-09/ridder-2026.txt	kz.qmdb/ridder	50.203345	83.717750	Asia/Almaty	F+E S D A M I	daily	hanafi	test	Ridder's own table at 95 % of its 22.4 km reach, bearing 135: Ridder, 2026 (QMDB's own place for the app's city; QMDB year API, capture of 9 Oct 2026)
archive/tables/pinned/kz-qmdb/2026-10-09/ridder-2027.txt	kz.qmdb/ridder	50.203345	83.717750	Asia/Almaty	F+E S D A M I	daily	hanafi	test	Ridder's own table at 95 % of its 22.4 km reach, bearing 135: Ridder, 2027 (QMDB's own place for the app's city; QMDB year API, capture of 9 Oct 2026)
archive/tables/pinned/kz-qmdb/2026-10-09/ridder-2026.txt	kz.qmdb/ridder	50.147484	83.506329	Asia/Almaty	F+E S D A M I	daily	hanafi	test	Ridder's own table at 95 % of its 22.4 km reach, bearing 180: Ridder, 2026 (QMDB's own place for the app's city; QMDB year API, capture of 9 Oct 2026)
archive/tables/pinned/kz-qmdb/2026-10-09/ridder-2027.txt	kz.qmdb/ridder	50.147484	83.506329	Asia/Almaty	F+E S D A M I	daily	hanafi	test	Ridder's own table at 95 % of its 22.4 km reach, bearing 180: Ridder, 2027 (QMDB's own place for the app's city; QMDB year API, capture of 9 Oct 2026)
archive/tables/pinned/kz-qmdb/2026-10-09/ridder-2026.txt	kz.qmdb/ridder	50.203345	83.294908	Asia/Almaty	F+E S D A M I	daily	hanafi	test	Ridder's own table at 95 % of its 22.4 km reach, bearing 225: Ridder, 2026 (QMDB's own place for the app's city; QMDB year API, capture of 9 Oct 2026)
archive/tables/pinned/kz-qmdb/2026-10-09/ridder-2027.txt	kz.qmdb/ridder	50.203345	83.294908	Asia/Almaty	F+E S D A M I	daily	hanafi	test	Ridder's own table at 95 % of its 22.4 km reach, bearing 225: Ridder, 2027 (QMDB's own place for the app's city; QMDB year API, capture of 9 Oct 2026)
archive/tables/pinned/kz-qmdb/2026-10-09/ridder-2026.txt	kz.qmdb/ridder	50.338474	83.206484	Asia/Almaty	F+E S D A M I	daily	hanafi	test	Ridder's own table at 95 % of its 22.4 km reach, bearing 270: Ridder, 2026 (QMDB's own place for the app's city; QMDB year API, capture of 9 Oct 2026)
archive/tables/pinned/kz-qmdb/2026-10-09/ridder-2027.txt	kz.qmdb/ridder	50.338474	83.206484	Asia/Almaty	F+E S D A M I	daily	hanafi	test	Ridder's own table at 95 % of its 22.4 km reach, bearing 270: Ridder, 2027 (QMDB's own place for the app's city; QMDB year API, capture of 9 Oct 2026)
archive/tables/pinned/kz-qmdb/2026-10-09/ridder-2026.txt	kz.qmdb/ridder	50.473990	83.293700	Asia/Almaty	F+E S D A M I	daily	hanafi	test	Ridder's own table at 95 % of its 22.4 km reach, bearing 315: Ridder, 2026 (QMDB's own place for the app's city; QMDB year API, capture of 9 Oct 2026)
archive/tables/pinned/kz-qmdb/2026-10-09/ridder-2027.txt	kz.qmdb/ridder	50.473990	83.293700	Asia/Almaty	F+E S D A M I	daily	hanafi	test	Ridder's own table at 95 % of its 22.4 km reach, bearing 315: Ridder, 2027 (QMDB's own place for the app's city; QMDB year API, capture of 9 Oct 2026)
archive/tables/pinned/kz-qmdb/2026-10-09/semey-2026.txt	kz.qmdb/semey	50.503901	80.249235	Asia/Almaty	F+E S D A M I	daily	hanafi	test	Semey's own table at 50 % of its 22.0 km reach, bearing 0: Semey, 2026 (QMDB's own place for the app's city; QMDB year API, capture of 9 Oct 2026)
archive/tables/pinned/kz-qmdb/2026-10-09/semey-2027.txt	kz.qmdb/semey	50.503901	80.249235	Asia/Almaty	F+E S D A M I	daily	hanafi	test	Semey's own table at 50 % of its 22.0 km reach, bearing 0: Semey, 2027 (QMDB's own place for the app's city; QMDB year API, capture of 9 Oct 2026)
archive/tables/pinned/kz-qmdb/2026-10-09/semey-2026.txt	kz.qmdb/semey	50.474875	80.359149	Asia/Almaty	F+E S D A M I	daily	hanafi	test	Semey's own table at 50 % of its 22.0 km reach, bearing 45: Semey, 2026 (QMDB's own place for the app's city; QMDB year API, capture of 9 Oct 2026)
archive/tables/pinned/kz-qmdb/2026-10-09/semey-2027.txt	kz.qmdb/semey	50.474875	80.359149	Asia/Almaty	F+E S D A M I	daily	hanafi	test	Semey's own table at 50 % of its 22.0 km reach, bearing 45: Semey, 2027 (QMDB's own place for the app's city; QMDB year API, capture of 9 Oct 2026)
archive/tables/pinned/kz-qmdb/2026-10-09/semey-2026.txt	kz.qmdb/semey	50.404873	80.404447	Asia/Almaty	F+E S D A M I	daily	hanafi	test	Semey's own table at 50 % of its 22.0 km reach, bearing 90: Semey, 2026 (QMDB's own place for the app's city; QMDB year API, capture of 9 Oct 2026)
archive/tables/pinned/kz-qmdb/2026-10-09/semey-2027.txt	kz.qmdb/semey	50.404873	80.404447	Asia/Almaty	F+E S D A M I	daily	hanafi	test	Semey's own table at 50 % of its 22.0 km reach, bearing 90: Semey, 2027 (QMDB's own place for the app's city; QMDB year API, capture of 9 Oct 2026)
archive/tables/pinned/kz-qmdb/2026-10-09/semey-2026.txt	kz.qmdb/semey	50.334974	80.358825	Asia/Almaty	F+E S D A M I	daily	hanafi	test	Semey's own table at 50 % of its 22.0 km reach, bearing 135: Semey, 2026 (QMDB's own place for the app's city; QMDB year API, capture of 9 Oct 2026)
archive/tables/pinned/kz-qmdb/2026-10-09/semey-2027.txt	kz.qmdb/semey	50.334974	80.358825	Asia/Almaty	F+E S D A M I	daily	hanafi	test	Semey's own table at 50 % of its 22.0 km reach, bearing 135: Semey, 2027 (QMDB's own place for the app's city; QMDB year API, capture of 9 Oct 2026)
archive/tables/pinned/kz-qmdb/2026-10-09/semey-2026.txt	kz.qmdb/semey	50.306051	80.249235	Asia/Almaty	F+E S D A M I	daily	hanafi	test	Semey's own table at 50 % of its 22.0 km reach, bearing 180: Semey, 2026 (QMDB's own place for the app's city; QMDB year API, capture of 9 Oct 2026)
archive/tables/pinned/kz-qmdb/2026-10-09/semey-2027.txt	kz.qmdb/semey	50.306051	80.249235	Asia/Almaty	F+E S D A M I	daily	hanafi	test	Semey's own table at 50 % of its 22.0 km reach, bearing 180: Semey, 2027 (QMDB's own place for the app's city; QMDB year API, capture of 9 Oct 2026)
archive/tables/pinned/kz-qmdb/2026-10-09/semey-2026.txt	kz.qmdb/semey	50.334974	80.139645	Asia/Almaty	F+E S D A M I	daily	hanafi	test	Semey's own table at 50 % of its 22.0 km reach, bearing 225: Semey, 2026 (QMDB's own place for the app's city; QMDB year API, capture of 9 Oct 2026)
archive/tables/pinned/kz-qmdb/2026-10-09/semey-2027.txt	kz.qmdb/semey	50.334974	80.139645	Asia/Almaty	F+E S D A M I	daily	hanafi	test	Semey's own table at 50 % of its 22.0 km reach, bearing 225: Semey, 2027 (QMDB's own place for the app's city; QMDB year API, capture of 9 Oct 2026)
archive/tables/pinned/kz-qmdb/2026-10-09/semey-2026.txt	kz.qmdb/semey	50.404873	80.094023	Asia/Almaty	F+E S D A M I	daily	hanafi	test	Semey's own table at 50 % of its 22.0 km reach, bearing 270: Semey, 2026 (QMDB's own place for the app's city; QMDB year API, capture of 9 Oct 2026)
archive/tables/pinned/kz-qmdb/2026-10-09/semey-2027.txt	kz.qmdb/semey	50.404873	80.094023	Asia/Almaty	F+E S D A M I	daily	hanafi	test	Semey's own table at 50 % of its 22.0 km reach, bearing 270: Semey, 2027 (QMDB's own place for the app's city; QMDB year API, capture of 9 Oct 2026)
archive/tables/pinned/kz-qmdb/2026-10-09/semey-2026.txt	kz.qmdb/semey	50.474875	80.139321	Asia/Almaty	F+E S D A M I	daily	hanafi	test	Semey's own table at 50 % of its 22.0 km reach, bearing 315: Semey, 2026 (QMDB's own place for the app's city; QMDB year API, capture of 9 Oct 2026)
archive/tables/pinned/kz-qmdb/2026-10-09/semey-2027.txt	kz.qmdb/semey	50.474875	80.139321	Asia/Almaty	F+E S D A M I	daily	hanafi	test	Semey's own table at 50 % of its 22.0 km reach, bearing 315: Semey, 2027 (QMDB's own place for the app's city; QMDB year API, capture of 9 Oct 2026)
archive/tables/pinned/kz-qmdb/2026-10-09/semey-2026.txt	kz.qmdb/semey	50.592934	80.249235	Asia/Almaty	F+E S D A M I	daily	hanafi	test	Semey's own table at 95 % of its 22.0 km reach, bearing 0: Semey, 2026 (QMDB's own place for the app's city; QMDB year API, capture of 9 Oct 2026)
archive/tables/pinned/kz-qmdb/2026-10-09/semey-2027.txt	kz.qmdb/semey	50.592934	80.249235	Asia/Almaty	F+E S D A M I	daily	hanafi	test	Semey's own table at 95 % of its 22.0 km reach, bearing 0: Semey, 2027 (QMDB's own place for the app's city; QMDB year API, capture of 9 Oct 2026)
archive/tables/pinned/kz-qmdb/2026-10-09/semey-2026.txt	kz.qmdb/semey	50.537696	80.458349	Asia/Almaty	F+E S D A M I	daily	hanafi	test	Semey's own table at 95 % of its 22.0 km reach, bearing 45: Semey, 2026 (QMDB's own place for the app's city; QMDB year API, capture of 9 Oct 2026)
archive/tables/pinned/kz-qmdb/2026-10-09/semey-2027.txt	kz.qmdb/semey	50.537696	80.458349	Asia/Almaty	F+E S D A M I	daily	hanafi	test	Semey's own table at 95 % of its 22.0 km reach, bearing 45: Semey, 2027 (QMDB's own place for the app's city; QMDB year API, capture of 9 Oct 2026)
archive/tables/pinned/kz-qmdb/2026-10-09/semey-2026.txt	kz.qmdb/semey	50.404603	80.544136	Asia/Almaty	F+E S D A M I	daily	hanafi	test	Semey's own table at 95 % of its 22.0 km reach, bearing 90: Semey, 2026 (QMDB's own place for the app's city; QMDB year API, capture of 9 Oct 2026)
archive/tables/pinned/kz-qmdb/2026-10-09/semey-2027.txt	kz.qmdb/semey	50.404603	80.544136	Asia/Almaty	F+E S D A M I	daily	hanafi	test	Semey's own table at 95 % of its 22.0 km reach, bearing 90: Semey, 2027 (QMDB's own place for the app's city; QMDB year API, capture of 9 Oct 2026)
archive/tables/pinned/kz-qmdb/2026-10-09/semey-2026.txt	kz.qmdb/semey	50.271884	80.457179	Asia/Almaty	F+E S D A M I	daily	hanafi	test	Semey's own table at 95 % of its 22.0 km reach, bearing 135: Semey, 2026 (QMDB's own place for the app's city; QMDB year API, capture of 9 Oct 2026)
archive/tables/pinned/kz-qmdb/2026-10-09/semey-2027.txt	kz.qmdb/semey	50.271884	80.457179	Asia/Almaty	F+E S D A M I	daily	hanafi	test	Semey's own table at 95 % of its 22.0 km reach, bearing 135: Semey, 2027 (QMDB's own place for the app's city; QMDB year API, capture of 9 Oct 2026)
archive/tables/pinned/kz-qmdb/2026-10-09/semey-2026.txt	kz.qmdb/semey	50.217018	80.249235	Asia/Almaty	F+E S D A M I	daily	hanafi	test	Semey's own table at 95 % of its 22.0 km reach, bearing 180: Semey, 2026 (QMDB's own place for the app's city; QMDB year API, capture of 9 Oct 2026)
archive/tables/pinned/kz-qmdb/2026-10-09/semey-2027.txt	kz.qmdb/semey	50.217018	80.249235	Asia/Almaty	F+E S D A M I	daily	hanafi	test	Semey's own table at 95 % of its 22.0 km reach, bearing 180: Semey, 2027 (QMDB's own place for the app's city; QMDB year API, capture of 9 Oct 2026)
archive/tables/pinned/kz-qmdb/2026-10-09/semey-2026.txt	kz.qmdb/semey	50.271884	80.041291	Asia/Almaty	F+E S D A M I	daily	hanafi	test	Semey's own table at 95 % of its 22.0 km reach, bearing 225: Semey, 2026 (QMDB's own place for the app's city; QMDB year API, capture of 9 Oct 2026)
archive/tables/pinned/kz-qmdb/2026-10-09/semey-2027.txt	kz.qmdb/semey	50.271884	80.041291	Asia/Almaty	F+E S D A M I	daily	hanafi	test	Semey's own table at 95 % of its 22.0 km reach, bearing 225: Semey, 2027 (QMDB's own place for the app's city; QMDB year API, capture of 9 Oct 2026)
archive/tables/pinned/kz-qmdb/2026-10-09/semey-2026.txt	kz.qmdb/semey	50.404603	79.954334	Asia/Almaty	F+E S D A M I	daily	hanafi	test	Semey's own table at 95 % of its 22.0 km reach, bearing 270: Semey, 2026 (QMDB's own place for the app's city; QMDB year API, capture of 9 Oct 2026)
archive/tables/pinned/kz-qmdb/2026-10-09/semey-2027.txt	kz.qmdb/semey	50.404603	79.954334	Asia/Almaty	F+E S D A M I	daily	hanafi	test	Semey's own table at 95 % of its 22.0 km reach, bearing 270: Semey, 2027 (QMDB's own place for the app's city; QMDB year API, capture of 9 Oct 2026)
archive/tables/pinned/kz-qmdb/2026-10-09/semey-2026.txt	kz.qmdb/semey	50.537696	80.040121	Asia/Almaty	F+E S D A M I	daily	hanafi	test	Semey's own table at 95 % of its 22.0 km reach, bearing 315: Semey, 2026 (QMDB's own place for the app's city; QMDB year API, capture of 9 Oct 2026)
archive/tables/pinned/kz-qmdb/2026-10-09/semey-2027.txt	kz.qmdb/semey	50.537696	80.040121	Asia/Almaty	F+E S D A M I	daily	hanafi	test	Semey's own table at 95 % of its 22.0 km reach, bearing 315: Semey, 2027 (QMDB's own place for the app's city; QMDB year API, capture of 9 Oct 2026)
archive/tables/pinned/kz-qmdb/2026-10-09/zhanatas-2026.txt	kz.qmdb/zhanatas	43.695843	69.722525	Asia/Almaty	F+E S D A M I	daily	hanafi	test	Zhanatas's own table at 50 % of its 31.4 km reach, bearing 0: Zhanatas, 2026 (QMDB's own place for the app's city; QMDB year API, capture of 9 Oct 2026)
archive/tables/pinned/kz-qmdb/2026-10-09/zhanatas-2027.txt	kz.qmdb/zhanatas	43.695843	69.722525	Asia/Almaty	F+E S D A M I	daily	hanafi	test	Zhanatas's own table at 50 % of its 31.4 km reach, bearing 0: Zhanatas, 2027 (QMDB's own place for the app's city; QMDB year API, capture of 9 Oct 2026)
archive/tables/pinned/kz-qmdb/2026-10-09/zhanatas-2026.txt	kz.qmdb/zhanatas	43.654406	69.860516	Asia/Almaty	F+E S D A M I	daily	hanafi	test	Zhanatas's own table at 50 % of its 31.4 km reach, bearing 45: Zhanatas, 2026 (QMDB's own place for the app's city; QMDB year API, capture of 9 Oct 2026)
archive/tables/pinned/kz-qmdb/2026-10-09/zhanatas-2027.txt	kz.qmdb/zhanatas	43.654406	69.860516	Asia/Almaty	F+E S D A M I	daily	hanafi	test	Zhanatas's own table at 50 % of its 31.4 km reach, bearing 45: Zhanatas, 2027 (QMDB's own place for the app's city; QMDB year API, capture of 9 Oct 2026)
archive/tables/pinned/kz-qmdb/2026-10-09/zhanatas-2026.txt	kz.qmdb/zhanatas	43.554485	69.917350	Asia/Almaty	F+E S D A M I	daily	hanafi	test	Zhanatas's own table at 50 % of its 31.4 km reach, bearing 90: Zhanatas, 2026 (QMDB's own place for the app's city; QMDB year API, capture of 9 Oct 2026)
archive/tables/pinned/kz-qmdb/2026-10-09/zhanatas-2027.txt	kz.qmdb/zhanatas	43.554485	69.917350	Asia/Almaty	F+E S D A M I	daily	hanafi	test	Zhanatas's own table at 50 % of its 31.4 km reach, bearing 90: Zhanatas, 2027 (QMDB's own place for the app's city; QMDB year API, capture of 9 Oct 2026)
archive/tables/pinned/kz-qmdb/2026-10-09/zhanatas-2026.txt	kz.qmdb/zhanatas	43.454729	69.860060	Asia/Almaty	F+E S D A M I	daily	hanafi	test	Zhanatas's own table at 50 % of its 31.4 km reach, bearing 135: Zhanatas, 2026 (QMDB's own place for the app's city; QMDB year API, capture of 9 Oct 2026)
archive/tables/pinned/kz-qmdb/2026-10-09/zhanatas-2027.txt	kz.qmdb/zhanatas	43.454729	69.860060	Asia/Almaty	F+E S D A M I	daily	hanafi	test	Zhanatas's own table at 50 % of its 31.4 km reach, bearing 135: Zhanatas, 2027 (QMDB's own place for the app's city; QMDB year API, capture of 9 Oct 2026)
archive/tables/pinned/kz-qmdb/2026-10-09/zhanatas-2026.txt	kz.qmdb/zhanatas	43.413457	69.722525	Asia/Almaty	F+E S D A M I	daily	hanafi	test	Zhanatas's own table at 50 % of its 31.4 km reach, bearing 180: Zhanatas, 2026 (QMDB's own place for the app's city; QMDB year API, capture of 9 Oct 2026)
archive/tables/pinned/kz-qmdb/2026-10-09/zhanatas-2027.txt	kz.qmdb/zhanatas	43.413457	69.722525	Asia/Almaty	F+E S D A M I	daily	hanafi	test	Zhanatas's own table at 50 % of its 31.4 km reach, bearing 180: Zhanatas, 2027 (QMDB's own place for the app's city; QMDB year API, capture of 9 Oct 2026)
archive/tables/pinned/kz-qmdb/2026-10-09/zhanatas-2026.txt	kz.qmdb/zhanatas	43.454729	69.584990	Asia/Almaty	F+E S D A M I	daily	hanafi	test	Zhanatas's own table at 50 % of its 31.4 km reach, bearing 225: Zhanatas, 2026 (QMDB's own place for the app's city; QMDB year API, capture of 9 Oct 2026)
archive/tables/pinned/kz-qmdb/2026-10-09/zhanatas-2027.txt	kz.qmdb/zhanatas	43.454729	69.584990	Asia/Almaty	F+E S D A M I	daily	hanafi	test	Zhanatas's own table at 50 % of its 31.4 km reach, bearing 225: Zhanatas, 2027 (QMDB's own place for the app's city; QMDB year API, capture of 9 Oct 2026)
archive/tables/pinned/kz-qmdb/2026-10-09/zhanatas-2026.txt	kz.qmdb/zhanatas	43.554485	69.527700	Asia/Almaty	F+E S D A M I	daily	hanafi	test	Zhanatas's own table at 50 % of its 31.4 km reach, bearing 270: Zhanatas, 2026 (QMDB's own place for the app's city; QMDB year API, capture of 9 Oct 2026)
archive/tables/pinned/kz-qmdb/2026-10-09/zhanatas-2027.txt	kz.qmdb/zhanatas	43.554485	69.527700	Asia/Almaty	F+E S D A M I	daily	hanafi	test	Zhanatas's own table at 50 % of its 31.4 km reach, bearing 270: Zhanatas, 2027 (QMDB's own place for the app's city; QMDB year API, capture of 9 Oct 2026)
archive/tables/pinned/kz-qmdb/2026-10-09/zhanatas-2026.txt	kz.qmdb/zhanatas	43.654406	69.584534	Asia/Almaty	F+E S D A M I	daily	hanafi	test	Zhanatas's own table at 50 % of its 31.4 km reach, bearing 315: Zhanatas, 2026 (QMDB's own place for the app's city; QMDB year API, capture of 9 Oct 2026)
archive/tables/pinned/kz-qmdb/2026-10-09/zhanatas-2027.txt	kz.qmdb/zhanatas	43.654406	69.584534	Asia/Almaty	F+E S D A M I	daily	hanafi	test	Zhanatas's own table at 50 % of its 31.4 km reach, bearing 315: Zhanatas, 2027 (QMDB's own place for the app's city; QMDB year API, capture of 9 Oct 2026)
archive/tables/pinned/kz-qmdb/2026-10-09/zhanatas-2026.txt	kz.qmdb/zhanatas	43.822918	69.722525	Asia/Almaty	F+E S D A M I	daily	hanafi	test	Zhanatas's own table at 95 % of its 31.4 km reach, bearing 0: Zhanatas, 2026 (QMDB's own place for the app's city; QMDB year API, capture of 9 Oct 2026)
archive/tables/pinned/kz-qmdb/2026-10-09/zhanatas-2027.txt	kz.qmdb/zhanatas	43.822918	69.722525	Asia/Almaty	F+E S D A M I	daily	hanafi	test	Zhanatas's own table at 95 % of its 31.4 km reach, bearing 0: Zhanatas, 2027 (QMDB's own place for the app's city; QMDB year API, capture of 9 Oct 2026)
archive/tables/pinned/kz-qmdb/2026-10-09/zhanatas-2026.txt	kz.qmdb/zhanatas	43.744044	69.985100	Asia/Almaty	F+E S D A M I	daily	hanafi	test	Zhanatas's own table at 95 % of its 31.4 km reach, bearing 45: Zhanatas, 2026 (QMDB's own place for the app's city; QMDB year API, capture of 9 Oct 2026)
archive/tables/pinned/kz-qmdb/2026-10-09/zhanatas-2027.txt	kz.qmdb/zhanatas	43.744044	69.985100	Asia/Almaty	F+E S D A M I	daily	hanafi	test	Zhanatas's own table at 95 % of its 31.4 km reach, bearing 45: Zhanatas, 2027 (QMDB's own place for the app's city; QMDB year API, capture of 9 Oct 2026)
archive/tables/pinned/kz-qmdb/2026-10-09/zhanatas-2026.txt	kz.qmdb/zhanatas	43.554053	70.092691	Asia/Almaty	F+E S D A M I	daily	hanafi	test	Zhanatas's own table at 95 % of its 31.4 km reach, bearing 90: Zhanatas, 2026 (QMDB's own place for the app's city; QMDB year API, capture of 9 Oct 2026)
archive/tables/pinned/kz-qmdb/2026-10-09/zhanatas-2027.txt	kz.qmdb/zhanatas	43.554053	70.092691	Asia/Almaty	F+E S D A M I	daily	hanafi	test	Zhanatas's own table at 95 % of its 31.4 km reach, bearing 90: Zhanatas, 2027 (QMDB's own place for the app's city; QMDB year API, capture of 9 Oct 2026)
archive/tables/pinned/kz-qmdb/2026-10-09/zhanatas-2026.txt	kz.qmdb/zhanatas	43.364659	69.983452	Asia/Almaty	F+E S D A M I	daily	hanafi	test	Zhanatas's own table at 95 % of its 31.4 km reach, bearing 135: Zhanatas, 2026 (QMDB's own place for the app's city; QMDB year API, capture of 9 Oct 2026)
archive/tables/pinned/kz-qmdb/2026-10-09/zhanatas-2027.txt	kz.qmdb/zhanatas	43.364659	69.983452	Asia/Almaty	F+E S D A M I	daily	hanafi	test	Zhanatas's own table at 95 % of its 31.4 km reach, bearing 135: Zhanatas, 2027 (QMDB's own place for the app's city; QMDB year API, capture of 9 Oct 2026)
archive/tables/pinned/kz-qmdb/2026-10-09/zhanatas-2026.txt	kz.qmdb/zhanatas	43.286382	69.722525	Asia/Almaty	F+E S D A M I	daily	hanafi	test	Zhanatas's own table at 95 % of its 31.4 km reach, bearing 180: Zhanatas, 2026 (QMDB's own place for the app's city; QMDB year API, capture of 9 Oct 2026)
archive/tables/pinned/kz-qmdb/2026-10-09/zhanatas-2027.txt	kz.qmdb/zhanatas	43.286382	69.722525	Asia/Almaty	F+E S D A M I	daily	hanafi	test	Zhanatas's own table at 95 % of its 31.4 km reach, bearing 180: Zhanatas, 2027 (QMDB's own place for the app's city; QMDB year API, capture of 9 Oct 2026)
archive/tables/pinned/kz-qmdb/2026-10-09/zhanatas-2026.txt	kz.qmdb/zhanatas	43.364659	69.461598	Asia/Almaty	F+E S D A M I	daily	hanafi	test	Zhanatas's own table at 95 % of its 31.4 km reach, bearing 225: Zhanatas, 2026 (QMDB's own place for the app's city; QMDB year API, capture of 9 Oct 2026)
archive/tables/pinned/kz-qmdb/2026-10-09/zhanatas-2027.txt	kz.qmdb/zhanatas	43.364659	69.461598	Asia/Almaty	F+E S D A M I	daily	hanafi	test	Zhanatas's own table at 95 % of its 31.4 km reach, bearing 225: Zhanatas, 2027 (QMDB's own place for the app's city; QMDB year API, capture of 9 Oct 2026)
archive/tables/pinned/kz-qmdb/2026-10-09/zhanatas-2026.txt	kz.qmdb/zhanatas	43.554053	69.352359	Asia/Almaty	F+E S D A M I	daily	hanafi	test	Zhanatas's own table at 95 % of its 31.4 km reach, bearing 270: Zhanatas, 2026 (QMDB's own place for the app's city; QMDB year API, capture of 9 Oct 2026)
archive/tables/pinned/kz-qmdb/2026-10-09/zhanatas-2027.txt	kz.qmdb/zhanatas	43.554053	69.352359	Asia/Almaty	F+E S D A M I	daily	hanafi	test	Zhanatas's own table at 95 % of its 31.4 km reach, bearing 270: Zhanatas, 2027 (QMDB's own place for the app's city; QMDB year API, capture of 9 Oct 2026)
archive/tables/pinned/kz-qmdb/2026-10-09/zhanatas-2026.txt	kz.qmdb/zhanatas	43.744044	69.459950	Asia/Almaty	F+E S D A M I	daily	hanafi	test	Zhanatas's own table at 95 % of its 31.4 km reach, bearing 315: Zhanatas, 2026 (QMDB's own place for the app's city; QMDB year API, capture of 9 Oct 2026)
archive/tables/pinned/kz-qmdb/2026-10-09/zhanatas-2027.txt	kz.qmdb/zhanatas	43.744044	69.459950	Asia/Almaty	F+E S D A M I	daily	hanafi	test	Zhanatas's own table at 95 % of its 31.4 km reach, bearing 315: Zhanatas, 2027 (QMDB's own place for the app's city; QMDB year API, capture of 9 Oct 2026)
archive/tables/pinned/kz-qmdb/2026-10-09/karatau-2026.txt	kz.qmdb/karatau	43.310558	70.466667	Asia/Almaty	F+E S D A M I	daily	hanafi	test	Karatau's own table at 50 % of its 32.0 km reach, bearing 0: Karatau, 2026 (QMDB's own place for the app's city; QMDB year API, capture of 9 Oct 2026)
archive/tables/pinned/kz-qmdb/2026-10-09/karatau-2027.txt	kz.qmdb/karatau	43.310558	70.466667	Asia/Almaty	F+E S D A M I	daily	hanafi	test	Karatau's own table at 50 % of its 32.0 km reach, bearing 0: Karatau, 2027 (QMDB's own place for the app's city; QMDB year API, capture of 9 Oct 2026)
archive/tables/pinned/kz-qmdb/2026-10-09/karatau-2026.txt	kz.qmdb/karatau	43.268329	70.606400	Asia/Almaty	F+E S D A M I	daily	hanafi	test	Karatau's own table at 50 % of its 32.0 km reach, bearing 45: Karatau, 2026 (QMDB's own place for the app's city; QMDB year API, capture of 9 Oct 2026)
archive/tables/pinned/kz-qmdb/2026-10-09/karatau-2027.txt	kz.qmdb/karatau	43.268329	70.606400	Asia/Almaty	F+E S D A M I	daily	hanafi	test	Karatau's own table at 50 % of its 32.0 km reach, bearing 45: Karatau, 2027 (QMDB's own place for the app's city; QMDB year API, capture of 9 Oct 2026)
archive/tables/pinned/kz-qmdb/2026-10-09/karatau-2026.txt	kz.qmdb/karatau	43.166498	70.663949	Asia/Almaty	F+E S D A M I	daily	hanafi	test	Karatau's own table at 50 % of its 32.0 km reach, bearing 90: Karatau, 2026 (QMDB's own place for the app's city; QMDB year API, capture of 9 Oct 2026)
archive/tables/pinned/kz-qmdb/2026-10-09/karatau-2027.txt	kz.qmdb/karatau	43.166498	70.663949	Asia/Almaty	F+E S D A M I	daily	hanafi	test	Karatau's own table at 50 % of its 32.0 km reach, bearing 90: Karatau, 2027 (QMDB's own place for the app's city; QMDB year API, capture of 9 Oct 2026)
archive/tables/pinned/kz-qmdb/2026-10-09/karatau-2026.txt	kz.qmdb/karatau	43.064836	70.605935	Asia/Almaty	F+E S D A M I	daily	hanafi	test	Karatau's own table at 50 % of its 32.0 km reach, bearing 135: Karatau, 2026 (QMDB's own place for the app's city; QMDB year API, capture of 9 Oct 2026)
archive/tables/pinned/kz-qmdb/2026-10-09/karatau-2027.txt	kz.qmdb/karatau	43.064836	70.605935	Asia/Almaty	F+E S D A M I	daily	hanafi	test	Karatau's own table at 50 % of its 32.0 km reach, bearing 135: Karatau, 2027 (QMDB's own place for the app's city; QMDB year API, capture of 9 Oct 2026)
archive/tables/pinned/kz-qmdb/2026-10-09/karatau-2026.txt	kz.qmdb/karatau	43.022776	70.466667	Asia/Almaty	F+E S D A M I	daily	hanafi	test	Karatau's own table at 50 % of its 32.0 km reach, bearing 180: Karatau, 2026 (QMDB's own place for the app's city; QMDB year API, capture of 9 Oct 2026)
archive/tables/pinned/kz-qmdb/2026-10-09/karatau-2027.txt	kz.qmdb/karatau	43.022776	70.466667	Asia/Almaty	F+E S D A M I	daily	hanafi	test	Karatau's own table at 50 % of its 32.0 km reach, bearing 180: Karatau, 2027 (QMDB's own place for the app's city; QMDB year API, capture of 9 Oct 2026)
archive/tables/pinned/kz-qmdb/2026-10-09/karatau-2026.txt	kz.qmdb/karatau	43.064836	70.327399	Asia/Almaty	F+E S D A M I	daily	hanafi	test	Karatau's own table at 50 % of its 32.0 km reach, bearing 225: Karatau, 2026 (QMDB's own place for the app's city; QMDB year API, capture of 9 Oct 2026)
archive/tables/pinned/kz-qmdb/2026-10-09/karatau-2027.txt	kz.qmdb/karatau	43.064836	70.327399	Asia/Almaty	F+E S D A M I	daily	hanafi	test	Karatau's own table at 50 % of its 32.0 km reach, bearing 225: Karatau, 2027 (QMDB's own place for the app's city; QMDB year API, capture of 9 Oct 2026)
archive/tables/pinned/kz-qmdb/2026-10-09/karatau-2026.txt	kz.qmdb/karatau	43.166498	70.269385	Asia/Almaty	F+E S D A M I	daily	hanafi	test	Karatau's own table at 50 % of its 32.0 km reach, bearing 270: Karatau, 2026 (QMDB's own place for the app's city; QMDB year API, capture of 9 Oct 2026)
archive/tables/pinned/kz-qmdb/2026-10-09/karatau-2027.txt	kz.qmdb/karatau	43.166498	70.269385	Asia/Almaty	F+E S D A M I	daily	hanafi	test	Karatau's own table at 50 % of its 32.0 km reach, bearing 270: Karatau, 2027 (QMDB's own place for the app's city; QMDB year API, capture of 9 Oct 2026)
archive/tables/pinned/kz-qmdb/2026-10-09/karatau-2026.txt	kz.qmdb/karatau	43.268329	70.326934	Asia/Almaty	F+E S D A M I	daily	hanafi	test	Karatau's own table at 50 % of its 32.0 km reach, bearing 315: Karatau, 2026 (QMDB's own place for the app's city; QMDB year API, capture of 9 Oct 2026)
archive/tables/pinned/kz-qmdb/2026-10-09/karatau-2027.txt	kz.qmdb/karatau	43.268329	70.326934	Asia/Almaty	F+E S D A M I	daily	hanafi	test	Karatau's own table at 50 % of its 32.0 km reach, bearing 315: Karatau, 2027 (QMDB's own place for the app's city; QMDB year API, capture of 9 Oct 2026)
archive/tables/pinned/kz-qmdb/2026-10-09/karatau-2026.txt	kz.qmdb/karatau	43.440061	70.466667	Asia/Almaty	F+E S D A M I	daily	hanafi	test	Karatau's own table at 95 % of its 32.0 km reach, bearing 0: Karatau, 2026 (QMDB's own place for the app's city; QMDB year API, capture of 9 Oct 2026)
archive/tables/pinned/kz-qmdb/2026-10-09/karatau-2027.txt	kz.qmdb/karatau	43.440061	70.466667	Asia/Almaty	F+E S D A M I	daily	hanafi	test	Karatau's own table at 95 % of its 32.0 km reach, bearing 0: Karatau, 2027 (QMDB's own place for the app's city; QMDB year API, capture of 9 Oct 2026)
archive/tables/pinned/kz-qmdb/2026-10-09/karatau-2026.txt	kz.qmdb/karatau	43.359678	70.732558	Asia/Almaty	F+E S D A M I	daily	hanafi	test	Karatau's own table at 95 % of its 32.0 km reach, bearing 45: Karatau, 2026 (QMDB's own place for the app's city; QMDB year API, capture of 9 Oct 2026)
archive/tables/pinned/kz-qmdb/2026-10-09/karatau-2027.txt	kz.qmdb/karatau	43.359678	70.732558	Asia/Almaty	F+E S D A M I	daily	hanafi	test	Karatau's own table at 95 % of its 32.0 km reach, bearing 45: Karatau, 2027 (QMDB's own place for the app's city; QMDB year API, capture of 9 Oct 2026)
archive/tables/pinned/kz-qmdb/2026-10-09/karatau-2026.txt	kz.qmdb/karatau	43.166055	70.841502	Asia/Almaty	F+E S D A M I	daily	hanafi	test	Karatau's own table at 95 % of its 32.0 km reach, bearing 90: Karatau, 2026 (QMDB's own place for the app's city; QMDB year API, capture of 9 Oct 2026)
archive/tables/pinned/kz-qmdb/2026-10-09/karatau-2027.txt	kz.qmdb/karatau	43.166055	70.841502	Asia/Almaty	F+E S D A M I	daily	hanafi	test	Karatau's own table at 95 % of its 32.0 km reach, bearing 90: Karatau, 2027 (QMDB's own place for the app's city; QMDB year API, capture of 9 Oct 2026)
archive/tables/pinned/kz-qmdb/2026-10-09/karatau-2026.txt	kz.qmdb/karatau	42.973044	70.730881	Asia/Almaty	F+E S D A M I	daily	hanafi	test	Karatau's own table at 95 % of its 32.0 km reach, bearing 135: Karatau, 2026 (QMDB's own place for the app's city; QMDB year API, capture of 9 Oct 2026)
archive/tables/pinned/kz-qmdb/2026-10-09/karatau-2027.txt	kz.qmdb/karatau	42.973044	70.730881	Asia/Almaty	F+E S D A M I	daily	hanafi	test	Karatau's own table at 95 % of its 32.0 km reach, bearing 135: Karatau, 2027 (QMDB's own place for the app's city; QMDB year API, capture of 9 Oct 2026)
archive/tables/pinned/kz-qmdb/2026-10-09/karatau-2026.txt	kz.qmdb/karatau	42.893273	70.466667	Asia/Almaty	F+E S D A M I	daily	hanafi	test	Karatau's own table at 95 % of its 32.0 km reach, bearing 180: Karatau, 2026 (QMDB's own place for the app's city; QMDB year API, capture of 9 Oct 2026)
archive/tables/pinned/kz-qmdb/2026-10-09/karatau-2027.txt	kz.qmdb/karatau	42.893273	70.466667	Asia/Almaty	F+E S D A M I	daily	hanafi	test	Karatau's own table at 95 % of its 32.0 km reach, bearing 180: Karatau, 2027 (QMDB's own place for the app's city; QMDB year API, capture of 9 Oct 2026)
archive/tables/pinned/kz-qmdb/2026-10-09/karatau-2026.txt	kz.qmdb/karatau	42.973044	70.202453	Asia/Almaty	F+E S D A M I	daily	hanafi	test	Karatau's own table at 95 % of its 32.0 km reach, bearing 225: Karatau, 2026 (QMDB's own place for the app's city; QMDB year API, capture of 9 Oct 2026)
archive/tables/pinned/kz-qmdb/2026-10-09/karatau-2027.txt	kz.qmdb/karatau	42.973044	70.202453	Asia/Almaty	F+E S D A M I	daily	hanafi	test	Karatau's own table at 95 % of its 32.0 km reach, bearing 225: Karatau, 2027 (QMDB's own place for the app's city; QMDB year API, capture of 9 Oct 2026)
archive/tables/pinned/kz-qmdb/2026-10-09/karatau-2026.txt	kz.qmdb/karatau	43.166055	70.091832	Asia/Almaty	F+E S D A M I	daily	hanafi	test	Karatau's own table at 95 % of its 32.0 km reach, bearing 270: Karatau, 2026 (QMDB's own place for the app's city; QMDB year API, capture of 9 Oct 2026)
archive/tables/pinned/kz-qmdb/2026-10-09/karatau-2027.txt	kz.qmdb/karatau	43.166055	70.091832	Asia/Almaty	F+E S D A M I	daily	hanafi	test	Karatau's own table at 95 % of its 32.0 km reach, bearing 270: Karatau, 2027 (QMDB's own place for the app's city; QMDB year API, capture of 9 Oct 2026)
archive/tables/pinned/kz-qmdb/2026-10-09/karatau-2026.txt	kz.qmdb/karatau	43.359678	70.200776	Asia/Almaty	F+E S D A M I	daily	hanafi	test	Karatau's own table at 95 % of its 32.0 km reach, bearing 315: Karatau, 2026 (QMDB's own place for the app's city; QMDB year API, capture of 9 Oct 2026)
archive/tables/pinned/kz-qmdb/2026-10-09/karatau-2027.txt	kz.qmdb/karatau	43.359678	70.200776	Asia/Almaty	F+E S D A M I	daily	hanafi	test	Karatau's own table at 95 % of its 32.0 km reach, bearing 315: Karatau, 2027 (QMDB's own place for the app's city; QMDB year API, capture of 9 Oct 2026)
archive/tables/pinned/kz-qmdb/2026-10-09/taraz-2026.txt	kz.qmdb/taraz	42.779592	71.507891	Asia/Almaty	F+E S D A M I	daily	hanafi	test	Taraz's own table at 50 % of its 32.6 km reach, bearing 135: Taraz, 2026 (QMDB's own place for the app's city; QMDB year API, capture of 9 Oct 2026)
archive/tables/pinned/kz-qmdb/2026-10-09/taraz-2027.txt	kz.qmdb/taraz	42.779592	71.507891	Asia/Almaty	F+E S D A M I	daily	hanafi	test	Taraz's own table at 50 % of its 32.6 km reach, bearing 135: Taraz, 2027 (QMDB's own place for the app's city; QMDB year API, capture of 9 Oct 2026)
archive/tables/pinned/kz-qmdb/2026-10-09/taraz-2026.txt	kz.qmdb/taraz	42.736744	71.366667	Asia/Almaty	F+E S D A M I	daily	hanafi	test	Taraz's own table at 50 % of its 32.6 km reach, bearing 180: Taraz, 2026 (QMDB's own place for the app's city; QMDB year API, capture of 9 Oct 2026)
archive/tables/pinned/kz-qmdb/2026-10-09/taraz-2027.txt	kz.qmdb/taraz	42.736744	71.366667	Asia/Almaty	F+E S D A M I	daily	hanafi	test	Taraz's own table at 50 % of its 32.6 km reach, bearing 180: Taraz, 2027 (QMDB's own place for the app's city; QMDB year API, capture of 9 Oct 2026)
archive/tables/pinned/kz-qmdb/2026-10-09/taraz-2026.txt	kz.qmdb/taraz	42.779592	71.225443	Asia/Almaty	F+E S D A M I	daily	hanafi	test	Taraz's own table at 50 % of its 32.6 km reach, bearing 225: Taraz, 2026 (QMDB's own place for the app's city; QMDB year API, capture of 9 Oct 2026)
archive/tables/pinned/kz-qmdb/2026-10-09/taraz-2027.txt	kz.qmdb/taraz	42.779592	71.225443	Asia/Almaty	F+E S D A M I	daily	hanafi	test	Taraz's own table at 50 % of its 32.6 km reach, bearing 225: Taraz, 2027 (QMDB's own place for the app's city; QMDB year API, capture of 9 Oct 2026)
archive/tables/pinned/kz-qmdb/2026-10-09/taraz-2026.txt	kz.qmdb/taraz	42.883159	71.166611	Asia/Almaty	F+E S D A M I	daily	hanafi	test	Taraz's own table at 50 % of its 32.6 km reach, bearing 270: Taraz, 2026 (QMDB's own place for the app's city; QMDB year API, capture of 9 Oct 2026)
archive/tables/pinned/kz-qmdb/2026-10-09/taraz-2027.txt	kz.qmdb/taraz	42.883159	71.166611	Asia/Almaty	F+E S D A M I	daily	hanafi	test	Taraz's own table at 50 % of its 32.6 km reach, bearing 270: Taraz, 2027 (QMDB's own place for the app's city; QMDB year API, capture of 9 Oct 2026)
archive/tables/pinned/kz-qmdb/2026-10-09/taraz-2026.txt	kz.qmdb/taraz	42.986900	71.224968	Asia/Almaty	F+E S D A M I	daily	hanafi	test	Taraz's own table at 50 % of its 32.6 km reach, bearing 315: Taraz, 2026 (QMDB's own place for the app's city; QMDB year API, capture of 9 Oct 2026)
archive/tables/pinned/kz-qmdb/2026-10-09/taraz-2027.txt	kz.qmdb/taraz	42.986900	71.224968	Asia/Almaty	F+E S D A M I	daily	hanafi	test	Taraz's own table at 50 % of its 32.6 km reach, bearing 315: Taraz, 2027 (QMDB's own place for the app's city; QMDB year API, capture of 9 Oct 2026)
archive/tables/pinned/kz-qmdb/2026-10-09/taraz-2026.txt	kz.qmdb/taraz	42.686077	71.634588	Asia/Almaty	F+E S D A M I	daily	hanafi	test	Taraz's own table at 95 % of its 32.6 km reach, bearing 135: Taraz, 2026 (QMDB's own place for the app's city; QMDB year API, capture of 9 Oct 2026)
archive/tables/pinned/kz-qmdb/2026-10-09/taraz-2027.txt	kz.qmdb/taraz	42.686077	71.634588	Asia/Almaty	F+E S D A M I	daily	hanafi	test	Taraz's own table at 95 % of its 32.6 km reach, bearing 135: Taraz, 2027 (QMDB's own place for the app's city; QMDB year API, capture of 9 Oct 2026)
archive/tables/pinned/kz-qmdb/2026-10-09/taraz-2026.txt	kz.qmdb/taraz	42.604813	71.366667	Asia/Almaty	F+E S D A M I	daily	hanafi	test	Taraz's own table at 95 % of its 32.6 km reach, bearing 180: Taraz, 2026 (QMDB's own place for the app's city; QMDB year API, capture of 9 Oct 2026)
archive/tables/pinned/kz-qmdb/2026-10-09/taraz-2027.txt	kz.qmdb/taraz	42.604813	71.366667	Asia/Almaty	F+E S D A M I	daily	hanafi	test	Taraz's own table at 95 % of its 32.6 km reach, bearing 180: Taraz, 2027 (QMDB's own place for the app's city; QMDB year API, capture of 9 Oct 2026)
archive/tables/pinned/kz-qmdb/2026-10-09/taraz-2026.txt	kz.qmdb/taraz	42.686077	71.098746	Asia/Almaty	F+E S D A M I	daily	hanafi	test	Taraz's own table at 95 % of its 32.6 km reach, bearing 225: Taraz, 2026 (QMDB's own place for the app's city; QMDB year API, capture of 9 Oct 2026)
archive/tables/pinned/kz-qmdb/2026-10-09/taraz-2027.txt	kz.qmdb/taraz	42.686077	71.098746	Asia/Almaty	F+E S D A M I	daily	hanafi	test	Taraz's own table at 95 % of its 32.6 km reach, bearing 225: Taraz, 2027 (QMDB's own place for the app's city; QMDB year API, capture of 9 Oct 2026)
archive/tables/pinned/kz-qmdb/2026-10-09/taraz-2026.txt	kz.qmdb/taraz	42.882704	70.986563	Asia/Almaty	F+E S D A M I	daily	hanafi	test	Taraz's own table at 95 % of its 32.6 km reach, bearing 270: Taraz, 2026 (QMDB's own place for the app's city; QMDB year API, capture of 9 Oct 2026)
archive/tables/pinned/kz-qmdb/2026-10-09/taraz-2027.txt	kz.qmdb/taraz	42.882704	70.986563	Asia/Almaty	F+E S D A M I	daily	hanafi	test	Taraz's own table at 95 % of its 32.6 km reach, bearing 270: Taraz, 2027 (QMDB's own place for the app's city; QMDB year API, capture of 9 Oct 2026)
archive/tables/pinned/kz-qmdb/2026-10-09/taraz-2026.txt	kz.qmdb/taraz	43.079961	71.097030	Asia/Almaty	F+E S D A M I	daily	hanafi	test	Taraz's own table at 95 % of its 32.6 km reach, bearing 315: Taraz, 2026 (QMDB's own place for the app's city; QMDB year API, capture of 9 Oct 2026)
archive/tables/pinned/kz-qmdb/2026-10-09/taraz-2027.txt	kz.qmdb/taraz	43.079961	71.097030	Asia/Almaty	F+E S D A M I	daily	hanafi	test	Taraz's own table at 95 % of its 32.6 km reach, bearing 315: Taraz, 2027 (QMDB's own place for the app's city; QMDB year API, capture of 9 Oct 2026)
archive/tables/pinned/kz-qmdb/2026-10-09/balkhash-2026.txt	kz.qmdb/balkhash	46.957036	74.977301	Asia/Almaty	F+E S D A M I	daily	hanafi	test	Balkhash's own table at 50 % of its 25.2 km reach, bearing 0: Balkhash, 2026 (QMDB's own place for the app's city; QMDB year API, capture of 9 Oct 2026)
archive/tables/pinned/kz-qmdb/2026-10-09/balkhash-2027.txt	kz.qmdb/balkhash	46.957036	74.977301	Asia/Almaty	F+E S D A M I	daily	hanafi	test	Balkhash's own table at 50 % of its 25.2 km reach, bearing 0: Balkhash, 2027 (QMDB's own place for the app's city; QMDB year API, capture of 9 Oct 2026)
archive/tables/pinned/kz-qmdb/2026-10-09/balkhash-2026.txt	kz.qmdb/balkhash	46.923787	75.094620	Asia/Almaty	F+E S D A M I	daily	hanafi	test	Balkhash's own table at 50 % of its 25.2 km reach, bearing 45: Balkhash, 2026 (QMDB's own place for the app's city; QMDB year API, capture of 9 Oct 2026)
archive/tables/pinned/kz-qmdb/2026-10-09/balkhash-2027.txt	kz.qmdb/balkhash	46.923787	75.094620	Asia/Almaty	F+E S D A M I	daily	hanafi	test	Balkhash's own table at 50 % of its 25.2 km reach, bearing 45: Balkhash, 2027 (QMDB's own place for the app's city; QMDB year API, capture of 9 Oct 2026)
archive/tables/pinned/kz-qmdb/2026-10-09/balkhash-2026.txt	kz.qmdb/balkhash	46.843601	75.142968	Asia/Almaty	F+E S D A M I	daily	hanafi	test	Balkhash's own table at 50 % of its 25.2 km reach, bearing 90: Balkhash, 2026 (QMDB's own place for the app's city; QMDB year API, capture of 9 Oct 2026)
archive/tables/pinned/kz-qmdb/2026-10-09/balkhash-2027.txt	kz.qmdb/balkhash	46.843601	75.142968	Asia/Almaty	F+E S D A M I	daily	hanafi	test	Balkhash's own table at 50 % of its 25.2 km reach, bearing 90: Balkhash, 2027 (QMDB's own place for the app's city; QMDB year API, capture of 9 Oct 2026)
archive/tables/pinned/kz-qmdb/2026-10-09/balkhash-2026.txt	kz.qmdb/balkhash	46.763536	75.094271	Asia/Almaty	F+E S D A M I	daily	hanafi	test	Balkhash's own table at 50 % of its 25.2 km reach, bearing 135: Balkhash, 2026 (QMDB's own place for the app's city; QMDB year API, capture of 9 Oct 2026)
archive/tables/pinned/kz-qmdb/2026-10-09/balkhash-2027.txt	kz.qmdb/balkhash	46.763536	75.094271	Asia/Almaty	F+E S D A M I	daily	hanafi	test	Balkhash's own table at 50 % of its 25.2 km reach, bearing 135: Balkhash, 2027 (QMDB's own place for the app's city; QMDB year API, capture of 9 Oct 2026)
archive/tables/pinned/kz-qmdb/2026-10-09/balkhash-2026.txt	kz.qmdb/balkhash	46.730406	74.977301	Asia/Almaty	F+E S D A M I	daily	hanafi	test	Balkhash's own table at 50 % of its 25.2 km reach, bearing 180: Balkhash, 2026 (QMDB's own place for the app's city; QMDB year API, capture of 9 Oct 2026)
archive/tables/pinned/kz-qmdb/2026-10-09/balkhash-2027.txt	kz.qmdb/balkhash	46.730406	74.977301	Asia/Almaty	F+E S D A M I	daily	hanafi	test	Balkhash's own table at 50 % of its 25.2 km reach, bearing 180: Balkhash, 2027 (QMDB's own place for the app's city; QMDB year API, capture of 9 Oct 2026)
archive/tables/pinned/kz-qmdb/2026-10-09/balkhash-2026.txt	kz.qmdb/balkhash	46.763536	74.860331	Asia/Almaty	F+E S D A M I	daily	hanafi	test	Balkhash's own table at 50 % of its 25.2 km reach, bearing 225: Balkhash, 2026 (QMDB's own place for the app's city; QMDB year API, capture of 9 Oct 2026)
archive/tables/pinned/kz-qmdb/2026-10-09/balkhash-2027.txt	kz.qmdb/balkhash	46.763536	74.860331	Asia/Almaty	F+E S D A M I	daily	hanafi	test	Balkhash's own table at 50 % of its 25.2 km reach, bearing 225: Balkhash, 2027 (QMDB's own place for the app's city; QMDB year API, capture of 9 Oct 2026)
archive/tables/pinned/kz-qmdb/2026-10-09/balkhash-2026.txt	kz.qmdb/balkhash	46.843601	74.811634	Asia/Almaty	F+E S D A M I	daily	hanafi	test	Balkhash's own table at 50 % of its 25.2 km reach, bearing 270: Balkhash, 2026 (QMDB's own place for the app's city; QMDB year API, capture of 9 Oct 2026)
archive/tables/pinned/kz-qmdb/2026-10-09/balkhash-2027.txt	kz.qmdb/balkhash	46.843601	74.811634	Asia/Almaty	F+E S D A M I	daily	hanafi	test	Balkhash's own table at 50 % of its 25.2 km reach, bearing 270: Balkhash, 2027 (QMDB's own place for the app's city; QMDB year API, capture of 9 Oct 2026)
archive/tables/pinned/kz-qmdb/2026-10-09/balkhash-2026.txt	kz.qmdb/balkhash	46.923787	74.859982	Asia/Almaty	F+E S D A M I	daily	hanafi	test	Balkhash's own table at 50 % of its 25.2 km reach, bearing 315: Balkhash, 2026 (QMDB's own place for the app's city; QMDB year API, capture of 9 Oct 2026)
archive/tables/pinned/kz-qmdb/2026-10-09/balkhash-2027.txt	kz.qmdb/balkhash	46.923787	74.859982	Asia/Almaty	F+E S D A M I	daily	hanafi	test	Balkhash's own table at 50 % of its 25.2 km reach, bearing 315: Balkhash, 2027 (QMDB's own place for the app's city; QMDB year API, capture of 9 Oct 2026)
archive/tables/pinned/kz-qmdb/2026-10-09/balkhash-2026.txt	kz.qmdb/balkhash	47.059019	74.977301	Asia/Almaty	F+E S D A M I	daily	hanafi	test	Balkhash's own table at 95 % of its 25.2 km reach, bearing 0: Balkhash, 2026 (QMDB's own place for the app's city; QMDB year API, capture of 9 Oct 2026)
archive/tables/pinned/kz-qmdb/2026-10-09/balkhash-2027.txt	kz.qmdb/balkhash	47.059019	74.977301	Asia/Almaty	F+E S D A M I	daily	hanafi	test	Balkhash's own table at 95 % of its 25.2 km reach, bearing 0: Balkhash, 2027 (QMDB's own place for the app's city; QMDB year API, capture of 9 Oct 2026)
archive/tables/pinned/kz-qmdb/2026-10-09/balkhash-2026.txt	kz.qmdb/balkhash	46.995743	75.200507	Asia/Almaty	F+E S D A M I	daily	hanafi	test	Balkhash's own table at 95 % of its 25.2 km reach, bearing 45: Balkhash, 2026 (QMDB's own place for the app's city; QMDB year API, capture of 9 Oct 2026)
archive/tables/pinned/kz-qmdb/2026-10-09/balkhash-2027.txt	kz.qmdb/balkhash	46.995743	75.200507	Asia/Almaty	F+E S D A M I	daily	hanafi	test	Balkhash's own table at 95 % of its 25.2 km reach, bearing 45: Balkhash, 2027 (QMDB's own place for the app's city; QMDB year API, capture of 9 Oct 2026)
archive/tables/pinned/kz-qmdb/2026-10-09/balkhash-2026.txt	kz.qmdb/balkhash	46.843290	75.292066	Asia/Almaty	F+E S D A M I	daily	hanafi	test	Balkhash's own table at 95 % of its 25.2 km reach, bearing 90: Balkhash, 2026 (QMDB's own place for the app's city; QMDB year API, capture of 9 Oct 2026)
archive/tables/pinned/kz-qmdb/2026-10-09/balkhash-2027.txt	kz.qmdb/balkhash	46.843290	75.292066	Asia/Almaty	F+E S D A M I	daily	hanafi	test	Balkhash's own table at 95 % of its 25.2 km reach, bearing 90: Balkhash, 2027 (QMDB's own place for the app's city; QMDB year API, capture of 9 Oct 2026)
archive/tables/pinned/kz-qmdb/2026-10-09/balkhash-2026.txt	kz.qmdb/balkhash	46.691268	75.199246	Asia/Almaty	F+E S D A M I	daily	hanafi	test	Balkhash's own table at 95 % of its 25.2 km reach, bearing 135: Balkhash, 2026 (QMDB's own place for the app's city; QMDB year API, capture of 9 Oct 2026)
archive/tables/pinned/kz-qmdb/2026-10-09/balkhash-2027.txt	kz.qmdb/balkhash	46.691268	75.199246	Asia/Almaty	F+E S D A M I	daily	hanafi	test	Balkhash's own table at 95 % of its 25.2 km reach, bearing 135: Balkhash, 2027 (QMDB's own place for the app's city; QMDB year API, capture of 9 Oct 2026)
archive/tables/pinned/kz-qmdb/2026-10-09/balkhash-2026.txt	kz.qmdb/balkhash	46.628423	74.977301	Asia/Almaty	F+E S D A M I	daily	hanafi	test	Balkhash's own table at 95 % of its 25.2 km reach, bearing 180: Balkhash, 2026 (QMDB's own place for the app's city; QMDB year API, capture of 9 Oct 2026)
archive/tables/pinned/kz-qmdb/2026-10-09/balkhash-2027.txt	kz.qmdb/balkhash	46.628423	74.977301	Asia/Almaty	F+E S D A M I	daily	hanafi	test	Balkhash's own table at 95 % of its 25.2 km reach, bearing 180: Balkhash, 2027 (QMDB's own place for the app's city; QMDB year API, capture of 9 Oct 2026)
archive/tables/pinned/kz-qmdb/2026-10-09/balkhash-2026.txt	kz.qmdb/balkhash	46.691268	74.755356	Asia/Almaty	F+E S D A M I	daily	hanafi	test	Balkhash's own table at 95 % of its 25.2 km reach, bearing 225: Balkhash, 2026 (QMDB's own place for the app's city; QMDB year API, capture of 9 Oct 2026)
archive/tables/pinned/kz-qmdb/2026-10-09/balkhash-2027.txt	kz.qmdb/balkhash	46.691268	74.755356	Asia/Almaty	F+E S D A M I	daily	hanafi	test	Balkhash's own table at 95 % of its 25.2 km reach, bearing 225: Balkhash, 2027 (QMDB's own place for the app's city; QMDB year API, capture of 9 Oct 2026)
archive/tables/pinned/kz-qmdb/2026-10-09/balkhash-2026.txt	kz.qmdb/balkhash	46.843290	74.662536	Asia/Almaty	F+E S D A M I	daily	hanafi	test	Balkhash's own table at 95 % of its 25.2 km reach, bearing 270: Balkhash, 2026 (QMDB's own place for the app's city; QMDB year API, capture of 9 Oct 2026)
archive/tables/pinned/kz-qmdb/2026-10-09/balkhash-2027.txt	kz.qmdb/balkhash	46.843290	74.662536	Asia/Almaty	F+E S D A M I	daily	hanafi	test	Balkhash's own table at 95 % of its 25.2 km reach, bearing 270: Balkhash, 2027 (QMDB's own place for the app's city; QMDB year API, capture of 9 Oct 2026)
archive/tables/pinned/kz-qmdb/2026-10-09/balkhash-2026.txt	kz.qmdb/balkhash	46.995743	74.754095	Asia/Almaty	F+E S D A M I	daily	hanafi	test	Balkhash's own table at 95 % of its 25.2 km reach, bearing 315: Balkhash, 2026 (QMDB's own place for the app's city; QMDB year API, capture of 9 Oct 2026)
archive/tables/pinned/kz-qmdb/2026-10-09/balkhash-2027.txt	kz.qmdb/balkhash	46.995743	74.754095	Asia/Almaty	F+E S D A M I	daily	hanafi	test	Balkhash's own table at 95 % of its 25.2 km reach, bearing 315: Balkhash, 2027 (QMDB's own place for the app's city; QMDB year API, capture of 9 Oct 2026)
archive/tables/pinned/kz-qmdb/2026-10-09/zhezkazgan-2026.txt	kz.qmdb/zhezkazgan	47.887845	67.714090	Asia/Almaty	F+E S D A M I	daily	hanafi	test	Zhezkazgan's own table at 50 % of its 19.6 km reach, bearing 0: Zhezkazgan, 2026 (QMDB's own place for the app's city; QMDB year API, capture of 9 Oct 2026)
archive/tables/pinned/kz-qmdb/2026-10-09/zhezkazgan-2027.txt	kz.qmdb/zhezkazgan	47.887845	67.714090	Asia/Almaty	F+E S D A M I	daily	hanafi	test	Zhezkazgan's own table at 50 % of its 19.6 km reach, bearing 0: Zhezkazgan, 2027 (QMDB's own place for the app's city; QMDB year API, capture of 9 Oct 2026)
archive/tables/pinned/kz-qmdb/2026-10-09/zhezkazgan-2026.txt	kz.qmdb/zhezkazgan	47.861993	67.806977	Asia/Almaty	F+E S D A M I	daily	hanafi	test	Zhezkazgan's own table at 50 % of its 19.6 km reach, bearing 45: Zhezkazgan, 2026 (QMDB's own place for the app's city; QMDB year API, capture of 9 Oct 2026)
archive/tables/pinned/kz-qmdb/2026-10-09/zhezkazgan-2027.txt	kz.qmdb/zhezkazgan	47.861993	67.806977	Asia/Almaty	F+E S D A M I	daily	hanafi	test	Zhezkazgan's own table at 50 % of its 19.6 km reach, bearing 45: Zhezkazgan, 2027 (QMDB's own place for the app's city; QMDB year API, capture of 9 Oct 2026)
archive/tables/pinned/kz-qmdb/2026-10-09/zhezkazgan-2026.txt	kz.qmdb/zhezkazgan	47.799636	67.845295	Asia/Almaty	F+E S D A M I	daily	hanafi	test	Zhezkazgan's own table at 50 % of its 19.6 km reach, bearing 90: Zhezkazgan, 2026 (QMDB's own place for the app's city; QMDB year API, capture of 9 Oct 2026)
archive/tables/pinned/kz-qmdb/2026-10-09/zhezkazgan-2027.txt	kz.qmdb/zhezkazgan	47.799636	67.845295	Asia/Almaty	F+E S D A M I	daily	hanafi	test	Zhezkazgan's own table at 50 % of its 19.6 km reach, bearing 90: Zhezkazgan, 2027 (QMDB's own place for the app's city; QMDB year API, capture of 9 Oct 2026)
archive/tables/pinned/kz-qmdb/2026-10-09/zhezkazgan-2026.txt	kz.qmdb/zhezkazgan	47.737354	67.806755	Asia/Almaty	F+E S D A M I	daily	hanafi	test	Zhezkazgan's own table at 50 % of its 19.6 km reach, bearing 135: Zhezkazgan, 2026 (QMDB's own place for the app's city; QMDB year API, capture of 9 Oct 2026)
archive/tables/pinned/kz-qmdb/2026-10-09/zhezkazgan-2027.txt	kz.qmdb/zhezkazgan	47.737354	67.806755	Asia/Almaty	F+E S D A M I	daily	hanafi	test	Zhezkazgan's own table at 50 % of its 19.6 km reach, bearing 135: Zhezkazgan, 2027 (QMDB's own place for the app's city; QMDB year API, capture of 9 Oct 2026)
archive/tables/pinned/kz-qmdb/2026-10-09/zhezkazgan-2026.txt	kz.qmdb/zhezkazgan	47.711577	67.714090	Asia/Almaty	F+E S D A M I	daily	hanafi	test	Zhezkazgan's own table at 50 % of its 19.6 km reach, bearing 180: Zhezkazgan, 2026 (QMDB's own place for the app's city; QMDB year API, capture of 9 Oct 2026)
archive/tables/pinned/kz-qmdb/2026-10-09/zhezkazgan-2027.txt	kz.qmdb/zhezkazgan	47.711577	67.714090	Asia/Almaty	F+E S D A M I	daily	hanafi	test	Zhezkazgan's own table at 50 % of its 19.6 km reach, bearing 180: Zhezkazgan, 2027 (QMDB's own place for the app's city; QMDB year API, capture of 9 Oct 2026)
archive/tables/pinned/kz-qmdb/2026-10-09/zhezkazgan-2026.txt	kz.qmdb/zhezkazgan	47.737354	67.621425	Asia/Almaty	F+E S D A M I	daily	hanafi	test	Zhezkazgan's own table at 50 % of its 19.6 km reach, bearing 225: Zhezkazgan, 2026 (QMDB's own place for the app's city; QMDB year API, capture of 9 Oct 2026)
archive/tables/pinned/kz-qmdb/2026-10-09/zhezkazgan-2027.txt	kz.qmdb/zhezkazgan	47.737354	67.621425	Asia/Almaty	F+E S D A M I	daily	hanafi	test	Zhezkazgan's own table at 50 % of its 19.6 km reach, bearing 225: Zhezkazgan, 2027 (QMDB's own place for the app's city; QMDB year API, capture of 9 Oct 2026)
archive/tables/pinned/kz-qmdb/2026-10-09/zhezkazgan-2026.txt	kz.qmdb/zhezkazgan	47.799636	67.582885	Asia/Almaty	F+E S D A M I	daily	hanafi	test	Zhezkazgan's own table at 50 % of its 19.6 km reach, bearing 270: Zhezkazgan, 2026 (QMDB's own place for the app's city; QMDB year API, capture of 9 Oct 2026)
archive/tables/pinned/kz-qmdb/2026-10-09/zhezkazgan-2027.txt	kz.qmdb/zhezkazgan	47.799636	67.582885	Asia/Almaty	F+E S D A M I	daily	hanafi	test	Zhezkazgan's own table at 50 % of its 19.6 km reach, bearing 270: Zhezkazgan, 2027 (QMDB's own place for the app's city; QMDB year API, capture of 9 Oct 2026)
archive/tables/pinned/kz-qmdb/2026-10-09/zhezkazgan-2026.txt	kz.qmdb/zhezkazgan	47.967165	67.714090	Asia/Almaty	F+E S D A M I	daily	hanafi	test	Zhezkazgan's own table at 95 % of its 19.6 km reach, bearing 0: Zhezkazgan, 2026 (QMDB's own place for the app's city; QMDB year API, capture of 9 Oct 2026)
archive/tables/pinned/kz-qmdb/2026-10-09/zhezkazgan-2027.txt	kz.qmdb/zhezkazgan	47.967165	67.714090	Asia/Almaty	F+E S D A M I	daily	hanafi	test	Zhezkazgan's own table at 95 % of its 19.6 km reach, bearing 0: Zhezkazgan, 2027 (QMDB's own place for the app's city; QMDB year API, capture of 9 Oct 2026)
archive/tables/pinned/kz-qmdb/2026-10-09/zhezkazgan-2026.txt	kz.qmdb/zhezkazgan	47.917983	67.890767	Asia/Almaty	F+E S D A M I	daily	hanafi	test	Zhezkazgan's own table at 95 % of its 19.6 km reach, bearing 45: Zhezkazgan, 2026 (QMDB's own place for the app's city; QMDB year API, capture of 9 Oct 2026)
archive/tables/pinned/kz-qmdb/2026-10-09/zhezkazgan-2027.txt	kz.qmdb/zhezkazgan	47.917983	67.890767	Asia/Almaty	F+E S D A M I	daily	hanafi	test	Zhezkazgan's own table at 95 % of its 19.6 km reach, bearing 45: Zhezkazgan, 2027 (QMDB's own place for the app's city; QMDB year API, capture of 9 Oct 2026)
archive/tables/pinned/kz-qmdb/2026-10-09/zhezkazgan-2026.txt	kz.qmdb/zhezkazgan	47.799441	67.963378	Asia/Almaty	F+E S D A M I	daily	hanafi	test	Zhezkazgan's own table at 95 % of its 19.6 km reach, bearing 90: Zhezkazgan, 2026 (QMDB's own place for the app's city; QMDB year API, capture of 9 Oct 2026)
archive/tables/pinned/kz-qmdb/2026-10-09/zhezkazgan-2027.txt	kz.qmdb/zhezkazgan	47.799441	67.963378	Asia/Almaty	F+E S D A M I	daily	hanafi	test	Zhezkazgan's own table at 95 % of its 19.6 km reach, bearing 90: Zhezkazgan, 2027 (QMDB's own place for the app's city; QMDB year API, capture of 9 Oct 2026)
archive/tables/pinned/kz-qmdb/2026-10-09/zhezkazgan-2026.txt	kz.qmdb/zhezkazgan	47.681169	67.889963	Asia/Almaty	F+E S D A M I	daily	hanafi	test	Zhezkazgan's own table at 95 % of its 19.6 km reach, bearing 135: Zhezkazgan, 2026 (QMDB's own place for the app's city; QMDB year API, capture of 9 Oct 2026)
archive/tables/pinned/kz-qmdb/2026-10-09/zhezkazgan-2027.txt	kz.qmdb/zhezkazgan	47.681169	67.889963	Asia/Almaty	F+E S D A M I	daily	hanafi	test	Zhezkazgan's own table at 95 % of its 19.6 km reach, bearing 135: Zhezkazgan, 2027 (QMDB's own place for the app's city; QMDB year API, capture of 9 Oct 2026)
archive/tables/pinned/kz-qmdb/2026-10-09/zhezkazgan-2026.txt	kz.qmdb/zhezkazgan	47.632257	67.714090	Asia/Almaty	F+E S D A M I	daily	hanafi	test	Zhezkazgan's own table at 95 % of its 19.6 km reach, bearing 180: Zhezkazgan, 2026 (QMDB's own place for the app's city; QMDB year API, capture of 9 Oct 2026)
archive/tables/pinned/kz-qmdb/2026-10-09/zhezkazgan-2027.txt	kz.qmdb/zhezkazgan	47.632257	67.714090	Asia/Almaty	F+E S D A M I	daily	hanafi	test	Zhezkazgan's own table at 95 % of its 19.6 km reach, bearing 180: Zhezkazgan, 2027 (QMDB's own place for the app's city; QMDB year API, capture of 9 Oct 2026)
archive/tables/pinned/kz-qmdb/2026-10-09/zhezkazgan-2026.txt	kz.qmdb/zhezkazgan	47.681169	67.538217	Asia/Almaty	F+E S D A M I	daily	hanafi	test	Zhezkazgan's own table at 95 % of its 19.6 km reach, bearing 225: Zhezkazgan, 2026 (QMDB's own place for the app's city; QMDB year API, capture of 9 Oct 2026)
archive/tables/pinned/kz-qmdb/2026-10-09/zhezkazgan-2027.txt	kz.qmdb/zhezkazgan	47.681169	67.538217	Asia/Almaty	F+E S D A M I	daily	hanafi	test	Zhezkazgan's own table at 95 % of its 19.6 km reach, bearing 225: Zhezkazgan, 2027 (QMDB's own place for the app's city; QMDB year API, capture of 9 Oct 2026)
archive/tables/pinned/kz-qmdb/2026-10-09/zhezkazgan-2026.txt	kz.qmdb/zhezkazgan	47.799441	67.464802	Asia/Almaty	F+E S D A M I	daily	hanafi	test	Zhezkazgan's own table at 95 % of its 19.6 km reach, bearing 270: Zhezkazgan, 2026 (QMDB's own place for the app's city; QMDB year API, capture of 9 Oct 2026)
archive/tables/pinned/kz-qmdb/2026-10-09/zhezkazgan-2027.txt	kz.qmdb/zhezkazgan	47.799441	67.464802	Asia/Almaty	F+E S D A M I	daily	hanafi	test	Zhezkazgan's own table at 95 % of its 19.6 km reach, bearing 270: Zhezkazgan, 2027 (QMDB's own place for the app's city; QMDB year API, capture of 9 Oct 2026)
archive/tables/pinned/kz-qmdb/2026-10-09/karaganda-2026.txt	kz.qmdb/karaganda	49.909828	73.085485	Asia/Almaty	F+E S D A M I	daily	hanafi	test	Karaganda's own table at 50 % of its 23.0 km reach, bearing 0: Karaganda, 2026 (QMDB's own place for the app's city; QMDB year API, capture of 9 Oct 2026)
archive/tables/pinned/kz-qmdb/2026-10-09/karaganda-2027.txt	kz.qmdb/karaganda	49.909828	73.085485	Asia/Almaty	F+E S D A M I	daily	hanafi	test	Karaganda's own table at 50 % of its 23.0 km reach, bearing 0: Karaganda, 2027 (QMDB's own place for the app's city; QMDB year API, capture of 9 Oct 2026)
archive/tables/pinned/kz-qmdb/2026-10-09/karaganda-2026.txt	kz.qmdb/karaganda	49.879481	73.198971	Asia/Almaty	F+E S D A M I	daily	hanafi	test	Karaganda's own table at 50 % of its 23.0 km reach, bearing 45: Karaganda, 2026 (QMDB's own place for the app's city; QMDB year API, capture of 9 Oct 2026)
archive/tables/pinned/kz-qmdb/2026-10-09/karaganda-2027.txt	kz.qmdb/karaganda	49.879481	73.198971	Asia/Almaty	F+E S D A M I	daily	hanafi	test	Karaganda's own table at 50 % of its 23.0 km reach, bearing 45: Karaganda, 2027 (QMDB's own place for the app's city; QMDB year API, capture of 9 Oct 2026)
archive/tables/pinned/kz-qmdb/2026-10-09/karaganda-2026.txt	kz.qmdb/karaganda	49.806296	73.245736	Asia/Almaty	F+E S D A M I	daily	hanafi	test	Karaganda's own table at 50 % of its 23.0 km reach, bearing 90: Karaganda, 2026 (QMDB's own place for the app's city; QMDB year API, capture of 9 Oct 2026)
archive/tables/pinned/kz-qmdb/2026-10-09/karaganda-2027.txt	kz.qmdb/karaganda	49.806296	73.245736	Asia/Almaty	F+E S D A M I	daily	hanafi	test	Karaganda's own table at 50 % of its 23.0 km reach, bearing 90: Karaganda, 2027 (QMDB's own place for the app's city; QMDB year API, capture of 9 Oct 2026)
archive/tables/pinned/kz-qmdb/2026-10-09/karaganda-2026.txt	kz.qmdb/karaganda	49.733220	73.198629	Asia/Almaty	F+E S D A M I	daily	hanafi	test	Karaganda's own table at 50 % of its 23.0 km reach, bearing 135: Karaganda, 2026 (QMDB's own place for the app's city; QMDB year API, capture of 9 Oct 2026)
archive/tables/pinned/kz-qmdb/2026-10-09/karaganda-2027.txt	kz.qmdb/karaganda	49.733220	73.198629	Asia/Almaty	F+E S D A M I	daily	hanafi	test	Karaganda's own table at 50 % of its 23.0 km reach, bearing 135: Karaganda, 2027 (QMDB's own place for the app's city; QMDB year API, capture of 9 Oct 2026)
archive/tables/pinned/kz-qmdb/2026-10-09/karaganda-2026.txt	kz.qmdb/karaganda	49.702984	73.085485	Asia/Almaty	F+E S D A M I	daily	hanafi	test	Karaganda's own table at 50 % of its 23.0 km reach, bearing 180: Karaganda, 2026 (QMDB's own place for the app's city; QMDB year API, capture of 9 Oct 2026)
archive/tables/pinned/kz-qmdb/2026-10-09/karaganda-2027.txt	kz.qmdb/karaganda	49.702984	73.085485	Asia/Almaty	F+E S D A M I	daily	hanafi	test	Karaganda's own table at 50 % of its 23.0 km reach, bearing 180: Karaganda, 2027 (QMDB's own place for the app's city; QMDB year API, capture of 9 Oct 2026)
archive/tables/pinned/kz-qmdb/2026-10-09/karaganda-2026.txt	kz.qmdb/karaganda	49.733220	72.972341	Asia/Almaty	F+E S D A M I	daily	hanafi	test	Karaganda's own table at 50 % of its 23.0 km reach, bearing 225: Karaganda, 2026 (QMDB's own place for the app's city; QMDB year API, capture of 9 Oct 2026)
archive/tables/pinned/kz-qmdb/2026-10-09/karaganda-2027.txt	kz.qmdb/karaganda	49.733220	72.972341	Asia/Almaty	F+E S D A M I	daily	hanafi	test	Karaganda's own table at 50 % of its 23.0 km reach, bearing 225: Karaganda, 2027 (QMDB's own place for the app's city; QMDB year API, capture of 9 Oct 2026)
archive/tables/pinned/kz-qmdb/2026-10-09/karaganda-2026.txt	kz.qmdb/karaganda	49.879481	72.971999	Asia/Almaty	F+E S D A M I	daily	hanafi	test	Karaganda's own table at 50 % of its 23.0 km reach, bearing 315: Karaganda, 2026 (QMDB's own place for the app's city; QMDB year API, capture of 9 Oct 2026)
archive/tables/pinned/kz-qmdb/2026-10-09/karaganda-2027.txt	kz.qmdb/karaganda	49.879481	72.971999	Asia/Almaty	F+E S D A M I	daily	hanafi	test	Karaganda's own table at 50 % of its 23.0 km reach, bearing 315: Karaganda, 2027 (QMDB's own place for the app's city; QMDB year API, capture of 9 Oct 2026)
archive/tables/pinned/kz-qmdb/2026-10-09/karaganda-2026.txt	kz.qmdb/karaganda	49.945154	73.301403	Asia/Almaty	F+E S D A M I	daily	hanafi	test	Karaganda's own table at 95 % of its 23.0 km reach, bearing 45: Karaganda, 2026 (QMDB's own place for the app's city; QMDB year API, capture of 9 Oct 2026)
archive/tables/pinned/kz-qmdb/2026-10-09/karaganda-2027.txt	kz.qmdb/karaganda	49.945154	73.301403	Asia/Almaty	F+E S D A M I	daily	hanafi	test	Karaganda's own table at 95 % of its 23.0 km reach, bearing 45: Karaganda, 2027 (QMDB's own place for the app's city; QMDB year API, capture of 9 Oct 2026)
archive/tables/pinned/kz-qmdb/2026-10-09/karaganda-2026.txt	kz.qmdb/karaganda	49.806007	73.389961	Asia/Almaty	F+E S D A M I	daily	hanafi	test	Karaganda's own table at 95 % of its 23.0 km reach, bearing 90: Karaganda, 2026 (QMDB's own place for the app's city; QMDB year API, capture of 9 Oct 2026)
archive/tables/pinned/kz-qmdb/2026-10-09/karaganda-2027.txt	kz.qmdb/karaganda	49.806007	73.389961	Asia/Almaty	F+E S D A M I	daily	hanafi	test	Karaganda's own table at 95 % of its 23.0 km reach, bearing 90: Karaganda, 2027 (QMDB's own place for the app's city; QMDB year API, capture of 9 Oct 2026)
archive/tables/pinned/kz-qmdb/2026-10-09/karaganda-2026.txt	kz.qmdb/karaganda	49.667260	73.300167	Asia/Almaty	F+E S D A M I	daily	hanafi	test	Karaganda's own table at 95 % of its 23.0 km reach, bearing 135: Karaganda, 2026 (QMDB's own place for the app's city; QMDB year API, capture of 9 Oct 2026)
archive/tables/pinned/kz-qmdb/2026-10-09/karaganda-2027.txt	kz.qmdb/karaganda	49.667260	73.300167	Asia/Almaty	F+E S D A M I	daily	hanafi	test	Karaganda's own table at 95 % of its 23.0 km reach, bearing 135: Karaganda, 2027 (QMDB's own place for the app's city; QMDB year API, capture of 9 Oct 2026)
archive/tables/pinned/kz-qmdb/2026-10-09/satpayev-2026.txt	kz.qmdb/satpayev	47.947924	67.528112	Asia/Almaty	F+E S D A M I	daily	hanafi	test	Satpayev's own table at 50 % of its 9.0 km reach, bearing 0: Satpayev, 2026 (QMDB's own place for the app's city; QMDB year API, capture of 9 Oct 2026)
archive/tables/pinned/kz-qmdb/2026-10-09/satpayev-2027.txt	kz.qmdb/satpayev	47.947924	67.528112	Asia/Almaty	F+E S D A M I	daily	hanafi	test	Satpayev's own table at 50 % of its 9.0 km reach, bearing 0: Satpayev, 2027 (QMDB's own place for the app's city; QMDB year API, capture of 9 Oct 2026)
archive/tables/pinned/kz-qmdb/2026-10-09/satpayev-2026.txt	kz.qmdb/satpayev	47.936063	67.570825	Asia/Almaty	F+E S D A M I	daily	hanafi	test	Satpayev's own table at 50 % of its 9.0 km reach, bearing 45: Satpayev, 2026 (QMDB's own place for the app's city; QMDB year API, capture of 9 Oct 2026)
archive/tables/pinned/kz-qmdb/2026-10-09/satpayev-2027.txt	kz.qmdb/satpayev	47.936063	67.570825	Asia/Almaty	F+E S D A M I	daily	hanafi	test	Satpayev's own table at 50 % of its 9.0 km reach, bearing 45: Satpayev, 2027 (QMDB's own place for the app's city; QMDB year API, capture of 9 Oct 2026)
archive/tables/pinned/kz-qmdb/2026-10-09/satpayev-2026.txt	kz.qmdb/satpayev	47.907439	67.588484	Asia/Almaty	F+E S D A M I	daily	hanafi	test	Satpayev's own table at 50 % of its 9.0 km reach, bearing 90: Satpayev, 2026 (QMDB's own place for the app's city; QMDB year API, capture of 9 Oct 2026)
archive/tables/pinned/kz-qmdb/2026-10-09/satpayev-2027.txt	kz.qmdb/satpayev	47.907439	67.588484	Asia/Almaty	F+E S D A M I	daily	hanafi	test	Satpayev's own table at 50 % of its 9.0 km reach, bearing 90: Satpayev, 2027 (QMDB's own place for the app's city; QMDB year API, capture of 9 Oct 2026)
archive/tables/pinned/kz-qmdb/2026-10-09/satpayev-2026.txt	kz.qmdb/satpayev	47.878831	67.570778	Asia/Almaty	F+E S D A M I	daily	hanafi	test	Satpayev's own table at 50 % of its 9.0 km reach, bearing 135: Satpayev, 2026 (QMDB's own place for the app's city; QMDB year API, capture of 9 Oct 2026)
archive/tables/pinned/kz-qmdb/2026-10-09/satpayev-2027.txt	kz.qmdb/satpayev	47.878831	67.570778	Asia/Almaty	F+E S D A M I	daily	hanafi	test	Satpayev's own table at 50 % of its 9.0 km reach, bearing 135: Satpayev, 2027 (QMDB's own place for the app's city; QMDB year API, capture of 9 Oct 2026)
archive/tables/pinned/kz-qmdb/2026-10-09/satpayev-2026.txt	kz.qmdb/satpayev	47.866986	67.528112	Asia/Almaty	F+E S D A M I	daily	hanafi	test	Satpayev's own table at 50 % of its 9.0 km reach, bearing 180: Satpayev, 2026 (QMDB's own place for the app's city; QMDB year API, capture of 9 Oct 2026)
archive/tables/pinned/kz-qmdb/2026-10-09/satpayev-2027.txt	kz.qmdb/satpayev	47.866986	67.528112	Asia/Almaty	F+E S D A M I	daily	hanafi	test	Satpayev's own table at 50 % of its 9.0 km reach, bearing 180: Satpayev, 2027 (QMDB's own place for the app's city; QMDB year API, capture of 9 Oct 2026)
archive/tables/pinned/kz-qmdb/2026-10-09/satpayev-2026.txt	kz.qmdb/satpayev	47.878831	67.485446	Asia/Almaty	F+E S D A M I	daily	hanafi	test	Satpayev's own table at 50 % of its 9.0 km reach, bearing 225: Satpayev, 2026 (QMDB's own place for the app's city; QMDB year API, capture of 9 Oct 2026)
archive/tables/pinned/kz-qmdb/2026-10-09/satpayev-2027.txt	kz.qmdb/satpayev	47.878831	67.485446	Asia/Almaty	F+E S D A M I	daily	hanafi	test	Satpayev's own table at 50 % of its 9.0 km reach, bearing 225: Satpayev, 2027 (QMDB's own place for the app's city; QMDB year API, capture of 9 Oct 2026)
archive/tables/pinned/kz-qmdb/2026-10-09/satpayev-2026.txt	kz.qmdb/satpayev	47.907439	67.467740	Asia/Almaty	F+E S D A M I	daily	hanafi	test	Satpayev's own table at 50 % of its 9.0 km reach, bearing 270: Satpayev, 2026 (QMDB's own place for the app's city; QMDB year API, capture of 9 Oct 2026)
archive/tables/pinned/kz-qmdb/2026-10-09/satpayev-2027.txt	kz.qmdb/satpayev	47.907439	67.467740	Asia/Almaty	F+E S D A M I	daily	hanafi	test	Satpayev's own table at 50 % of its 9.0 km reach, bearing 270: Satpayev, 2027 (QMDB's own place for the app's city; QMDB year API, capture of 9 Oct 2026)
archive/tables/pinned/kz-qmdb/2026-10-09/satpayev-2026.txt	kz.qmdb/satpayev	47.936063	67.485399	Asia/Almaty	F+E S D A M I	daily	hanafi	test	Satpayev's own table at 50 % of its 9.0 km reach, bearing 315: Satpayev, 2026 (QMDB's own place for the app's city; QMDB year API, capture of 9 Oct 2026)
archive/tables/pinned/kz-qmdb/2026-10-09/satpayev-2027.txt	kz.qmdb/satpayev	47.936063	67.485399	Asia/Almaty	F+E S D A M I	daily	hanafi	test	Satpayev's own table at 50 % of its 9.0 km reach, bearing 315: Satpayev, 2027 (QMDB's own place for the app's city; QMDB year API, capture of 9 Oct 2026)
archive/tables/pinned/kz-qmdb/2026-10-09/satpayev-2026.txt	kz.qmdb/satpayev	47.984347	67.528112	Asia/Almaty	F+E S D A M I	daily	hanafi	test	Satpayev's own table at 95 % of its 9.0 km reach, bearing 0: Satpayev, 2026 (QMDB's own place for the app's city; QMDB year API, capture of 9 Oct 2026)
archive/tables/pinned/kz-qmdb/2026-10-09/satpayev-2027.txt	kz.qmdb/satpayev	47.984347	67.528112	Asia/Almaty	F+E S D A M I	daily	hanafi	test	Satpayev's own table at 95 % of its 9.0 km reach, bearing 0: Satpayev, 2027 (QMDB's own place for the app's city; QMDB year API, capture of 9 Oct 2026)
archive/tables/pinned/kz-qmdb/2026-10-09/satpayev-2026.txt	kz.qmdb/satpayev	47.961797	67.609308	Asia/Almaty	F+E S D A M I	daily	hanafi	test	Satpayev's own table at 95 % of its 9.0 km reach, bearing 45: Satpayev, 2026 (QMDB's own place for the app's city; QMDB year API, capture of 9 Oct 2026)
archive/tables/pinned/kz-qmdb/2026-10-09/satpayev-2027.txt	kz.qmdb/satpayev	47.961797	67.609308	Asia/Almaty	F+E S D A M I	daily	hanafi	test	Satpayev's own table at 95 % of its 9.0 km reach, bearing 45: Satpayev, 2027 (QMDB's own place for the app's city; QMDB year API, capture of 9 Oct 2026)
archive/tables/pinned/kz-qmdb/2026-10-09/satpayev-2026.txt	kz.qmdb/satpayev	47.907398	67.642820	Asia/Almaty	F+E S D A M I	daily	hanafi	test	Satpayev's own table at 95 % of its 9.0 km reach, bearing 90: Satpayev, 2026 (QMDB's own place for the app's city; QMDB year API, capture of 9 Oct 2026)
archive/tables/pinned/kz-qmdb/2026-10-09/satpayev-2027.txt	kz.qmdb/satpayev	47.907398	67.642820	Asia/Almaty	F+E S D A M I	daily	hanafi	test	Satpayev's own table at 95 % of its 9.0 km reach, bearing 90: Satpayev, 2027 (QMDB's own place for the app's city; QMDB year API, capture of 9 Oct 2026)
archive/tables/pinned/kz-qmdb/2026-10-09/satpayev-2026.txt	kz.qmdb/satpayev	47.853056	67.609137	Asia/Almaty	F+E S D A M I	daily	hanafi	test	Satpayev's own table at 95 % of its 9.0 km reach, bearing 135: Satpayev, 2026 (QMDB's own place for the app's city; QMDB year API, capture of 9 Oct 2026)
archive/tables/pinned/kz-qmdb/2026-10-09/satpayev-2027.txt	kz.qmdb/satpayev	47.853056	67.609137	Asia/Almaty	F+E S D A M I	daily	hanafi	test	Satpayev's own table at 95 % of its 9.0 km reach, bearing 135: Satpayev, 2027 (QMDB's own place for the app's city; QMDB year API, capture of 9 Oct 2026)
archive/tables/pinned/kz-qmdb/2026-10-09/satpayev-2026.txt	kz.qmdb/satpayev	47.830563	67.528112	Asia/Almaty	F+E S D A M I	daily	hanafi	test	Satpayev's own table at 95 % of its 9.0 km reach, bearing 180: Satpayev, 2026 (QMDB's own place for the app's city; QMDB year API, capture of 9 Oct 2026)
archive/tables/pinned/kz-qmdb/2026-10-09/satpayev-2027.txt	kz.qmdb/satpayev	47.830563	67.528112	Asia/Almaty	F+E S D A M I	daily	hanafi	test	Satpayev's own table at 95 % of its 9.0 km reach, bearing 180: Satpayev, 2027 (QMDB's own place for the app's city; QMDB year API, capture of 9 Oct 2026)
archive/tables/pinned/kz-qmdb/2026-10-09/satpayev-2026.txt	kz.qmdb/satpayev	47.853056	67.447087	Asia/Almaty	F+E S D A M I	daily	hanafi	test	Satpayev's own table at 95 % of its 9.0 km reach, bearing 225: Satpayev, 2026 (QMDB's own place for the app's city; QMDB year API, capture of 9 Oct 2026)
archive/tables/pinned/kz-qmdb/2026-10-09/satpayev-2027.txt	kz.qmdb/satpayev	47.853056	67.447087	Asia/Almaty	F+E S D A M I	daily	hanafi	test	Satpayev's own table at 95 % of its 9.0 km reach, bearing 225: Satpayev, 2027 (QMDB's own place for the app's city; QMDB year API, capture of 9 Oct 2026)
archive/tables/pinned/kz-qmdb/2026-10-09/satpayev-2026.txt	kz.qmdb/satpayev	47.907398	67.413404	Asia/Almaty	F+E S D A M I	daily	hanafi	test	Satpayev's own table at 95 % of its 9.0 km reach, bearing 270: Satpayev, 2026 (QMDB's own place for the app's city; QMDB year API, capture of 9 Oct 2026)
archive/tables/pinned/kz-qmdb/2026-10-09/satpayev-2027.txt	kz.qmdb/satpayev	47.907398	67.413404	Asia/Almaty	F+E S D A M I	daily	hanafi	test	Satpayev's own table at 95 % of its 9.0 km reach, bearing 270: Satpayev, 2027 (QMDB's own place for the app's city; QMDB year API, capture of 9 Oct 2026)
archive/tables/pinned/kz-qmdb/2026-10-09/satpayev-2026.txt	kz.qmdb/satpayev	47.961797	67.446916	Asia/Almaty	F+E S D A M I	daily	hanafi	test	Satpayev's own table at 95 % of its 9.0 km reach, bearing 315: Satpayev, 2026 (QMDB's own place for the app's city; QMDB year API, capture of 9 Oct 2026)
archive/tables/pinned/kz-qmdb/2026-10-09/satpayev-2027.txt	kz.qmdb/satpayev	47.961797	67.446916	Asia/Almaty	F+E S D A M I	daily	hanafi	test	Satpayev's own table at 95 % of its 9.0 km reach, bearing 315: Satpayev, 2027 (QMDB's own place for the app's city; QMDB year API, capture of 9 Oct 2026)
archive/tables/pinned/kz-qmdb/2026-10-06/arkalyk-2026.txt	kz.qmdb/arkalyk	50.349335	66.911389	Asia/Qostanay	F+E S D A M I	daily	hanafi	test	Arkalyk's own table at 50 % of its 22.4 km reach, bearing 0: Arkalyk, 2026 (at/above 48N, just short of a 0.1 deg curve step; QMDB year API, capture of 6 Oct 2026)
archive/tables/pinned/kz-qmdb/2026-10-06/arkalyk-2027.txt	kz.qmdb/arkalyk	50.349335	66.911389	Asia/Qostanay	F+E S D A M I	daily	hanafi	test	Arkalyk's own table at 50 % of its 22.4 km reach, bearing 0: Arkalyk, 2027 (at/above 48N, just short of a 0.1 deg curve step; QMDB year API, capture of 6 Oct 2026)
archive/tables/pinned/kz-qmdb/2026-10-06/arkalyk-2026.txt	kz.qmdb/arkalyk	50.319780	67.022935	Asia/Qostanay	F+E S D A M I	daily	hanafi	test	Arkalyk's own table at 50 % of its 22.4 km reach, bearing 45: Arkalyk, 2026 (at/above 48N, just short of a 0.1 deg curve step; QMDB year API, capture of 6 Oct 2026)
archive/tables/pinned/kz-qmdb/2026-10-06/arkalyk-2027.txt	kz.qmdb/arkalyk	50.319780	67.022935	Asia/Qostanay	F+E S D A M I	daily	hanafi	test	Arkalyk's own table at 50 % of its 22.4 km reach, bearing 45: Arkalyk, 2027 (at/above 48N, just short of a 0.1 deg curve step; QMDB year API, capture of 6 Oct 2026)
archive/tables/pinned/kz-qmdb/2026-10-06/arkalyk-2026.txt	kz.qmdb/arkalyk	50.248505	67.068904	Asia/Qostanay	F+E S D A M I	daily	hanafi	test	Arkalyk's own table at 50 % of its 22.4 km reach, bearing 90: Arkalyk, 2026 (at/above 48N, just short of a 0.1 deg curve step; QMDB year API, capture of 6 Oct 2026)
archive/tables/pinned/kz-qmdb/2026-10-06/arkalyk-2027.txt	kz.qmdb/arkalyk	50.248505	67.068904	Asia/Qostanay	F+E S D A M I	daily	hanafi	test	Arkalyk's own table at 50 % of its 22.4 km reach, bearing 90: Arkalyk, 2027 (at/above 48N, just short of a 0.1 deg curve step; QMDB year API, capture of 6 Oct 2026)
archive/tables/pinned/kz-qmdb/2026-10-06/arkalyk-2026.txt	kz.qmdb/arkalyk	50.177335	67.022603	Asia/Qostanay	F+E S D A M I	daily	hanafi	test	Arkalyk's own table at 50 % of its 22.4 km reach, bearing 135: Arkalyk, 2026 (at/above 48N, just short of a 0.1 deg curve step; QMDB year API, capture of 6 Oct 2026)
archive/tables/pinned/kz-qmdb/2026-10-06/arkalyk-2027.txt	kz.qmdb/arkalyk	50.177335	67.022603	Asia/Qostanay	F+E S D A M I	daily	hanafi	test	Arkalyk's own table at 50 % of its 22.4 km reach, bearing 135: Arkalyk, 2027 (at/above 48N, just short of a 0.1 deg curve step; QMDB year API, capture of 6 Oct 2026)
archive/tables/pinned/kz-qmdb/2026-10-06/arkalyk-2026.txt	kz.qmdb/arkalyk	50.147887	66.911389	Asia/Qostanay	F+E S D A M I	daily	hanafi	test	Arkalyk's own table at 50 % of its 22.4 km reach, bearing 180: Arkalyk, 2026 (at/above 48N, just short of a 0.1 deg curve step; QMDB year API, capture of 6 Oct 2026)
archive/tables/pinned/kz-qmdb/2026-10-06/arkalyk-2027.txt	kz.qmdb/arkalyk	50.147887	66.911389	Asia/Qostanay	F+E S D A M I	daily	hanafi	test	Arkalyk's own table at 50 % of its 22.4 km reach, bearing 180: Arkalyk, 2027 (at/above 48N, just short of a 0.1 deg curve step; QMDB year API, capture of 6 Oct 2026)
archive/tables/pinned/kz-qmdb/2026-10-06/arkalyk-2026.txt	kz.qmdb/arkalyk	50.177335	66.800175	Asia/Qostanay	F+E S D A M I	daily	hanafi	test	Arkalyk's own table at 50 % of its 22.4 km reach, bearing 225: Arkalyk, 2026 (at/above 48N, just short of a 0.1 deg curve step; QMDB year API, capture of 6 Oct 2026)
archive/tables/pinned/kz-qmdb/2026-10-06/arkalyk-2027.txt	kz.qmdb/arkalyk	50.177335	66.800175	Asia/Qostanay	F+E S D A M I	daily	hanafi	test	Arkalyk's own table at 50 % of its 22.4 km reach, bearing 225: Arkalyk, 2027 (at/above 48N, just short of a 0.1 deg curve step; QMDB year API, capture of 6 Oct 2026)
archive/tables/pinned/kz-qmdb/2026-10-06/arkalyk-2026.txt	kz.qmdb/arkalyk	50.248505	66.753874	Asia/Qostanay	F+E S D A M I	daily	hanafi	test	Arkalyk's own table at 50 % of its 22.4 km reach, bearing 270: Arkalyk, 2026 (at/above 48N, just short of a 0.1 deg curve step; QMDB year API, capture of 6 Oct 2026)
archive/tables/pinned/kz-qmdb/2026-10-06/arkalyk-2027.txt	kz.qmdb/arkalyk	50.248505	66.753874	Asia/Qostanay	F+E S D A M I	daily	hanafi	test	Arkalyk's own table at 50 % of its 22.4 km reach, bearing 270: Arkalyk, 2027 (at/above 48N, just short of a 0.1 deg curve step; QMDB year API, capture of 6 Oct 2026)
archive/tables/pinned/kz-qmdb/2026-10-06/arkalyk-2026.txt	kz.qmdb/arkalyk	50.319780	66.799843	Asia/Qostanay	F+E S D A M I	daily	hanafi	test	Arkalyk's own table at 50 % of its 22.4 km reach, bearing 315: Arkalyk, 2026 (at/above 48N, just short of a 0.1 deg curve step; QMDB year API, capture of 6 Oct 2026)
archive/tables/pinned/kz-qmdb/2026-10-06/arkalyk-2027.txt	kz.qmdb/arkalyk	50.319780	66.799843	Asia/Qostanay	F+E S D A M I	daily	hanafi	test	Arkalyk's own table at 50 % of its 22.4 km reach, bearing 315: Arkalyk, 2027 (at/above 48N, just short of a 0.1 deg curve step; QMDB year API, capture of 6 Oct 2026)
archive/tables/pinned/kz-qmdb/2026-10-06/arkalyk-2026.txt	kz.qmdb/arkalyk	50.439987	66.911389	Asia/Qostanay	F+E S D A M I	daily	hanafi	test	Arkalyk's own table at 95 % of its 22.4 km reach, bearing 0: Arkalyk, 2026 (at/above 48N, just short of a 0.1 deg curve step; QMDB year API, capture of 6 Oct 2026)
archive/tables/pinned/kz-qmdb/2026-10-06/arkalyk-2027.txt	kz.qmdb/arkalyk	50.439987	66.911389	Asia/Qostanay	F+E S D A M I	daily	hanafi	test	Arkalyk's own table at 95 % of its 22.4 km reach, bearing 0: Arkalyk, 2027 (at/above 48N, just short of a 0.1 deg curve step; QMDB year API, capture of 6 Oct 2026)
archive/tables/pinned/kz-qmdb/2026-10-06/arkalyk-2026.txt	kz.qmdb/arkalyk	50.383741	67.123613	Asia/Qostanay	F+E S D A M I	daily	hanafi	test	Arkalyk's own table at 95 % of its 22.4 km reach, bearing 45: Arkalyk, 2026 (at/above 48N, just short of a 0.1 deg curve step; QMDB year API, capture of 6 Oct 2026)
archive/tables/pinned/kz-qmdb/2026-10-06/arkalyk-2027.txt	kz.qmdb/arkalyk	50.383741	67.123613	Asia/Qostanay	F+E S D A M I	daily	hanafi	test	Arkalyk's own table at 95 % of its 22.4 km reach, bearing 45: Arkalyk, 2027 (at/above 48N, just short of a 0.1 deg curve step; QMDB year API, capture of 6 Oct 2026)
archive/tables/pinned/kz-qmdb/2026-10-06/arkalyk-2026.txt	kz.qmdb/arkalyk	50.248227	67.210665	Asia/Qostanay	F+E S D A M I	daily	hanafi	test	Arkalyk's own table at 95 % of its 22.4 km reach, bearing 90: Arkalyk, 2026 (at/above 48N, just short of a 0.1 deg curve step; QMDB year API, capture of 6 Oct 2026)
archive/tables/pinned/kz-qmdb/2026-10-06/arkalyk-2027.txt	kz.qmdb/arkalyk	50.248227	67.210665	Asia/Qostanay	F+E S D A M I	daily	hanafi	test	Arkalyk's own table at 95 % of its 22.4 km reach, bearing 90: Arkalyk, 2027 (at/above 48N, just short of a 0.1 deg curve step; QMDB year API, capture of 6 Oct 2026)
archive/tables/pinned/kz-qmdb/2026-10-06/arkalyk-2026.txt	kz.qmdb/arkalyk	50.113097	67.122411	Asia/Qostanay	F+E S D A M I	daily	hanafi	test	Arkalyk's own table at 95 % of its 22.4 km reach, bearing 135: Arkalyk, 2026 (at/above 48N, just short of a 0.1 deg curve step; QMDB year API, capture of 6 Oct 2026)
archive/tables/pinned/kz-qmdb/2026-10-06/arkalyk-2027.txt	kz.qmdb/arkalyk	50.113097	67.122411	Asia/Qostanay	F+E S D A M I	daily	hanafi	test	Arkalyk's own table at 95 % of its 22.4 km reach, bearing 135: Arkalyk, 2027 (at/above 48N, just short of a 0.1 deg curve step; QMDB year API, capture of 6 Oct 2026)
archive/tables/pinned/kz-qmdb/2026-10-06/arkalyk-2026.txt	kz.qmdb/arkalyk	50.057235	66.911389	Asia/Qostanay	F+E S D A M I	daily	hanafi	test	Arkalyk's own table at 95 % of its 22.4 km reach, bearing 180: Arkalyk, 2026 (at/above 48N, just short of a 0.1 deg curve step; QMDB year API, capture of 6 Oct 2026)
archive/tables/pinned/kz-qmdb/2026-10-06/arkalyk-2027.txt	kz.qmdb/arkalyk	50.057235	66.911389	Asia/Qostanay	F+E S D A M I	daily	hanafi	test	Arkalyk's own table at 95 % of its 22.4 km reach, bearing 180: Arkalyk, 2027 (at/above 48N, just short of a 0.1 deg curve step; QMDB year API, capture of 6 Oct 2026)
archive/tables/pinned/kz-qmdb/2026-10-06/arkalyk-2026.txt	kz.qmdb/arkalyk	50.113097	66.700367	Asia/Qostanay	F+E S D A M I	daily	hanafi	test	Arkalyk's own table at 95 % of its 22.4 km reach, bearing 225: Arkalyk, 2026 (at/above 48N, just short of a 0.1 deg curve step; QMDB year API, capture of 6 Oct 2026)
archive/tables/pinned/kz-qmdb/2026-10-06/arkalyk-2027.txt	kz.qmdb/arkalyk	50.113097	66.700367	Asia/Qostanay	F+E S D A M I	daily	hanafi	test	Arkalyk's own table at 95 % of its 22.4 km reach, bearing 225: Arkalyk, 2027 (at/above 48N, just short of a 0.1 deg curve step; QMDB year API, capture of 6 Oct 2026)
archive/tables/pinned/kz-qmdb/2026-10-06/arkalyk-2026.txt	kz.qmdb/arkalyk	50.248227	66.612113	Asia/Qostanay	F+E S D A M I	daily	hanafi	test	Arkalyk's own table at 95 % of its 22.4 km reach, bearing 270: Arkalyk, 2026 (at/above 48N, just short of a 0.1 deg curve step; QMDB year API, capture of 6 Oct 2026)
archive/tables/pinned/kz-qmdb/2026-10-06/arkalyk-2027.txt	kz.qmdb/arkalyk	50.248227	66.612113	Asia/Qostanay	F+E S D A M I	daily	hanafi	test	Arkalyk's own table at 95 % of its 22.4 km reach, bearing 270: Arkalyk, 2027 (at/above 48N, just short of a 0.1 deg curve step; QMDB year API, capture of 6 Oct 2026)
archive/tables/pinned/kz-qmdb/2026-10-06/arkalyk-2026.txt	kz.qmdb/arkalyk	50.383741	66.699165	Asia/Qostanay	F+E S D A M I	daily	hanafi	test	Arkalyk's own table at 95 % of its 22.4 km reach, bearing 315: Arkalyk, 2026 (at/above 48N, just short of a 0.1 deg curve step; QMDB year API, capture of 6 Oct 2026)
archive/tables/pinned/kz-qmdb/2026-10-06/arkalyk-2027.txt	kz.qmdb/arkalyk	50.383741	66.699165	Asia/Qostanay	F+E S D A M I	daily	hanafi	test	Arkalyk's own table at 95 % of its 22.4 km reach, bearing 315: Arkalyk, 2027 (at/above 48N, just short of a 0.1 deg curve step; QMDB year API, capture of 6 Oct 2026)
archive/tables/pinned/kz-qmdb/2026-10-03/kostanay-2026.txt	kz.qmdb/kostanay	53.307467	63.634194	Asia/Qostanay	F+E S D A M I	daily	hanafi	test	Kostanay's own table at 50 % of its 19.6 km reach, bearing 0: Kostanay, 2026 (at/above 48N; QMDB year API, monitor capture of 3 Oct 2026)
archive/tables/pinned/kz-qmdb/2026-10-03/kostanay-2027.txt	kz.qmdb/kostanay	53.307467	63.634194	Asia/Qostanay	F+E S D A M I	daily	hanafi	test	Kostanay's own table at 50 % of its 19.6 km reach, bearing 0: Kostanay, 2027 (at/above 48N; QMDB year API, monitor capture of 3 Oct 2026)
archive/tables/pinned/kz-qmdb/2026-10-03/kostanay-2026.txt	kz.qmdb/kostanay	53.281607	63.738428	Asia/Qostanay	F+E S D A M I	daily	hanafi	test	Kostanay's own table at 50 % of its 19.6 km reach, bearing 45: Kostanay, 2026 (at/above 48N; QMDB year API, monitor capture of 3 Oct 2026)
archive/tables/pinned/kz-qmdb/2026-10-03/kostanay-2027.txt	kz.qmdb/kostanay	53.281607	63.738428	Asia/Qostanay	F+E S D A M I	daily	hanafi	test	Kostanay's own table at 50 % of its 19.6 km reach, bearing 45: Kostanay, 2027 (at/above 48N; QMDB year API, monitor capture of 3 Oct 2026)
archive/tables/pinned/kz-qmdb/2026-10-03/kostanay-2026.txt	kz.qmdb/kostanay	53.219242	63.781389	Asia/Qostanay	F+E S D A M I	daily	hanafi	test	Kostanay's own table at 50 % of its 19.6 km reach, bearing 90: Kostanay, 2026 (at/above 48N; QMDB year API, monitor capture of 3 Oct 2026)
archive/tables/pinned/kz-qmdb/2026-10-03/kostanay-2027.txt	kz.qmdb/kostanay	53.219242	63.781389	Asia/Qostanay	F+E S D A M I	daily	hanafi	test	Kostanay's own table at 50 % of its 19.6 km reach, bearing 90: Kostanay, 2027 (at/above 48N; QMDB year API, monitor capture of 3 Oct 2026)
archive/tables/pinned/kz-qmdb/2026-10-03/kostanay-2026.txt	kz.qmdb/kostanay	53.156968	63.738125	Asia/Qostanay	F+E S D A M I	daily	hanafi	test	Kostanay's own table at 50 % of its 19.6 km reach, bearing 135: Kostanay, 2026 (at/above 48N; QMDB year API, monitor capture of 3 Oct 2026)
archive/tables/pinned/kz-qmdb/2026-10-03/kostanay-2027.txt	kz.qmdb/kostanay	53.156968	63.738125	Asia/Qostanay	F+E S D A M I	daily	hanafi	test	Kostanay's own table at 50 % of its 19.6 km reach, bearing 135: Kostanay, 2027 (at/above 48N; QMDB year API, monitor capture of 3 Oct 2026)
archive/tables/pinned/kz-qmdb/2026-10-03/kostanay-2026.txt	kz.qmdb/kostanay	53.131199	63.634194	Asia/Qostanay	F+E S D A M I	daily	hanafi	test	Kostanay's own table at 50 % of its 19.6 km reach, bearing 180: Kostanay, 2026 (at/above 48N; QMDB year API, monitor capture of 3 Oct 2026)
archive/tables/pinned/kz-qmdb/2026-10-03/kostanay-2027.txt	kz.qmdb/kostanay	53.131199	63.634194	Asia/Qostanay	F+E S D A M I	daily	hanafi	test	Kostanay's own table at 50 % of its 19.6 km reach, bearing 180: Kostanay, 2027 (at/above 48N; QMDB year API, monitor capture of 3 Oct 2026)
archive/tables/pinned/kz-qmdb/2026-10-03/kostanay-2026.txt	kz.qmdb/kostanay	53.156968	63.530263	Asia/Qostanay	F+E S D A M I	daily	hanafi	test	Kostanay's own table at 50 % of its 19.6 km reach, bearing 225: Kostanay, 2026 (at/above 48N; QMDB year API, monitor capture of 3 Oct 2026)
archive/tables/pinned/kz-qmdb/2026-10-03/kostanay-2027.txt	kz.qmdb/kostanay	53.156968	63.530263	Asia/Qostanay	F+E S D A M I	daily	hanafi	test	Kostanay's own table at 50 % of its 19.6 km reach, bearing 225: Kostanay, 2027 (at/above 48N; QMDB year API, monitor capture of 3 Oct 2026)
archive/tables/pinned/kz-qmdb/2026-10-03/kostanay-2026.txt	kz.qmdb/kostanay	53.219242	63.486999	Asia/Qostanay	F+E S D A M I	daily	hanafi	test	Kostanay's own table at 50 % of its 19.6 km reach, bearing 270: Kostanay, 2026 (at/above 48N; QMDB year API, monitor capture of 3 Oct 2026)
archive/tables/pinned/kz-qmdb/2026-10-03/kostanay-2027.txt	kz.qmdb/kostanay	53.219242	63.486999	Asia/Qostanay	F+E S D A M I	daily	hanafi	test	Kostanay's own table at 50 % of its 19.6 km reach, bearing 270: Kostanay, 2027 (at/above 48N; QMDB year API, monitor capture of 3 Oct 2026)
archive/tables/pinned/kz-qmdb/2026-10-03/kostanay-2026.txt	kz.qmdb/kostanay	53.281607	63.529960	Asia/Qostanay	F+E S D A M I	daily	hanafi	test	Kostanay's own table at 50 % of its 19.6 km reach, bearing 315: Kostanay, 2026 (at/above 48N; QMDB year API, monitor capture of 3 Oct 2026)
archive/tables/pinned/kz-qmdb/2026-10-03/kostanay-2027.txt	kz.qmdb/kostanay	53.281607	63.529960	Asia/Qostanay	F+E S D A M I	daily	hanafi	test	Kostanay's own table at 50 % of its 19.6 km reach, bearing 315: Kostanay, 2027 (at/above 48N; QMDB year API, monitor capture of 3 Oct 2026)
archive/tables/pinned/kz-qmdb/2026-10-03/kostanay-2026.txt	kz.qmdb/kostanay	53.386787	63.634194	Asia/Qostanay	F+E S D A M I	daily	hanafi	test	Kostanay's own table at 95 % of its 19.6 km reach, bearing 0: Kostanay, 2026 (at/above 48N; QMDB year API, monitor capture of 3 Oct 2026)
archive/tables/pinned/kz-qmdb/2026-10-03/kostanay-2027.txt	kz.qmdb/kostanay	53.386787	63.634194	Asia/Qostanay	F+E S D A M I	daily	hanafi	test	Kostanay's own table at 95 % of its 19.6 km reach, bearing 0: Kostanay, 2027 (at/above 48N; QMDB year API, monitor capture of 3 Oct 2026)
archive/tables/pinned/kz-qmdb/2026-10-03/kostanay-2026.txt	kz.qmdb/kostanay	53.337576	63.832499	Asia/Qostanay	F+E S D A M I	daily	hanafi	test	Kostanay's own table at 95 % of its 19.6 km reach, bearing 45: Kostanay, 2026 (at/above 48N; QMDB year API, monitor capture of 3 Oct 2026)
archive/tables/pinned/kz-qmdb/2026-10-03/kostanay-2027.txt	kz.qmdb/kostanay	53.337576	63.832499	Asia/Qostanay	F+E S D A M I	daily	hanafi	test	Kostanay's own table at 95 % of its 19.6 km reach, bearing 45: Kostanay, 2027 (at/above 48N; QMDB year API, monitor capture of 3 Oct 2026)
archive/tables/pinned/kz-qmdb/2026-10-03/kostanay-2026.txt	kz.qmdb/kostanay	53.219006	63.913863	Asia/Qostanay	F+E S D A M I	daily	hanafi	test	Kostanay's own table at 95 % of its 19.6 km reach, bearing 90: Kostanay, 2026 (at/above 48N; QMDB year API, monitor capture of 3 Oct 2026)
archive/tables/pinned/kz-qmdb/2026-10-03/kostanay-2027.txt	kz.qmdb/kostanay	53.219006	63.913863	Asia/Qostanay	F+E S D A M I	daily	hanafi	test	Kostanay's own table at 95 % of its 19.6 km reach, bearing 90: Kostanay, 2027 (at/above 48N; QMDB year API, monitor capture of 3 Oct 2026)
archive/tables/pinned/kz-qmdb/2026-10-03/kostanay-2026.txt	kz.qmdb/kostanay	53.100762	63.831406	Asia/Qostanay	F+E S D A M I	daily	hanafi	test	Kostanay's own table at 95 % of its 19.6 km reach, bearing 135: Kostanay, 2026 (at/above 48N; QMDB year API, monitor capture of 3 Oct 2026)
archive/tables/pinned/kz-qmdb/2026-10-03/kostanay-2027.txt	kz.qmdb/kostanay	53.100762	63.831406	Asia/Qostanay	F+E S D A M I	daily	hanafi	test	Kostanay's own table at 95 % of its 19.6 km reach, bearing 135: Kostanay, 2027 (at/above 48N; QMDB year API, monitor capture of 3 Oct 2026)
archive/tables/pinned/kz-qmdb/2026-10-03/kostanay-2026.txt	kz.qmdb/kostanay	53.051879	63.634194	Asia/Qostanay	F+E S D A M I	daily	hanafi	test	Kostanay's own table at 95 % of its 19.6 km reach, bearing 180: Kostanay, 2026 (at/above 48N; QMDB year API, monitor capture of 3 Oct 2026)
archive/tables/pinned/kz-qmdb/2026-10-03/kostanay-2027.txt	kz.qmdb/kostanay	53.051879	63.634194	Asia/Qostanay	F+E S D A M I	daily	hanafi	test	Kostanay's own table at 95 % of its 19.6 km reach, bearing 180: Kostanay, 2027 (at/above 48N; QMDB year API, monitor capture of 3 Oct 2026)
archive/tables/pinned/kz-qmdb/2026-10-03/kostanay-2026.txt	kz.qmdb/kostanay	53.100762	63.436982	Asia/Qostanay	F+E S D A M I	daily	hanafi	test	Kostanay's own table at 95 % of its 19.6 km reach, bearing 225: Kostanay, 2026 (at/above 48N; QMDB year API, monitor capture of 3 Oct 2026)
archive/tables/pinned/kz-qmdb/2026-10-03/kostanay-2027.txt	kz.qmdb/kostanay	53.100762	63.436982	Asia/Qostanay	F+E S D A M I	daily	hanafi	test	Kostanay's own table at 95 % of its 19.6 km reach, bearing 225: Kostanay, 2027 (at/above 48N; QMDB year API, monitor capture of 3 Oct 2026)
archive/tables/pinned/kz-qmdb/2026-10-03/kostanay-2026.txt	kz.qmdb/kostanay	53.219006	63.354525	Asia/Qostanay	F+E S D A M I	daily	hanafi	test	Kostanay's own table at 95 % of its 19.6 km reach, bearing 270: Kostanay, 2026 (at/above 48N; QMDB year API, monitor capture of 3 Oct 2026)
archive/tables/pinned/kz-qmdb/2026-10-03/kostanay-2027.txt	kz.qmdb/kostanay	53.219006	63.354525	Asia/Qostanay	F+E S D A M I	daily	hanafi	test	Kostanay's own table at 95 % of its 19.6 km reach, bearing 270: Kostanay, 2027 (at/above 48N; QMDB year API, monitor capture of 3 Oct 2026)
archive/tables/pinned/kz-qmdb/2026-10-03/kostanay-2026.txt	kz.qmdb/kostanay	53.337576	63.435889	Asia/Qostanay	F+E S D A M I	daily	hanafi	test	Kostanay's own table at 95 % of its 19.6 km reach, bearing 315: Kostanay, 2026 (at/above 48N; QMDB year API, monitor capture of 3 Oct 2026)
archive/tables/pinned/kz-qmdb/2026-10-03/kostanay-2027.txt	kz.qmdb/kostanay	53.337576	63.435889	Asia/Qostanay	F+E S D A M I	daily	hanafi	test	Kostanay's own table at 95 % of its 19.6 km reach, bearing 315: Kostanay, 2027 (at/above 48N; QMDB year API, monitor capture of 3 Oct 2026)
archive/tables/pinned/kz-qmdb/2026-10-09/rudny-2026.txt	kz.qmdb/rudny	53.055250	63.116667	Asia/Qostanay	F+E S D A M I	daily	hanafi	test	Rudny's own table at 50 % of its 19.7 km reach, bearing 0: Rudny, 2026 (QMDB's own place for the app's city; QMDB year API, capture of 9 Oct 2026)
archive/tables/pinned/kz-qmdb/2026-10-09/rudny-2027.txt	kz.qmdb/rudny	53.055250	63.116667	Asia/Qostanay	F+E S D A M I	daily	hanafi	test	Rudny's own table at 50 % of its 19.7 km reach, bearing 0: Rudny, 2027 (QMDB's own place for the app's city; QMDB year API, capture of 9 Oct 2026)
archive/tables/pinned/kz-qmdb/2026-10-09/rudny-2026.txt	kz.qmdb/rudny	53.029259	63.220819	Asia/Qostanay	F+E S D A M I	daily	hanafi	test	Rudny's own table at 50 % of its 19.7 km reach, bearing 45: Rudny, 2026 (QMDB's own place for the app's city; QMDB year API, capture of 9 Oct 2026)
archive/tables/pinned/kz-qmdb/2026-10-09/rudny-2027.txt	kz.qmdb/rudny	53.029259	63.220819	Asia/Qostanay	F+E S D A M I	daily	hanafi	test	Rudny's own table at 50 % of its 19.7 km reach, bearing 45: Rudny, 2027 (QMDB's own place for the app's city; QMDB year API, capture of 9 Oct 2026)
archive/tables/pinned/kz-qmdb/2026-10-09/rudny-2026.txt	kz.qmdb/rudny	52.966576	63.263747	Asia/Qostanay	F+E S D A M I	daily	hanafi	test	Rudny's own table at 50 % of its 19.7 km reach, bearing 90: Rudny, 2026 (QMDB's own place for the app's city; QMDB year API, capture of 9 Oct 2026)
archive/tables/pinned/kz-qmdb/2026-10-09/rudny-2027.txt	kz.qmdb/rudny	52.966576	63.263747	Asia/Qostanay	F+E S D A M I	daily	hanafi	test	Rudny's own table at 50 % of its 19.7 km reach, bearing 90: Rudny, 2027 (QMDB's own place for the app's city; QMDB year API, capture of 9 Oct 2026)
archive/tables/pinned/kz-qmdb/2026-10-09/rudny-2026.txt	kz.qmdb/rudny	52.903984	63.220518	Asia/Qostanay	F+E S D A M I	daily	hanafi	test	Rudny's own table at 50 % of its 19.7 km reach, bearing 135: Rudny, 2026 (QMDB's own place for the app's city; QMDB year API, capture of 9 Oct 2026)
archive/tables/pinned/kz-qmdb/2026-10-09/rudny-2027.txt	kz.qmdb/rudny	52.903984	63.220518	Asia/Qostanay	F+E S D A M I	daily	hanafi	test	Rudny's own table at 50 % of its 19.7 km reach, bearing 135: Rudny, 2027 (QMDB's own place for the app's city; QMDB year API, capture of 9 Oct 2026)
archive/tables/pinned/kz-qmdb/2026-10-09/rudny-2026.txt	kz.qmdb/rudny	52.878084	63.116667	Asia/Qostanay	F+E S D A M I	daily	hanafi	test	Rudny's own table at 50 % of its 19.7 km reach, bearing 180: Rudny, 2026 (QMDB's own place for the app's city; QMDB year API, capture of 9 Oct 2026)
archive/tables/pinned/kz-qmdb/2026-10-09/rudny-2027.txt	kz.qmdb/rudny	52.878084	63.116667	Asia/Qostanay	F+E S D A M I	daily	hanafi	test	Rudny's own table at 50 % of its 19.7 km reach, bearing 180: Rudny, 2027 (QMDB's own place for the app's city; QMDB year API, capture of 9 Oct 2026)
archive/tables/pinned/kz-qmdb/2026-10-09/rudny-2026.txt	kz.qmdb/rudny	52.903984	63.012816	Asia/Qostanay	F+E S D A M I	daily	hanafi	test	Rudny's own table at 50 % of its 19.7 km reach, bearing 225: Rudny, 2026 (QMDB's own place for the app's city; QMDB year API, capture of 9 Oct 2026)
archive/tables/pinned/kz-qmdb/2026-10-09/rudny-2027.txt	kz.qmdb/rudny	52.903984	63.012816	Asia/Qostanay	F+E S D A M I	daily	hanafi	test	Rudny's own table at 50 % of its 19.7 km reach, bearing 225: Rudny, 2027 (QMDB's own place for the app's city; QMDB year API, capture of 9 Oct 2026)
archive/tables/pinned/kz-qmdb/2026-10-09/rudny-2026.txt	kz.qmdb/rudny	52.966576	62.969587	Asia/Qostanay	F+E S D A M I	daily	hanafi	test	Rudny's own table at 50 % of its 19.7 km reach, bearing 270: Rudny, 2026 (QMDB's own place for the app's city; QMDB year API, capture of 9 Oct 2026)
archive/tables/pinned/kz-qmdb/2026-10-09/rudny-2027.txt	kz.qmdb/rudny	52.966576	62.969587	Asia/Qostanay	F+E S D A M I	daily	hanafi	test	Rudny's own table at 50 % of its 19.7 km reach, bearing 270: Rudny, 2027 (QMDB's own place for the app's city; QMDB year API, capture of 9 Oct 2026)
archive/tables/pinned/kz-qmdb/2026-10-09/rudny-2026.txt	kz.qmdb/rudny	53.029259	63.012515	Asia/Qostanay	F+E S D A M I	daily	hanafi	test	Rudny's own table at 50 % of its 19.7 km reach, bearing 315: Rudny, 2026 (QMDB's own place for the app's city; QMDB year API, capture of 9 Oct 2026)
archive/tables/pinned/kz-qmdb/2026-10-09/rudny-2027.txt	kz.qmdb/rudny	53.029259	63.012515	Asia/Qostanay	F+E S D A M I	daily	hanafi	test	Rudny's own table at 50 % of its 19.7 km reach, bearing 315: Rudny, 2027 (QMDB's own place for the app's city; QMDB year API, capture of 9 Oct 2026)
archive/tables/pinned/kz-qmdb/2026-10-09/rudny-2026.txt	kz.qmdb/rudny	53.134975	63.116667	Asia/Qostanay	F+E S D A M I	daily	hanafi	test	Rudny's own table at 95 % of its 19.7 km reach, bearing 0: Rudny, 2026 (QMDB's own place for the app's city; QMDB year API, capture of 9 Oct 2026)
archive/tables/pinned/kz-qmdb/2026-10-09/rudny-2027.txt	kz.qmdb/rudny	53.134975	63.116667	Asia/Qostanay	F+E S D A M I	daily	hanafi	test	Rudny's own table at 95 % of its 19.7 km reach, bearing 0: Rudny, 2027 (QMDB's own place for the app's city; QMDB year API, capture of 9 Oct 2026)
archive/tables/pinned/kz-qmdb/2026-10-09/rudny-2026.txt	kz.qmdb/rudny	53.085514	63.314814	Asia/Qostanay	F+E S D A M I	daily	hanafi	test	Rudny's own table at 95 % of its 19.7 km reach, bearing 45: Rudny, 2026 (QMDB's own place for the app's city; QMDB year API, capture of 9 Oct 2026)
archive/tables/pinned/kz-qmdb/2026-10-09/rudny-2027.txt	kz.qmdb/rudny	53.085514	63.314814	Asia/Qostanay	F+E S D A M I	daily	hanafi	test	Rudny's own table at 95 % of its 19.7 km reach, bearing 45: Rudny, 2027 (QMDB's own place for the app's city; QMDB year API, capture of 9 Oct 2026)
archive/tables/pinned/kz-qmdb/2026-10-09/rudny-2026.txt	kz.qmdb/rudny	52.966339	63.396117	Asia/Qostanay	F+E S D A M I	daily	hanafi	test	Rudny's own table at 95 % of its 19.7 km reach, bearing 90: Rudny, 2026 (QMDB's own place for the app's city; QMDB year API, capture of 9 Oct 2026)
archive/tables/pinned/kz-qmdb/2026-10-09/rudny-2027.txt	kz.qmdb/rudny	52.966339	63.396117	Asia/Qostanay	F+E S D A M I	daily	hanafi	test	Rudny's own table at 95 % of its 19.7 km reach, bearing 90: Rudny, 2027 (QMDB's own place for the app's city; QMDB year API, capture of 9 Oct 2026)
archive/tables/pinned/kz-qmdb/2026-10-09/rudny-2026.txt	kz.qmdb/rudny	52.847492	63.313726	Asia/Qostanay	F+E S D A M I	daily	hanafi	test	Rudny's own table at 95 % of its 19.7 km reach, bearing 135: Rudny, 2026 (QMDB's own place for the app's city; QMDB year API, capture of 9 Oct 2026)
archive/tables/pinned/kz-qmdb/2026-10-09/rudny-2027.txt	kz.qmdb/rudny	52.847492	63.313726	Asia/Qostanay	F+E S D A M I	daily	hanafi	test	Rudny's own table at 95 % of its 19.7 km reach, bearing 135: Rudny, 2027 (QMDB's own place for the app's city; QMDB year API, capture of 9 Oct 2026)
archive/tables/pinned/kz-qmdb/2026-10-09/rudny-2026.txt	kz.qmdb/rudny	52.798359	63.116667	Asia/Qostanay	F+E S D A M I	daily	hanafi	test	Rudny's own table at 95 % of its 19.7 km reach, bearing 180: Rudny, 2026 (QMDB's own place for the app's city; QMDB year API, capture of 9 Oct 2026)
archive/tables/pinned/kz-qmdb/2026-10-09/rudny-2027.txt	kz.qmdb/rudny	52.798359	63.116667	Asia/Qostanay	F+E S D A M I	daily	hanafi	test	Rudny's own table at 95 % of its 19.7 km reach, bearing 180: Rudny, 2027 (QMDB's own place for the app's city; QMDB year API, capture of 9 Oct 2026)
archive/tables/pinned/kz-qmdb/2026-10-09/rudny-2026.txt	kz.qmdb/rudny	52.847492	62.919608	Asia/Qostanay	F+E S D A M I	daily	hanafi	test	Rudny's own table at 95 % of its 19.7 km reach, bearing 225: Rudny, 2026 (QMDB's own place for the app's city; QMDB year API, capture of 9 Oct 2026)
archive/tables/pinned/kz-qmdb/2026-10-09/rudny-2027.txt	kz.qmdb/rudny	52.847492	62.919608	Asia/Qostanay	F+E S D A M I	daily	hanafi	test	Rudny's own table at 95 % of its 19.7 km reach, bearing 225: Rudny, 2027 (QMDB's own place for the app's city; QMDB year API, capture of 9 Oct 2026)
archive/tables/pinned/kz-qmdb/2026-10-09/rudny-2026.txt	kz.qmdb/rudny	52.966339	62.837217	Asia/Qostanay	F+E S D A M I	daily	hanafi	test	Rudny's own table at 95 % of its 19.7 km reach, bearing 270: Rudny, 2026 (QMDB's own place for the app's city; QMDB year API, capture of 9 Oct 2026)
archive/tables/pinned/kz-qmdb/2026-10-09/rudny-2027.txt	kz.qmdb/rudny	52.966339	62.837217	Asia/Qostanay	F+E S D A M I	daily	hanafi	test	Rudny's own table at 95 % of its 19.7 km reach, bearing 270: Rudny, 2027 (QMDB's own place for the app's city; QMDB year API, capture of 9 Oct 2026)
archive/tables/pinned/kz-qmdb/2026-10-09/rudny-2026.txt	kz.qmdb/rudny	53.085514	62.918520	Asia/Qostanay	F+E S D A M I	daily	hanafi	test	Rudny's own table at 95 % of its 19.7 km reach, bearing 315: Rudny, 2026 (QMDB's own place for the app's city; QMDB year API, capture of 9 Oct 2026)
archive/tables/pinned/kz-qmdb/2026-10-09/rudny-2027.txt	kz.qmdb/rudny	53.085514	62.918520	Asia/Qostanay	F+E S D A M I	daily	hanafi	test	Rudny's own table at 95 % of its 19.7 km reach, bearing 315: Rudny, 2027 (QMDB's own place for the app's city; QMDB year API, capture of 9 Oct 2026)
archive/tables/pinned/kz-qmdb/2026-10-09/baikonur-2026.txt	kz.qmdb/baikonur	45.989493	63.307778	Asia/Qostanay	F+E S D A M I	daily	hanafi	test	Baikonur's own table at 50 % of its 5.2 km reach, bearing 0: Baikonur, 2026 (QMDB's own place for the app's city; QMDB year API, capture of 9 Oct 2026)
archive/tables/pinned/kz-qmdb/2026-10-09/baikonur-2027.txt	kz.qmdb/baikonur	45.989493	63.307778	Asia/Qostanay	F+E S D A M I	daily	hanafi	test	Baikonur's own table at 50 % of its 5.2 km reach, bearing 0: Baikonur, 2027 (QMDB's own place for the app's city; QMDB year API, capture of 9 Oct 2026)
archive/tables/pinned/kz-qmdb/2026-10-09/baikonur-2026.txt	kz.qmdb/baikonur	45.982642	63.331572	Asia/Qostanay	F+E S D A M I	daily	hanafi	test	Baikonur's own table at 50 % of its 5.2 km reach, bearing 45: Baikonur, 2026 (QMDB's own place for the app's city; QMDB year API, capture of 9 Oct 2026)
archive/tables/pinned/kz-qmdb/2026-10-09/baikonur-2027.txt	kz.qmdb/baikonur	45.982642	63.331572	Asia/Qostanay	F+E S D A M I	daily	hanafi	test	Baikonur's own table at 50 % of its 5.2 km reach, bearing 45: Baikonur, 2027 (QMDB's own place for the app's city; QMDB year API, capture of 9 Oct 2026)
archive/tables/pinned/kz-qmdb/2026-10-09/baikonur-2026.txt	kz.qmdb/baikonur	45.966106	63.341418	Asia/Qostanay	F+E S D A M I	daily	hanafi	test	Baikonur's own table at 50 % of its 5.2 km reach, bearing 90: Baikonur, 2026 (QMDB's own place for the app's city; QMDB year API, capture of 9 Oct 2026)
archive/tables/pinned/kz-qmdb/2026-10-09/baikonur-2027.txt	kz.qmdb/baikonur	45.966106	63.341418	Asia/Qostanay	F+E S D A M I	daily	hanafi	test	Baikonur's own table at 50 % of its 5.2 km reach, bearing 90: Baikonur, 2027 (QMDB's own place for the app's city; QMDB year API, capture of 9 Oct 2026)
archive/tables/pinned/kz-qmdb/2026-10-09/baikonur-2026.txt	kz.qmdb/baikonur	45.949575	63.331558	Asia/Qostanay	F+E S D A M I	daily	hanafi	test	Baikonur's own table at 50 % of its 5.2 km reach, bearing 135: Baikonur, 2026 (QMDB's own place for the app's city; QMDB year API, capture of 9 Oct 2026)
archive/tables/pinned/kz-qmdb/2026-10-09/baikonur-2027.txt	kz.qmdb/baikonur	45.949575	63.331558	Asia/Qostanay	F+E S D A M I	daily	hanafi	test	Baikonur's own table at 50 % of its 5.2 km reach, bearing 135: Baikonur, 2027 (QMDB's own place for the app's city; QMDB year API, capture of 9 Oct 2026)
archive/tables/pinned/kz-qmdb/2026-10-09/baikonur-2026.txt	kz.qmdb/baikonur	45.942729	63.307778	Asia/Qostanay	F+E S D A M I	daily	hanafi	test	Baikonur's own table at 50 % of its 5.2 km reach, bearing 180: Baikonur, 2026 (QMDB's own place for the app's city; QMDB year API, capture of 9 Oct 2026)
archive/tables/pinned/kz-qmdb/2026-10-09/baikonur-2027.txt	kz.qmdb/baikonur	45.942729	63.307778	Asia/Qostanay	F+E S D A M I	daily	hanafi	test	Baikonur's own table at 50 % of its 5.2 km reach, bearing 180: Baikonur, 2027 (QMDB's own place for the app's city; QMDB year API, capture of 9 Oct 2026)
archive/tables/pinned/kz-qmdb/2026-10-09/baikonur-2026.txt	kz.qmdb/baikonur	45.949575	63.283998	Asia/Qostanay	F+E S D A M I	daily	hanafi	test	Baikonur's own table at 50 % of its 5.2 km reach, bearing 225: Baikonur, 2026 (QMDB's own place for the app's city; QMDB year API, capture of 9 Oct 2026)
archive/tables/pinned/kz-qmdb/2026-10-09/baikonur-2027.txt	kz.qmdb/baikonur	45.949575	63.283998	Asia/Qostanay	F+E S D A M I	daily	hanafi	test	Baikonur's own table at 50 % of its 5.2 km reach, bearing 225: Baikonur, 2027 (QMDB's own place for the app's city; QMDB year API, capture of 9 Oct 2026)
archive/tables/pinned/kz-qmdb/2026-10-09/baikonur-2026.txt	kz.qmdb/baikonur	45.966106	63.274138	Asia/Qostanay	F+E S D A M I	daily	hanafi	test	Baikonur's own table at 50 % of its 5.2 km reach, bearing 270: Baikonur, 2026 (QMDB's own place for the app's city; QMDB year API, capture of 9 Oct 2026)
archive/tables/pinned/kz-qmdb/2026-10-09/baikonur-2027.txt	kz.qmdb/baikonur	45.966106	63.274138	Asia/Qostanay	F+E S D A M I	daily	hanafi	test	Baikonur's own table at 50 % of its 5.2 km reach, bearing 270: Baikonur, 2027 (QMDB's own place for the app's city; QMDB year API, capture of 9 Oct 2026)
archive/tables/pinned/kz-qmdb/2026-10-09/baikonur-2026.txt	kz.qmdb/baikonur	45.982642	63.283984	Asia/Qostanay	F+E S D A M I	daily	hanafi	test	Baikonur's own table at 50 % of its 5.2 km reach, bearing 315: Baikonur, 2026 (QMDB's own place for the app's city; QMDB year API, capture of 9 Oct 2026)
archive/tables/pinned/kz-qmdb/2026-10-09/baikonur-2027.txt	kz.qmdb/baikonur	45.982642	63.283984	Asia/Qostanay	F+E S D A M I	daily	hanafi	test	Baikonur's own table at 50 % of its 5.2 km reach, bearing 315: Baikonur, 2027 (QMDB's own place for the app's city; QMDB year API, capture of 9 Oct 2026)
archive/tables/pinned/kz-qmdb/2026-10-09/baikonur-2026.txt	kz.qmdb/baikonur	46.010537	63.307778	Asia/Qostanay	F+E S D A M I	daily	hanafi	test	Baikonur's own table at 95 % of its 5.2 km reach, bearing 0: Baikonur, 2026 (QMDB's own place for the app's city; QMDB year API, capture of 9 Oct 2026)
archive/tables/pinned/kz-qmdb/2026-10-09/baikonur-2027.txt	kz.qmdb/baikonur	46.010537	63.307778	Asia/Qostanay	F+E S D A M I	daily	hanafi	test	Baikonur's own table at 95 % of its 5.2 km reach, bearing 0: Baikonur, 2027 (QMDB's own place for the app's city; QMDB year API, capture of 9 Oct 2026)
archive/tables/pinned/kz-qmdb/2026-10-09/baikonur-2026.txt	kz.qmdb/baikonur	45.997516	63.352999	Asia/Qostanay	F+E S D A M I	daily	hanafi	test	Baikonur's own table at 95 % of its 5.2 km reach, bearing 45: Baikonur, 2026 (QMDB's own place for the app's city; QMDB year API, capture of 9 Oct 2026)
archive/tables/pinned/kz-qmdb/2026-10-09/baikonur-2027.txt	kz.qmdb/baikonur	45.997516	63.352999	Asia/Qostanay	F+E S D A M I	daily	hanafi	test	Baikonur's own table at 95 % of its 5.2 km reach, bearing 45: Baikonur, 2027 (QMDB's own place for the app's city; QMDB year API, capture of 9 Oct 2026)
archive/tables/pinned/kz-qmdb/2026-10-09/baikonur-2026.txt	kz.qmdb/baikonur	45.966093	63.371693	Asia/Qostanay	F+E S D A M I	daily	hanafi	test	Baikonur's own table at 95 % of its 5.2 km reach, bearing 90: Baikonur, 2026 (QMDB's own place for the app's city; QMDB year API, capture of 9 Oct 2026)
archive/tables/pinned/kz-qmdb/2026-10-09/baikonur-2027.txt	kz.qmdb/baikonur	45.966093	63.371693	Asia/Qostanay	F+E S D A M I	daily	hanafi	test	Baikonur's own table at 95 % of its 5.2 km reach, bearing 90: Baikonur, 2027 (QMDB's own place for the app's city; QMDB year API, capture of 9 Oct 2026)
archive/tables/pinned/kz-qmdb/2026-10-09/baikonur-2026.txt	kz.qmdb/baikonur	45.934688	63.352947	Asia/Qostanay	F+E S D A M I	daily	hanafi	test	Baikonur's own table at 95 % of its 5.2 km reach, bearing 135: Baikonur, 2026 (QMDB's own place for the app's city; QMDB year API, capture of 9 Oct 2026)
archive/tables/pinned/kz-qmdb/2026-10-09/baikonur-2027.txt	kz.qmdb/baikonur	45.934688	63.352947	Asia/Qostanay	F+E S D A M I	daily	hanafi	test	Baikonur's own table at 95 % of its 5.2 km reach, bearing 135: Baikonur, 2027 (QMDB's own place for the app's city; QMDB year API, capture of 9 Oct 2026)
archive/tables/pinned/kz-qmdb/2026-10-09/baikonur-2026.txt	kz.qmdb/baikonur	45.921685	63.307778	Asia/Qostanay	F+E S D A M I	daily	hanafi	test	Baikonur's own table at 95 % of its 5.2 km reach, bearing 180: Baikonur, 2026 (QMDB's own place for the app's city; QMDB year API, capture of 9 Oct 2026)
archive/tables/pinned/kz-qmdb/2026-10-09/baikonur-2027.txt	kz.qmdb/baikonur	45.921685	63.307778	Asia/Qostanay	F+E S D A M I	daily	hanafi	test	Baikonur's own table at 95 % of its 5.2 km reach, bearing 180: Baikonur, 2027 (QMDB's own place for the app's city; QMDB year API, capture of 9 Oct 2026)
archive/tables/pinned/kz-qmdb/2026-10-09/baikonur-2026.txt	kz.qmdb/baikonur	45.934688	63.262609	Asia/Qostanay	F+E S D A M I	daily	hanafi	test	Baikonur's own table at 95 % of its 5.2 km reach, bearing 225: Baikonur, 2026 (QMDB's own place for the app's city; QMDB year API, capture of 9 Oct 2026)
archive/tables/pinned/kz-qmdb/2026-10-09/baikonur-2027.txt	kz.qmdb/baikonur	45.934688	63.262609	Asia/Qostanay	F+E S D A M I	daily	hanafi	test	Baikonur's own table at 95 % of its 5.2 km reach, bearing 225: Baikonur, 2027 (QMDB's own place for the app's city; QMDB year API, capture of 9 Oct 2026)
archive/tables/pinned/kz-qmdb/2026-10-09/baikonur-2026.txt	kz.qmdb/baikonur	45.966093	63.243863	Asia/Qostanay	F+E S D A M I	daily	hanafi	test	Baikonur's own table at 95 % of its 5.2 km reach, bearing 270: Baikonur, 2026 (QMDB's own place for the app's city; QMDB year API, capture of 9 Oct 2026)
archive/tables/pinned/kz-qmdb/2026-10-09/baikonur-2027.txt	kz.qmdb/baikonur	45.966093	63.243863	Asia/Qostanay	F+E S D A M I	daily	hanafi	test	Baikonur's own table at 95 % of its 5.2 km reach, bearing 270: Baikonur, 2027 (QMDB's own place for the app's city; QMDB year API, capture of 9 Oct 2026)
archive/tables/pinned/kz-qmdb/2026-10-09/baikonur-2026.txt	kz.qmdb/baikonur	45.997516	63.262557	Asia/Qostanay	F+E S D A M I	daily	hanafi	test	Baikonur's own table at 95 % of its 5.2 km reach, bearing 315: Baikonur, 2026 (QMDB's own place for the app's city; QMDB year API, capture of 9 Oct 2026)
archive/tables/pinned/kz-qmdb/2026-10-09/baikonur-2027.txt	kz.qmdb/baikonur	45.997516	63.262557	Asia/Qostanay	F+E S D A M I	daily	hanafi	test	Baikonur's own table at 95 % of its 5.2 km reach, bearing 315: Baikonur, 2027 (QMDB's own place for the app's city; QMDB year API, capture of 9 Oct 2026)
archive/tables/pinned/kz-qmdb/2026-10-06/kyzylorda-2026.txt	kz.qmdb/kyzylorda	44.973395	65.502563	Asia/Qyzylorda	F+E S D A M I	daily	hanafi	test	Kyzylorda's own table at 50 % of its 29.1 km reach, bearing 0: Kyzylorda, 2026 (below 46N, its own zone; QMDB year API, capture of 6 Oct 2026)
archive/tables/pinned/kz-qmdb/2026-10-06/kyzylorda-2027.txt	kz.qmdb/kyzylorda	44.973395	65.502563	Asia/Qyzylorda	F+E S D A M I	daily	hanafi	test	Kyzylorda's own table at 50 % of its 29.1 km reach, bearing 0: Kyzylorda, 2027 (below 46N, its own zone; QMDB year API, capture of 6 Oct 2026)
archive/tables/pinned/kz-qmdb/2026-10-06/kyzylorda-2026.txt	kz.qmdb/kyzylorda	44.934995	65.633266	Asia/Qyzylorda	F+E S D A M I	daily	hanafi	test	Kyzylorda's own table at 50 % of its 29.1 km reach, bearing 45: Kyzylorda, 2026 (below 46N, its own zone; QMDB year API, capture of 6 Oct 2026)
archive/tables/pinned/kz-qmdb/2026-10-06/kyzylorda-2027.txt	kz.qmdb/kyzylorda	44.934995	65.633266	Asia/Qyzylorda	F+E S D A M I	daily	hanafi	test	Kyzylorda's own table at 50 % of its 29.1 km reach, bearing 45: Kyzylorda, 2027 (below 46N, its own zone; QMDB year API, capture of 6 Oct 2026)
archive/tables/pinned/kz-qmdb/2026-10-06/kyzylorda-2026.txt	kz.qmdb/kyzylorda	44.842395	65.687108	Asia/Qyzylorda	F+E S D A M I	daily	hanafi	test	Kyzylorda's own table at 50 % of its 29.1 km reach, bearing 90: Kyzylorda, 2026 (below 46N, its own zone; QMDB year API, capture of 6 Oct 2026)
archive/tables/pinned/kz-qmdb/2026-10-06/kyzylorda-2027.txt	kz.qmdb/kyzylorda	44.842395	65.687108	Asia/Qyzylorda	F+E S D A M I	daily	hanafi	test	Kyzylorda's own table at 50 % of its 29.1 km reach, bearing 90: Kyzylorda, 2027 (below 46N, its own zone; QMDB year API, capture of 6 Oct 2026)
archive/tables/pinned/kz-qmdb/2026-10-06/kyzylorda-2026.txt	kz.qmdb/kyzylorda	44.749944	65.632847	Asia/Qyzylorda	F+E S D A M I	daily	hanafi	test	Kyzylorda's own table at 50 % of its 29.1 km reach, bearing 135: Kyzylorda, 2026 (below 46N, its own zone; QMDB year API, capture of 6 Oct 2026)
archive/tables/pinned/kz-qmdb/2026-10-06/kyzylorda-2027.txt	kz.qmdb/kyzylorda	44.749944	65.632847	Asia/Qyzylorda	F+E S D A M I	daily	hanafi	test	Kyzylorda's own table at 50 % of its 29.1 km reach, bearing 135: Kyzylorda, 2027 (below 46N, its own zone; QMDB year API, capture of 6 Oct 2026)
archive/tables/pinned/kz-qmdb/2026-10-06/kyzylorda-2026.txt	kz.qmdb/kyzylorda	44.711693	65.502563	Asia/Qyzylorda	F+E S D A M I	daily	hanafi	test	Kyzylorda's own table at 50 % of its 29.1 km reach, bearing 180: Kyzylorda, 2026 (below 46N, its own zone; QMDB year API, capture of 6 Oct 2026)
archive/tables/pinned/kz-qmdb/2026-10-06/kyzylorda-2027.txt	kz.qmdb/kyzylorda	44.711693	65.502563	Asia/Qyzylorda	F+E S D A M I	daily	hanafi	test	Kyzylorda's own table at 50 % of its 29.1 km reach, bearing 180: Kyzylorda, 2027 (below 46N, its own zone; QMDB year API, capture of 6 Oct 2026)
archive/tables/pinned/kz-qmdb/2026-10-06/kyzylorda-2026.txt	kz.qmdb/kyzylorda	44.749944	65.372279	Asia/Qyzylorda	F+E S D A M I	daily	hanafi	test	Kyzylorda's own table at 50 % of its 29.1 km reach, bearing 225: Kyzylorda, 2026 (below 46N, its own zone; QMDB year API, capture of 6 Oct 2026)
archive/tables/pinned/kz-qmdb/2026-10-06/kyzylorda-2027.txt	kz.qmdb/kyzylorda	44.749944	65.372279	Asia/Qyzylorda	F+E S D A M I	daily	hanafi	test	Kyzylorda's own table at 50 % of its 29.1 km reach, bearing 225: Kyzylorda, 2027 (below 46N, its own zone; QMDB year API, capture of 6 Oct 2026)
archive/tables/pinned/kz-qmdb/2026-10-06/kyzylorda-2026.txt	kz.qmdb/kyzylorda	44.842395	65.318018	Asia/Qyzylorda	F+E S D A M I	daily	hanafi	test	Kyzylorda's own table at 50 % of its 29.1 km reach, bearing 270: Kyzylorda, 2026 (below 46N, its own zone; QMDB year API, capture of 6 Oct 2026)
archive/tables/pinned/kz-qmdb/2026-10-06/kyzylorda-2027.txt	kz.qmdb/kyzylorda	44.842395	65.318018	Asia/Qyzylorda	F+E S D A M I	daily	hanafi	test	Kyzylorda's own table at 50 % of its 29.1 km reach, bearing 270: Kyzylorda, 2027 (below 46N, its own zone; QMDB year API, capture of 6 Oct 2026)
archive/tables/pinned/kz-qmdb/2026-10-06/kyzylorda-2026.txt	kz.qmdb/kyzylorda	44.934995	65.371860	Asia/Qyzylorda	F+E S D A M I	daily	hanafi	test	Kyzylorda's own table at 50 % of its 29.1 km reach, bearing 315: Kyzylorda, 2026 (below 46N, its own zone; QMDB year API, capture of 6 Oct 2026)
archive/tables/pinned/kz-qmdb/2026-10-06/kyzylorda-2027.txt	kz.qmdb/kyzylorda	44.934995	65.371860	Asia/Qyzylorda	F+E S D A M I	daily	hanafi	test	Kyzylorda's own table at 50 % of its 29.1 km reach, bearing 315: Kyzylorda, 2027 (below 46N, its own zone; QMDB year API, capture of 6 Oct 2026)
archive/tables/pinned/kz-qmdb/2026-10-06/kyzylorda-2026.txt	kz.qmdb/kyzylorda	45.091161	65.502563	Asia/Qyzylorda	F+E S D A M I	daily	hanafi	test	Kyzylorda's own table at 95 % of its 29.1 km reach, bearing 0: Kyzylorda, 2026 (below 46N, its own zone; QMDB year API, capture of 6 Oct 2026)
archive/tables/pinned/kz-qmdb/2026-10-06/kyzylorda-2027.txt	kz.qmdb/kyzylorda	45.091161	65.502563	Asia/Qyzylorda	F+E S D A M I	daily	hanafi	test	Kyzylorda's own table at 95 % of its 29.1 km reach, bearing 0: Kyzylorda, 2027 (below 46N, its own zone; QMDB year API, capture of 6 Oct 2026)
archive/tables/pinned/kz-qmdb/2026-10-06/kyzylorda-2026.txt	kz.qmdb/kyzylorda	45.018074	65.751259	Asia/Qyzylorda	F+E S D A M I	daily	hanafi	test	Kyzylorda's own table at 95 % of its 29.1 km reach, bearing 45: Kyzylorda, 2026 (below 46N, its own zone; QMDB year API, capture of 6 Oct 2026)
archive/tables/pinned/kz-qmdb/2026-10-06/kyzylorda-2027.txt	kz.qmdb/kyzylorda	45.018074	65.751259	Asia/Qyzylorda	F+E S D A M I	daily	hanafi	test	Kyzylorda's own table at 95 % of its 29.1 km reach, bearing 45: Kyzylorda, 2027 (below 46N, its own zone; QMDB year API, capture of 6 Oct 2026)
archive/tables/pinned/kz-qmdb/2026-10-06/kyzylorda-2026.txt	kz.qmdb/kyzylorda	44.842008	65.853197	Asia/Qyzylorda	F+E S D A M I	daily	hanafi	test	Kyzylorda's own table at 95 % of its 29.1 km reach, bearing 90: Kyzylorda, 2026 (below 46N, its own zone; QMDB year API, capture of 6 Oct 2026)
archive/tables/pinned/kz-qmdb/2026-10-06/kyzylorda-2027.txt	kz.qmdb/kyzylorda	44.842008	65.853197	Asia/Qyzylorda	F+E S D A M I	daily	hanafi	test	Kyzylorda's own table at 95 % of its 29.1 km reach, bearing 90: Kyzylorda, 2027 (below 46N, its own zone; QMDB year API, capture of 6 Oct 2026)
archive/tables/pinned/kz-qmdb/2026-10-06/kyzylorda-2026.txt	kz.qmdb/kyzylorda	44.666478	65.749746	Asia/Qyzylorda	F+E S D A M I	daily	hanafi	test	Kyzylorda's own table at 95 % of its 29.1 km reach, bearing 135: Kyzylorda, 2026 (below 46N, its own zone; QMDB year API, capture of 6 Oct 2026)
archive/tables/pinned/kz-qmdb/2026-10-06/kyzylorda-2027.txt	kz.qmdb/kyzylorda	44.666478	65.749746	Asia/Qyzylorda	F+E S D A M I	daily	hanafi	test	Kyzylorda's own table at 95 % of its 29.1 km reach, bearing 135: Kyzylorda, 2027 (below 46N, its own zone; QMDB year API, capture of 6 Oct 2026)
archive/tables/pinned/kz-qmdb/2026-10-06/kyzylorda-2026.txt	kz.qmdb/kyzylorda	44.593927	65.502563	Asia/Qyzylorda	F+E S D A M I	daily	hanafi	test	Kyzylorda's own table at 95 % of its 29.1 km reach, bearing 180: Kyzylorda, 2026 (below 46N, its own zone; QMDB year API, capture of 6 Oct 2026)
archive/tables/pinned/kz-qmdb/2026-10-06/kyzylorda-2027.txt	kz.qmdb/kyzylorda	44.593927	65.502563	Asia/Qyzylorda	F+E S D A M I	daily	hanafi	test	Kyzylorda's own table at 95 % of its 29.1 km reach, bearing 180: Kyzylorda, 2027 (below 46N, its own zone; QMDB year API, capture of 6 Oct 2026)
archive/tables/pinned/kz-qmdb/2026-10-06/kyzylorda-2026.txt	kz.qmdb/kyzylorda	44.666478	65.255380	Asia/Qyzylorda	F+E S D A M I	daily	hanafi	test	Kyzylorda's own table at 95 % of its 29.1 km reach, bearing 225: Kyzylorda, 2026 (below 46N, its own zone; QMDB year API, capture of 6 Oct 2026)
archive/tables/pinned/kz-qmdb/2026-10-06/kyzylorda-2027.txt	kz.qmdb/kyzylorda	44.666478	65.255380	Asia/Qyzylorda	F+E S D A M I	daily	hanafi	test	Kyzylorda's own table at 95 % of its 29.1 km reach, bearing 225: Kyzylorda, 2027 (below 46N, its own zone; QMDB year API, capture of 6 Oct 2026)
archive/tables/pinned/kz-qmdb/2026-10-06/kyzylorda-2026.txt	kz.qmdb/kyzylorda	44.842008	65.151929	Asia/Qyzylorda	F+E S D A M I	daily	hanafi	test	Kyzylorda's own table at 95 % of its 29.1 km reach, bearing 270: Kyzylorda, 2026 (below 46N, its own zone; QMDB year API, capture of 6 Oct 2026)
archive/tables/pinned/kz-qmdb/2026-10-06/kyzylorda-2027.txt	kz.qmdb/kyzylorda	44.842008	65.151929	Asia/Qyzylorda	F+E S D A M I	daily	hanafi	test	Kyzylorda's own table at 95 % of its 29.1 km reach, bearing 270: Kyzylorda, 2027 (below 46N, its own zone; QMDB year API, capture of 6 Oct 2026)
archive/tables/pinned/kz-qmdb/2026-10-06/kyzylorda-2026.txt	kz.qmdb/kyzylorda	45.018074	65.253867	Asia/Qyzylorda	F+E S D A M I	daily	hanafi	test	Kyzylorda's own table at 95 % of its 29.1 km reach, bearing 315: Kyzylorda, 2026 (below 46N, its own zone; QMDB year API, capture of 6 Oct 2026)
archive/tables/pinned/kz-qmdb/2026-10-06/kyzylorda-2027.txt	kz.qmdb/kyzylorda	45.018074	65.253867	Asia/Qyzylorda	F+E S D A M I	daily	hanafi	test	Kyzylorda's own table at 95 % of its 29.1 km reach, bearing 315: Kyzylorda, 2027 (below 46N, its own zone; QMDB year API, capture of 6 Oct 2026)
archive/tables/pinned/kz-qmdb/2026-10-06/aktau-2026.txt	kz.qmdb/aktau	43.537050	51.304664	Asia/Aqtau	F+E S D A M I	daily	hanafi	test	Aktau's own table at 50 % of its 30.9 km reach, bearing 135: Aktau, 2026 (below 46N, the west; QMDB year API, capture of 6 Oct 2026)
archive/tables/pinned/kz-qmdb/2026-10-06/aktau-2027.txt	kz.qmdb/aktau	43.537050	51.304664	Asia/Aqtau	F+E S D A M I	daily	hanafi	test	Aktau's own table at 50 % of its 30.9 km reach, bearing 135: Aktau, 2027 (below 46N, the west; QMDB year API, capture of 6 Oct 2026)
archive/tables/pinned/kz-qmdb/2026-10-06/aktau-2026.txt	kz.qmdb/aktau	43.496434	51.169135	Asia/Aqtau	F+E S D A M I	daily	hanafi	test	Aktau's own table at 50 % of its 30.9 km reach, bearing 180: Aktau, 2026 (below 46N, the west; QMDB year API, capture of 6 Oct 2026)
archive/tables/pinned/kz-qmdb/2026-10-06/aktau-2027.txt	kz.qmdb/aktau	43.496434	51.169135	Asia/Aqtau	F+E S D A M I	daily	hanafi	test	Aktau's own table at 50 % of its 30.9 km reach, bearing 180: Aktau, 2027 (below 46N, the west; QMDB year API, capture of 6 Oct 2026)
archive/tables/pinned/kz-qmdb/2026-10-06/aktau-2026.txt	kz.qmdb/aktau	43.537050	51.033606	Asia/Aqtau	F+E S D A M I	daily	hanafi	test	Aktau's own table at 50 % of its 30.9 km reach, bearing 225: Aktau, 2026 (below 46N, the west; QMDB year API, capture of 6 Oct 2026)
archive/tables/pinned/kz-qmdb/2026-10-06/aktau-2027.txt	kz.qmdb/aktau	43.537050	51.033606	Asia/Aqtau	F+E S D A M I	daily	hanafi	test	Aktau's own table at 50 % of its 30.9 km reach, bearing 225: Aktau, 2027 (below 46N, the west; QMDB year API, capture of 6 Oct 2026)
archive/tables/pinned/kz-qmdb/2026-10-06/aktau-2026.txt	kz.qmdb/aktau	43.635218	50.977155	Asia/Aqtau	F+E S D A M I	daily	hanafi	test	Aktau's own table at 50 % of its 30.9 km reach, bearing 270: Aktau, 2026 (below 46N, the west; QMDB year API, capture of 6 Oct 2026)
archive/tables/pinned/kz-qmdb/2026-10-06/aktau-2027.txt	kz.qmdb/aktau	43.635218	50.977155	Asia/Aqtau	F+E S D A M I	daily	hanafi	test	Aktau's own table at 50 % of its 30.9 km reach, bearing 270: Aktau, 2027 (below 46N, the west; QMDB year API, capture of 6 Oct 2026)
archive/tables/pinned/kz-qmdb/2026-10-06/aktau-2026.txt	kz.qmdb/aktau	43.733548	51.033162	Asia/Aqtau	F+E S D A M I	daily	hanafi	test	Aktau's own table at 50 % of its 30.9 km reach, bearing 315: Aktau, 2026 (below 46N, the west; QMDB year API, capture of 6 Oct 2026)
archive/tables/pinned/kz-qmdb/2026-10-06/aktau-2027.txt	kz.qmdb/aktau	43.733548	51.033162	Asia/Aqtau	F+E S D A M I	daily	hanafi	test	Aktau's own table at 50 % of its 30.9 km reach, bearing 315: Aktau, 2027 (below 46N, the west; QMDB year API, capture of 6 Oct 2026)
archive/tables/pinned/kz-qmdb/2026-10-06/aktau-2026.txt	kz.qmdb/aktau	43.371383	51.169135	Asia/Aqtau	F+E S D A M I	daily	hanafi	test	Aktau's own table at 95 % of its 30.9 km reach, bearing 180: Aktau, 2026 (below 46N, the west; QMDB year API, capture of 6 Oct 2026)
archive/tables/pinned/kz-qmdb/2026-10-06/aktau-2027.txt	kz.qmdb/aktau	43.371383	51.169135	Asia/Aqtau	F+E S D A M I	daily	hanafi	test	Aktau's own table at 95 % of its 30.9 km reach, bearing 180: Aktau, 2027 (below 46N, the west; QMDB year API, capture of 6 Oct 2026)
archive/tables/pinned/kz-qmdb/2026-10-06/aktau-2026.txt	kz.qmdb/aktau	43.448417	50.912007	Asia/Aqtau	F+E S D A M I	daily	hanafi	test	Aktau's own table at 95 % of its 30.9 km reach, bearing 225: Aktau, 2026 (below 46N, the west; QMDB year API, capture of 6 Oct 2026)
archive/tables/pinned/kz-qmdb/2026-10-06/aktau-2027.txt	kz.qmdb/aktau	43.448417	50.912007	Asia/Aqtau	F+E S D A M I	daily	hanafi	test	Aktau's own table at 95 % of its 30.9 km reach, bearing 225: Aktau, 2027 (below 46N, the west; QMDB year API, capture of 6 Oct 2026)
archive/tables/pinned/kz-qmdb/2026-10-06/aktau-2026.txt	kz.qmdb/aktau	43.634799	50.804374	Asia/Aqtau	F+E S D A M I	daily	hanafi	test	Aktau's own table at 95 % of its 30.9 km reach, bearing 270: Aktau, 2026 (below 46N, the west; QMDB year API, capture of 6 Oct 2026)
archive/tables/pinned/kz-qmdb/2026-10-06/aktau-2027.txt	kz.qmdb/aktau	43.634799	50.804374	Asia/Aqtau	F+E S D A M I	daily	hanafi	test	Aktau's own table at 95 % of its 30.9 km reach, bearing 270: Aktau, 2027 (below 46N, the west; QMDB year API, capture of 6 Oct 2026)
archive/tables/pinned/kz-qmdb/2026-10-06/aktau-2026.txt	kz.qmdb/aktau	43.821761	50.910405	Asia/Aqtau	F+E S D A M I	daily	hanafi	test	Aktau's own table at 95 % of its 30.9 km reach, bearing 315: Aktau, 2026 (below 46N, the west; QMDB year API, capture of 6 Oct 2026)
archive/tables/pinned/kz-qmdb/2026-10-06/aktau-2027.txt	kz.qmdb/aktau	43.821761	50.910405	Asia/Aqtau	F+E S D A M I	daily	hanafi	test	Aktau's own table at 95 % of its 30.9 km reach, bearing 315: Aktau, 2027 (below 46N, the west; QMDB year API, capture of 6 Oct 2026)
archive/tables/pinned/kz-qmdb/2026-10-09/zhanaozen-2026.txt	kz.qmdb/zhanaozen	43.484909	52.865792	Asia/Aqtau	F+E S D A M I	daily	hanafi	test	Zhanaozen's own table at 50 % of its 31.5 km reach, bearing 0: Zhanaozen, 2026 (QMDB's own place for the app's city; QMDB year API, capture of 9 Oct 2026)
archive/tables/pinned/kz-qmdb/2026-10-09/zhanaozen-2027.txt	kz.qmdb/zhanaozen	43.484909	52.865792	Asia/Aqtau	F+E S D A M I	daily	hanafi	test	Zhanaozen's own table at 50 % of its 31.5 km reach, bearing 0: Zhanaozen, 2027 (QMDB's own place for the app's city; QMDB year API, capture of 9 Oct 2026)
archive/tables/pinned/kz-qmdb/2026-10-09/zhanaozen-2026.txt	kz.qmdb/zhanaozen	43.443340	53.003739	Asia/Aqtau	F+E S D A M I	daily	hanafi	test	Zhanaozen's own table at 50 % of its 31.5 km reach, bearing 45: Zhanaozen, 2026 (QMDB's own place for the app's city; QMDB year API, capture of 9 Oct 2026)
archive/tables/pinned/kz-qmdb/2026-10-09/zhanaozen-2027.txt	kz.qmdb/zhanaozen	43.443340	53.003739	Asia/Aqtau	F+E S D A M I	daily	hanafi	test	Zhanaozen's own table at 50 % of its 31.5 km reach, bearing 45: Zhanaozen, 2027 (QMDB's own place for the app's city; QMDB year API, capture of 9 Oct 2026)
archive/tables/pinned/kz-qmdb/2026-10-09/zhanaozen-2026.txt	kz.qmdb/zhanaozen	43.343101	53.060556	Asia/Aqtau	F+E S D A M I	daily	hanafi	test	Zhanaozen's own table at 50 % of its 31.5 km reach, bearing 90: Zhanaozen, 2026 (QMDB's own place for the app's city; QMDB year API, capture of 9 Oct 2026)
archive/tables/pinned/kz-qmdb/2026-10-09/zhanaozen-2027.txt	kz.qmdb/zhanaozen	43.343101	53.060556	Asia/Aqtau	F+E S D A M I	daily	hanafi	test	Zhanaozen's own table at 50 % of its 31.5 km reach, bearing 90: Zhanaozen, 2027 (QMDB's own place for the app's city; QMDB year API, capture of 9 Oct 2026)
archive/tables/pinned/kz-qmdb/2026-10-09/zhanaozen-2026.txt	kz.qmdb/zhanaozen	43.243027	53.003284	Asia/Aqtau	F+E S D A M I	daily	hanafi	test	Zhanaozen's own table at 50 % of its 31.5 km reach, bearing 135: Zhanaozen, 2026 (QMDB's own place for the app's city; QMDB year API, capture of 9 Oct 2026)
archive/tables/pinned/kz-qmdb/2026-10-09/zhanaozen-2027.txt	kz.qmdb/zhanaozen	43.243027	53.003284	Asia/Aqtau	F+E S D A M I	daily	hanafi	test	Zhanaozen's own table at 50 % of its 31.5 km reach, bearing 135: Zhanaozen, 2027 (QMDB's own place for the app's city; QMDB year API, capture of 9 Oct 2026)
archive/tables/pinned/kz-qmdb/2026-10-09/zhanaozen-2026.txt	kz.qmdb/zhanaozen	43.201623	52.865792	Asia/Aqtau	F+E S D A M I	daily	hanafi	test	Zhanaozen's own table at 50 % of its 31.5 km reach, bearing 180: Zhanaozen, 2026 (QMDB's own place for the app's city; QMDB year API, capture of 9 Oct 2026)
archive/tables/pinned/kz-qmdb/2026-10-09/zhanaozen-2027.txt	kz.qmdb/zhanaozen	43.201623	52.865792	Asia/Aqtau	F+E S D A M I	daily	hanafi	test	Zhanaozen's own table at 50 % of its 31.5 km reach, bearing 180: Zhanaozen, 2027 (QMDB's own place for the app's city; QMDB year API, capture of 9 Oct 2026)
archive/tables/pinned/kz-qmdb/2026-10-09/zhanaozen-2026.txt	kz.qmdb/zhanaozen	43.243027	52.728300	Asia/Aqtau	F+E S D A M I	daily	hanafi	test	Zhanaozen's own table at 50 % of its 31.5 km reach, bearing 225: Zhanaozen, 2026 (QMDB's own place for the app's city; QMDB year API, capture of 9 Oct 2026)
archive/tables/pinned/kz-qmdb/2026-10-09/zhanaozen-2027.txt	kz.qmdb/zhanaozen	43.243027	52.728300	Asia/Aqtau	F+E S D A M I	daily	hanafi	test	Zhanaozen's own table at 50 % of its 31.5 km reach, bearing 225: Zhanaozen, 2027 (QMDB's own place for the app's city; QMDB year API, capture of 9 Oct 2026)
archive/tables/pinned/kz-qmdb/2026-10-09/zhanaozen-2026.txt	kz.qmdb/zhanaozen	43.343101	52.671028	Asia/Aqtau	F+E S D A M I	daily	hanafi	test	Zhanaozen's own table at 50 % of its 31.5 km reach, bearing 270: Zhanaozen, 2026 (QMDB's own place for the app's city; QMDB year API, capture of 9 Oct 2026)
archive/tables/pinned/kz-qmdb/2026-10-09/zhanaozen-2027.txt	kz.qmdb/zhanaozen	43.343101	52.671028	Asia/Aqtau	F+E S D A M I	daily	hanafi	test	Zhanaozen's own table at 50 % of its 31.5 km reach, bearing 270: Zhanaozen, 2027 (QMDB's own place for the app's city; QMDB year API, capture of 9 Oct 2026)
archive/tables/pinned/kz-qmdb/2026-10-09/zhanaozen-2026.txt	kz.qmdb/zhanaozen	43.443340	52.727845	Asia/Aqtau	F+E S D A M I	daily	hanafi	test	Zhanaozen's own table at 50 % of its 31.5 km reach, bearing 315: Zhanaozen, 2026 (QMDB's own place for the app's city; QMDB year API, capture of 9 Oct 2026)
archive/tables/pinned/kz-qmdb/2026-10-09/zhanaozen-2027.txt	kz.qmdb/zhanaozen	43.443340	52.727845	Asia/Aqtau	F+E S D A M I	daily	hanafi	test	Zhanaozen's own table at 50 % of its 31.5 km reach, bearing 315: Zhanaozen, 2027 (QMDB's own place for the app's city; QMDB year API, capture of 9 Oct 2026)
archive/tables/pinned/kz-qmdb/2026-10-09/zhanaozen-2026.txt	kz.qmdb/zhanaozen	43.612388	52.865792	Asia/Aqtau	F+E S D A M I	daily	hanafi	test	Zhanaozen's own table at 95 % of its 31.5 km reach, bearing 0: Zhanaozen, 2026 (QMDB's own place for the app's city; QMDB year API, capture of 9 Oct 2026)
archive/tables/pinned/kz-qmdb/2026-10-09/zhanaozen-2027.txt	kz.qmdb/zhanaozen	43.612388	52.865792	Asia/Aqtau	F+E S D A M I	daily	hanafi	test	Zhanaozen's own table at 95 % of its 31.5 km reach, bearing 0: Zhanaozen, 2027 (QMDB's own place for the app's city; QMDB year API, capture of 9 Oct 2026)
archive/tables/pinned/kz-qmdb/2026-10-09/zhanaozen-2026.txt	kz.qmdb/zhanaozen	43.533264	53.128281	Asia/Aqtau	F+E S D A M I	daily	hanafi	test	Zhanaozen's own table at 95 % of its 31.5 km reach, bearing 45: Zhanaozen, 2026 (QMDB's own place for the app's city; QMDB year API, capture of 9 Oct 2026)
archive/tables/pinned/kz-qmdb/2026-10-09/zhanaozen-2027.txt	kz.qmdb/zhanaozen	43.533264	53.128281	Asia/Aqtau	F+E S D A M I	daily	hanafi	test	Zhanaozen's own table at 95 % of its 31.5 km reach, bearing 45: Zhanaozen, 2027 (QMDB's own place for the app's city; QMDB year API, capture of 9 Oct 2026)
archive/tables/pinned/kz-qmdb/2026-10-09/zhanaozen-2026.txt	kz.qmdb/zhanaozen	43.342669	53.235842	Asia/Aqtau	F+E S D A M I	daily	hanafi	test	Zhanaozen's own table at 95 % of its 31.5 km reach, bearing 90: Zhanaozen, 2026 (QMDB's own place for the app's city; QMDB year API, capture of 9 Oct 2026)
archive/tables/pinned/kz-qmdb/2026-10-09/zhanaozen-2027.txt	kz.qmdb/zhanaozen	43.342669	53.235842	Asia/Aqtau	F+E S D A M I	daily	hanafi	test	Zhanaozen's own table at 95 % of its 31.5 km reach, bearing 90: Zhanaozen, 2027 (QMDB's own place for the app's city; QMDB year API, capture of 9 Oct 2026)
archive/tables/pinned/kz-qmdb/2026-10-09/zhanaozen-2026.txt	kz.qmdb/zhanaozen	43.152671	53.126641	Asia/Aqtau	F+E S D A M I	daily	hanafi	test	Zhanaozen's own table at 95 % of its 31.5 km reach, bearing 135: Zhanaozen, 2026 (QMDB's own place for the app's city; QMDB year API, capture of 9 Oct 2026)
archive/tables/pinned/kz-qmdb/2026-10-09/zhanaozen-2027.txt	kz.qmdb/zhanaozen	43.152671	53.126641	Asia/Aqtau	F+E S D A M I	daily	hanafi	test	Zhanaozen's own table at 95 % of its 31.5 km reach, bearing 135: Zhanaozen, 2027 (QMDB's own place for the app's city; QMDB year API, capture of 9 Oct 2026)
archive/tables/pinned/kz-qmdb/2026-10-09/zhanaozen-2026.txt	kz.qmdb/zhanaozen	43.074144	52.865792	Asia/Aqtau	F+E S D A M I	daily	hanafi	test	Zhanaozen's own table at 95 % of its 31.5 km reach, bearing 180: Zhanaozen, 2026 (QMDB's own place for the app's city; QMDB year API, capture of 9 Oct 2026)
archive/tables/pinned/kz-qmdb/2026-10-09/zhanaozen-2027.txt	kz.qmdb/zhanaozen	43.074144	52.865792	Asia/Aqtau	F+E S D A M I	daily	hanafi	test	Zhanaozen's own table at 95 % of its 31.5 km reach, bearing 180: Zhanaozen, 2027 (QMDB's own place for the app's city; QMDB year API, capture of 9 Oct 2026)
archive/tables/pinned/kz-qmdb/2026-10-09/zhanaozen-2026.txt	kz.qmdb/zhanaozen	43.152671	52.604943	Asia/Aqtau	F+E S D A M I	daily	hanafi	test	Zhanaozen's own table at 95 % of its 31.5 km reach, bearing 225: Zhanaozen, 2026 (QMDB's own place for the app's city; QMDB year API, capture of 9 Oct 2026)
archive/tables/pinned/kz-qmdb/2026-10-09/zhanaozen-2027.txt	kz.qmdb/zhanaozen	43.152671	52.604943	Asia/Aqtau	F+E S D A M I	daily	hanafi	test	Zhanaozen's own table at 95 % of its 31.5 km reach, bearing 225: Zhanaozen, 2027 (QMDB's own place for the app's city; QMDB year API, capture of 9 Oct 2026)
archive/tables/pinned/kz-qmdb/2026-10-09/zhanaozen-2026.txt	kz.qmdb/zhanaozen	43.342669	52.495742	Asia/Aqtau	F+E S D A M I	daily	hanafi	test	Zhanaozen's own table at 95 % of its 31.5 km reach, bearing 270: Zhanaozen, 2026 (QMDB's own place for the app's city; QMDB year API, capture of 9 Oct 2026)
archive/tables/pinned/kz-qmdb/2026-10-09/zhanaozen-2027.txt	kz.qmdb/zhanaozen	43.342669	52.495742	Asia/Aqtau	F+E S D A M I	daily	hanafi	test	Zhanaozen's own table at 95 % of its 31.5 km reach, bearing 270: Zhanaozen, 2027 (QMDB's own place for the app's city; QMDB year API, capture of 9 Oct 2026)
archive/tables/pinned/kz-qmdb/2026-10-09/zhanaozen-2026.txt	kz.qmdb/zhanaozen	43.533264	52.603303	Asia/Aqtau	F+E S D A M I	daily	hanafi	test	Zhanaozen's own table at 95 % of its 31.5 km reach, bearing 315: Zhanaozen, 2026 (QMDB's own place for the app's city; QMDB year API, capture of 9 Oct 2026)
archive/tables/pinned/kz-qmdb/2026-10-09/zhanaozen-2027.txt	kz.qmdb/zhanaozen	43.533264	52.603303	Asia/Aqtau	F+E S D A M I	daily	hanafi	test	Zhanaozen's own table at 95 % of its 31.5 km reach, bearing 315: Zhanaozen, 2027 (QMDB's own place for the app's city; QMDB year API, capture of 9 Oct 2026)
archive/tables/pinned/kz-qmdb/2026-10-03/petropavl-2026.txt	kz.qmdb/petropavl	54.945409	69.140833	Asia/Almaty	F+E S D A M I	daily	hanafi	test	Petropavl's own table at 50 % of its 18.5 km reach, bearing 0: Petropavl, 2026 (at/above 48N, the northernmost table; QMDB year API, monitor capture of 3 Oct 2026)
archive/tables/pinned/kz-qmdb/2026-10-03/petropavl-2027.txt	kz.qmdb/petropavl	54.945409	69.140833	Asia/Almaty	F+E S D A M I	daily	hanafi	test	Petropavl's own table at 50 % of its 18.5 km reach, bearing 0: Petropavl, 2027 (at/above 48N, the northernmost table; QMDB year API, monitor capture of 3 Oct 2026)
archive/tables/pinned/kz-qmdb/2026-10-03/petropavl-2026.txt	kz.qmdb/petropavl	54.921001	69.243185	Asia/Almaty	F+E S D A M I	daily	hanafi	test	Petropavl's own table at 50 % of its 18.5 km reach, bearing 45: Petropavl, 2026 (at/above 48N, the northernmost table; QMDB year API, monitor capture of 3 Oct 2026)
archive/tables/pinned/kz-qmdb/2026-10-03/petropavl-2027.txt	kz.qmdb/petropavl	54.921001	69.243185	Asia/Almaty	F+E S D A M I	daily	hanafi	test	Petropavl's own table at 50 % of its 18.5 km reach, bearing 45: Petropavl, 2027 (at/above 48N, the northernmost table; QMDB year API, monitor capture of 3 Oct 2026)
archive/tables/pinned/kz-qmdb/2026-10-03/petropavl-2026.txt	kz.qmdb/petropavl	54.862136	69.285369	Asia/Almaty	F+E S D A M I	daily	hanafi	test	Petropavl's own table at 50 % of its 18.5 km reach, bearing 90: Petropavl, 2026 (at/above 48N, the northernmost table; QMDB year API, monitor capture of 3 Oct 2026)
archive/tables/pinned/kz-qmdb/2026-10-03/petropavl-2027.txt	kz.qmdb/petropavl	54.862136	69.285369	Asia/Almaty	F+E S D A M I	daily	hanafi	test	Petropavl's own table at 50 % of its 18.5 km reach, bearing 90: Petropavl, 2027 (at/above 48N, the northernmost table; QMDB year API, monitor capture of 3 Oct 2026)
archive/tables/pinned/kz-qmdb/2026-10-03/petropavl-2026.txt	kz.qmdb/petropavl	54.803357	69.242887	Asia/Almaty	F+E S D A M I	daily	hanafi	test	Petropavl's own table at 50 % of its 18.5 km reach, bearing 135: Petropavl, 2026 (at/above 48N, the northernmost table; QMDB year API, monitor capture of 3 Oct 2026)
archive/tables/pinned/kz-qmdb/2026-10-03/petropavl-2027.txt	kz.qmdb/petropavl	54.803357	69.242887	Asia/Almaty	F+E S D A M I	daily	hanafi	test	Petropavl's own table at 50 % of its 18.5 km reach, bearing 135: Petropavl, 2027 (at/above 48N, the northernmost table; QMDB year API, monitor capture of 3 Oct 2026)
archive/tables/pinned/kz-qmdb/2026-10-03/petropavl-2026.txt	kz.qmdb/petropavl	54.779035	69.140833	Asia/Almaty	F+E S D A M I	daily	hanafi	test	Petropavl's own table at 50 % of its 18.5 km reach, bearing 180: Petropavl, 2026 (at/above 48N, the northernmost table; QMDB year API, monitor capture of 3 Oct 2026)
archive/tables/pinned/kz-qmdb/2026-10-03/petropavl-2027.txt	kz.qmdb/petropavl	54.779035	69.140833	Asia/Almaty	F+E S D A M I	daily	hanafi	test	Petropavl's own table at 50 % of its 18.5 km reach, bearing 180: Petropavl, 2027 (at/above 48N, the northernmost table; QMDB year API, monitor capture of 3 Oct 2026)
archive/tables/pinned/kz-qmdb/2026-10-03/petropavl-2026.txt	kz.qmdb/petropavl	54.803357	69.038779	Asia/Almaty	F+E S D A M I	daily	hanafi	test	Petropavl's own table at 50 % of its 18.5 km reach, bearing 225: Petropavl, 2026 (at/above 48N, the northernmost table; QMDB year API, monitor capture of 3 Oct 2026)
archive/tables/pinned/kz-qmdb/2026-10-03/petropavl-2027.txt	kz.qmdb/petropavl	54.803357	69.038779	Asia/Almaty	F+E S D A M I	daily	hanafi	test	Petropavl's own table at 50 % of its 18.5 km reach, bearing 225: Petropavl, 2027 (at/above 48N, the northernmost table; QMDB year API, monitor capture of 3 Oct 2026)
archive/tables/pinned/kz-qmdb/2026-10-03/petropavl-2026.txt	kz.qmdb/petropavl	54.862136	68.996297	Asia/Almaty	F+E S D A M I	daily	hanafi	test	Petropavl's own table at 50 % of its 18.5 km reach, bearing 270: Petropavl, 2026 (at/above 48N, the northernmost table; QMDB year API, monitor capture of 3 Oct 2026)
archive/tables/pinned/kz-qmdb/2026-10-03/petropavl-2027.txt	kz.qmdb/petropavl	54.862136	68.996297	Asia/Almaty	F+E S D A M I	daily	hanafi	test	Petropavl's own table at 50 % of its 18.5 km reach, bearing 270: Petropavl, 2027 (at/above 48N, the northernmost table; QMDB year API, monitor capture of 3 Oct 2026)
archive/tables/pinned/kz-qmdb/2026-10-03/petropavl-2026.txt	kz.qmdb/petropavl	54.921001	69.038481	Asia/Almaty	F+E S D A M I	daily	hanafi	test	Petropavl's own table at 50 % of its 18.5 km reach, bearing 315: Petropavl, 2026 (at/above 48N, the northernmost table; QMDB year API, monitor capture of 3 Oct 2026)
archive/tables/pinned/kz-qmdb/2026-10-03/petropavl-2027.txt	kz.qmdb/petropavl	54.921001	69.038481	Asia/Almaty	F+E S D A M I	daily	hanafi	test	Petropavl's own table at 50 % of its 18.5 km reach, bearing 315: Petropavl, 2027 (at/above 48N, the northernmost table; QMDB year API, monitor capture of 3 Oct 2026)
archive/tables/pinned/kz-qmdb/2026-10-03/petropavl-2026.txt	kz.qmdb/petropavl	55.020278	69.140833	Asia/Almaty	F+E S D A M I	daily	hanafi	test	Petropavl's own table at 95 % of its 18.5 km reach, bearing 0: Petropavl, 2026 (at/above 48N, the northernmost table; QMDB year API, monitor capture of 3 Oct 2026)
archive/tables/pinned/kz-qmdb/2026-10-03/petropavl-2027.txt	kz.qmdb/petropavl	55.020278	69.140833	Asia/Almaty	F+E S D A M I	daily	hanafi	test	Petropavl's own table at 95 % of its 18.5 km reach, bearing 0: Petropavl, 2027 (at/above 48N, the northernmost table; QMDB year API, monitor capture of 3 Oct 2026)
archive/tables/pinned/kz-qmdb/2026-10-03/petropavl-2026.txt	kz.qmdb/petropavl	54.973829	69.335558	Asia/Almaty	F+E S D A M I	daily	hanafi	test	Petropavl's own table at 95 % of its 18.5 km reach, bearing 45: Petropavl, 2026 (at/above 48N, the northernmost table; QMDB year API, monitor capture of 3 Oct 2026)
archive/tables/pinned/kz-qmdb/2026-10-03/petropavl-2027.txt	kz.qmdb/petropavl	54.973829	69.335558	Asia/Almaty	F+E S D A M I	daily	hanafi	test	Petropavl's own table at 95 % of its 18.5 km reach, bearing 45: Petropavl, 2027 (at/above 48N, the northernmost table; QMDB year API, monitor capture of 3 Oct 2026)
archive/tables/pinned/kz-qmdb/2026-10-03/petropavl-2026.txt	kz.qmdb/petropavl	54.861912	69.415451	Asia/Almaty	F+E S D A M I	daily	hanafi	test	Petropavl's own table at 95 % of its 18.5 km reach, bearing 90: Petropavl, 2026 (at/above 48N, the northernmost table; QMDB year API, monitor capture of 3 Oct 2026)
archive/tables/pinned/kz-qmdb/2026-10-03/petropavl-2027.txt	kz.qmdb/petropavl	54.861912	69.415451	Asia/Almaty	F+E S D A M I	daily	hanafi	test	Petropavl's own table at 95 % of its 18.5 km reach, bearing 90: Petropavl, 2027 (at/above 48N, the northernmost table; QMDB year API, monitor capture of 3 Oct 2026)
archive/tables/pinned/kz-qmdb/2026-10-03/petropavl-2026.txt	kz.qmdb/petropavl	54.750305	69.334481	Asia/Almaty	F+E S D A M I	daily	hanafi	test	Petropavl's own table at 95 % of its 18.5 km reach, bearing 135: Petropavl, 2026 (at/above 48N, the northernmost table; QMDB year API, monitor capture of 3 Oct 2026)
archive/tables/pinned/kz-qmdb/2026-10-03/petropavl-2027.txt	kz.qmdb/petropavl	54.750305	69.334481	Asia/Almaty	F+E S D A M I	daily	hanafi	test	Petropavl's own table at 95 % of its 18.5 km reach, bearing 135: Petropavl, 2027 (at/above 48N, the northernmost table; QMDB year API, monitor capture of 3 Oct 2026)
archive/tables/pinned/kz-qmdb/2026-10-03/petropavl-2026.txt	kz.qmdb/petropavl	54.704166	69.140833	Asia/Almaty	F+E S D A M I	daily	hanafi	test	Petropavl's own table at 95 % of its 18.5 km reach, bearing 180: Petropavl, 2026 (at/above 48N, the northernmost table; QMDB year API, monitor capture of 3 Oct 2026)
archive/tables/pinned/kz-qmdb/2026-10-03/petropavl-2027.txt	kz.qmdb/petropavl	54.704166	69.140833	Asia/Almaty	F+E S D A M I	daily	hanafi	test	Petropavl's own table at 95 % of its 18.5 km reach, bearing 180: Petropavl, 2027 (at/above 48N, the northernmost table; QMDB year API, monitor capture of 3 Oct 2026)
archive/tables/pinned/kz-qmdb/2026-10-03/petropavl-2026.txt	kz.qmdb/petropavl	54.750305	68.947185	Asia/Almaty	F+E S D A M I	daily	hanafi	test	Petropavl's own table at 95 % of its 18.5 km reach, bearing 225: Petropavl, 2026 (at/above 48N, the northernmost table; QMDB year API, monitor capture of 3 Oct 2026)
archive/tables/pinned/kz-qmdb/2026-10-03/petropavl-2027.txt	kz.qmdb/petropavl	54.750305	68.947185	Asia/Almaty	F+E S D A M I	daily	hanafi	test	Petropavl's own table at 95 % of its 18.5 km reach, bearing 225: Petropavl, 2027 (at/above 48N, the northernmost table; QMDB year API, monitor capture of 3 Oct 2026)
archive/tables/pinned/kz-qmdb/2026-10-03/petropavl-2026.txt	kz.qmdb/petropavl	54.861912	68.866215	Asia/Almaty	F+E S D A M I	daily	hanafi	test	Petropavl's own table at 95 % of its 18.5 km reach, bearing 270: Petropavl, 2026 (at/above 48N, the northernmost table; QMDB year API, monitor capture of 3 Oct 2026)
archive/tables/pinned/kz-qmdb/2026-10-03/petropavl-2027.txt	kz.qmdb/petropavl	54.861912	68.866215	Asia/Almaty	F+E S D A M I	daily	hanafi	test	Petropavl's own table at 95 % of its 18.5 km reach, bearing 270: Petropavl, 2027 (at/above 48N, the northernmost table; QMDB year API, monitor capture of 3 Oct 2026)
archive/tables/pinned/kz-qmdb/2026-10-03/petropavl-2026.txt	kz.qmdb/petropavl	54.973829	68.946108	Asia/Almaty	F+E S D A M I	daily	hanafi	test	Petropavl's own table at 95 % of its 18.5 km reach, bearing 315: Petropavl, 2026 (at/above 48N, the northernmost table; QMDB year API, monitor capture of 3 Oct 2026)
archive/tables/pinned/kz-qmdb/2026-10-03/petropavl-2027.txt	kz.qmdb/petropavl	54.973829	68.946108	Asia/Almaty	F+E S D A M I	daily	hanafi	test	Petropavl's own table at 95 % of its 18.5 km reach, bearing 315: Petropavl, 2027 (at/above 48N, the northernmost table; QMDB year API, monitor capture of 3 Oct 2026)
archive/tables/pinned/kz-qmdb/2026-10-09/ekibastuz-2026.txt	kz.qmdb/ekibastuz	51.826005	75.326583	Asia/Almaty	F+E S D A M I	daily	hanafi	test	Ekibastuz's own table at 50 % of its 21.4 km reach, bearing 0: Ekibastuz, 2026 (QMDB's own place for the app's city; QMDB year API, capture of 9 Oct 2026)
archive/tables/pinned/kz-qmdb/2026-10-09/ekibastuz-2027.txt	kz.qmdb/ekibastuz	51.826005	75.326583	Asia/Almaty	F+E S D A M I	daily	hanafi	test	Ekibastuz's own table at 50 % of its 21.4 km reach, bearing 0: Ekibastuz, 2027 (QMDB's own place for the app's city; QMDB year API, capture of 9 Oct 2026)
archive/tables/pinned/kz-qmdb/2026-10-09/ekibastuz-2026.txt	kz.qmdb/ekibastuz	51.797770	75.436607	Asia/Almaty	F+E S D A M I	daily	hanafi	test	Ekibastuz's own table at 50 % of its 21.4 km reach, bearing 45: Ekibastuz, 2026 (QMDB's own place for the app's city; QMDB year API, capture of 9 Oct 2026)
archive/tables/pinned/kz-qmdb/2026-10-09/ekibastuz-2027.txt	kz.qmdb/ekibastuz	51.797770	75.436607	Asia/Almaty	F+E S D A M I	daily	hanafi	test	Ekibastuz's own table at 50 % of its 21.4 km reach, bearing 45: Ekibastuz, 2027 (QMDB's own place for the app's city; QMDB year API, capture of 9 Oct 2026)
archive/tables/pinned/kz-qmdb/2026-10-09/ekibastuz-2026.txt	kz.qmdb/ekibastuz	51.729676	75.481946	Asia/Almaty	F+E S D A M I	daily	hanafi	test	Ekibastuz's own table at 50 % of its 21.4 km reach, bearing 90: Ekibastuz, 2026 (QMDB's own place for the app's city; QMDB year API, capture of 9 Oct 2026)
archive/tables/pinned/kz-qmdb/2026-10-09/ekibastuz-2027.txt	kz.qmdb/ekibastuz	51.729676	75.481946	Asia/Almaty	F+E S D A M I	daily	hanafi	test	Ekibastuz's own table at 50 % of its 21.4 km reach, bearing 90: Ekibastuz, 2027 (QMDB's own place for the app's city; QMDB year API, capture of 9 Oct 2026)
archive/tables/pinned/kz-qmdb/2026-10-09/ekibastuz-2026.txt	kz.qmdb/ekibastuz	51.661684	75.436276	Asia/Almaty	F+E S D A M I	daily	hanafi	test	Ekibastuz's own table at 50 % of its 21.4 km reach, bearing 135: Ekibastuz, 2026 (QMDB's own place for the app's city; QMDB year API, capture of 9 Oct 2026)
archive/tables/pinned/kz-qmdb/2026-10-09/ekibastuz-2027.txt	kz.qmdb/ekibastuz	51.661684	75.436276	Asia/Almaty	F+E S D A M I	daily	hanafi	test	Ekibastuz's own table at 50 % of its 21.4 km reach, bearing 135: Ekibastuz, 2027 (QMDB's own place for the app's city; QMDB year API, capture of 9 Oct 2026)
archive/tables/pinned/kz-qmdb/2026-10-09/ekibastuz-2026.txt	kz.qmdb/ekibastuz	51.633551	75.326583	Asia/Almaty	F+E S D A M I	daily	hanafi	test	Ekibastuz's own table at 50 % of its 21.4 km reach, bearing 180: Ekibastuz, 2026 (QMDB's own place for the app's city; QMDB year API, capture of 9 Oct 2026)
archive/tables/pinned/kz-qmdb/2026-10-09/ekibastuz-2027.txt	kz.qmdb/ekibastuz	51.633551	75.326583	Asia/Almaty	F+E S D A M I	daily	hanafi	test	Ekibastuz's own table at 50 % of its 21.4 km reach, bearing 180: Ekibastuz, 2027 (QMDB's own place for the app's city; QMDB year API, capture of 9 Oct 2026)
archive/tables/pinned/kz-qmdb/2026-10-09/ekibastuz-2026.txt	kz.qmdb/ekibastuz	51.661684	75.216890	Asia/Almaty	F+E S D A M I	daily	hanafi	test	Ekibastuz's own table at 50 % of its 21.4 km reach, bearing 225: Ekibastuz, 2026 (QMDB's own place for the app's city; QMDB year API, capture of 9 Oct 2026)
archive/tables/pinned/kz-qmdb/2026-10-09/ekibastuz-2027.txt	kz.qmdb/ekibastuz	51.661684	75.216890	Asia/Almaty	F+E S D A M I	daily	hanafi	test	Ekibastuz's own table at 50 % of its 21.4 km reach, bearing 225: Ekibastuz, 2027 (QMDB's own place for the app's city; QMDB year API, capture of 9 Oct 2026)
archive/tables/pinned/kz-qmdb/2026-10-09/ekibastuz-2026.txt	kz.qmdb/ekibastuz	51.729676	75.171220	Asia/Almaty	F+E S D A M I	daily	hanafi	test	Ekibastuz's own table at 50 % of its 21.4 km reach, bearing 270: Ekibastuz, 2026 (QMDB's own place for the app's city; QMDB year API, capture of 9 Oct 2026)
archive/tables/pinned/kz-qmdb/2026-10-09/ekibastuz-2027.txt	kz.qmdb/ekibastuz	51.729676	75.171220	Asia/Almaty	F+E S D A M I	daily	hanafi	test	Ekibastuz's own table at 50 % of its 21.4 km reach, bearing 270: Ekibastuz, 2027 (QMDB's own place for the app's city; QMDB year API, capture of 9 Oct 2026)
archive/tables/pinned/kz-qmdb/2026-10-09/ekibastuz-2026.txt	kz.qmdb/ekibastuz	51.797770	75.216559	Asia/Almaty	F+E S D A M I	daily	hanafi	test	Ekibastuz's own table at 50 % of its 21.4 km reach, bearing 315: Ekibastuz, 2026 (QMDB's own place for the app's city; QMDB year API, capture of 9 Oct 2026)
archive/tables/pinned/kz-qmdb/2026-10-09/ekibastuz-2027.txt	kz.qmdb/ekibastuz	51.797770	75.216559	Asia/Almaty	F+E S D A M I	daily	hanafi	test	Ekibastuz's own table at 50 % of its 21.4 km reach, bearing 315: Ekibastuz, 2027 (QMDB's own place for the app's city; QMDB year API, capture of 9 Oct 2026)
archive/tables/pinned/kz-qmdb/2026-10-09/ekibastuz-2026.txt	kz.qmdb/ekibastuz	51.912610	75.326583	Asia/Almaty	F+E S D A M I	daily	hanafi	test	Ekibastuz's own table at 95 % of its 21.4 km reach, bearing 0: Ekibastuz, 2026 (QMDB's own place for the app's city; QMDB year API, capture of 9 Oct 2026)
archive/tables/pinned/kz-qmdb/2026-10-09/ekibastuz-2027.txt	kz.qmdb/ekibastuz	51.912610	75.326583	Asia/Almaty	F+E S D A M I	daily	hanafi	test	Ekibastuz's own table at 95 % of its 21.4 km reach, bearing 0: Ekibastuz, 2027 (QMDB's own place for the app's city; QMDB year API, capture of 9 Oct 2026)
archive/tables/pinned/kz-qmdb/2026-10-09/ekibastuz-2026.txt	kz.qmdb/ekibastuz	51.858874	75.535912	Asia/Almaty	F+E S D A M I	daily	hanafi	test	Ekibastuz's own table at 95 % of its 21.4 km reach, bearing 45: Ekibastuz, 2026 (QMDB's own place for the app's city; QMDB year API, capture of 9 Oct 2026)
archive/tables/pinned/kz-qmdb/2026-10-09/ekibastuz-2027.txt	kz.qmdb/ekibastuz	51.858874	75.535912	Asia/Almaty	F+E S D A M I	daily	hanafi	test	Ekibastuz's own table at 95 % of its 21.4 km reach, bearing 45: Ekibastuz, 2027 (QMDB's own place for the app's city; QMDB year API, capture of 9 Oct 2026)
archive/tables/pinned/kz-qmdb/2026-10-09/ekibastuz-2026.txt	kz.qmdb/ekibastuz	51.729408	75.621771	Asia/Almaty	F+E S D A M I	daily	hanafi	test	Ekibastuz's own table at 95 % of its 21.4 km reach, bearing 90: Ekibastuz, 2026 (QMDB's own place for the app's city; QMDB year API, capture of 9 Oct 2026)
archive/tables/pinned/kz-qmdb/2026-10-09/ekibastuz-2027.txt	kz.qmdb/ekibastuz	51.729408	75.621771	Asia/Almaty	F+E S D A M I	daily	hanafi	test	Ekibastuz's own table at 95 % of its 21.4 km reach, bearing 90: Ekibastuz, 2027 (QMDB's own place for the app's city; QMDB year API, capture of 9 Oct 2026)
archive/tables/pinned/kz-qmdb/2026-10-09/ekibastuz-2026.txt	kz.qmdb/ekibastuz	51.600312	75.534718	Asia/Almaty	F+E S D A M I	daily	hanafi	test	Ekibastuz's own table at 95 % of its 21.4 km reach, bearing 135: Ekibastuz, 2026 (QMDB's own place for the app's city; QMDB year API, capture of 9 Oct 2026)
archive/tables/pinned/kz-qmdb/2026-10-09/ekibastuz-2027.txt	kz.qmdb/ekibastuz	51.600312	75.534718	Asia/Almaty	F+E S D A M I	daily	hanafi	test	Ekibastuz's own table at 95 % of its 21.4 km reach, bearing 135: Ekibastuz, 2027 (QMDB's own place for the app's city; QMDB year API, capture of 9 Oct 2026)
archive/tables/pinned/kz-qmdb/2026-10-09/ekibastuz-2026.txt	kz.qmdb/ekibastuz	51.546946	75.326583	Asia/Almaty	F+E S D A M I	daily	hanafi	test	Ekibastuz's own table at 95 % of its 21.4 km reach, bearing 180: Ekibastuz, 2026 (QMDB's own place for the app's city; QMDB year API, capture of 9 Oct 2026)
archive/tables/pinned/kz-qmdb/2026-10-09/ekibastuz-2027.txt	kz.qmdb/ekibastuz	51.546946	75.326583	Asia/Almaty	F+E S D A M I	daily	hanafi	test	Ekibastuz's own table at 95 % of its 21.4 km reach, bearing 180: Ekibastuz, 2027 (QMDB's own place for the app's city; QMDB year API, capture of 9 Oct 2026)
archive/tables/pinned/kz-qmdb/2026-10-09/ekibastuz-2026.txt	kz.qmdb/ekibastuz	51.600312	75.118448	Asia/Almaty	F+E S D A M I	daily	hanafi	test	Ekibastuz's own table at 95 % of its 21.4 km reach, bearing 225: Ekibastuz, 2026 (QMDB's own place for the app's city; QMDB year API, capture of 9 Oct 2026)
archive/tables/pinned/kz-qmdb/2026-10-09/ekibastuz-2027.txt	kz.qmdb/ekibastuz	51.600312	75.118448	Asia/Almaty	F+E S D A M I	daily	hanafi	test	Ekibastuz's own table at 95 % of its 21.4 km reach, bearing 225: Ekibastuz, 2027 (QMDB's own place for the app's city; QMDB year API, capture of 9 Oct 2026)
archive/tables/pinned/kz-qmdb/2026-10-09/ekibastuz-2026.txt	kz.qmdb/ekibastuz	51.729408	75.031395	Asia/Almaty	F+E S D A M I	daily	hanafi	test	Ekibastuz's own table at 95 % of its 21.4 km reach, bearing 270: Ekibastuz, 2026 (QMDB's own place for the app's city; QMDB year API, capture of 9 Oct 2026)
archive/tables/pinned/kz-qmdb/2026-10-09/ekibastuz-2027.txt	kz.qmdb/ekibastuz	51.729408	75.031395	Asia/Almaty	F+E S D A M I	daily	hanafi	test	Ekibastuz's own table at 95 % of its 21.4 km reach, bearing 270: Ekibastuz, 2027 (QMDB's own place for the app's city; QMDB year API, capture of 9 Oct 2026)
archive/tables/pinned/kz-qmdb/2026-10-09/ekibastuz-2026.txt	kz.qmdb/ekibastuz	51.858874	75.117254	Asia/Almaty	F+E S D A M I	daily	hanafi	test	Ekibastuz's own table at 95 % of its 21.4 km reach, bearing 315: Ekibastuz, 2026 (QMDB's own place for the app's city; QMDB year API, capture of 9 Oct 2026)
archive/tables/pinned/kz-qmdb/2026-10-09/ekibastuz-2027.txt	kz.qmdb/ekibastuz	51.858874	75.117254	Asia/Almaty	F+E S D A M I	daily	hanafi	test	Ekibastuz's own table at 95 % of its 21.4 km reach, bearing 315: Ekibastuz, 2027 (QMDB's own place for the app's city; QMDB year API, capture of 9 Oct 2026)
archive/tables/pinned/kz-qmdb/2026-10-03/pavlodar-2026.txt	kz.qmdb/pavlodar	52.408636	76.956389	Asia/Almaty	F+E S D A M I	daily	hanafi	test	Pavlodar's own table at 50 % of its 20.7 km reach, bearing 0: Pavlodar, 2026 (at/above 48N; QMDB year API, monitor capture of 3 Oct 2026)
archive/tables/pinned/kz-qmdb/2026-10-03/pavlodar-2027.txt	kz.qmdb/pavlodar	52.408636	76.956389	Asia/Almaty	F+E S D A M I	daily	hanafi	test	Pavlodar's own table at 50 % of its 20.7 km reach, bearing 0: Pavlodar, 2027 (at/above 48N; QMDB year API, monitor capture of 3 Oct 2026)
archive/tables/pinned/kz-qmdb/2026-10-03/pavlodar-2026.txt	kz.qmdb/pavlodar	52.381324	77.064215	Asia/Almaty	F+E S D A M I	daily	hanafi	test	Pavlodar's own table at 50 % of its 20.7 km reach, bearing 45: Pavlodar, 2026 (at/above 48N; QMDB year API, monitor capture of 3 Oct 2026)
archive/tables/pinned/kz-qmdb/2026-10-03/pavlodar-2027.txt	kz.qmdb/pavlodar	52.381324	77.064215	Asia/Almaty	F+E S D A M I	daily	hanafi	test	Pavlodar's own table at 50 % of its 20.7 km reach, bearing 45: Pavlodar, 2027 (at/above 48N; QMDB year API, monitor capture of 3 Oct 2026)
archive/tables/pinned/kz-qmdb/2026-10-03/pavlodar-2026.txt	kz.qmdb/pavlodar	52.315458	77.108651	Asia/Almaty	F+E S D A M I	daily	hanafi	test	Pavlodar's own table at 50 % of its 20.7 km reach, bearing 90: Pavlodar, 2026 (at/above 48N; QMDB year API, monitor capture of 3 Oct 2026)
archive/tables/pinned/kz-qmdb/2026-10-03/pavlodar-2027.txt	kz.qmdb/pavlodar	52.315458	77.108651	Asia/Almaty	F+E S D A M I	daily	hanafi	test	Pavlodar's own table at 50 % of its 20.7 km reach, bearing 90: Pavlodar, 2027 (at/above 48N; QMDB year API, monitor capture of 3 Oct 2026)
archive/tables/pinned/kz-qmdb/2026-10-03/pavlodar-2026.txt	kz.qmdb/pavlodar	52.249690	77.063895	Asia/Almaty	F+E S D A M I	daily	hanafi	test	Pavlodar's own table at 50 % of its 20.7 km reach, bearing 135: Pavlodar, 2026 (at/above 48N; QMDB year API, monitor capture of 3 Oct 2026)
archive/tables/pinned/kz-qmdb/2026-10-03/pavlodar-2027.txt	kz.qmdb/pavlodar	52.249690	77.063895	Asia/Almaty	F+E S D A M I	daily	hanafi	test	Pavlodar's own table at 50 % of its 20.7 km reach, bearing 135: Pavlodar, 2027 (at/above 48N; QMDB year API, monitor capture of 3 Oct 2026)
archive/tables/pinned/kz-qmdb/2026-10-03/pavlodar-2026.txt	kz.qmdb/pavlodar	52.222476	76.956389	Asia/Almaty	F+E S D A M I	daily	hanafi	test	Pavlodar's own table at 50 % of its 20.7 km reach, bearing 180: Pavlodar, 2026 (at/above 48N; QMDB year API, monitor capture of 3 Oct 2026)
archive/tables/pinned/kz-qmdb/2026-10-03/pavlodar-2027.txt	kz.qmdb/pavlodar	52.222476	76.956389	Asia/Almaty	F+E S D A M I	daily	hanafi	test	Pavlodar's own table at 50 % of its 20.7 km reach, bearing 180: Pavlodar, 2027 (at/above 48N; QMDB year API, monitor capture of 3 Oct 2026)
archive/tables/pinned/kz-qmdb/2026-10-03/pavlodar-2026.txt	kz.qmdb/pavlodar	52.249690	76.848883	Asia/Almaty	F+E S D A M I	daily	hanafi	test	Pavlodar's own table at 50 % of its 20.7 km reach, bearing 225: Pavlodar, 2026 (at/above 48N; QMDB year API, monitor capture of 3 Oct 2026)
archive/tables/pinned/kz-qmdb/2026-10-03/pavlodar-2027.txt	kz.qmdb/pavlodar	52.249690	76.848883	Asia/Almaty	F+E S D A M I	daily	hanafi	test	Pavlodar's own table at 50 % of its 20.7 km reach, bearing 225: Pavlodar, 2027 (at/above 48N; QMDB year API, monitor capture of 3 Oct 2026)
archive/tables/pinned/kz-qmdb/2026-10-03/pavlodar-2026.txt	kz.qmdb/pavlodar	52.315458	76.804127	Asia/Almaty	F+E S D A M I	daily	hanafi	test	Pavlodar's own table at 50 % of its 20.7 km reach, bearing 270: Pavlodar, 2026 (at/above 48N; QMDB year API, monitor capture of 3 Oct 2026)
archive/tables/pinned/kz-qmdb/2026-10-03/pavlodar-2027.txt	kz.qmdb/pavlodar	52.315458	76.804127	Asia/Almaty	F+E S D A M I	daily	hanafi	test	Pavlodar's own table at 50 % of its 20.7 km reach, bearing 270: Pavlodar, 2027 (at/above 48N; QMDB year API, monitor capture of 3 Oct 2026)
archive/tables/pinned/kz-qmdb/2026-10-03/pavlodar-2026.txt	kz.qmdb/pavlodar	52.381324	76.848563	Asia/Almaty	F+E S D A M I	daily	hanafi	test	Pavlodar's own table at 50 % of its 20.7 km reach, bearing 315: Pavlodar, 2026 (at/above 48N; QMDB year API, monitor capture of 3 Oct 2026)
archive/tables/pinned/kz-qmdb/2026-10-03/pavlodar-2027.txt	kz.qmdb/pavlodar	52.381324	76.848563	Asia/Almaty	F+E S D A M I	daily	hanafi	test	Pavlodar's own table at 50 % of its 20.7 km reach, bearing 315: Pavlodar, 2027 (at/above 48N; QMDB year API, monitor capture of 3 Oct 2026)
archive/tables/pinned/kz-qmdb/2026-10-03/pavlodar-2026.txt	kz.qmdb/pavlodar	52.492408	76.956389	Asia/Almaty	F+E S D A M I	daily	hanafi	test	Pavlodar's own table at 95 % of its 20.7 km reach, bearing 0: Pavlodar, 2026 (at/above 48N; QMDB year API, monitor capture of 3 Oct 2026)
archive/tables/pinned/kz-qmdb/2026-10-03/pavlodar-2027.txt	kz.qmdb/pavlodar	52.492408	76.956389	Asia/Almaty	F+E S D A M I	daily	hanafi	test	Pavlodar's own table at 95 % of its 20.7 km reach, bearing 0: Pavlodar, 2027 (at/above 48N; QMDB year API, monitor capture of 3 Oct 2026)
archive/tables/pinned/kz-qmdb/2026-10-03/pavlodar-2026.txt	kz.qmdb/pavlodar	52.440432	77.161533	Asia/Almaty	F+E S D A M I	daily	hanafi	test	Pavlodar's own table at 95 % of its 20.7 km reach, bearing 45: Pavlodar, 2026 (at/above 48N; QMDB year API, monitor capture of 3 Oct 2026)
archive/tables/pinned/kz-qmdb/2026-10-03/pavlodar-2027.txt	kz.qmdb/pavlodar	52.440432	77.161533	Asia/Almaty	F+E S D A M I	daily	hanafi	test	Pavlodar's own table at 95 % of its 20.7 km reach, bearing 45: Pavlodar, 2027 (at/above 48N; QMDB year API, monitor capture of 3 Oct 2026)
archive/tables/pinned/kz-qmdb/2026-10-03/pavlodar-2026.txt	kz.qmdb/pavlodar	52.315203	77.245686	Asia/Almaty	F+E S D A M I	daily	hanafi	test	Pavlodar's own table at 95 % of its 20.7 km reach, bearing 90: Pavlodar, 2026 (at/above 48N; QMDB year API, monitor capture of 3 Oct 2026)
archive/tables/pinned/kz-qmdb/2026-10-03/pavlodar-2027.txt	kz.qmdb/pavlodar	52.315203	77.245686	Asia/Almaty	F+E S D A M I	daily	hanafi	test	Pavlodar's own table at 95 % of its 20.7 km reach, bearing 90: Pavlodar, 2027 (at/above 48N; QMDB year API, monitor capture of 3 Oct 2026)
archive/tables/pinned/kz-qmdb/2026-10-03/pavlodar-2026.txt	kz.qmdb/pavlodar	52.190327	77.160377	Asia/Almaty	F+E S D A M I	daily	hanafi	test	Pavlodar's own table at 95 % of its 20.7 km reach, bearing 135: Pavlodar, 2026 (at/above 48N; QMDB year API, monitor capture of 3 Oct 2026)
archive/tables/pinned/kz-qmdb/2026-10-03/pavlodar-2027.txt	kz.qmdb/pavlodar	52.190327	77.160377	Asia/Almaty	F+E S D A M I	daily	hanafi	test	Pavlodar's own table at 95 % of its 20.7 km reach, bearing 135: Pavlodar, 2027 (at/above 48N; QMDB year API, monitor capture of 3 Oct 2026)
archive/tables/pinned/kz-qmdb/2026-10-03/pavlodar-2026.txt	kz.qmdb/pavlodar	52.190327	76.752401	Asia/Almaty	F+E S D A M I	daily	hanafi	test	Pavlodar's own table at 95 % of its 20.7 km reach, bearing 225: Pavlodar, 2026 (at/above 48N; QMDB year API, monitor capture of 3 Oct 2026)
archive/tables/pinned/kz-qmdb/2026-10-03/pavlodar-2027.txt	kz.qmdb/pavlodar	52.190327	76.752401	Asia/Almaty	F+E S D A M I	daily	hanafi	test	Pavlodar's own table at 95 % of its 20.7 km reach, bearing 225: Pavlodar, 2027 (at/above 48N; QMDB year API, monitor capture of 3 Oct 2026)
archive/tables/pinned/kz-qmdb/2026-10-03/pavlodar-2026.txt	kz.qmdb/pavlodar	52.315203	76.667092	Asia/Almaty	F+E S D A M I	daily	hanafi	test	Pavlodar's own table at 95 % of its 20.7 km reach, bearing 270: Pavlodar, 2026 (at/above 48N; QMDB year API, monitor capture of 3 Oct 2026)
archive/tables/pinned/kz-qmdb/2026-10-03/pavlodar-2027.txt	kz.qmdb/pavlodar	52.315203	76.667092	Asia/Almaty	F+E S D A M I	daily	hanafi	test	Pavlodar's own table at 95 % of its 20.7 km reach, bearing 270: Pavlodar, 2027 (at/above 48N; QMDB year API, monitor capture of 3 Oct 2026)
archive/tables/pinned/kz-qmdb/2026-10-03/pavlodar-2026.txt	kz.qmdb/pavlodar	52.440432	76.751245	Asia/Almaty	F+E S D A M I	daily	hanafi	test	Pavlodar's own table at 95 % of its 20.7 km reach, bearing 315: Pavlodar, 2026 (at/above 48N; QMDB year API, monitor capture of 3 Oct 2026)
archive/tables/pinned/kz-qmdb/2026-10-03/pavlodar-2027.txt	kz.qmdb/pavlodar	52.440432	76.751245	Asia/Almaty	F+E S D A M I	daily	hanafi	test	Pavlodar's own table at 95 % of its 20.7 km reach, bearing 315: Pavlodar, 2027 (at/above 48N; QMDB year API, monitor capture of 3 Oct 2026)
archive/tables/pinned/kz-qmdb/2026-10-09/zhetysay-2026.txt	kz.qmdb/zhetysay	40.938955	68.327222	Asia/Almaty	F+E S D A M I	daily	hanafi	test	Zhetysay's own table at 50 % of its 36.4 km reach, bearing 0: Zhetysay, 2026 (QMDB's own place for the app's city; QMDB year API, capture of 9 Oct 2026)
archive/tables/pinned/kz-qmdb/2026-10-09/zhetysay-2027.txt	kz.qmdb/zhetysay	40.938955	68.327222	Asia/Almaty	F+E S D A M I	daily	hanafi	test	Zhetysay's own table at 50 % of its 36.4 km reach, bearing 0: Zhetysay, 2027 (QMDB's own place for the app's city; QMDB year API, capture of 9 Oct 2026)
archive/tables/pinned/kz-qmdb/2026-10-09/zhetysay-2026.txt	kz.qmdb/zhetysay	40.890914	68.480322	Asia/Almaty	F+E S D A M I	daily	hanafi	test	Zhetysay's own table at 50 % of its 36.4 km reach, bearing 45: Zhetysay, 2026 (QMDB's own place for the app's city; QMDB year API, capture of 9 Oct 2026)
archive/tables/pinned/kz-qmdb/2026-10-09/zhetysay-2027.txt	kz.qmdb/zhetysay	40.890914	68.480322	Asia/Almaty	F+E S D A M I	daily	hanafi	test	Zhetysay's own table at 50 % of its 36.4 km reach, bearing 45: Zhetysay, 2027 (QMDB's own place for the app's city; QMDB year API, capture of 9 Oct 2026)
archive/tables/pinned/kz-qmdb/2026-10-09/zhetysay-2026.txt	kz.qmdb/zhetysay	40.775076	68.543360	Asia/Almaty	F+E S D A M I	daily	hanafi	test	Zhetysay's own table at 50 % of its 36.4 km reach, bearing 90: Zhetysay, 2026 (QMDB's own place for the app's city; QMDB year API, capture of 9 Oct 2026)
archive/tables/pinned/kz-qmdb/2026-10-09/zhetysay-2027.txt	kz.qmdb/zhetysay	40.775076	68.543360	Asia/Almaty	F+E S D A M I	daily	hanafi	test	Zhetysay's own table at 50 % of its 36.4 km reach, bearing 90: Zhetysay, 2027 (QMDB's own place for the app's city; QMDB year API, capture of 9 Oct 2026)
archive/tables/pinned/kz-qmdb/2026-10-09/zhetysay-2026.txt	kz.qmdb/zhetysay	40.659441	68.479789	Asia/Almaty	F+E S D A M I	daily	hanafi	test	Zhetysay's own table at 50 % of its 36.4 km reach, bearing 135: Zhetysay, 2026 (QMDB's own place for the app's city; QMDB year API, capture of 9 Oct 2026)
archive/tables/pinned/kz-qmdb/2026-10-09/zhetysay-2027.txt	kz.qmdb/zhetysay	40.659441	68.479789	Asia/Almaty	F+E S D A M I	daily	hanafi	test	Zhetysay's own table at 50 % of its 36.4 km reach, bearing 135: Zhetysay, 2027 (QMDB's own place for the app's city; QMDB year API, capture of 9 Oct 2026)
archive/tables/pinned/kz-qmdb/2026-10-09/zhetysay-2026.txt	kz.qmdb/zhetysay	40.611601	68.327222	Asia/Almaty	F+E S D A M I	daily	hanafi	test	Zhetysay's own table at 50 % of its 36.4 km reach, bearing 180: Zhetysay, 2026 (QMDB's own place for the app's city; QMDB year API, capture of 9 Oct 2026)
archive/tables/pinned/kz-qmdb/2026-10-09/zhetysay-2027.txt	kz.qmdb/zhetysay	40.611601	68.327222	Asia/Almaty	F+E S D A M I	daily	hanafi	test	Zhetysay's own table at 50 % of its 36.4 km reach, bearing 180: Zhetysay, 2027 (QMDB's own place for the app's city; QMDB year API, capture of 9 Oct 2026)
archive/tables/pinned/kz-qmdb/2026-10-09/zhetysay-2026.txt	kz.qmdb/zhetysay	40.659441	68.174655	Asia/Almaty	F+E S D A M I	daily	hanafi	test	Zhetysay's own table at 50 % of its 36.4 km reach, bearing 225: Zhetysay, 2026 (QMDB's own place for the app's city; QMDB year API, capture of 9 Oct 2026)
archive/tables/pinned/kz-qmdb/2026-10-09/zhetysay-2027.txt	kz.qmdb/zhetysay	40.659441	68.174655	Asia/Almaty	F+E S D A M I	daily	hanafi	test	Zhetysay's own table at 50 % of its 36.4 km reach, bearing 225: Zhetysay, 2027 (QMDB's own place for the app's city; QMDB year API, capture of 9 Oct 2026)
archive/tables/pinned/kz-qmdb/2026-10-09/zhetysay-2026.txt	kz.qmdb/zhetysay	40.775076	68.111084	Asia/Almaty	F+E S D A M I	daily	hanafi	test	Zhetysay's own table at 50 % of its 36.4 km reach, bearing 270: Zhetysay, 2026 (QMDB's own place for the app's city; QMDB year API, capture of 9 Oct 2026)
archive/tables/pinned/kz-qmdb/2026-10-09/zhetysay-2027.txt	kz.qmdb/zhetysay	40.775076	68.111084	Asia/Almaty	F+E S D A M I	daily	hanafi	test	Zhetysay's own table at 50 % of its 36.4 km reach, bearing 270: Zhetysay, 2027 (QMDB's own place for the app's city; QMDB year API, capture of 9 Oct 2026)
archive/tables/pinned/kz-qmdb/2026-10-09/zhetysay-2026.txt	kz.qmdb/zhetysay	40.890914	68.174122	Asia/Almaty	F+E S D A M I	daily	hanafi	test	Zhetysay's own table at 50 % of its 36.4 km reach, bearing 315: Zhetysay, 2026 (QMDB's own place for the app's city; QMDB year API, capture of 9 Oct 2026)
archive/tables/pinned/kz-qmdb/2026-10-09/zhetysay-2027.txt	kz.qmdb/zhetysay	40.890914	68.174122	Asia/Almaty	F+E S D A M I	daily	hanafi	test	Zhetysay's own table at 50 % of its 36.4 km reach, bearing 315: Zhetysay, 2027 (QMDB's own place for the app's city; QMDB year API, capture of 9 Oct 2026)
archive/tables/pinned/kz-qmdb/2026-10-09/zhetysay-2026.txt	kz.qmdb/zhetysay	41.086263	68.327222	Asia/Almaty	F+E S D A M I	daily	hanafi	test	Zhetysay's own table at 95 % of its 36.4 km reach, bearing 0: Zhetysay, 2026 (QMDB's own place for the app's city; QMDB year API, capture of 9 Oct 2026)
archive/tables/pinned/kz-qmdb/2026-10-09/zhetysay-2027.txt	kz.qmdb/zhetysay	41.086263	68.327222	Asia/Almaty	F+E S D A M I	daily	hanafi	test	Zhetysay's own table at 95 % of its 36.4 km reach, bearing 0: Zhetysay, 2027 (QMDB's own place for the app's city; QMDB year API, capture of 9 Oct 2026)
archive/tables/pinned/kz-qmdb/2026-10-09/zhetysay-2026.txt	kz.qmdb/zhetysay	40.994812	68.618569	Asia/Almaty	F+E S D A M I	daily	hanafi	test	Zhetysay's own table at 95 % of its 36.4 km reach, bearing 45: Zhetysay, 2026 (QMDB's own place for the app's city; QMDB year API, capture of 9 Oct 2026)
archive/tables/pinned/kz-qmdb/2026-10-09/zhetysay-2027.txt	kz.qmdb/zhetysay	40.994812	68.618569	Asia/Almaty	F+E S D A M I	daily	hanafi	test	Zhetysay's own table at 95 % of its 36.4 km reach, bearing 45: Zhetysay, 2027 (QMDB's own place for the app's city; QMDB year API, capture of 9 Oct 2026)
archive/tables/pinned/kz-qmdb/2026-10-09/zhetysay-2026.txt	kz.qmdb/zhetysay	40.774550	68.737882	Asia/Almaty	F+E S D A M I	daily	hanafi	test	Zhetysay's own table at 95 % of its 36.4 km reach, bearing 90: Zhetysay, 2026 (QMDB's own place for the app's city; QMDB year API, capture of 9 Oct 2026)
archive/tables/pinned/kz-qmdb/2026-10-09/zhetysay-2027.txt	kz.qmdb/zhetysay	40.774550	68.737882	Asia/Almaty	F+E S D A M I	daily	hanafi	test	Zhetysay's own table at 95 % of its 36.4 km reach, bearing 90: Zhetysay, 2027 (QMDB's own place for the app's city; QMDB year API, capture of 9 Oct 2026)
archive/tables/pinned/kz-qmdb/2026-10-09/zhetysay-2026.txt	kz.qmdb/zhetysay	40.555016	68.616647	Asia/Almaty	F+E S D A M I	daily	hanafi	test	Zhetysay's own table at 95 % of its 36.4 km reach, bearing 135: Zhetysay, 2026 (QMDB's own place for the app's city; QMDB year API, capture of 9 Oct 2026)
archive/tables/pinned/kz-qmdb/2026-10-09/zhetysay-2027.txt	kz.qmdb/zhetysay	40.555016	68.616647	Asia/Almaty	F+E S D A M I	daily	hanafi	test	Zhetysay's own table at 95 % of its 36.4 km reach, bearing 135: Zhetysay, 2027 (QMDB's own place for the app's city; QMDB year API, capture of 9 Oct 2026)
archive/tables/pinned/kz-qmdb/2026-10-09/zhetysay-2026.txt	kz.qmdb/zhetysay	40.464293	68.327222	Asia/Almaty	F+E S D A M I	daily	hanafi	test	Zhetysay's own table at 95 % of its 36.4 km reach, bearing 180: Zhetysay, 2026 (QMDB's own place for the app's city; QMDB year API, capture of 9 Oct 2026)
archive/tables/pinned/kz-qmdb/2026-10-09/zhetysay-2027.txt	kz.qmdb/zhetysay	40.464293	68.327222	Asia/Almaty	F+E S D A M I	daily	hanafi	test	Zhetysay's own table at 95 % of its 36.4 km reach, bearing 180: Zhetysay, 2027 (QMDB's own place for the app's city; QMDB year API, capture of 9 Oct 2026)
archive/tables/pinned/kz-qmdb/2026-10-09/zhetysay-2026.txt	kz.qmdb/zhetysay	40.555016	68.037797	Asia/Almaty	F+E S D A M I	daily	hanafi	test	Zhetysay's own table at 95 % of its 36.4 km reach, bearing 225: Zhetysay, 2026 (QMDB's own place for the app's city; QMDB year API, capture of 9 Oct 2026)
archive/tables/pinned/kz-qmdb/2026-10-09/zhetysay-2027.txt	kz.qmdb/zhetysay	40.555016	68.037797	Asia/Almaty	F+E S D A M I	daily	hanafi	test	Zhetysay's own table at 95 % of its 36.4 km reach, bearing 225: Zhetysay, 2027 (QMDB's own place for the app's city; QMDB year API, capture of 9 Oct 2026)
archive/tables/pinned/kz-qmdb/2026-10-09/zhetysay-2026.txt	kz.qmdb/zhetysay	40.774550	67.916562	Asia/Almaty	F+E S D A M I	daily	hanafi	test	Zhetysay's own table at 95 % of its 36.4 km reach, bearing 270: Zhetysay, 2026 (QMDB's own place for the app's city; QMDB year API, capture of 9 Oct 2026)
archive/tables/pinned/kz-qmdb/2026-10-09/zhetysay-2027.txt	kz.qmdb/zhetysay	40.774550	67.916562	Asia/Almaty	F+E S D A M I	daily	hanafi	test	Zhetysay's own table at 95 % of its 36.4 km reach, bearing 270: Zhetysay, 2027 (QMDB's own place for the app's city; QMDB year API, capture of 9 Oct 2026)
archive/tables/pinned/kz-qmdb/2026-10-09/saryagash-2026.txt	kz.qmdb/saryagash	41.624498	69.166667	Asia/Almaty	F+E S D A M I	daily	hanafi	test	Saryagash's own table at 50 % of its 35.1 km reach, bearing 0: Saryagash, 2026 (QMDB's own place for the app's city; QMDB year API, capture of 9 Oct 2026)
archive/tables/pinned/kz-qmdb/2026-10-09/saryagash-2027.txt	kz.qmdb/saryagash	41.624498	69.166667	Asia/Almaty	F+E S D A M I	daily	hanafi	test	Saryagash's own table at 50 % of its 35.1 km reach, bearing 0: Saryagash, 2027 (QMDB's own place for the app's city; QMDB year API, capture of 9 Oct 2026)
archive/tables/pinned/kz-qmdb/2026-10-09/saryagash-2026.txt	kz.qmdb/saryagash	41.578174	69.315859	Asia/Almaty	F+E S D A M I	daily	hanafi	test	Saryagash's own table at 50 % of its 35.1 km reach, bearing 45: Saryagash, 2026 (QMDB's own place for the app's city; QMDB year API, capture of 9 Oct 2026)
archive/tables/pinned/kz-qmdb/2026-10-09/saryagash-2027.txt	kz.qmdb/saryagash	41.578174	69.315859	Asia/Almaty	F+E S D A M I	daily	hanafi	test	Saryagash's own table at 50 % of its 35.1 km reach, bearing 45: Saryagash, 2027 (QMDB's own place for the app's city; QMDB year API, capture of 9 Oct 2026)
archive/tables/pinned/kz-qmdb/2026-10-09/saryagash-2026.txt	kz.qmdb/saryagash	41.466475	69.377293	Asia/Almaty	F+E S D A M I	daily	hanafi	test	Saryagash's own table at 50 % of its 35.1 km reach, bearing 90: Saryagash, 2026 (QMDB's own place for the app's city; QMDB year API, capture of 9 Oct 2026)
archive/tables/pinned/kz-qmdb/2026-10-09/saryagash-2027.txt	kz.qmdb/saryagash	41.466475	69.377293	Asia/Almaty	F+E S D A M I	daily	hanafi	test	Saryagash's own table at 50 % of its 35.1 km reach, bearing 90: Saryagash, 2027 (QMDB's own place for the app's city; QMDB year API, capture of 9 Oct 2026)
archive/tables/pinned/kz-qmdb/2026-10-09/saryagash-2026.txt	kz.qmdb/saryagash	41.354968	69.315346	Asia/Almaty	F+E S D A M I	daily	hanafi	test	Saryagash's own table at 50 % of its 35.1 km reach, bearing 135: Saryagash, 2026 (QMDB's own place for the app's city; QMDB year API, capture of 9 Oct 2026)
archive/tables/pinned/kz-qmdb/2026-10-09/saryagash-2027.txt	kz.qmdb/saryagash	41.354968	69.315346	Asia/Almaty	F+E S D A M I	daily	hanafi	test	Saryagash's own table at 50 % of its 35.1 km reach, bearing 135: Saryagash, 2027 (QMDB's own place for the app's city; QMDB year API, capture of 9 Oct 2026)
archive/tables/pinned/kz-qmdb/2026-10-09/saryagash-2026.txt	kz.qmdb/saryagash	41.308836	69.166667	Asia/Almaty	F+E S D A M I	daily	hanafi	test	Saryagash's own table at 50 % of its 35.1 km reach, bearing 180: Saryagash, 2026 (QMDB's own place for the app's city; QMDB year API, capture of 9 Oct 2026)
archive/tables/pinned/kz-qmdb/2026-10-09/saryagash-2027.txt	kz.qmdb/saryagash	41.308836	69.166667	Asia/Almaty	F+E S D A M I	daily	hanafi	test	Saryagash's own table at 50 % of its 35.1 km reach, bearing 180: Saryagash, 2027 (QMDB's own place for the app's city; QMDB year API, capture of 9 Oct 2026)
archive/tables/pinned/kz-qmdb/2026-10-09/saryagash-2026.txt	kz.qmdb/saryagash	41.578174	69.017475	Asia/Almaty	F+E S D A M I	daily	hanafi	test	Saryagash's own table at 50 % of its 35.1 km reach, bearing 315: Saryagash, 2026 (QMDB's own place for the app's city; QMDB year API, capture of 9 Oct 2026)
archive/tables/pinned/kz-qmdb/2026-10-09/saryagash-2027.txt	kz.qmdb/saryagash	41.578174	69.017475	Asia/Almaty	F+E S D A M I	daily	hanafi	test	Saryagash's own table at 50 % of its 35.1 km reach, bearing 315: Saryagash, 2027 (QMDB's own place for the app's city; QMDB year API, capture of 9 Oct 2026)
archive/tables/pinned/kz-qmdb/2026-10-09/saryagash-2026.txt	kz.qmdb/saryagash	41.766546	69.166667	Asia/Almaty	F+E S D A M I	daily	hanafi	test	Saryagash's own table at 95 % of its 35.1 km reach, bearing 0: Saryagash, 2026 (QMDB's own place for the app's city; QMDB year API, capture of 9 Oct 2026)
archive/tables/pinned/kz-qmdb/2026-10-09/saryagash-2027.txt	kz.qmdb/saryagash	41.766546	69.166667	Asia/Almaty	F+E S D A M I	daily	hanafi	test	Saryagash's own table at 95 % of its 35.1 km reach, bearing 0: Saryagash, 2027 (QMDB's own place for the app's city; QMDB year API, capture of 9 Oct 2026)
archive/tables/pinned/kz-qmdb/2026-10-09/saryagash-2026.txt	kz.qmdb/saryagash	41.678365	69.450573	Asia/Almaty	F+E S D A M I	daily	hanafi	test	Saryagash's own table at 95 % of its 35.1 km reach, bearing 45: Saryagash, 2026 (QMDB's own place for the app's city; QMDB year API, capture of 9 Oct 2026)
archive/tables/pinned/kz-qmdb/2026-10-09/saryagash-2027.txt	kz.qmdb/saryagash	41.678365	69.450573	Asia/Almaty	F+E S D A M I	daily	hanafi	test	Saryagash's own table at 95 % of its 35.1 km reach, bearing 45: Saryagash, 2027 (QMDB's own place for the app's city; QMDB year API, capture of 9 Oct 2026)
archive/tables/pinned/kz-qmdb/2026-10-09/saryagash-2026.txt	kz.qmdb/saryagash	41.465974	69.566854	Asia/Almaty	F+E S D A M I	daily	hanafi	test	Saryagash's own table at 95 % of its 35.1 km reach, bearing 90: Saryagash, 2026 (QMDB's own place for the app's city; QMDB year API, capture of 9 Oct 2026)
archive/tables/pinned/kz-qmdb/2026-10-09/saryagash-2027.txt	kz.qmdb/saryagash	41.465974	69.566854	Asia/Almaty	F+E S D A M I	daily	hanafi	test	Saryagash's own table at 95 % of its 35.1 km reach, bearing 90: Saryagash, 2027 (QMDB's own place for the app's city; QMDB year API, capture of 9 Oct 2026)
archive/tables/pinned/kz-qmdb/2026-10-09/saryagash-2026.txt	kz.qmdb/saryagash	41.254276	69.448722	Asia/Almaty	F+E S D A M I	daily	hanafi	test	Saryagash's own table at 95 % of its 35.1 km reach, bearing 135: Saryagash, 2026 (QMDB's own place for the app's city; QMDB year API, capture of 9 Oct 2026)
archive/tables/pinned/kz-qmdb/2026-10-09/saryagash-2027.txt	kz.qmdb/saryagash	41.254276	69.448722	Asia/Almaty	F+E S D A M I	daily	hanafi	test	Saryagash's own table at 95 % of its 35.1 km reach, bearing 135: Saryagash, 2027 (QMDB's own place for the app's city; QMDB year API, capture of 9 Oct 2026)
archive/tables/pinned/kz-qmdb/2026-10-09/saryagash-2026.txt	kz.qmdb/saryagash	41.678365	68.882761	Asia/Almaty	F+E S D A M I	daily	hanafi	test	Saryagash's own table at 95 % of its 35.1 km reach, bearing 315: Saryagash, 2026 (QMDB's own place for the app's city; QMDB year API, capture of 9 Oct 2026)
archive/tables/pinned/kz-qmdb/2026-10-09/saryagash-2027.txt	kz.qmdb/saryagash	41.678365	68.882761	Asia/Almaty	F+E S D A M I	daily	hanafi	test	Saryagash's own table at 95 % of its 35.1 km reach, bearing 315: Saryagash, 2027 (QMDB's own place for the app's city; QMDB year API, capture of 9 Oct 2026)
archive/tables/pinned/kz-qmdb/2026-10-09/shardara-2026.txt	kz.qmdb/shardara	41.418848	67.969167	Asia/Almaty	F+E S D A M I	daily	hanafi	test	Shardara's own table at 50 % of its 36.5 km reach, bearing 0: Shardara, 2026 (QMDB's own place for the app's city; QMDB year API, capture of 9 Oct 2026)
archive/tables/pinned/kz-qmdb/2026-10-09/shardara-2027.txt	kz.qmdb/shardara	41.418848	67.969167	Asia/Almaty	F+E S D A M I	daily	hanafi	test	Shardara's own table at 50 % of its 36.5 km reach, bearing 0: Shardara, 2027 (QMDB's own place for the app's city; QMDB year API, capture of 9 Oct 2026)
archive/tables/pinned/kz-qmdb/2026-10-09/shardara-2026.txt	kz.qmdb/shardara	41.370673	68.123814	Asia/Almaty	F+E S D A M I	daily	hanafi	test	Shardara's own table at 50 % of its 36.5 km reach, bearing 45: Shardara, 2026 (QMDB's own place for the app's city; QMDB year API, capture of 9 Oct 2026)
archive/tables/pinned/kz-qmdb/2026-10-09/shardara-2027.txt	kz.qmdb/shardara	41.370673	68.123814	Asia/Almaty	F+E S D A M I	daily	hanafi	test	Shardara's own table at 50 % of its 36.5 km reach, bearing 45: Shardara, 2027 (QMDB's own place for the app's city; QMDB year API, capture of 9 Oct 2026)
archive/tables/pinned/kz-qmdb/2026-10-09/shardara-2026.txt	kz.qmdb/shardara	41.254516	68.187482	Asia/Almaty	F+E S D A M I	daily	hanafi	test	Shardara's own table at 50 % of its 36.5 km reach, bearing 90: Shardara, 2026 (QMDB's own place for the app's city; QMDB year API, capture of 9 Oct 2026)
archive/tables/pinned/kz-qmdb/2026-10-09/shardara-2027.txt	kz.qmdb/shardara	41.254516	68.187482	Asia/Almaty	F+E S D A M I	daily	hanafi	test	Shardara's own table at 50 % of its 36.5 km reach, bearing 90: Shardara, 2027 (QMDB's own place for the app's city; QMDB year API, capture of 9 Oct 2026)
archive/tables/pinned/kz-qmdb/2026-10-09/shardara-2026.txt	kz.qmdb/shardara	41.138564	68.123265	Asia/Almaty	F+E S D A M I	daily	hanafi	test	Shardara's own table at 50 % of its 36.5 km reach, bearing 135: Shardara, 2026 (QMDB's own place for the app's city; QMDB year API, capture of 9 Oct 2026)
archive/tables/pinned/kz-qmdb/2026-10-09/shardara-2027.txt	kz.qmdb/shardara	41.138564	68.123265	Asia/Almaty	F+E S D A M I	daily	hanafi	test	Shardara's own table at 50 % of its 36.5 km reach, bearing 135: Shardara, 2027 (QMDB's own place for the app's city; QMDB year API, capture of 9 Oct 2026)
archive/tables/pinned/kz-qmdb/2026-10-09/shardara-2026.txt	kz.qmdb/shardara	41.090596	67.969167	Asia/Almaty	F+E S D A M I	daily	hanafi	test	Shardara's own table at 50 % of its 36.5 km reach, bearing 180: Shardara, 2026 (QMDB's own place for the app's city; QMDB year API, capture of 9 Oct 2026)
archive/tables/pinned/kz-qmdb/2026-10-09/shardara-2027.txt	kz.qmdb/shardara	41.090596	67.969167	Asia/Almaty	F+E S D A M I	daily	hanafi	test	Shardara's own table at 50 % of its 36.5 km reach, bearing 180: Shardara, 2027 (QMDB's own place for the app's city; QMDB year API, capture of 9 Oct 2026)
archive/tables/pinned/kz-qmdb/2026-10-09/shardara-2026.txt	kz.qmdb/shardara	41.138564	67.815069	Asia/Almaty	F+E S D A M I	daily	hanafi	test	Shardara's own table at 50 % of its 36.5 km reach, bearing 225: Shardara, 2026 (QMDB's own place for the app's city; QMDB year API, capture of 9 Oct 2026)
archive/tables/pinned/kz-qmdb/2026-10-09/shardara-2027.txt	kz.qmdb/shardara	41.138564	67.815069	Asia/Almaty	F+E S D A M I	daily	hanafi	test	Shardara's own table at 50 % of its 36.5 km reach, bearing 225: Shardara, 2027 (QMDB's own place for the app's city; QMDB year API, capture of 9 Oct 2026)
archive/tables/pinned/kz-qmdb/2026-10-09/shardara-2026.txt	kz.qmdb/shardara	41.254516	67.750852	Asia/Almaty	F+E S D A M I	daily	hanafi	test	Shardara's own table at 50 % of its 36.5 km reach, bearing 270: Shardara, 2026 (QMDB's own place for the app's city; QMDB year API, capture of 9 Oct 2026)
archive/tables/pinned/kz-qmdb/2026-10-09/shardara-2027.txt	kz.qmdb/shardara	41.254516	67.750852	Asia/Almaty	F+E S D A M I	daily	hanafi	test	Shardara's own table at 50 % of its 36.5 km reach, bearing 270: Shardara, 2027 (QMDB's own place for the app's city; QMDB year API, capture of 9 Oct 2026)
archive/tables/pinned/kz-qmdb/2026-10-09/shardara-2026.txt	kz.qmdb/shardara	41.370673	67.814520	Asia/Almaty	F+E S D A M I	daily	hanafi	test	Shardara's own table at 50 % of its 36.5 km reach, bearing 315: Shardara, 2026 (QMDB's own place for the app's city; QMDB year API, capture of 9 Oct 2026)
archive/tables/pinned/kz-qmdb/2026-10-09/shardara-2027.txt	kz.qmdb/shardara	41.370673	67.814520	Asia/Almaty	F+E S D A M I	daily	hanafi	test	Shardara's own table at 50 % of its 36.5 km reach, bearing 315: Shardara, 2027 (QMDB's own place for the app's city; QMDB year API, capture of 9 Oct 2026)
archive/tables/pinned/kz-qmdb/2026-10-09/shardara-2026.txt	kz.qmdb/shardara	41.566562	67.969167	Asia/Almaty	F+E S D A M I	daily	hanafi	test	Shardara's own table at 95 % of its 36.5 km reach, bearing 0: Shardara, 2026 (QMDB's own place for the app's city; QMDB year API, capture of 9 Oct 2026)
archive/tables/pinned/kz-qmdb/2026-10-09/shardara-2027.txt	kz.qmdb/shardara	41.566562	67.969167	Asia/Almaty	F+E S D A M I	daily	hanafi	test	Shardara's own table at 95 % of its 36.5 km reach, bearing 0: Shardara, 2027 (QMDB's own place for the app's city; QMDB year API, capture of 9 Oct 2026)
archive/tables/pinned/kz-qmdb/2026-10-09/shardara-2026.txt	kz.qmdb/shardara	41.474852	68.263468	Asia/Almaty	F+E S D A M I	daily	hanafi	test	Shardara's own table at 95 % of its 36.5 km reach, bearing 45: Shardara, 2026 (QMDB's own place for the app's city; QMDB year API, capture of 9 Oct 2026)
archive/tables/pinned/kz-qmdb/2026-10-09/shardara-2027.txt	kz.qmdb/shardara	41.474852	68.263468	Asia/Almaty	F+E S D A M I	daily	hanafi	test	Shardara's own table at 95 % of its 36.5 km reach, bearing 45: Shardara, 2027 (QMDB's own place for the app's city; QMDB year API, capture of 9 Oct 2026)
archive/tables/pinned/kz-qmdb/2026-10-09/shardara-2026.txt	kz.qmdb/shardara	41.253978	68.383963	Asia/Almaty	F+E S D A M I	daily	hanafi	test	Shardara's own table at 95 % of its 36.5 km reach, bearing 90: Shardara, 2026 (QMDB's own place for the app's city; QMDB year API, capture of 9 Oct 2026)
archive/tables/pinned/kz-qmdb/2026-10-09/shardara-2027.txt	kz.qmdb/shardara	41.253978	68.383963	Asia/Almaty	F+E S D A M I	daily	hanafi	test	Shardara's own table at 95 % of its 36.5 km reach, bearing 90: Shardara, 2027 (QMDB's own place for the app's city; QMDB year API, capture of 9 Oct 2026)
archive/tables/pinned/kz-qmdb/2026-10-09/shardara-2026.txt	kz.qmdb/shardara	40.942882	67.969167	Asia/Almaty	F+E S D A M I	daily	hanafi	test	Shardara's own table at 95 % of its 36.5 km reach, bearing 180: Shardara, 2026 (QMDB's own place for the app's city; QMDB year API, capture of 9 Oct 2026)
archive/tables/pinned/kz-qmdb/2026-10-09/shardara-2027.txt	kz.qmdb/shardara	40.942882	67.969167	Asia/Almaty	F+E S D A M I	daily	hanafi	test	Shardara's own table at 95 % of its 36.5 km reach, bearing 180: Shardara, 2027 (QMDB's own place for the app's city; QMDB year API, capture of 9 Oct 2026)
archive/tables/pinned/kz-qmdb/2026-10-09/shardara-2026.txt	kz.qmdb/shardara	41.033848	67.676846	Asia/Almaty	F+E S D A M I	daily	hanafi	test	Shardara's own table at 95 % of its 36.5 km reach, bearing 225: Shardara, 2026 (QMDB's own place for the app's city; QMDB year API, capture of 9 Oct 2026)
archive/tables/pinned/kz-qmdb/2026-10-09/shardara-2027.txt	kz.qmdb/shardara	41.033848	67.676846	Asia/Almaty	F+E S D A M I	daily	hanafi	test	Shardara's own table at 95 % of its 36.5 km reach, bearing 225: Shardara, 2027 (QMDB's own place for the app's city; QMDB year API, capture of 9 Oct 2026)
archive/tables/pinned/kz-qmdb/2026-10-09/shardara-2026.txt	kz.qmdb/shardara	41.253978	67.554371	Asia/Almaty	F+E S D A M I	daily	hanafi	test	Shardara's own table at 95 % of its 36.5 km reach, bearing 270: Shardara, 2026 (QMDB's own place for the app's city; QMDB year API, capture of 9 Oct 2026)
archive/tables/pinned/kz-qmdb/2026-10-09/shardara-2027.txt	kz.qmdb/shardara	41.253978	67.554371	Asia/Almaty	F+E S D A M I	daily	hanafi	test	Shardara's own table at 95 % of its 36.5 km reach, bearing 270: Shardara, 2027 (QMDB's own place for the app's city; QMDB year API, capture of 9 Oct 2026)
archive/tables/pinned/kz-qmdb/2026-10-09/shardara-2026.txt	kz.qmdb/shardara	41.474852	67.674866	Asia/Almaty	F+E S D A M I	daily	hanafi	test	Shardara's own table at 95 % of its 36.5 km reach, bearing 315: Shardara, 2026 (QMDB's own place for the app's city; QMDB year API, capture of 9 Oct 2026)
archive/tables/pinned/kz-qmdb/2026-10-09/shardara-2027.txt	kz.qmdb/shardara	41.474852	67.674866	Asia/Almaty	F+E S D A M I	daily	hanafi	test	Shardara's own table at 95 % of its 36.5 km reach, bearing 315: Shardara, 2027 (QMDB's own place for the app's city; QMDB year API, capture of 9 Oct 2026)
archive/tables/pinned/kz-qmdb/2026-10-06/shymkent-2026.txt	kz.qmdb/shymkent	42.517746	69.612769	Asia/Almaty	F+E S D A M I	daily	hanafi	test	Shymkent's own table at 50 % of its 33.3 km reach, bearing 0: Shymkent, 2026 (below 46N, the south; QMDB year API, capture of 6 Oct 2026)
archive/tables/pinned/kz-qmdb/2026-10-06/shymkent-2027.txt	kz.qmdb/shymkent	42.517746	69.612769	Asia/Almaty	F+E S D A M I	daily	hanafi	test	Shymkent's own table at 50 % of its 33.3 km reach, bearing 0: Shymkent, 2027 (below 46N, the south; QMDB year API, capture of 6 Oct 2026)
archive/tables/pinned/kz-qmdb/2026-10-06/shymkent-2026.txt	kz.qmdb/shymkent	42.218272	69.612769	Asia/Almaty	F+E S D A M I	daily	hanafi	test	Shymkent's own table at 50 % of its 33.3 km reach, bearing 180: Shymkent, 2026 (below 46N, the south; QMDB year API, capture of 6 Oct 2026)
archive/tables/pinned/kz-qmdb/2026-10-06/shymkent-2027.txt	kz.qmdb/shymkent	42.218272	69.612769	Asia/Almaty	F+E S D A M I	daily	hanafi	test	Shymkent's own table at 50 % of its 33.3 km reach, bearing 180: Shymkent, 2027 (below 46N, the south; QMDB year API, capture of 6 Oct 2026)
archive/tables/pinned/kz-qmdb/2026-10-06/shymkent-2026.txt	kz.qmdb/shymkent	42.262040	69.469703	Asia/Almaty	F+E S D A M I	daily	hanafi	test	Shymkent's own table at 50 % of its 33.3 km reach, bearing 225: Shymkent, 2026 (below 46N, the south; QMDB year API, capture of 6 Oct 2026)
archive/tables/pinned/kz-qmdb/2026-10-06/shymkent-2027.txt	kz.qmdb/shymkent	42.262040	69.469703	Asia/Almaty	F+E S D A M I	daily	hanafi	test	Shymkent's own table at 50 % of its 33.3 km reach, bearing 225: Shymkent, 2027 (below 46N, the south; QMDB year API, capture of 6 Oct 2026)
archive/tables/pinned/kz-qmdb/2026-10-06/shymkent-2026.txt	kz.qmdb/shymkent	42.367831	69.410102	Asia/Almaty	F+E S D A M I	daily	hanafi	test	Shymkent's own table at 50 % of its 33.3 km reach, bearing 270: Shymkent, 2026 (below 46N, the south; QMDB year API, capture of 6 Oct 2026)
archive/tables/pinned/kz-qmdb/2026-10-06/shymkent-2027.txt	kz.qmdb/shymkent	42.367831	69.410102	Asia/Almaty	F+E S D A M I	daily	hanafi	test	Shymkent's own table at 50 % of its 33.3 km reach, bearing 270: Shymkent, 2027 (below 46N, the south; QMDB year API, capture of 6 Oct 2026)
archive/tables/pinned/kz-qmdb/2026-10-06/shymkent-2026.txt	kz.qmdb/shymkent	42.473800	69.469220	Asia/Almaty	F+E S D A M I	daily	hanafi	test	Shymkent's own table at 50 % of its 33.3 km reach, bearing 315: Shymkent, 2026 (below 46N, the south; QMDB year API, capture of 6 Oct 2026)
archive/tables/pinned/kz-qmdb/2026-10-06/shymkent-2027.txt	kz.qmdb/shymkent	42.473800	69.469220	Asia/Almaty	F+E S D A M I	daily	hanafi	test	Shymkent's own table at 50 % of its 33.3 km reach, bearing 315: Shymkent, 2027 (below 46N, the south; QMDB year API, capture of 6 Oct 2026)
archive/tables/pinned/kz-qmdb/2026-10-06/shymkent-2026.txt	kz.qmdb/shymkent	42.166516	69.341354	Asia/Almaty	F+E S D A M I	daily	hanafi	test	Shymkent's own table at 95 % of its 33.3 km reach, bearing 225: Shymkent, 2026 (below 46N, the south; QMDB year API, capture of 6 Oct 2026)
archive/tables/pinned/kz-qmdb/2026-10-06/shymkent-2027.txt	kz.qmdb/shymkent	42.166516	69.341354	Asia/Almaty	F+E S D A M I	daily	hanafi	test	Shymkent's own table at 95 % of its 33.3 km reach, bearing 225: Shymkent, 2027 (below 46N, the south; QMDB year API, capture of 6 Oct 2026)
archive/tables/pinned/kz-qmdb/2026-10-06/shymkent-2026.txt	kz.qmdb/shymkent	42.367365	69.227704	Asia/Almaty	F+E S D A M I	daily	hanafi	test	Shymkent's own table at 95 % of its 33.3 km reach, bearing 270: Shymkent, 2026 (below 46N, the south; QMDB year API, capture of 6 Oct 2026)
archive/tables/pinned/kz-qmdb/2026-10-06/shymkent-2027.txt	kz.qmdb/shymkent	42.367365	69.227704	Asia/Almaty	F+E S D A M I	daily	hanafi	test	Shymkent's own table at 95 % of its 33.3 km reach, bearing 270: Shymkent, 2027 (below 46N, the south; QMDB year API, capture of 6 Oct 2026)
archive/tables/pinned/kz-qmdb/2026-10-06/shymkent-2026.txt	kz.qmdb/shymkent	42.568858	69.339610	Asia/Almaty	F+E S D A M I	daily	hanafi	test	Shymkent's own table at 95 % of its 33.3 km reach, bearing 315: Shymkent, 2026 (below 46N, the south; QMDB year API, capture of 6 Oct 2026)
archive/tables/pinned/kz-qmdb/2026-10-06/shymkent-2027.txt	kz.qmdb/shymkent	42.568858	69.339610	Asia/Almaty	F+E S D A M I	daily	hanafi	test	Shymkent's own table at 95 % of its 33.3 km reach, bearing 315: Shymkent, 2027 (below 46N, the south; QMDB year API, capture of 6 Oct 2026)
archive/tables/pinned/kz-qmdb/2026-10-09/turkistan-2026.txt	kz.qmdb/turkistan	43.447715	68.268979	Asia/Almaty	F+E S D A M I	daily	hanafi	test	Turkistan's own table at 50 % of its 32.4 km reach, bearing 0: Turkistan, 2026 (QMDB's own place for the app's city; QMDB year API, capture of 9 Oct 2026)
archive/tables/pinned/kz-qmdb/2026-10-09/turkistan-2027.txt	kz.qmdb/turkistan	43.447715	68.268979	Asia/Almaty	F+E S D A M I	daily	hanafi	test	Turkistan's own table at 50 % of its 32.4 km reach, bearing 0: Turkistan, 2027 (QMDB's own place for the app's city; QMDB year API, capture of 9 Oct 2026)
archive/tables/pinned/kz-qmdb/2026-10-09/turkistan-2026.txt	kz.qmdb/turkistan	43.301850	68.469172	Asia/Almaty	F+E S D A M I	daily	hanafi	test	Turkistan's own table at 50 % of its 32.4 km reach, bearing 90: Turkistan, 2026 (QMDB's own place for the app's city; QMDB year API, capture of 9 Oct 2026)
archive/tables/pinned/kz-qmdb/2026-10-09/turkistan-2027.txt	kz.qmdb/turkistan	43.301850	68.469172	Asia/Almaty	F+E S D A M I	daily	hanafi	test	Turkistan's own table at 50 % of its 32.4 km reach, bearing 90: Turkistan, 2027 (QMDB's own place for the app's city; QMDB year API, capture of 9 Oct 2026)
archive/tables/pinned/kz-qmdb/2026-10-09/turkistan-2026.txt	kz.qmdb/turkistan	43.198919	68.410297	Asia/Almaty	F+E S D A M I	daily	hanafi	test	Turkistan's own table at 50 % of its 32.4 km reach, bearing 135: Turkistan, 2026 (QMDB's own place for the app's city; QMDB year API, capture of 9 Oct 2026)
archive/tables/pinned/kz-qmdb/2026-10-09/turkistan-2027.txt	kz.qmdb/turkistan	43.198919	68.410297	Asia/Almaty	F+E S D A M I	daily	hanafi	test	Turkistan's own table at 50 % of its 32.4 km reach, bearing 135: Turkistan, 2027 (QMDB's own place for the app's city; QMDB year API, capture of 9 Oct 2026)
archive/tables/pinned/kz-qmdb/2026-10-09/turkistan-2026.txt	kz.qmdb/turkistan	43.156335	68.268979	Asia/Almaty	F+E S D A M I	daily	hanafi	test	Turkistan's own table at 50 % of its 32.4 km reach, bearing 180: Turkistan, 2026 (QMDB's own place for the app's city; QMDB year API, capture of 9 Oct 2026)
archive/tables/pinned/kz-qmdb/2026-10-09/turkistan-2027.txt	kz.qmdb/turkistan	43.156335	68.268979	Asia/Almaty	F+E S D A M I	daily	hanafi	test	Turkistan's own table at 50 % of its 32.4 km reach, bearing 180: Turkistan, 2027 (QMDB's own place for the app's city; QMDB year API, capture of 9 Oct 2026)
archive/tables/pinned/kz-qmdb/2026-10-09/turkistan-2026.txt	kz.qmdb/turkistan	43.198919	68.127661	Asia/Almaty	F+E S D A M I	daily	hanafi	test	Turkistan's own table at 50 % of its 32.4 km reach, bearing 225: Turkistan, 2026 (QMDB's own place for the app's city; QMDB year API, capture of 9 Oct 2026)
archive/tables/pinned/kz-qmdb/2026-10-09/turkistan-2027.txt	kz.qmdb/turkistan	43.198919	68.127661	Asia/Almaty	F+E S D A M I	daily	hanafi	test	Turkistan's own table at 50 % of its 32.4 km reach, bearing 225: Turkistan, 2027 (QMDB's own place for the app's city; QMDB year API, capture of 9 Oct 2026)
archive/tables/pinned/kz-qmdb/2026-10-09/turkistan-2026.txt	kz.qmdb/turkistan	43.301850	68.068786	Asia/Almaty	F+E S D A M I	daily	hanafi	test	Turkistan's own table at 50 % of its 32.4 km reach, bearing 270: Turkistan, 2026 (QMDB's own place for the app's city; QMDB year API, capture of 9 Oct 2026)
archive/tables/pinned/kz-qmdb/2026-10-09/turkistan-2027.txt	kz.qmdb/turkistan	43.301850	68.068786	Asia/Almaty	F+E S D A M I	daily	hanafi	test	Turkistan's own table at 50 % of its 32.4 km reach, bearing 270: Turkistan, 2027 (QMDB's own place for the app's city; QMDB year API, capture of 9 Oct 2026)
archive/tables/pinned/kz-qmdb/2026-10-09/turkistan-2026.txt	kz.qmdb/turkistan	43.404956	68.127181	Asia/Almaty	F+E S D A M I	daily	hanafi	test	Turkistan's own table at 50 % of its 32.4 km reach, bearing 315: Turkistan, 2026 (QMDB's own place for the app's city; QMDB year API, capture of 9 Oct 2026)
archive/tables/pinned/kz-qmdb/2026-10-09/turkistan-2027.txt	kz.qmdb/turkistan	43.404956	68.127181	Asia/Almaty	F+E S D A M I	daily	hanafi	test	Turkistan's own table at 50 % of its 32.4 km reach, bearing 315: Turkistan, 2027 (QMDB's own place for the app's city; QMDB year API, capture of 9 Oct 2026)
archive/tables/pinned/kz-qmdb/2026-10-09/turkistan-2026.txt	kz.qmdb/turkistan	43.105976	68.537076	Asia/Almaty	F+E S D A M I	daily	hanafi	test	Turkistan's own table at 95 % of its 32.4 km reach, bearing 135: Turkistan, 2026 (QMDB's own place for the app's city; QMDB year API, capture of 9 Oct 2026)
archive/tables/pinned/kz-qmdb/2026-10-09/turkistan-2027.txt	kz.qmdb/turkistan	43.105976	68.537076	Asia/Almaty	F+E S D A M I	daily	hanafi	test	Turkistan's own table at 95 % of its 32.4 km reach, bearing 135: Turkistan, 2027 (QMDB's own place for the app's city; QMDB year API, capture of 9 Oct 2026)
archive/tables/pinned/kz-qmdb/2026-10-09/turkistan-2026.txt	kz.qmdb/turkistan	43.025214	68.268979	Asia/Almaty	F+E S D A M I	daily	hanafi	test	Turkistan's own table at 95 % of its 32.4 km reach, bearing 180: Turkistan, 2026 (QMDB's own place for the app's city; QMDB year API, capture of 9 Oct 2026)
archive/tables/pinned/kz-qmdb/2026-10-09/turkistan-2027.txt	kz.qmdb/turkistan	43.025214	68.268979	Asia/Almaty	F+E S D A M I	daily	hanafi	test	Turkistan's own table at 95 % of its 32.4 km reach, bearing 180: Turkistan, 2027 (QMDB's own place for the app's city; QMDB year API, capture of 9 Oct 2026)
archive/tables/pinned/kz-qmdb/2026-10-09/turkistan-2026.txt	kz.qmdb/turkistan	43.105976	68.000882	Asia/Almaty	F+E S D A M I	daily	hanafi	test	Turkistan's own table at 95 % of its 32.4 km reach, bearing 225: Turkistan, 2026 (QMDB's own place for the app's city; QMDB year API, capture of 9 Oct 2026)
archive/tables/pinned/kz-qmdb/2026-10-09/turkistan-2027.txt	kz.qmdb/turkistan	43.105976	68.000882	Asia/Almaty	F+E S D A M I	daily	hanafi	test	Turkistan's own table at 95 % of its 32.4 km reach, bearing 225: Turkistan, 2027 (QMDB's own place for the app's city; QMDB year API, capture of 9 Oct 2026)
archive/tables/pinned/kz-qmdb/2026-10-09/turkistan-2026.txt	kz.qmdb/turkistan	43.301395	67.888615	Asia/Almaty	F+E S D A M I	daily	hanafi	test	Turkistan's own table at 95 % of its 32.4 km reach, bearing 270: Turkistan, 2026 (QMDB's own place for the app's city; QMDB year API, capture of 9 Oct 2026)
archive/tables/pinned/kz-qmdb/2026-10-09/turkistan-2027.txt	kz.qmdb/turkistan	43.301395	67.888615	Asia/Almaty	F+E S D A M I	daily	hanafi	test	Turkistan's own table at 95 % of its 32.4 km reach, bearing 270: Turkistan, 2027 (QMDB's own place for the app's city; QMDB year API, capture of 9 Oct 2026)
archive/tables/pinned/kz-qmdb/2026-10-09/turkistan-2026.txt	kz.qmdb/turkistan	43.497444	67.999150	Asia/Almaty	F+E S D A M I	daily	hanafi	test	Turkistan's own table at 95 % of its 32.4 km reach, bearing 315: Turkistan, 2026 (QMDB's own place for the app's city; QMDB year API, capture of 9 Oct 2026)
archive/tables/pinned/kz-qmdb/2026-10-09/turkistan-2027.txt	kz.qmdb/turkistan	43.497444	67.999150	Asia/Almaty	F+E S D A M I	daily	hanafi	test	Turkistan's own table at 95 % of its 32.4 km reach, bearing 315: Turkistan, 2027 (QMDB's own place for the app's city; QMDB year API, capture of 9 Oct 2026)
archive/tables/pinned/kz-qmdb/2026-10-06/aksay-2026.txt	kz.qmdb/aksay	51.262072	53.020868	Asia/Oral	F+E S D A M I	daily	hanafi	test	Aksay's own table at 50 % of its 21.6 km reach, bearing 0: Aksay, 2026 (at/above 48N, the west; QMDB year API, capture of 6 Oct 2026)
archive/tables/pinned/kz-qmdb/2026-10-06/aksay-2027.txt	kz.qmdb/aksay	51.262072	53.020868	Asia/Oral	F+E S D A M I	daily	hanafi	test	Aksay's own table at 50 % of its 21.6 km reach, bearing 0: Aksay, 2027 (at/above 48N, the west; QMDB year API, capture of 6 Oct 2026)
archive/tables/pinned/kz-qmdb/2026-10-06/aksay-2026.txt	kz.qmdb/aksay	51.233573	53.130553	Asia/Oral	F+E S D A M I	daily	hanafi	test	Aksay's own table at 50 % of its 21.6 km reach, bearing 45: Aksay, 2026 (at/above 48N, the west; QMDB year API, capture of 6 Oct 2026)
archive/tables/pinned/kz-qmdb/2026-10-06/aksay-2027.txt	kz.qmdb/aksay	51.233573	53.130553	Asia/Oral	F+E S D A M I	daily	hanafi	test	Aksay's own table at 50 % of its 21.6 km reach, bearing 45: Aksay, 2027 (at/above 48N, the west; QMDB year API, capture of 6 Oct 2026)
archive/tables/pinned/kz-qmdb/2026-10-06/aksay-2026.txt	kz.qmdb/aksay	51.164843	53.175755	Asia/Oral	F+E S D A M I	daily	hanafi	test	Aksay's own table at 50 % of its 21.6 km reach, bearing 90: Aksay, 2026 (at/above 48N, the west; QMDB year API, capture of 6 Oct 2026)
archive/tables/pinned/kz-qmdb/2026-10-06/aksay-2027.txt	kz.qmdb/aksay	51.164843	53.175755	Asia/Oral	F+E S D A M I	daily	hanafi	test	Aksay's own table at 50 % of its 21.6 km reach, bearing 90: Aksay, 2027 (at/above 48N, the west; QMDB year API, capture of 6 Oct 2026)
archive/tables/pinned/kz-qmdb/2026-10-06/aksay-2026.txt	kz.qmdb/aksay	51.096215	53.130227	Asia/Oral	F+E S D A M I	daily	hanafi	test	Aksay's own table at 50 % of its 21.6 km reach, bearing 135: Aksay, 2026 (at/above 48N, the west; QMDB year API, capture of 6 Oct 2026)
archive/tables/pinned/kz-qmdb/2026-10-06/aksay-2027.txt	kz.qmdb/aksay	51.096215	53.130227	Asia/Oral	F+E S D A M I	daily	hanafi	test	Aksay's own table at 50 % of its 21.6 km reach, bearing 135: Aksay, 2027 (at/above 48N, the west; QMDB year API, capture of 6 Oct 2026)
archive/tables/pinned/kz-qmdb/2026-10-06/aksay-2026.txt	kz.qmdb/aksay	51.067818	53.020868	Asia/Oral	F+E S D A M I	daily	hanafi	test	Aksay's own table at 50 % of its 21.6 km reach, bearing 180: Aksay, 2026 (at/above 48N, the west; QMDB year API, capture of 6 Oct 2026)
archive/tables/pinned/kz-qmdb/2026-10-06/aksay-2027.txt	kz.qmdb/aksay	51.067818	53.020868	Asia/Oral	F+E S D A M I	daily	hanafi	test	Aksay's own table at 50 % of its 21.6 km reach, bearing 180: Aksay, 2027 (at/above 48N, the west; QMDB year API, capture of 6 Oct 2026)
archive/tables/pinned/kz-qmdb/2026-10-06/aksay-2026.txt	kz.qmdb/aksay	51.096215	52.911509	Asia/Oral	F+E S D A M I	daily	hanafi	test	Aksay's own table at 50 % of its 21.6 km reach, bearing 225: Aksay, 2026 (at/above 48N, the west; QMDB year API, capture of 6 Oct 2026)
archive/tables/pinned/kz-qmdb/2026-10-06/aksay-2027.txt	kz.qmdb/aksay	51.096215	52.911509	Asia/Oral	F+E S D A M I	daily	hanafi	test	Aksay's own table at 50 % of its 21.6 km reach, bearing 225: Aksay, 2027 (at/above 48N, the west; QMDB year API, capture of 6 Oct 2026)
archive/tables/pinned/kz-qmdb/2026-10-06/aksay-2026.txt	kz.qmdb/aksay	51.164843	52.865981	Asia/Oral	F+E S D A M I	daily	hanafi	test	Aksay's own table at 50 % of its 21.6 km reach, bearing 270: Aksay, 2026 (at/above 48N, the west; QMDB year API, capture of 6 Oct 2026)
archive/tables/pinned/kz-qmdb/2026-10-06/aksay-2027.txt	kz.qmdb/aksay	51.164843	52.865981	Asia/Oral	F+E S D A M I	daily	hanafi	test	Aksay's own table at 50 % of its 21.6 km reach, bearing 270: Aksay, 2027 (at/above 48N, the west; QMDB year API, capture of 6 Oct 2026)
archive/tables/pinned/kz-qmdb/2026-10-06/aksay-2026.txt	kz.qmdb/aksay	51.233573	52.911183	Asia/Oral	F+E S D A M I	daily	hanafi	test	Aksay's own table at 50 % of its 21.6 km reach, bearing 315: Aksay, 2026 (at/above 48N, the west; QMDB year API, capture of 6 Oct 2026)
archive/tables/pinned/kz-qmdb/2026-10-06/aksay-2027.txt	kz.qmdb/aksay	51.233573	52.911183	Asia/Oral	F+E S D A M I	daily	hanafi	test	Aksay's own table at 50 % of its 21.6 km reach, bearing 315: Aksay, 2027 (at/above 48N, the west; QMDB year API, capture of 6 Oct 2026)
archive/tables/pinned/kz-qmdb/2026-10-06/aksay-2026.txt	kz.qmdb/aksay	51.349486	53.020868	Asia/Oral	F+E S D A M I	daily	hanafi	test	Aksay's own table at 95 % of its 21.6 km reach, bearing 0: Aksay, 2026 (at/above 48N, the west; QMDB year API, capture of 6 Oct 2026)
archive/tables/pinned/kz-qmdb/2026-10-06/aksay-2027.txt	kz.qmdb/aksay	51.349486	53.020868	Asia/Oral	F+E S D A M I	daily	hanafi	test	Aksay's own table at 95 % of its 21.6 km reach, bearing 0: Aksay, 2027 (at/above 48N, the west; QMDB year API, capture of 6 Oct 2026)
archive/tables/pinned/kz-qmdb/2026-10-06/aksay-2026.txt	kz.qmdb/aksay	51.295250	53.229550	Asia/Oral	F+E S D A M I	daily	hanafi	test	Aksay's own table at 95 % of its 21.6 km reach, bearing 45: Aksay, 2026 (at/above 48N, the west; QMDB year API, capture of 6 Oct 2026)
archive/tables/pinned/kz-qmdb/2026-10-06/aksay-2027.txt	kz.qmdb/aksay	51.295250	53.229550	Asia/Oral	F+E S D A M I	daily	hanafi	test	Aksay's own table at 95 % of its 21.6 km reach, bearing 45: Aksay, 2027 (at/above 48N, the west; QMDB year API, capture of 6 Oct 2026)
archive/tables/pinned/kz-qmdb/2026-10-06/aksay-2026.txt	kz.qmdb/aksay	51.164576	53.315152	Asia/Oral	F+E S D A M I	daily	hanafi	test	Aksay's own table at 95 % of its 21.6 km reach, bearing 90: Aksay, 2026 (at/above 48N, the west; QMDB year API, capture of 6 Oct 2026)
archive/tables/pinned/kz-qmdb/2026-10-06/aksay-2027.txt	kz.qmdb/aksay	51.164576	53.315152	Asia/Oral	F+E S D A M I	daily	hanafi	test	Aksay's own table at 95 % of its 21.6 km reach, bearing 90: Aksay, 2027 (at/above 48N, the west; QMDB year API, capture of 6 Oct 2026)
archive/tables/pinned/kz-qmdb/2026-10-06/aksay-2026.txt	kz.qmdb/aksay	51.034271	53.228372	Asia/Oral	F+E S D A M I	daily	hanafi	test	Aksay's own table at 95 % of its 21.6 km reach, bearing 135: Aksay, 2026 (at/above 48N, the west; QMDB year API, capture of 6 Oct 2026)
archive/tables/pinned/kz-qmdb/2026-10-06/aksay-2027.txt	kz.qmdb/aksay	51.034271	53.228372	Asia/Oral	F+E S D A M I	daily	hanafi	test	Aksay's own table at 95 % of its 21.6 km reach, bearing 135: Aksay, 2027 (at/above 48N, the west; QMDB year API, capture of 6 Oct 2026)
archive/tables/pinned/kz-qmdb/2026-10-06/aksay-2026.txt	kz.qmdb/aksay	50.980404	53.020868	Asia/Oral	F+E S D A M I	daily	hanafi	test	Aksay's own table at 95 % of its 21.6 km reach, bearing 180: Aksay, 2026 (at/above 48N, the west; QMDB year API, capture of 6 Oct 2026)
archive/tables/pinned/kz-qmdb/2026-10-06/aksay-2027.txt	kz.qmdb/aksay	50.980404	53.020868	Asia/Oral	F+E S D A M I	daily	hanafi	test	Aksay's own table at 95 % of its 21.6 km reach, bearing 180: Aksay, 2027 (at/above 48N, the west; QMDB year API, capture of 6 Oct 2026)
archive/tables/pinned/kz-qmdb/2026-10-06/aksay-2026.txt	kz.qmdb/aksay	51.034271	52.813364	Asia/Oral	F+E S D A M I	daily	hanafi	test	Aksay's own table at 95 % of its 21.6 km reach, bearing 225: Aksay, 2026 (at/above 48N, the west; QMDB year API, capture of 6 Oct 2026)
archive/tables/pinned/kz-qmdb/2026-10-06/aksay-2027.txt	kz.qmdb/aksay	51.034271	52.813364	Asia/Oral	F+E S D A M I	daily	hanafi	test	Aksay's own table at 95 % of its 21.6 km reach, bearing 225: Aksay, 2027 (at/above 48N, the west; QMDB year API, capture of 6 Oct 2026)
archive/tables/pinned/kz-qmdb/2026-10-06/aksay-2026.txt	kz.qmdb/aksay	51.164576	52.726584	Asia/Oral	F+E S D A M I	daily	hanafi	test	Aksay's own table at 95 % of its 21.6 km reach, bearing 270: Aksay, 2026 (at/above 48N, the west; QMDB year API, capture of 6 Oct 2026)
archive/tables/pinned/kz-qmdb/2026-10-06/aksay-2027.txt	kz.qmdb/aksay	51.164576	52.726584	Asia/Oral	F+E S D A M I	daily	hanafi	test	Aksay's own table at 95 % of its 21.6 km reach, bearing 270: Aksay, 2027 (at/above 48N, the west; QMDB year API, capture of 6 Oct 2026)
archive/tables/pinned/kz-qmdb/2026-10-06/aksay-2026.txt	kz.qmdb/aksay	51.295250	52.812186	Asia/Oral	F+E S D A M I	daily	hanafi	test	Aksay's own table at 95 % of its 21.6 km reach, bearing 315: Aksay, 2026 (at/above 48N, the west; QMDB year API, capture of 6 Oct 2026)
archive/tables/pinned/kz-qmdb/2026-10-06/aksay-2027.txt	kz.qmdb/aksay	51.295250	52.812186	Asia/Oral	F+E S D A M I	daily	hanafi	test	Aksay's own table at 95 % of its 21.6 km reach, bearing 315: Aksay, 2027 (at/above 48N, the west; QMDB year API, capture of 6 Oct 2026)
archive/tables/pinned/kz-qmdb/2026-10-09/lisakovsk-2026.txt	kz.qmdb/lisakovsk	52.636709	62.492641	Asia/Qostanay	F+E S D A M I	daily	hanafi	test	Lisakovsk's own table at 50 % of its 20.6 km reach, bearing 0: Lisakovsk, 2026 (QMDB's own place for the app's city; QMDB year API, capture of 9 Oct 2026)
archive/tables/pinned/kz-qmdb/2026-10-09/lisakovsk-2027.txt	kz.qmdb/lisakovsk	52.636709	62.492641	Asia/Qostanay	F+E S D A M I	daily	hanafi	test	Lisakovsk's own table at 50 % of its 20.6 km reach, bearing 0: Lisakovsk, 2027 (QMDB's own place for the app's city; QMDB year API, capture of 9 Oct 2026)
archive/tables/pinned/kz-qmdb/2026-10-09/lisakovsk-2026.txt	kz.qmdb/lisakovsk	52.609529	62.600504	Asia/Qostanay	F+E S D A M I	daily	hanafi	test	Lisakovsk's own table at 50 % of its 20.6 km reach, bearing 45: Lisakovsk, 2026 (QMDB's own place for the app's city; QMDB year API, capture of 9 Oct 2026)
archive/tables/pinned/kz-qmdb/2026-10-09/lisakovsk-2027.txt	kz.qmdb/lisakovsk	52.609529	62.600504	Asia/Qostanay	F+E S D A M I	daily	hanafi	test	Lisakovsk's own table at 50 % of its 20.6 km reach, bearing 45: Lisakovsk, 2027 (QMDB's own place for the app's city; QMDB year API, capture of 9 Oct 2026)
archive/tables/pinned/kz-qmdb/2026-10-09/lisakovsk-2026.txt	kz.qmdb/lisakovsk	52.543981	62.644955	Asia/Qostanay	F+E S D A M I	daily	hanafi	test	Lisakovsk's own table at 50 % of its 20.6 km reach, bearing 90: Lisakovsk, 2026 (QMDB's own place for the app's city; QMDB year API, capture of 9 Oct 2026)
archive/tables/pinned/kz-qmdb/2026-10-09/lisakovsk-2027.txt	kz.qmdb/lisakovsk	52.543981	62.644955	Asia/Qostanay	F+E S D A M I	daily	hanafi	test	Lisakovsk's own table at 50 % of its 20.6 km reach, bearing 90: Lisakovsk, 2027 (QMDB's own place for the app's city; QMDB year API, capture of 9 Oct 2026)
archive/tables/pinned/kz-qmdb/2026-10-09/lisakovsk-2026.txt	kz.qmdb/lisakovsk	52.478531	62.600183	Asia/Qostanay	F+E S D A M I	daily	hanafi	test	Lisakovsk's own table at 50 % of its 20.6 km reach, bearing 135: Lisakovsk, 2026 (QMDB's own place for the app's city; QMDB year API, capture of 9 Oct 2026)
archive/tables/pinned/kz-qmdb/2026-10-09/lisakovsk-2027.txt	kz.qmdb/lisakovsk	52.478531	62.600183	Asia/Qostanay	F+E S D A M I	daily	hanafi	test	Lisakovsk's own table at 50 % of its 20.6 km reach, bearing 135: Lisakovsk, 2027 (QMDB's own place for the app's city; QMDB year API, capture of 9 Oct 2026)
archive/tables/pinned/kz-qmdb/2026-10-09/lisakovsk-2026.txt	kz.qmdb/lisakovsk	52.451449	62.492641	Asia/Qostanay	F+E S D A M I	daily	hanafi	test	Lisakovsk's own table at 50 % of its 20.6 km reach, bearing 180: Lisakovsk, 2026 (QMDB's own place for the app's city; QMDB year API, capture of 9 Oct 2026)
archive/tables/pinned/kz-qmdb/2026-10-09/lisakovsk-2027.txt	kz.qmdb/lisakovsk	52.451449	62.492641	Asia/Qostanay	F+E S D A M I	daily	hanafi	test	Lisakovsk's own table at 50 % of its 20.6 km reach, bearing 180: Lisakovsk, 2027 (QMDB's own place for the app's city; QMDB year API, capture of 9 Oct 2026)
archive/tables/pinned/kz-qmdb/2026-10-09/lisakovsk-2026.txt	kz.qmdb/lisakovsk	52.478531	62.385099	Asia/Qostanay	F+E S D A M I	daily	hanafi	test	Lisakovsk's own table at 50 % of its 20.6 km reach, bearing 225: Lisakovsk, 2026 (QMDB's own place for the app's city; QMDB year API, capture of 9 Oct 2026)
archive/tables/pinned/kz-qmdb/2026-10-09/lisakovsk-2027.txt	kz.qmdb/lisakovsk	52.478531	62.385099	Asia/Qostanay	F+E S D A M I	daily	hanafi	test	Lisakovsk's own table at 50 % of its 20.6 km reach, bearing 225: Lisakovsk, 2027 (QMDB's own place for the app's city; QMDB year API, capture of 9 Oct 2026)
archive/tables/pinned/kz-qmdb/2026-10-09/lisakovsk-2026.txt	kz.qmdb/lisakovsk	52.543981	62.340327	Asia/Qostanay	F+E S D A M I	daily	hanafi	test	Lisakovsk's own table at 50 % of its 20.6 km reach, bearing 270: Lisakovsk, 2026 (QMDB's own place for the app's city; QMDB year API, capture of 9 Oct 2026)
archive/tables/pinned/kz-qmdb/2026-10-09/lisakovsk-2027.txt	kz.qmdb/lisakovsk	52.543981	62.340327	Asia/Qostanay	F+E S D A M I	daily	hanafi	test	Lisakovsk's own table at 50 % of its 20.6 km reach, bearing 270: Lisakovsk, 2027 (QMDB's own place for the app's city; QMDB year API, capture of 9 Oct 2026)
archive/tables/pinned/kz-qmdb/2026-10-09/lisakovsk-2026.txt	kz.qmdb/lisakovsk	52.609529	62.384778	Asia/Qostanay	F+E S D A M I	daily	hanafi	test	Lisakovsk's own table at 50 % of its 20.6 km reach, bearing 315: Lisakovsk, 2026 (QMDB's own place for the app's city; QMDB year API, capture of 9 Oct 2026)
archive/tables/pinned/kz-qmdb/2026-10-09/lisakovsk-2027.txt	kz.qmdb/lisakovsk	52.609529	62.384778	Asia/Qostanay	F+E S D A M I	daily	hanafi	test	Lisakovsk's own table at 50 % of its 20.6 km reach, bearing 315: Lisakovsk, 2027 (QMDB's own place for the app's city; QMDB year API, capture of 9 Oct 2026)
archive/tables/pinned/kz-qmdb/2026-10-09/lisakovsk-2026.txt	kz.qmdb/lisakovsk	52.720076	62.492641	Asia/Qostanay	F+E S D A M I	daily	hanafi	test	Lisakovsk's own table at 95 % of its 20.6 km reach, bearing 0: Lisakovsk, 2026 (QMDB's own place for the app's city; QMDB year API, capture of 9 Oct 2026)
archive/tables/pinned/kz-qmdb/2026-10-09/lisakovsk-2027.txt	kz.qmdb/lisakovsk	52.720076	62.492641	Asia/Qostanay	F+E S D A M I	daily	hanafi	test	Lisakovsk's own table at 95 % of its 20.6 km reach, bearing 0: Lisakovsk, 2027 (QMDB's own place for the app's city; QMDB year API, capture of 9 Oct 2026)
archive/tables/pinned/kz-qmdb/2026-10-09/lisakovsk-2026.txt	kz.qmdb/lisakovsk	52.668351	62.697857	Asia/Qostanay	F+E S D A M I	daily	hanafi	test	Lisakovsk's own table at 95 % of its 20.6 km reach, bearing 45: Lisakovsk, 2026 (QMDB's own place for the app's city; QMDB year API, capture of 9 Oct 2026)
archive/tables/pinned/kz-qmdb/2026-10-09/lisakovsk-2027.txt	kz.qmdb/lisakovsk	52.668351	62.697857	Asia/Qostanay	F+E S D A M I	daily	hanafi	test	Lisakovsk's own table at 95 % of its 20.6 km reach, bearing 45: Lisakovsk, 2027 (QMDB's own place for the app's city; QMDB year API, capture of 9 Oct 2026)
archive/tables/pinned/kz-qmdb/2026-10-09/lisakovsk-2026.txt	kz.qmdb/lisakovsk	52.543726	62.782037	Asia/Qostanay	F+E S D A M I	daily	hanafi	test	Lisakovsk's own table at 95 % of its 20.6 km reach, bearing 90: Lisakovsk, 2026 (QMDB's own place for the app's city; QMDB year API, capture of 9 Oct 2026)
archive/tables/pinned/kz-qmdb/2026-10-09/lisakovsk-2027.txt	kz.qmdb/lisakovsk	52.543726	62.782037	Asia/Qostanay	F+E S D A M I	daily	hanafi	test	Lisakovsk's own table at 95 % of its 20.6 km reach, bearing 90: Lisakovsk, 2027 (QMDB's own place for the app's city; QMDB year API, capture of 9 Oct 2026)
archive/tables/pinned/kz-qmdb/2026-10-09/lisakovsk-2026.txt	kz.qmdb/lisakovsk	52.419454	62.696697	Asia/Qostanay	F+E S D A M I	daily	hanafi	test	Lisakovsk's own table at 95 % of its 20.6 km reach, bearing 135: Lisakovsk, 2026 (QMDB's own place for the app's city; QMDB year API, capture of 9 Oct 2026)
archive/tables/pinned/kz-qmdb/2026-10-09/lisakovsk-2027.txt	kz.qmdb/lisakovsk	52.419454	62.696697	Asia/Qostanay	F+E S D A M I	daily	hanafi	test	Lisakovsk's own table at 95 % of its 20.6 km reach, bearing 135: Lisakovsk, 2027 (QMDB's own place for the app's city; QMDB year API, capture of 9 Oct 2026)
archive/tables/pinned/kz-qmdb/2026-10-09/lisakovsk-2026.txt	kz.qmdb/lisakovsk	52.368082	62.492641	Asia/Qostanay	F+E S D A M I	daily	hanafi	test	Lisakovsk's own table at 95 % of its 20.6 km reach, bearing 180: Lisakovsk, 2026 (QMDB's own place for the app's city; QMDB year API, capture of 9 Oct 2026)
archive/tables/pinned/kz-qmdb/2026-10-09/lisakovsk-2027.txt	kz.qmdb/lisakovsk	52.368082	62.492641	Asia/Qostanay	F+E S D A M I	daily	hanafi	test	Lisakovsk's own table at 95 % of its 20.6 km reach, bearing 180: Lisakovsk, 2027 (QMDB's own place for the app's city; QMDB year API, capture of 9 Oct 2026)
archive/tables/pinned/kz-qmdb/2026-10-09/lisakovsk-2026.txt	kz.qmdb/lisakovsk	52.419454	62.288585	Asia/Qostanay	F+E S D A M I	daily	hanafi	test	Lisakovsk's own table at 95 % of its 20.6 km reach, bearing 225: Lisakovsk, 2026 (QMDB's own place for the app's city; QMDB year API, capture of 9 Oct 2026)
archive/tables/pinned/kz-qmdb/2026-10-09/lisakovsk-2027.txt	kz.qmdb/lisakovsk	52.419454	62.288585	Asia/Qostanay	F+E S D A M I	daily	hanafi	test	Lisakovsk's own table at 95 % of its 20.6 km reach, bearing 225: Lisakovsk, 2027 (QMDB's own place for the app's city; QMDB year API, capture of 9 Oct 2026)
archive/tables/pinned/kz-qmdb/2026-10-09/lisakovsk-2026.txt	kz.qmdb/lisakovsk	52.543726	62.203245	Asia/Qostanay	F+E S D A M I	daily	hanafi	test	Lisakovsk's own table at 95 % of its 20.6 km reach, bearing 270: Lisakovsk, 2026 (QMDB's own place for the app's city; QMDB year API, capture of 9 Oct 2026)
archive/tables/pinned/kz-qmdb/2026-10-09/lisakovsk-2027.txt	kz.qmdb/lisakovsk	52.543726	62.203245	Asia/Qostanay	F+E S D A M I	daily	hanafi	test	Lisakovsk's own table at 95 % of its 20.6 km reach, bearing 270: Lisakovsk, 2027 (QMDB's own place for the app's city; QMDB year API, capture of 9 Oct 2026)
archive/tables/pinned/kz-qmdb/2026-10-09/lisakovsk-2026.txt	kz.qmdb/lisakovsk	52.668351	62.287425	Asia/Qostanay	F+E S D A M I	daily	hanafi	test	Lisakovsk's own table at 95 % of its 20.6 km reach, bearing 315: Lisakovsk, 2026 (QMDB's own place for the app's city; QMDB year API, capture of 9 Oct 2026)
archive/tables/pinned/kz-qmdb/2026-10-09/lisakovsk-2027.txt	kz.qmdb/lisakovsk	52.668351	62.287425	Asia/Qostanay	F+E S D A M I	daily	hanafi	test	Lisakovsk's own table at 95 % of its 20.6 km reach, bearing 315: Lisakovsk, 2027 (QMDB's own place for the app's city; QMDB year API, capture of 9 Oct 2026)
archive/tables/pinned/kz-qmdb/2026-10-09/zharkent-2026.txt	kz.qmdb/zharkent	44.309210	80.003842	Asia/Almaty	F+E S D A M I	daily	hanafi	test	Zharkent's own table at 50 % of its 31.1 km reach, bearing 0: Zharkent, 2026 (QMDB's own place for the app's city; QMDB year API, capture of 9 Oct 2026)
archive/tables/pinned/kz-qmdb/2026-10-09/zharkent-2027.txt	kz.qmdb/zharkent	44.309210	80.003842	Asia/Almaty	F+E S D A M I	daily	hanafi	test	Zharkent's own table at 50 % of its 31.1 km reach, bearing 0: Zharkent, 2027 (QMDB's own place for the app's city; QMDB year API, capture of 9 Oct 2026)
archive/tables/pinned/kz-qmdb/2026-10-09/zharkent-2026.txt	kz.qmdb/zharkent	44.268167	80.141934	Asia/Almaty	F+E S D A M I	daily	hanafi	test	Zharkent's own table at 50 % of its 31.1 km reach, bearing 45: Zharkent, 2026 (QMDB's own place for the app's city; QMDB year API, capture of 9 Oct 2026)
archive/tables/pinned/kz-qmdb/2026-10-09/zharkent-2027.txt	kz.qmdb/zharkent	44.268167	80.141934	Asia/Almaty	F+E S D A M I	daily	hanafi	test	Zharkent's own table at 50 % of its 31.1 km reach, bearing 45: Zharkent, 2027 (QMDB's own place for the app's city; QMDB year API, capture of 9 Oct 2026)
archive/tables/pinned/kz-qmdb/2026-10-09/zharkent-2026.txt	kz.qmdb/zharkent	44.169199	80.198806	Asia/Almaty	F+E S D A M I	daily	hanafi	test	Zharkent's own table at 50 % of its 31.1 km reach, bearing 90: Zharkent, 2026 (QMDB's own place for the app's city; QMDB year API, capture of 9 Oct 2026)
archive/tables/pinned/kz-qmdb/2026-10-09/zharkent-2027.txt	kz.qmdb/zharkent	44.169199	80.198806	Asia/Almaty	F+E S D A M I	daily	hanafi	test	Zharkent's own table at 50 % of its 31.1 km reach, bearing 90: Zharkent, 2027 (QMDB's own place for the app's city; QMDB year API, capture of 9 Oct 2026)
archive/tables/pinned/kz-qmdb/2026-10-09/zharkent-2026.txt	kz.qmdb/zharkent	44.070397	80.141472	Asia/Almaty	F+E S D A M I	daily	hanafi	test	Zharkent's own table at 50 % of its 31.1 km reach, bearing 135: Zharkent, 2026 (QMDB's own place for the app's city; QMDB year API, capture of 9 Oct 2026)
archive/tables/pinned/kz-qmdb/2026-10-09/zharkent-2027.txt	kz.qmdb/zharkent	44.070397	80.141472	Asia/Almaty	F+E S D A M I	daily	hanafi	test	Zharkent's own table at 50 % of its 31.1 km reach, bearing 135: Zharkent, 2027 (QMDB's own place for the app's city; QMDB year API, capture of 9 Oct 2026)
archive/tables/pinned/kz-qmdb/2026-10-09/zharkent-2026.txt	kz.qmdb/zharkent	44.029520	80.003842	Asia/Almaty	F+E S D A M I	daily	hanafi	test	Zharkent's own table at 50 % of its 31.1 km reach, bearing 180: Zharkent, 2026 (QMDB's own place for the app's city; QMDB year API, capture of 9 Oct 2026)
archive/tables/pinned/kz-qmdb/2026-10-09/zharkent-2027.txt	kz.qmdb/zharkent	44.029520	80.003842	Asia/Almaty	F+E S D A M I	daily	hanafi	test	Zharkent's own table at 50 % of its 31.1 km reach, bearing 180: Zharkent, 2027 (QMDB's own place for the app's city; QMDB year API, capture of 9 Oct 2026)
archive/tables/pinned/kz-qmdb/2026-10-09/zharkent-2026.txt	kz.qmdb/zharkent	44.070397	79.866212	Asia/Almaty	F+E S D A M I	daily	hanafi	test	Zharkent's own table at 50 % of its 31.1 km reach, bearing 225: Zharkent, 2026 (QMDB's own place for the app's city; QMDB year API, capture of 9 Oct 2026)
archive/tables/pinned/kz-qmdb/2026-10-09/zharkent-2027.txt	kz.qmdb/zharkent	44.070397	79.866212	Asia/Almaty	F+E S D A M I	daily	hanafi	test	Zharkent's own table at 50 % of its 31.1 km reach, bearing 225: Zharkent, 2027 (QMDB's own place for the app's city; QMDB year API, capture of 9 Oct 2026)
archive/tables/pinned/kz-qmdb/2026-10-09/zharkent-2026.txt	kz.qmdb/zharkent	44.169199	79.808878	Asia/Almaty	F+E S D A M I	daily	hanafi	test	Zharkent's own table at 50 % of its 31.1 km reach, bearing 270: Zharkent, 2026 (QMDB's own place for the app's city; QMDB year API, capture of 9 Oct 2026)
archive/tables/pinned/kz-qmdb/2026-10-09/zharkent-2027.txt	kz.qmdb/zharkent	44.169199	79.808878	Asia/Almaty	F+E S D A M I	daily	hanafi	test	Zharkent's own table at 50 % of its 31.1 km reach, bearing 270: Zharkent, 2027 (QMDB's own place for the app's city; QMDB year API, capture of 9 Oct 2026)
archive/tables/pinned/kz-qmdb/2026-10-09/zharkent-2026.txt	kz.qmdb/zharkent	44.268167	79.865750	Asia/Almaty	F+E S D A M I	daily	hanafi	test	Zharkent's own table at 50 % of its 31.1 km reach, bearing 315: Zharkent, 2026 (QMDB's own place for the app's city; QMDB year API, capture of 9 Oct 2026)
archive/tables/pinned/kz-qmdb/2026-10-09/zharkent-2027.txt	kz.qmdb/zharkent	44.268167	79.865750	Asia/Almaty	F+E S D A M I	daily	hanafi	test	Zharkent's own table at 50 % of its 31.1 km reach, bearing 315: Zharkent, 2027 (QMDB's own place for the app's city; QMDB year API, capture of 9 Oct 2026)
archive/tables/pinned/kz-qmdb/2026-10-09/zharkent-2026.txt	kz.qmdb/zharkent	44.435070	80.003842	Asia/Almaty	F+E S D A M I	daily	hanafi	test	Zharkent's own table at 95 % of its 31.1 km reach, bearing 0: Zharkent, 2026 (QMDB's own place for the app's city; QMDB year API, capture of 9 Oct 2026)
archive/tables/pinned/kz-qmdb/2026-10-09/zharkent-2027.txt	kz.qmdb/zharkent	44.435070	80.003842	Asia/Almaty	F+E S D A M I	daily	hanafi	test	Zharkent's own table at 95 % of its 31.1 km reach, bearing 0: Zharkent, 2027 (QMDB's own place for the app's city; QMDB year API, capture of 9 Oct 2026)
archive/tables/pinned/kz-qmdb/2026-10-09/zharkent-2026.txt	kz.qmdb/zharkent	44.356946	80.266614	Asia/Almaty	F+E S D A M I	daily	hanafi	test	Zharkent's own table at 95 % of its 31.1 km reach, bearing 45: Zharkent, 2026 (QMDB's own place for the app's city; QMDB year API, capture of 9 Oct 2026)
archive/tables/pinned/kz-qmdb/2026-10-09/zharkent-2027.txt	kz.qmdb/zharkent	44.356946	80.266614	Asia/Almaty	F+E S D A M I	daily	hanafi	test	Zharkent's own table at 95 % of its 31.1 km reach, bearing 45: Zharkent, 2027 (QMDB's own place for the app's city; QMDB year API, capture of 9 Oct 2026)
archive/tables/pinned/kz-qmdb/2026-10-09/zharkent-2026.txt	kz.qmdb/zharkent	44.168767	80.374271	Asia/Almaty	F+E S D A M I	daily	hanafi	test	Zharkent's own table at 95 % of its 31.1 km reach, bearing 90: Zharkent, 2026 (QMDB's own place for the app's city; QMDB year API, capture of 9 Oct 2026)
archive/tables/pinned/kz-qmdb/2026-10-09/zharkent-2027.txt	kz.qmdb/zharkent	44.168767	80.374271	Asia/Almaty	F+E S D A M I	daily	hanafi	test	Zharkent's own table at 95 % of its 31.1 km reach, bearing 90: Zharkent, 2027 (QMDB's own place for the app's city; QMDB year API, capture of 9 Oct 2026)
archive/tables/pinned/kz-qmdb/2026-10-09/zharkent-2026.txt	kz.qmdb/zharkent	43.981186	80.264945	Asia/Almaty	F+E S D A M I	daily	hanafi	test	Zharkent's own table at 95 % of its 31.1 km reach, bearing 135: Zharkent, 2026 (QMDB's own place for the app's city; QMDB year API, capture of 9 Oct 2026)
archive/tables/pinned/kz-qmdb/2026-10-09/zharkent-2027.txt	kz.qmdb/zharkent	43.981186	80.264945	Asia/Almaty	F+E S D A M I	daily	hanafi	test	Zharkent's own table at 95 % of its 31.1 km reach, bearing 135: Zharkent, 2027 (QMDB's own place for the app's city; QMDB year API, capture of 9 Oct 2026)
archive/tables/pinned/kz-qmdb/2026-10-09/zharkent-2026.txt	kz.qmdb/zharkent	43.903660	80.003842	Asia/Almaty	F+E S D A M I	daily	hanafi	test	Zharkent's own table at 95 % of its 31.1 km reach, bearing 180: Zharkent, 2026 (QMDB's own place for the app's city; QMDB year API, capture of 9 Oct 2026)
archive/tables/pinned/kz-qmdb/2026-10-09/zharkent-2027.txt	kz.qmdb/zharkent	43.903660	80.003842	Asia/Almaty	F+E S D A M I	daily	hanafi	test	Zharkent's own table at 95 % of its 31.1 km reach, bearing 180: Zharkent, 2027 (QMDB's own place for the app's city; QMDB year API, capture of 9 Oct 2026)
archive/tables/pinned/kz-qmdb/2026-10-09/zharkent-2026.txt	kz.qmdb/zharkent	43.981186	79.742739	Asia/Almaty	F+E S D A M I	daily	hanafi	test	Zharkent's own table at 95 % of its 31.1 km reach, bearing 225: Zharkent, 2026 (QMDB's own place for the app's city; QMDB year API, capture of 9 Oct 2026)
archive/tables/pinned/kz-qmdb/2026-10-09/zharkent-2027.txt	kz.qmdb/zharkent	43.981186	79.742739	Asia/Almaty	F+E S D A M I	daily	hanafi	test	Zharkent's own table at 95 % of its 31.1 km reach, bearing 225: Zharkent, 2027 (QMDB's own place for the app's city; QMDB year API, capture of 9 Oct 2026)
archive/tables/pinned/kz-qmdb/2026-10-09/zharkent-2026.txt	kz.qmdb/zharkent	44.168767	79.633413	Asia/Almaty	F+E S D A M I	daily	hanafi	test	Zharkent's own table at 95 % of its 31.1 km reach, bearing 270: Zharkent, 2026 (QMDB's own place for the app's city; QMDB year API, capture of 9 Oct 2026)
archive/tables/pinned/kz-qmdb/2026-10-09/zharkent-2027.txt	kz.qmdb/zharkent	44.168767	79.633413	Asia/Almaty	F+E S D A M I	daily	hanafi	test	Zharkent's own table at 95 % of its 31.1 km reach, bearing 270: Zharkent, 2027 (QMDB's own place for the app's city; QMDB year API, capture of 9 Oct 2026)
archive/tables/pinned/kz-qmdb/2026-10-09/zharkent-2026.txt	kz.qmdb/zharkent	44.356946	79.741070	Asia/Almaty	F+E S D A M I	daily	hanafi	test	Zharkent's own table at 95 % of its 31.1 km reach, bearing 315: Zharkent, 2026 (QMDB's own place for the app's city; QMDB year API, capture of 9 Oct 2026)
archive/tables/pinned/kz-qmdb/2026-10-09/zharkent-2027.txt	kz.qmdb/zharkent	44.356946	79.741070	Asia/Almaty	F+E S D A M I	daily	hanafi	test	Zharkent's own table at 95 % of its 31.1 km reach, bearing 315: Zharkent, 2027 (QMDB's own place for the app's city; QMDB year API, capture of 9 Oct 2026)
archive/tables/pinned/kz-qmdb/2026-10-09/aral-2026.txt	kz.qmdb/aral	46.914650	61.660792	Asia/Qyzylorda	F+E S D A M I	daily	hanafi	test	Aral's own table at 50 % of its 26.0 km reach, bearing 0: Aral, 2026 (QMDB's own place for the app's city; QMDB year API, capture of 9 Oct 2026)
archive/tables/pinned/kz-qmdb/2026-10-09/aral-2027.txt	kz.qmdb/aral	46.914650	61.660792	Asia/Qyzylorda	F+E S D A M I	daily	hanafi	test	Aral's own table at 50 % of its 26.0 km reach, bearing 0: Aral, 2027 (QMDB's own place for the app's city; QMDB year API, capture of 9 Oct 2026)
archive/tables/pinned/kz-qmdb/2026-10-09/aral-2026.txt	kz.qmdb/aral	46.880344	61.781737	Asia/Qyzylorda	F+E S D A M I	daily	hanafi	test	Aral's own table at 50 % of its 26.0 km reach, bearing 45: Aral, 2026 (QMDB's own place for the app's city; QMDB year API, capture of 9 Oct 2026)
archive/tables/pinned/kz-qmdb/2026-10-09/aral-2027.txt	kz.qmdb/aral	46.880344	61.781737	Asia/Qyzylorda	F+E S D A M I	daily	hanafi	test	Aral's own table at 50 % of its 26.0 km reach, bearing 45: Aral, 2027 (QMDB's own place for the app's city; QMDB year API, capture of 9 Oct 2026)
archive/tables/pinned/kz-qmdb/2026-10-09/aral-2026.txt	kz.qmdb/aral	46.797611	61.831572	Asia/Qyzylorda	F+E S D A M I	daily	hanafi	test	Aral's own table at 50 % of its 26.0 km reach, bearing 90: Aral, 2026 (QMDB's own place for the app's city; QMDB year API, capture of 9 Oct 2026)
archive/tables/pinned/kz-qmdb/2026-10-09/aral-2027.txt	kz.qmdb/aral	46.797611	61.831572	Asia/Qyzylorda	F+E S D A M I	daily	hanafi	test	Aral's own table at 50 % of its 26.0 km reach, bearing 90: Aral, 2027 (QMDB's own place for the app's city; QMDB year API, capture of 9 Oct 2026)
archive/tables/pinned/kz-qmdb/2026-10-09/aral-2026.txt	kz.qmdb/aral	46.715005	61.781366	Asia/Qyzylorda	F+E S D A M I	daily	hanafi	test	Aral's own table at 50 % of its 26.0 km reach, bearing 135: Aral, 2026 (QMDB's own place for the app's city; QMDB year API, capture of 9 Oct 2026)
archive/tables/pinned/kz-qmdb/2026-10-09/aral-2027.txt	kz.qmdb/aral	46.715005	61.781366	Asia/Qyzylorda	F+E S D A M I	daily	hanafi	test	Aral's own table at 50 % of its 26.0 km reach, bearing 135: Aral, 2027 (QMDB's own place for the app's city; QMDB year API, capture of 9 Oct 2026)
archive/tables/pinned/kz-qmdb/2026-10-09/aral-2026.txt	kz.qmdb/aral	46.680826	61.660792	Asia/Qyzylorda	F+E S D A M I	daily	hanafi	test	Aral's own table at 50 % of its 26.0 km reach, bearing 180: Aral, 2026 (QMDB's own place for the app's city; QMDB year API, capture of 9 Oct 2026)
archive/tables/pinned/kz-qmdb/2026-10-09/aral-2027.txt	kz.qmdb/aral	46.680826	61.660792	Asia/Qyzylorda	F+E S D A M I	daily	hanafi	test	Aral's own table at 50 % of its 26.0 km reach, bearing 180: Aral, 2027 (QMDB's own place for the app's city; QMDB year API, capture of 9 Oct 2026)
archive/tables/pinned/kz-qmdb/2026-10-09/aral-2026.txt	kz.qmdb/aral	46.715005	61.540218	Asia/Qyzylorda	F+E S D A M I	daily	hanafi	test	Aral's own table at 50 % of its 26.0 km reach, bearing 225: Aral, 2026 (QMDB's own place for the app's city; QMDB year API, capture of 9 Oct 2026)
archive/tables/pinned/kz-qmdb/2026-10-09/aral-2027.txt	kz.qmdb/aral	46.715005	61.540218	Asia/Qyzylorda	F+E S D A M I	daily	hanafi	test	Aral's own table at 50 % of its 26.0 km reach, bearing 225: Aral, 2027 (QMDB's own place for the app's city; QMDB year API, capture of 9 Oct 2026)
archive/tables/pinned/kz-qmdb/2026-10-09/aral-2026.txt	kz.qmdb/aral	46.797611	61.490012	Asia/Qyzylorda	F+E S D A M I	daily	hanafi	test	Aral's own table at 50 % of its 26.0 km reach, bearing 270: Aral, 2026 (QMDB's own place for the app's city; QMDB year API, capture of 9 Oct 2026)
archive/tables/pinned/kz-qmdb/2026-10-09/aral-2027.txt	kz.qmdb/aral	46.797611	61.490012	Asia/Qyzylorda	F+E S D A M I	daily	hanafi	test	Aral's own table at 50 % of its 26.0 km reach, bearing 270: Aral, 2027 (QMDB's own place for the app's city; QMDB year API, capture of 9 Oct 2026)
archive/tables/pinned/kz-qmdb/2026-10-09/aral-2026.txt	kz.qmdb/aral	46.880344	61.539847	Asia/Qyzylorda	F+E S D A M I	daily	hanafi	test	Aral's own table at 50 % of its 26.0 km reach, bearing 315: Aral, 2026 (QMDB's own place for the app's city; QMDB year API, capture of 9 Oct 2026)
archive/tables/pinned/kz-qmdb/2026-10-09/aral-2027.txt	kz.qmdb/aral	46.880344	61.539847	Asia/Qyzylorda	F+E S D A M I	daily	hanafi	test	Aral's own table at 50 % of its 26.0 km reach, bearing 315: Aral, 2027 (QMDB's own place for the app's city; QMDB year API, capture of 9 Oct 2026)
archive/tables/pinned/kz-qmdb/2026-10-09/aral-2026.txt	kz.qmdb/aral	47.019870	61.660792	Asia/Qyzylorda	F+E S D A M I	daily	hanafi	test	Aral's own table at 95 % of its 26.0 km reach, bearing 0: Aral, 2026 (QMDB's own place for the app's city; QMDB year API, capture of 9 Oct 2026)
archive/tables/pinned/kz-qmdb/2026-10-09/aral-2027.txt	kz.qmdb/aral	47.019870	61.660792	Asia/Qyzylorda	F+E S D A M I	daily	hanafi	test	Aral's own table at 95 % of its 26.0 km reach, bearing 0: Aral, 2027 (QMDB's own place for the app's city; QMDB year API, capture of 9 Oct 2026)
archive/tables/pinned/kz-qmdb/2026-10-09/aral-2026.txt	kz.qmdb/aral	46.954579	61.890907	Asia/Qyzylorda	F+E S D A M I	daily	hanafi	test	Aral's own table at 95 % of its 26.0 km reach, bearing 45: Aral, 2026 (QMDB's own place for the app's city; QMDB year API, capture of 9 Oct 2026)
archive/tables/pinned/kz-qmdb/2026-10-09/aral-2027.txt	kz.qmdb/aral	46.954579	61.890907	Asia/Qyzylorda	F+E S D A M I	daily	hanafi	test	Aral's own table at 95 % of its 26.0 km reach, bearing 45: Aral, 2027 (QMDB's own place for the app's city; QMDB year API, capture of 9 Oct 2026)
archive/tables/pinned/kz-qmdb/2026-10-09/aral-2026.txt	kz.qmdb/aral	46.797279	61.985272	Asia/Qyzylorda	F+E S D A M I	daily	hanafi	test	Aral's own table at 95 % of its 26.0 km reach, bearing 90: Aral, 2026 (QMDB's own place for the app's city; QMDB year API, capture of 9 Oct 2026)
archive/tables/pinned/kz-qmdb/2026-10-09/aral-2027.txt	kz.qmdb/aral	46.797279	61.985272	Asia/Qyzylorda	F+E S D A M I	daily	hanafi	test	Aral's own table at 95 % of its 26.0 km reach, bearing 90: Aral, 2027 (QMDB's own place for the app's city; QMDB year API, capture of 9 Oct 2026)
archive/tables/pinned/kz-qmdb/2026-10-09/aral-2026.txt	kz.qmdb/aral	46.640438	61.889567	Asia/Qyzylorda	F+E S D A M I	daily	hanafi	test	Aral's own table at 95 % of its 26.0 km reach, bearing 135: Aral, 2026 (QMDB's own place for the app's city; QMDB year API, capture of 9 Oct 2026)
archive/tables/pinned/kz-qmdb/2026-10-09/aral-2027.txt	kz.qmdb/aral	46.640438	61.889567	Asia/Qyzylorda	F+E S D A M I	daily	hanafi	test	Aral's own table at 95 % of its 26.0 km reach, bearing 135: Aral, 2027 (QMDB's own place for the app's city; QMDB year API, capture of 9 Oct 2026)
archive/tables/pinned/kz-qmdb/2026-10-09/aral-2026.txt	kz.qmdb/aral	46.575606	61.660792	Asia/Qyzylorda	F+E S D A M I	daily	hanafi	test	Aral's own table at 95 % of its 26.0 km reach, bearing 180: Aral, 2026 (QMDB's own place for the app's city; QMDB year API, capture of 9 Oct 2026)
archive/tables/pinned/kz-qmdb/2026-10-09/aral-2027.txt	kz.qmdb/aral	46.575606	61.660792	Asia/Qyzylorda	F+E S D A M I	daily	hanafi	test	Aral's own table at 95 % of its 26.0 km reach, bearing 180: Aral, 2027 (QMDB's own place for the app's city; QMDB year API, capture of 9 Oct 2026)
archive/tables/pinned/kz-qmdb/2026-10-09/aral-2026.txt	kz.qmdb/aral	46.640438	61.432017	Asia/Qyzylorda	F+E S D A M I	daily	hanafi	test	Aral's own table at 95 % of its 26.0 km reach, bearing 225: Aral, 2026 (QMDB's own place for the app's city; QMDB year API, capture of 9 Oct 2026)
archive/tables/pinned/kz-qmdb/2026-10-09/aral-2027.txt	kz.qmdb/aral	46.640438	61.432017	Asia/Qyzylorda	F+E S D A M I	daily	hanafi	test	Aral's own table at 95 % of its 26.0 km reach, bearing 225: Aral, 2027 (QMDB's own place for the app's city; QMDB year API, capture of 9 Oct 2026)
archive/tables/pinned/kz-qmdb/2026-10-09/aral-2026.txt	kz.qmdb/aral	46.797279	61.336312	Asia/Qyzylorda	F+E S D A M I	daily	hanafi	test	Aral's own table at 95 % of its 26.0 km reach, bearing 270: Aral, 2026 (QMDB's own place for the app's city; QMDB year API, capture of 9 Oct 2026)
archive/tables/pinned/kz-qmdb/2026-10-09/aral-2027.txt	kz.qmdb/aral	46.797279	61.336312	Asia/Qyzylorda	F+E S D A M I	daily	hanafi	test	Aral's own table at 95 % of its 26.0 km reach, bearing 270: Aral, 2027 (QMDB's own place for the app's city; QMDB year API, capture of 9 Oct 2026)
archive/tables/pinned/kz-qmdb/2026-10-09/aral-2026.txt	kz.qmdb/aral	46.954579	61.430677	Asia/Qyzylorda	F+E S D A M I	daily	hanafi	test	Aral's own table at 95 % of its 26.0 km reach, bearing 315: Aral, 2026 (QMDB's own place for the app's city; QMDB year API, capture of 9 Oct 2026)
archive/tables/pinned/kz-qmdb/2026-10-09/aral-2027.txt	kz.qmdb/aral	46.954579	61.430677	Asia/Qyzylorda	F+E S D A M I	daily	hanafi	test	Aral's own table at 95 % of its 26.0 km reach, bearing 315: Aral, 2027 (QMDB's own place for the app's city; QMDB year API, capture of 9 Oct 2026)
archive/tables/moral-auth-world/centralasia/off_ala_h1.txt	kz.qmdb/almaty	43.137736	77.083156	Asia/Almaty	F+E S D A M I	daily	hanafi	test	Almaty's own table at 50 % of its 31.6 km reach, bearing 135: Almaty, Jan-Jun 2026 (below 48N)
archive/tables/moral-auth-world/centralasia/off_ala_h2.txt	kz.qmdb/almaty	43.137736	77.083156	Asia/Almaty	F+E S D A M I	daily	hanafi	test	Almaty's own table at 50 % of its 31.6 km reach, bearing 135: Almaty, Jul-Dec 2026 (folded in, see above)
archive/tables/pinned/kz-qmdb/2026-10-03/almaty-2027.txt	kz.qmdb/almaty	43.137736	77.083156	Asia/Almaty	F+E S D A M I	daily	hanafi	test	Almaty's own table at 50 % of its 31.6 km reach, bearing 135: Almaty, 2027 (below 48N; QMDB year API, monitor capture of 3 Oct 2026)
archive/tables/moral-auth-world/centralasia/off_ala_h1.txt	kz.qmdb/almaty	43.096200	76.945465	Asia/Almaty	F+E S D A M I	daily	hanafi	test	Almaty's own table at 50 % of its 31.6 km reach, bearing 180: Almaty, Jan-Jun 2026 (below 48N)
archive/tables/moral-auth-world/centralasia/off_ala_h2.txt	kz.qmdb/almaty	43.096200	76.945465	Asia/Almaty	F+E S D A M I	daily	hanafi	test	Almaty's own table at 50 % of its 31.6 km reach, bearing 180: Almaty, Jul-Dec 2026 (folded in, see above)
archive/tables/pinned/kz-qmdb/2026-10-03/almaty-2027.txt	kz.qmdb/almaty	43.096200	76.945465	Asia/Almaty	F+E S D A M I	daily	hanafi	test	Almaty's own table at 50 % of its 31.6 km reach, bearing 180: Almaty, 2027 (below 48N; QMDB year API, monitor capture of 3 Oct 2026)
archive/tables/moral-auth-world/centralasia/off_ala_h1.txt	kz.qmdb/almaty	43.137736	76.807774	Asia/Almaty	F+E S D A M I	daily	hanafi	test	Almaty's own table at 50 % of its 31.6 km reach, bearing 225: Almaty, Jan-Jun 2026 (below 48N)
archive/tables/moral-auth-world/centralasia/off_ala_h2.txt	kz.qmdb/almaty	43.137736	76.807774	Asia/Almaty	F+E S D A M I	daily	hanafi	test	Almaty's own table at 50 % of its 31.6 km reach, bearing 225: Almaty, Jul-Dec 2026 (folded in, see above)
archive/tables/pinned/kz-qmdb/2026-10-03/almaty-2027.txt	kz.qmdb/almaty	43.137736	76.807774	Asia/Almaty	F+E S D A M I	daily	hanafi	test	Almaty's own table at 50 % of its 31.6 km reach, bearing 225: Almaty, 2027 (below 48N; QMDB year API, monitor capture of 3 Oct 2026)
archive/tables/moral-auth-world/centralasia/off_ala_h1.txt	kz.qmdb/almaty	43.238127	76.750420	Asia/Almaty	F+E S D A M I	daily	hanafi	test	Almaty's own table at 50 % of its 31.6 km reach, bearing 270: Almaty, Jan-Jun 2026 (below 48N)
archive/tables/moral-auth-world/centralasia/off_ala_h2.txt	kz.qmdb/almaty	43.238127	76.750420	Asia/Almaty	F+E S D A M I	daily	hanafi	test	Almaty's own table at 50 % of its 31.6 km reach, bearing 270: Almaty, Jul-Dec 2026 (folded in, see above)
archive/tables/pinned/kz-qmdb/2026-10-03/almaty-2027.txt	kz.qmdb/almaty	43.238127	76.750420	Asia/Almaty	F+E S D A M I	daily	hanafi	test	Almaty's own table at 50 % of its 31.6 km reach, bearing 270: Almaty, 2027 (below 48N; QMDB year API, monitor capture of 3 Oct 2026)
archive/tables/moral-auth-world/centralasia/off_ala_h1.txt	kz.qmdb/almaty	42.968317	76.945465	Asia/Almaty	F+E S D A M I	daily	hanafi	test	Almaty's own table at 95 % of its 31.6 km reach, bearing 180: Almaty, Jan-Jun 2026 (below 48N)
archive/tables/moral-auth-world/centralasia/off_ala_h2.txt	kz.qmdb/almaty	42.968317	76.945465	Asia/Almaty	F+E S D A M I	daily	hanafi	test	Almaty's own table at 95 % of its 31.6 km reach, bearing 180: Almaty, Jul-Dec 2026 (folded in, see above)
archive/tables/pinned/kz-qmdb/2026-10-03/almaty-2027.txt	kz.qmdb/almaty	42.968317	76.945465	Asia/Almaty	F+E S D A M I	daily	hanafi	test	Almaty's own table at 95 % of its 31.6 km reach, bearing 180: Almaty, 2027 (below 48N; QMDB year API, monitor capture of 3 Oct 2026)
archive/tables/moral-auth-world/centralasia/off_ala_h1.txt	kz.qmdb/almaty	43.047093	76.684239	Asia/Almaty	F+E S D A M I	daily	hanafi	test	Almaty's own table at 95 % of its 31.6 km reach, bearing 225: Almaty, Jan-Jun 2026 (below 48N)
archive/tables/moral-auth-world/centralasia/off_ala_h2.txt	kz.qmdb/almaty	43.047093	76.684239	Asia/Almaty	F+E S D A M I	daily	hanafi	test	Almaty's own table at 95 % of its 31.6 km reach, bearing 225: Almaty, Jul-Dec 2026 (folded in, see above)
archive/tables/pinned/kz-qmdb/2026-10-03/almaty-2027.txt	kz.qmdb/almaty	43.047093	76.684239	Asia/Almaty	F+E S D A M I	daily	hanafi	test	Almaty's own table at 95 % of its 31.6 km reach, bearing 225: Almaty, 2027 (below 48N; QMDB year API, monitor capture of 3 Oct 2026)
archive/tables/pinned/kz-qmdb/2026-10-09/talgar-2026.txt	kz.qmdb/talgar	43.444456	77.239690	Asia/Almaty	F+E S D A M I	daily	hanafi	test	Talgar's own table at 50 % of its 31.5 km reach, bearing 0: Talgar, 2026 (QMDB's own place for the app's city; QMDB year API, capture of 9 Oct 2026)
archive/tables/pinned/kz-qmdb/2026-10-09/talgar-2027.txt	kz.qmdb/talgar	43.444456	77.239690	Asia/Almaty	F+E S D A M I	daily	hanafi	test	Talgar's own table at 50 % of its 31.5 km reach, bearing 0: Talgar, 2027 (QMDB's own place for the app's city; QMDB year API, capture of 9 Oct 2026)
archive/tables/pinned/kz-qmdb/2026-10-09/talgar-2026.txt	kz.qmdb/talgar	43.202574	77.377091	Asia/Almaty	F+E S D A M I	daily	hanafi	test	Talgar's own table at 50 % of its 31.5 km reach, bearing 135: Talgar, 2026 (QMDB's own place for the app's city; QMDB year API, capture of 9 Oct 2026)
archive/tables/pinned/kz-qmdb/2026-10-09/talgar-2027.txt	kz.qmdb/talgar	43.202574	77.377091	Asia/Almaty	F+E S D A M I	daily	hanafi	test	Talgar's own table at 50 % of its 31.5 km reach, bearing 135: Talgar, 2027 (QMDB's own place for the app's city; QMDB year API, capture of 9 Oct 2026)
archive/tables/pinned/kz-qmdb/2026-10-09/talgar-2026.txt	kz.qmdb/talgar	43.161170	77.239690	Asia/Almaty	F+E S D A M I	daily	hanafi	test	Talgar's own table at 50 % of its 31.5 km reach, bearing 180: Talgar, 2026 (QMDB's own place for the app's city; QMDB year API, capture of 9 Oct 2026)
archive/tables/pinned/kz-qmdb/2026-10-09/talgar-2027.txt	kz.qmdb/talgar	43.161170	77.239690	Asia/Almaty	F+E S D A M I	daily	hanafi	test	Talgar's own table at 50 % of its 31.5 km reach, bearing 180: Talgar, 2027 (QMDB's own place for the app's city; QMDB year API, capture of 9 Oct 2026)
archive/tables/pinned/kz-qmdb/2026-10-09/talgar-2026.txt	kz.qmdb/talgar	43.033691	77.239690	Asia/Almaty	F+E S D A M I	daily	hanafi	test	Talgar's own table at 95 % of its 31.5 km reach, bearing 180: Talgar, 2026 (QMDB's own place for the app's city; QMDB year API, capture of 9 Oct 2026)
archive/tables/pinned/kz-qmdb/2026-10-09/talgar-2027.txt	kz.qmdb/talgar	43.033691	77.239690	Asia/Almaty	F+E S D A M I	daily	hanafi	test	Talgar's own table at 95 % of its 31.5 km reach, bearing 180: Talgar, 2027 (QMDB's own place for the app's city; QMDB year API, capture of 9 Oct 2026)
archive/tables/pinned/kz-qmdb/2026-10-09/shu-2026.txt	kz.qmdb/shu	43.754774	73.760237	Asia/Almaty	F+E S D A M I	daily	hanafi	test	Shu's own table at 50 % of its 31.8 km reach, bearing 0: Shu, 2026 (QMDB's own place for the app's city; QMDB year API, capture of 9 Oct 2026)
archive/tables/pinned/kz-qmdb/2026-10-09/shu-2027.txt	kz.qmdb/shu	43.754774	73.760237	Asia/Almaty	F+E S D A M I	daily	hanafi	test	Shu's own table at 50 % of its 31.8 km reach, bearing 0: Shu, 2027 (QMDB's own place for the app's city; QMDB year API, capture of 9 Oct 2026)
archive/tables/pinned/kz-qmdb/2026-10-09/shu-2026.txt	kz.qmdb/shu	43.712808	73.900122	Asia/Almaty	F+E S D A M I	daily	hanafi	test	Shu's own table at 50 % of its 31.8 km reach, bearing 45: Shu, 2026 (QMDB's own place for the app's city; QMDB year API, capture of 9 Oct 2026)
archive/tables/pinned/kz-qmdb/2026-10-09/shu-2027.txt	kz.qmdb/shu	43.712808	73.900122	Asia/Almaty	F+E S D A M I	daily	hanafi	test	Shu's own table at 50 % of its 31.8 km reach, bearing 45: Shu, 2027 (QMDB's own place for the app's city; QMDB year API, capture of 9 Oct 2026)
archive/tables/pinned/kz-qmdb/2026-10-09/shu-2026.txt	kz.qmdb/shu	43.611612	73.957731	Asia/Almaty	F+E S D A M I	daily	hanafi	test	Shu's own table at 50 % of its 31.8 km reach, bearing 90: Shu, 2026 (QMDB's own place for the app's city; QMDB year API, capture of 9 Oct 2026)
archive/tables/pinned/kz-qmdb/2026-10-09/shu-2027.txt	kz.qmdb/shu	43.611612	73.957731	Asia/Almaty	F+E S D A M I	daily	hanafi	test	Shu's own table at 50 % of its 31.8 km reach, bearing 90: Shu, 2027 (QMDB's own place for the app's city; QMDB year API, capture of 9 Oct 2026)
archive/tables/pinned/kz-qmdb/2026-10-09/shu-2026.txt	kz.qmdb/shu	43.510586	73.899653	Asia/Almaty	F+E S D A M I	daily	hanafi	test	Shu's own table at 50 % of its 31.8 km reach, bearing 135: Shu, 2026 (QMDB's own place for the app's city; QMDB year API, capture of 9 Oct 2026)
archive/tables/pinned/kz-qmdb/2026-10-09/shu-2027.txt	kz.qmdb/shu	43.510586	73.899653	Asia/Almaty	F+E S D A M I	daily	hanafi	test	Shu's own table at 50 % of its 31.8 km reach, bearing 135: Shu, 2027 (QMDB's own place for the app's city; QMDB year API, capture of 9 Oct 2026)
archive/tables/pinned/kz-qmdb/2026-10-09/shu-2026.txt	kz.qmdb/shu	43.468790	73.760237	Asia/Almaty	F+E S D A M I	daily	hanafi	test	Shu's own table at 50 % of its 31.8 km reach, bearing 180: Shu, 2026 (QMDB's own place for the app's city; QMDB year API, capture of 9 Oct 2026)
archive/tables/pinned/kz-qmdb/2026-10-09/shu-2027.txt	kz.qmdb/shu	43.468790	73.760237	Asia/Almaty	F+E S D A M I	daily	hanafi	test	Shu's own table at 50 % of its 31.8 km reach, bearing 180: Shu, 2027 (QMDB's own place for the app's city; QMDB year API, capture of 9 Oct 2026)
archive/tables/pinned/kz-qmdb/2026-10-09/shu-2026.txt	kz.qmdb/shu	43.510586	73.620821	Asia/Almaty	F+E S D A M I	daily	hanafi	test	Shu's own table at 50 % of its 31.8 km reach, bearing 225: Shu, 2026 (QMDB's own place for the app's city; QMDB year API, capture of 9 Oct 2026)
archive/tables/pinned/kz-qmdb/2026-10-09/shu-2027.txt	kz.qmdb/shu	43.510586	73.620821	Asia/Almaty	F+E S D A M I	daily	hanafi	test	Shu's own table at 50 % of its 31.8 km reach, bearing 225: Shu, 2027 (QMDB's own place for the app's city; QMDB year API, capture of 9 Oct 2026)
archive/tables/pinned/kz-qmdb/2026-10-09/shu-2026.txt	kz.qmdb/shu	43.611612	73.562743	Asia/Almaty	F+E S D A M I	daily	hanafi	test	Shu's own table at 50 % of its 31.8 km reach, bearing 270: Shu, 2026 (QMDB's own place for the app's city; QMDB year API, capture of 9 Oct 2026)
archive/tables/pinned/kz-qmdb/2026-10-09/shu-2027.txt	kz.qmdb/shu	43.611612	73.562743	Asia/Almaty	F+E S D A M I	daily	hanafi	test	Shu's own table at 50 % of its 31.8 km reach, bearing 270: Shu, 2027 (QMDB's own place for the app's city; QMDB year API, capture of 9 Oct 2026)
archive/tables/pinned/kz-qmdb/2026-10-09/shu-2026.txt	kz.qmdb/shu	43.712808	73.620352	Asia/Almaty	F+E S D A M I	daily	hanafi	test	Shu's own table at 50 % of its 31.8 km reach, bearing 315: Shu, 2026 (QMDB's own place for the app's city; QMDB year API, capture of 9 Oct 2026)
archive/tables/pinned/kz-qmdb/2026-10-09/shu-2027.txt	kz.qmdb/shu	43.712808	73.620352	Asia/Almaty	F+E S D A M I	daily	hanafi	test	Shu's own table at 50 % of its 31.8 km reach, bearing 315: Shu, 2027 (QMDB's own place for the app's city; QMDB year API, capture of 9 Oct 2026)
archive/tables/pinned/kz-qmdb/2026-10-09/shu-2026.txt	kz.qmdb/shu	43.883467	73.760237	Asia/Almaty	F+E S D A M I	daily	hanafi	test	Shu's own table at 95 % of its 31.8 km reach, bearing 0: Shu, 2026 (QMDB's own place for the app's city; QMDB year API, capture of 9 Oct 2026)
archive/tables/pinned/kz-qmdb/2026-10-09/shu-2027.txt	kz.qmdb/shu	43.883467	73.760237	Asia/Almaty	F+E S D A M I	daily	hanafi	test	Shu's own table at 95 % of its 31.8 km reach, bearing 0: Shu, 2027 (QMDB's own place for the app's city; QMDB year API, capture of 9 Oct 2026)
archive/tables/pinned/kz-qmdb/2026-10-09/shu-2026.txt	kz.qmdb/shu	43.803584	74.026422	Asia/Almaty	F+E S D A M I	daily	hanafi	test	Shu's own table at 95 % of its 31.8 km reach, bearing 45: Shu, 2026 (QMDB's own place for the app's city; QMDB year API, capture of 9 Oct 2026)
archive/tables/pinned/kz-qmdb/2026-10-09/shu-2027.txt	kz.qmdb/shu	43.803584	74.026422	Asia/Almaty	F+E S D A M I	daily	hanafi	test	Shu's own table at 95 % of its 31.8 km reach, bearing 45: Shu, 2027 (QMDB's own place for the app's city; QMDB year API, capture of 9 Oct 2026)
archive/tables/pinned/kz-qmdb/2026-10-09/shu-2026.txt	kz.qmdb/shu	43.611168	74.135474	Asia/Almaty	F+E S D A M I	daily	hanafi	test	Shu's own table at 95 % of its 31.8 km reach, bearing 90: Shu, 2026 (QMDB's own place for the app's city; QMDB year API, capture of 9 Oct 2026)
archive/tables/pinned/kz-qmdb/2026-10-09/shu-2027.txt	kz.qmdb/shu	43.611168	74.135474	Asia/Almaty	F+E S D A M I	daily	hanafi	test	Shu's own table at 95 % of its 31.8 km reach, bearing 90: Shu, 2027 (QMDB's own place for the app's city; QMDB year API, capture of 9 Oct 2026)
archive/tables/pinned/kz-qmdb/2026-10-09/shu-2026.txt	kz.qmdb/shu	43.419366	74.024727	Asia/Almaty	F+E S D A M I	daily	hanafi	test	Shu's own table at 95 % of its 31.8 km reach, bearing 135: Shu, 2026 (QMDB's own place for the app's city; QMDB year API, capture of 9 Oct 2026)
archive/tables/pinned/kz-qmdb/2026-10-09/shu-2027.txt	kz.qmdb/shu	43.419366	74.024727	Asia/Almaty	F+E S D A M I	daily	hanafi	test	Shu's own table at 95 % of its 31.8 km reach, bearing 135: Shu, 2027 (QMDB's own place for the app's city; QMDB year API, capture of 9 Oct 2026)
archive/tables/pinned/kz-qmdb/2026-10-09/shu-2026.txt	kz.qmdb/shu	43.340097	73.760237	Asia/Almaty	F+E S D A M I	daily	hanafi	test	Shu's own table at 95 % of its 31.8 km reach, bearing 180: Shu, 2026 (QMDB's own place for the app's city; QMDB year API, capture of 9 Oct 2026)
archive/tables/pinned/kz-qmdb/2026-10-09/shu-2027.txt	kz.qmdb/shu	43.340097	73.760237	Asia/Almaty	F+E S D A M I	daily	hanafi	test	Shu's own table at 95 % of its 31.8 km reach, bearing 180: Shu, 2027 (QMDB's own place for the app's city; QMDB year API, capture of 9 Oct 2026)
archive/tables/pinned/kz-qmdb/2026-10-09/shu-2026.txt	kz.qmdb/shu	43.419366	73.495747	Asia/Almaty	F+E S D A M I	daily	hanafi	test	Shu's own table at 95 % of its 31.8 km reach, bearing 225: Shu, 2026 (QMDB's own place for the app's city; QMDB year API, capture of 9 Oct 2026)
archive/tables/pinned/kz-qmdb/2026-10-09/shu-2027.txt	kz.qmdb/shu	43.419366	73.495747	Asia/Almaty	F+E S D A M I	daily	hanafi	test	Shu's own table at 95 % of its 31.8 km reach, bearing 225: Shu, 2027 (QMDB's own place for the app's city; QMDB year API, capture of 9 Oct 2026)
archive/tables/pinned/kz-qmdb/2026-10-09/shu-2026.txt	kz.qmdb/shu	43.611168	73.385000	Asia/Almaty	F+E S D A M I	daily	hanafi	test	Shu's own table at 95 % of its 31.8 km reach, bearing 270: Shu, 2026 (QMDB's own place for the app's city; QMDB year API, capture of 9 Oct 2026)
archive/tables/pinned/kz-qmdb/2026-10-09/shu-2027.txt	kz.qmdb/shu	43.611168	73.385000	Asia/Almaty	F+E S D A M I	daily	hanafi	test	Shu's own table at 95 % of its 31.8 km reach, bearing 270: Shu, 2027 (QMDB's own place for the app's city; QMDB year API, capture of 9 Oct 2026)
archive/tables/pinned/kz-qmdb/2026-10-09/shu-2026.txt	kz.qmdb/shu	43.803584	73.494052	Asia/Almaty	F+E S D A M I	daily	hanafi	test	Shu's own table at 95 % of its 31.8 km reach, bearing 315: Shu, 2026 (QMDB's own place for the app's city; QMDB year API, capture of 9 Oct 2026)
archive/tables/pinned/kz-qmdb/2026-10-09/shu-2027.txt	kz.qmdb/shu	43.803584	73.494052	Asia/Almaty	F+E S D A M I	daily	hanafi	test	Shu's own table at 95 % of its 31.8 km reach, bearing 315: Shu, 2027 (QMDB's own place for the app's city; QMDB year API, capture of 9 Oct 2026)
archive/tables/pinned/kz-qmdb/2026-10-09/lenger-2026.txt	kz.qmdb/lenger	42.292286	70.031273	Asia/Almaty	F+E S D A M I	daily	hanafi	test	Lenger's own table at 50 % of its 34.7 km reach, bearing 45: Lenger, 2026 (QMDB's own place for the app's city; QMDB year API, capture of 9 Oct 2026)
archive/tables/pinned/kz-qmdb/2026-10-09/lenger-2027.txt	kz.qmdb/lenger	42.292286	70.031273	Asia/Almaty	F+E S D A M I	daily	hanafi	test	Lenger's own table at 50 % of its 34.7 km reach, bearing 45: Lenger, 2027 (QMDB's own place for the app's city; QMDB year API, capture of 9 Oct 2026)
archive/tables/pinned/kz-qmdb/2026-10-09/lenger-2026.txt	kz.qmdb/lenger	42.181858	70.092685	Asia/Almaty	F+E S D A M I	daily	hanafi	test	Lenger's own table at 50 % of its 34.7 km reach, bearing 90: Lenger, 2026 (QMDB's own place for the app's city; QMDB year API, capture of 9 Oct 2026)
archive/tables/pinned/kz-qmdb/2026-10-09/lenger-2027.txt	kz.qmdb/lenger	42.181858	70.092685	Asia/Almaty	F+E S D A M I	daily	hanafi	test	Lenger's own table at 50 % of its 34.7 km reach, bearing 90: Lenger, 2027 (QMDB's own place for the app's city; QMDB year API, capture of 9 Oct 2026)
archive/tables/pinned/kz-qmdb/2026-10-09/lenger-2026.txt	kz.qmdb/lenger	42.071623	70.030753	Asia/Almaty	F+E S D A M I	daily	hanafi	test	Lenger's own table at 50 % of its 34.7 km reach, bearing 135: Lenger, 2026 (QMDB's own place for the app's city; QMDB year API, capture of 9 Oct 2026)
archive/tables/pinned/kz-qmdb/2026-10-09/lenger-2027.txt	kz.qmdb/lenger	42.071623	70.030753	Asia/Almaty	F+E S D A M I	daily	hanafi	test	Lenger's own table at 50 % of its 34.7 km reach, bearing 135: Lenger, 2027 (QMDB's own place for the app's city; QMDB year API, capture of 9 Oct 2026)
archive/tables/pinned/kz-qmdb/2026-10-09/lenger-2026.txt	kz.qmdb/lenger	42.026019	69.882120	Asia/Almaty	F+E S D A M I	daily	hanafi	test	Lenger's own table at 50 % of its 34.7 km reach, bearing 180: Lenger, 2026 (QMDB's own place for the app's city; QMDB year API, capture of 9 Oct 2026)
archive/tables/pinned/kz-qmdb/2026-10-09/lenger-2027.txt	kz.qmdb/lenger	42.026019	69.882120	Asia/Almaty	F+E S D A M I	daily	hanafi	test	Lenger's own table at 50 % of its 34.7 km reach, bearing 180: Lenger, 2027 (QMDB's own place for the app's city; QMDB year API, capture of 9 Oct 2026)
archive/tables/pinned/kz-qmdb/2026-10-09/lenger-2026.txt	kz.qmdb/lenger	42.071623	69.733487	Asia/Almaty	F+E S D A M I	daily	hanafi	test	Lenger's own table at 50 % of its 34.7 km reach, bearing 225: Lenger, 2026 (QMDB's own place for the app's city; QMDB year API, capture of 9 Oct 2026)
archive/tables/pinned/kz-qmdb/2026-10-09/lenger-2027.txt	kz.qmdb/lenger	42.071623	69.733487	Asia/Almaty	F+E S D A M I	daily	hanafi	test	Lenger's own table at 50 % of its 34.7 km reach, bearing 225: Lenger, 2027 (QMDB's own place for the app's city; QMDB year API, capture of 9 Oct 2026)
archive/tables/pinned/kz-qmdb/2026-10-09/lenger-2026.txt	kz.qmdb/lenger	42.181858	69.671555	Asia/Almaty	F+E S D A M I	daily	hanafi	test	Lenger's own table at 50 % of its 34.7 km reach, bearing 270: Lenger, 2026 (QMDB's own place for the app's city; QMDB year API, capture of 9 Oct 2026)
archive/tables/pinned/kz-qmdb/2026-10-09/lenger-2027.txt	kz.qmdb/lenger	42.181858	69.671555	Asia/Almaty	F+E S D A M I	daily	hanafi	test	Lenger's own table at 50 % of its 34.7 km reach, bearing 270: Lenger, 2027 (QMDB's own place for the app's city; QMDB year API, capture of 9 Oct 2026)
archive/tables/pinned/kz-qmdb/2026-10-09/lenger-2026.txt	kz.qmdb/lenger	42.181356	70.282192	Asia/Almaty	F+E S D A M I	daily	hanafi	test	Lenger's own table at 95 % of its 34.7 km reach, bearing 90: Lenger, 2026 (QMDB's own place for the app's city; QMDB year API, capture of 9 Oct 2026)
archive/tables/pinned/kz-qmdb/2026-10-09/lenger-2027.txt	kz.qmdb/lenger	42.181356	70.282192	Asia/Almaty	F+E S D A M I	daily	hanafi	test	Lenger's own table at 95 % of its 34.7 km reach, bearing 90: Lenger, 2027 (QMDB's own place for the app's city; QMDB year API, capture of 9 Oct 2026)
archive/tables/pinned/kz-qmdb/2026-10-09/lenger-2026.txt	kz.qmdb/lenger	41.972075	70.164081	Asia/Almaty	F+E S D A M I	daily	hanafi	test	Lenger's own table at 95 % of its 34.7 km reach, bearing 135: Lenger, 2026 (QMDB's own place for the app's city; QMDB year API, capture of 9 Oct 2026)
archive/tables/pinned/kz-qmdb/2026-10-09/lenger-2027.txt	kz.qmdb/lenger	41.972075	70.164081	Asia/Almaty	F+E S D A M I	daily	hanafi	test	Lenger's own table at 95 % of its 34.7 km reach, bearing 135: Lenger, 2027 (QMDB's own place for the app's city; QMDB year API, capture of 9 Oct 2026)
archive/tables/pinned/kz-qmdb/2026-10-09/lenger-2026.txt	kz.qmdb/lenger	41.885590	69.882120	Asia/Almaty	F+E S D A M I	daily	hanafi	test	Lenger's own table at 95 % of its 34.7 km reach, bearing 180: Lenger, 2026 (QMDB's own place for the app's city; QMDB year API, capture of 9 Oct 2026)
archive/tables/pinned/kz-qmdb/2026-10-09/lenger-2027.txt	kz.qmdb/lenger	41.885590	69.882120	Asia/Almaty	F+E S D A M I	daily	hanafi	test	Lenger's own table at 95 % of its 34.7 km reach, bearing 180: Lenger, 2027 (QMDB's own place for the app's city; QMDB year API, capture of 9 Oct 2026)
archive/tables/pinned/kz-qmdb/2026-10-09/lenger-2026.txt	kz.qmdb/lenger	41.972075	69.600159	Asia/Almaty	F+E S D A M I	daily	hanafi	test	Lenger's own table at 95 % of its 34.7 km reach, bearing 225: Lenger, 2026 (QMDB's own place for the app's city; QMDB year API, capture of 9 Oct 2026)
archive/tables/pinned/kz-qmdb/2026-10-09/lenger-2027.txt	kz.qmdb/lenger	41.972075	69.600159	Asia/Almaty	F+E S D A M I	daily	hanafi	test	Lenger's own table at 95 % of its 34.7 km reach, bearing 225: Lenger, 2027 (QMDB's own place for the app's city; QMDB year API, capture of 9 Oct 2026)
archive/tables/pinned/kz-qmdb/2026-10-09/embi-2026.txt	kz.qmdb/embi	48.929014	58.148397	Asia/Aqtobe	F+E S D A M I	daily	hanafi	test	Embi's own table at 50 % of its 23.5 km reach, bearing 0: Embi, 2026 (QMDB's own place for the app's city; QMDB year API, capture of 9 Oct 2026)
archive/tables/pinned/kz-qmdb/2026-10-09/embi-2027.txt	kz.qmdb/embi	48.929014	58.148397	Asia/Aqtobe	F+E S D A M I	daily	hanafi	test	Embi's own table at 50 % of its 23.5 km reach, bearing 0: Embi, 2027 (QMDB's own place for the app's city; QMDB year API, capture of 9 Oct 2026)
archive/tables/pinned/kz-qmdb/2026-10-09/embi-2026.txt	kz.qmdb/embi	48.898008	58.262057	Asia/Aqtobe	F+E S D A M I	daily	hanafi	test	Embi's own table at 50 % of its 23.5 km reach, bearing 45: Embi, 2026 (QMDB's own place for the app's city; QMDB year API, capture of 9 Oct 2026)
archive/tables/pinned/kz-qmdb/2026-10-09/embi-2027.txt	kz.qmdb/embi	48.898008	58.262057	Asia/Aqtobe	F+E S D A M I	daily	hanafi	test	Embi's own table at 50 % of its 23.5 km reach, bearing 45: Embi, 2027 (QMDB's own place for the app's city; QMDB year API, capture of 9 Oct 2026)
archive/tables/pinned/kz-qmdb/2026-10-09/embi-2026.txt	kz.qmdb/embi	48.823233	58.308897	Asia/Aqtobe	F+E S D A M I	daily	hanafi	test	Embi's own table at 50 % of its 23.5 km reach, bearing 90: Embi, 2026 (QMDB's own place for the app's city; QMDB year API, capture of 9 Oct 2026)
archive/tables/pinned/kz-qmdb/2026-10-09/embi-2027.txt	kz.qmdb/embi	48.823233	58.308897	Asia/Aqtobe	F+E S D A M I	daily	hanafi	test	Embi's own table at 50 % of its 23.5 km reach, bearing 90: Embi, 2027 (QMDB's own place for the app's city; QMDB year API, capture of 9 Oct 2026)
archive/tables/pinned/kz-qmdb/2026-10-09/embi-2026.txt	kz.qmdb/embi	48.748568	58.261718	Asia/Aqtobe	F+E S D A M I	daily	hanafi	test	Embi's own table at 50 % of its 23.5 km reach, bearing 135: Embi, 2026 (QMDB's own place for the app's city; QMDB year API, capture of 9 Oct 2026)
archive/tables/pinned/kz-qmdb/2026-10-09/embi-2027.txt	kz.qmdb/embi	48.748568	58.261718	Asia/Aqtobe	F+E S D A M I	daily	hanafi	test	Embi's own table at 50 % of its 23.5 km reach, bearing 135: Embi, 2027 (QMDB's own place for the app's city; QMDB year API, capture of 9 Oct 2026)
archive/tables/pinned/kz-qmdb/2026-10-09/embi-2026.txt	kz.qmdb/embi	48.717674	58.148397	Asia/Aqtobe	F+E S D A M I	daily	hanafi	test	Embi's own table at 50 % of its 23.5 km reach, bearing 180: Embi, 2026 (QMDB's own place for the app's city; QMDB year API, capture of 9 Oct 2026)
archive/tables/pinned/kz-qmdb/2026-10-09/embi-2027.txt	kz.qmdb/embi	48.717674	58.148397	Asia/Aqtobe	F+E S D A M I	daily	hanafi	test	Embi's own table at 50 % of its 23.5 km reach, bearing 180: Embi, 2027 (QMDB's own place for the app's city; QMDB year API, capture of 9 Oct 2026)
archive/tables/pinned/kz-qmdb/2026-10-09/embi-2026.txt	kz.qmdb/embi	48.748568	58.035076	Asia/Aqtobe	F+E S D A M I	daily	hanafi	test	Embi's own table at 50 % of its 23.5 km reach, bearing 225: Embi, 2026 (QMDB's own place for the app's city; QMDB year API, capture of 9 Oct 2026)
archive/tables/pinned/kz-qmdb/2026-10-09/embi-2027.txt	kz.qmdb/embi	48.748568	58.035076	Asia/Aqtobe	F+E S D A M I	daily	hanafi	test	Embi's own table at 50 % of its 23.5 km reach, bearing 225: Embi, 2027 (QMDB's own place for the app's city; QMDB year API, capture of 9 Oct 2026)
archive/tables/pinned/kz-qmdb/2026-10-09/embi-2026.txt	kz.qmdb/embi	48.823233	57.987897	Asia/Aqtobe	F+E S D A M I	daily	hanafi	test	Embi's own table at 50 % of its 23.5 km reach, bearing 270: Embi, 2026 (QMDB's own place for the app's city; QMDB year API, capture of 9 Oct 2026)
archive/tables/pinned/kz-qmdb/2026-10-09/embi-2027.txt	kz.qmdb/embi	48.823233	57.987897	Asia/Aqtobe	F+E S D A M I	daily	hanafi	test	Embi's own table at 50 % of its 23.5 km reach, bearing 270: Embi, 2027 (QMDB's own place for the app's city; QMDB year API, capture of 9 Oct 2026)
archive/tables/pinned/kz-qmdb/2026-10-09/embi-2026.txt	kz.qmdb/embi	48.898008	58.034737	Asia/Aqtobe	F+E S D A M I	daily	hanafi	test	Embi's own table at 50 % of its 23.5 km reach, bearing 315: Embi, 2026 (QMDB's own place for the app's city; QMDB year API, capture of 9 Oct 2026)
archive/tables/pinned/kz-qmdb/2026-10-09/embi-2027.txt	kz.qmdb/embi	48.898008	58.034737	Asia/Aqtobe	F+E S D A M I	daily	hanafi	test	Embi's own table at 50 % of its 23.5 km reach, bearing 315: Embi, 2027 (QMDB's own place for the app's city; QMDB year API, capture of 9 Oct 2026)
archive/tables/pinned/kz-qmdb/2026-10-09/embi-2026.txt	kz.qmdb/embi	49.024118	58.148397	Asia/Aqtobe	F+E S D A M I	daily	hanafi	test	Embi's own table at 95 % of its 23.5 km reach, bearing 0: Embi, 2026 (QMDB's own place for the app's city; QMDB year API, capture of 9 Oct 2026)
archive/tables/pinned/kz-qmdb/2026-10-09/embi-2027.txt	kz.qmdb/embi	49.024118	58.148397	Asia/Aqtobe	F+E S D A M I	daily	hanafi	test	Embi's own table at 95 % of its 23.5 km reach, bearing 0: Embi, 2027 (QMDB's own place for the app's city; QMDB year API, capture of 9 Oct 2026)
archive/tables/pinned/kz-qmdb/2026-10-09/embi-2026.txt	kz.qmdb/embi	48.965111	58.364641	Asia/Aqtobe	F+E S D A M I	daily	hanafi	test	Embi's own table at 95 % of its 23.5 km reach, bearing 45: Embi, 2026 (QMDB's own place for the app's city; QMDB year API, capture of 9 Oct 2026)
archive/tables/pinned/kz-qmdb/2026-10-09/embi-2027.txt	kz.qmdb/embi	48.965111	58.364641	Asia/Aqtobe	F+E S D A M I	daily	hanafi	test	Embi's own table at 95 % of its 23.5 km reach, bearing 45: Embi, 2027 (QMDB's own place for the app's city; QMDB year API, capture of 9 Oct 2026)
archive/tables/pinned/kz-qmdb/2026-10-09/embi-2026.txt	kz.qmdb/embi	48.822942	58.453345	Asia/Aqtobe	F+E S D A M I	daily	hanafi	test	Embi's own table at 95 % of its 23.5 km reach, bearing 90: Embi, 2026 (QMDB's own place for the app's city; QMDB year API, capture of 9 Oct 2026)
archive/tables/pinned/kz-qmdb/2026-10-09/embi-2027.txt	kz.qmdb/embi	48.822942	58.453345	Asia/Aqtobe	F+E S D A M I	daily	hanafi	test	Embi's own table at 95 % of its 23.5 km reach, bearing 90: Embi, 2027 (QMDB's own place for the app's city; QMDB year API, capture of 9 Oct 2026)
archive/tables/pinned/kz-qmdb/2026-10-09/embi-2026.txt	kz.qmdb/embi	48.681175	58.363420	Asia/Aqtobe	F+E S D A M I	daily	hanafi	test	Embi's own table at 95 % of its 23.5 km reach, bearing 135: Embi, 2026 (QMDB's own place for the app's city; QMDB year API, capture of 9 Oct 2026)
archive/tables/pinned/kz-qmdb/2026-10-09/embi-2027.txt	kz.qmdb/embi	48.681175	58.363420	Asia/Aqtobe	F+E S D A M I	daily	hanafi	test	Embi's own table at 95 % of its 23.5 km reach, bearing 135: Embi, 2027 (QMDB's own place for the app's city; QMDB year API, capture of 9 Oct 2026)
archive/tables/pinned/kz-qmdb/2026-10-09/embi-2026.txt	kz.qmdb/embi	48.622570	58.148397	Asia/Aqtobe	F+E S D A M I	daily	hanafi	test	Embi's own table at 95 % of its 23.5 km reach, bearing 180: Embi, 2026 (QMDB's own place for the app's city; QMDB year API, capture of 9 Oct 2026)
archive/tables/pinned/kz-qmdb/2026-10-09/embi-2027.txt	kz.qmdb/embi	48.622570	58.148397	Asia/Aqtobe	F+E S D A M I	daily	hanafi	test	Embi's own table at 95 % of its 23.5 km reach, bearing 180: Embi, 2027 (QMDB's own place for the app's city; QMDB year API, capture of 9 Oct 2026)
archive/tables/pinned/kz-qmdb/2026-10-09/embi-2026.txt	kz.qmdb/embi	48.681175	57.933374	Asia/Aqtobe	F+E S D A M I	daily	hanafi	test	Embi's own table at 95 % of its 23.5 km reach, bearing 225: Embi, 2026 (QMDB's own place for the app's city; QMDB year API, capture of 9 Oct 2026)
archive/tables/pinned/kz-qmdb/2026-10-09/embi-2027.txt	kz.qmdb/embi	48.681175	57.933374	Asia/Aqtobe	F+E S D A M I	daily	hanafi	test	Embi's own table at 95 % of its 23.5 km reach, bearing 225: Embi, 2027 (QMDB's own place for the app's city; QMDB year API, capture of 9 Oct 2026)
archive/tables/pinned/kz-qmdb/2026-10-09/embi-2026.txt	kz.qmdb/embi	48.822942	57.843449	Asia/Aqtobe	F+E S D A M I	daily	hanafi	test	Embi's own table at 95 % of its 23.5 km reach, bearing 270: Embi, 2026 (QMDB's own place for the app's city; QMDB year API, capture of 9 Oct 2026)
archive/tables/pinned/kz-qmdb/2026-10-09/embi-2027.txt	kz.qmdb/embi	48.822942	57.843449	Asia/Aqtobe	F+E S D A M I	daily	hanafi	test	Embi's own table at 95 % of its 23.5 km reach, bearing 270: Embi, 2027 (QMDB's own place for the app's city; QMDB year API, capture of 9 Oct 2026)
archive/tables/pinned/kz-qmdb/2026-10-09/embi-2026.txt	kz.qmdb/embi	48.965111	57.932153	Asia/Aqtobe	F+E S D A M I	daily	hanafi	test	Embi's own table at 95 % of its 23.5 km reach, bearing 315: Embi, 2026 (QMDB's own place for the app's city; QMDB year API, capture of 9 Oct 2026)
archive/tables/pinned/kz-qmdb/2026-10-09/embi-2027.txt	kz.qmdb/embi	48.965111	57.932153	Asia/Aqtobe	F+E S D A M I	daily	hanafi	test	Embi's own table at 95 % of its 23.5 km reach, bearing 315: Embi, 2027 (QMDB's own place for the app's city; QMDB year API, capture of 9 Oct 2026)
archive/tables/pinned/kz-qmdb/2026-10-09/zaysan-2026.txt	kz.qmdb/zaysan	47.566772	84.969846	Asia/Almaty	F+E S D A M I	daily	hanafi	test	Zaysan's own table at 50 % of its 25.3 km reach, bearing 0: Zaysan, 2026 (QMDB's own place for the app's city; QMDB year API, capture of 9 Oct 2026)
archive/tables/pinned/kz-qmdb/2026-10-09/zaysan-2027.txt	kz.qmdb/zaysan	47.566772	84.969846	Asia/Almaty	F+E S D A M I	daily	hanafi	test	Zaysan's own table at 50 % of its 25.3 km reach, bearing 0: Zaysan, 2027 (QMDB's own place for the app's city; QMDB year API, capture of 9 Oct 2026)
archive/tables/pinned/kz-qmdb/2026-10-09/zaysan-2026.txt	kz.qmdb/zaysan	47.533390	85.088993	Asia/Almaty	F+E S D A M I	daily	hanafi	test	Zaysan's own table at 50 % of its 25.3 km reach, bearing 45: Zaysan, 2026 (QMDB's own place for the app's city; QMDB year API, capture of 9 Oct 2026)
archive/tables/pinned/kz-qmdb/2026-10-09/zaysan-2027.txt	kz.qmdb/zaysan	47.533390	85.088993	Asia/Almaty	F+E S D A M I	daily	hanafi	test	Zaysan's own table at 50 % of its 25.3 km reach, bearing 45: Zaysan, 2027 (QMDB's own place for the app's city; QMDB year API, capture of 9 Oct 2026)
archive/tables/pinned/kz-qmdb/2026-10-09/zaysan-2026.txt	kz.qmdb/zaysan	47.452885	85.138088	Asia/Almaty	F+E S D A M I	daily	hanafi	test	Zaysan's own table at 50 % of its 25.3 km reach, bearing 90: Zaysan, 2026 (QMDB's own place for the app's city; QMDB year API, capture of 9 Oct 2026)
archive/tables/pinned/kz-qmdb/2026-10-09/zaysan-2027.txt	kz.qmdb/zaysan	47.452885	85.138088	Asia/Almaty	F+E S D A M I	daily	hanafi	test	Zaysan's own table at 50 % of its 25.3 km reach, bearing 90: Zaysan, 2027 (QMDB's own place for the app's city; QMDB year API, capture of 9 Oct 2026)
archive/tables/pinned/kz-qmdb/2026-10-09/zaysan-2026.txt	kz.qmdb/zaysan	47.372503	85.088629	Asia/Almaty	F+E S D A M I	daily	hanafi	test	Zaysan's own table at 50 % of its 25.3 km reach, bearing 135: Zaysan, 2026 (QMDB's own place for the app's city; QMDB year API, capture of 9 Oct 2026)
archive/tables/pinned/kz-qmdb/2026-10-09/zaysan-2027.txt	kz.qmdb/zaysan	47.372503	85.088629	Asia/Almaty	F+E S D A M I	daily	hanafi	test	Zaysan's own table at 50 % of its 25.3 km reach, bearing 135: Zaysan, 2027 (QMDB's own place for the app's city; QMDB year API, capture of 9 Oct 2026)
archive/tables/pinned/kz-qmdb/2026-10-09/zaysan-2026.txt	kz.qmdb/zaysan	47.339244	84.969846	Asia/Almaty	F+E S D A M I	daily	hanafi	test	Zaysan's own table at 50 % of its 25.3 km reach, bearing 180: Zaysan, 2026 (QMDB's own place for the app's city; QMDB year API, capture of 9 Oct 2026)
archive/tables/pinned/kz-qmdb/2026-10-09/zaysan-2027.txt	kz.qmdb/zaysan	47.339244	84.969846	Asia/Almaty	F+E S D A M I	daily	hanafi	test	Zaysan's own table at 50 % of its 25.3 km reach, bearing 180: Zaysan, 2027 (QMDB's own place for the app's city; QMDB year API, capture of 9 Oct 2026)
archive/tables/pinned/kz-qmdb/2026-10-09/zaysan-2026.txt	kz.qmdb/zaysan	47.372503	84.851063	Asia/Almaty	F+E S D A M I	daily	hanafi	test	Zaysan's own table at 50 % of its 25.3 km reach, bearing 225: Zaysan, 2026 (QMDB's own place for the app's city; QMDB year API, capture of 9 Oct 2026)
archive/tables/pinned/kz-qmdb/2026-10-09/zaysan-2027.txt	kz.qmdb/zaysan	47.372503	84.851063	Asia/Almaty	F+E S D A M I	daily	hanafi	test	Zaysan's own table at 50 % of its 25.3 km reach, bearing 225: Zaysan, 2027 (QMDB's own place for the app's city; QMDB year API, capture of 9 Oct 2026)
archive/tables/pinned/kz-qmdb/2026-10-09/zaysan-2026.txt	kz.qmdb/zaysan	47.452885	84.801604	Asia/Almaty	F+E S D A M I	daily	hanafi	test	Zaysan's own table at 50 % of its 25.3 km reach, bearing 270: Zaysan, 2026 (QMDB's own place for the app's city; QMDB year API, capture of 9 Oct 2026)
archive/tables/pinned/kz-qmdb/2026-10-09/zaysan-2027.txt	kz.qmdb/zaysan	47.452885	84.801604	Asia/Almaty	F+E S D A M I	daily	hanafi	test	Zaysan's own table at 50 % of its 25.3 km reach, bearing 270: Zaysan, 2027 (QMDB's own place for the app's city; QMDB year API, capture of 9 Oct 2026)
archive/tables/pinned/kz-qmdb/2026-10-09/zaysan-2026.txt	kz.qmdb/zaysan	47.533390	84.850699	Asia/Almaty	F+E S D A M I	daily	hanafi	test	Zaysan's own table at 50 % of its 25.3 km reach, bearing 315: Zaysan, 2026 (QMDB's own place for the app's city; QMDB year API, capture of 9 Oct 2026)
archive/tables/pinned/kz-qmdb/2026-10-09/zaysan-2027.txt	kz.qmdb/zaysan	47.533390	84.850699	Asia/Almaty	F+E S D A M I	daily	hanafi	test	Zaysan's own table at 50 % of its 25.3 km reach, bearing 315: Zaysan, 2027 (QMDB's own place for the app's city; QMDB year API, capture of 9 Oct 2026)
archive/tables/pinned/kz-qmdb/2026-10-09/zaysan-2026.txt	kz.qmdb/zaysan	47.669160	84.969846	Asia/Almaty	F+E S D A M I	daily	hanafi	test	Zaysan's own table at 95 % of its 25.3 km reach, bearing 0: Zaysan, 2026 (QMDB's own place for the app's city; QMDB year API, capture of 9 Oct 2026)
archive/tables/pinned/kz-qmdb/2026-10-09/zaysan-2027.txt	kz.qmdb/zaysan	47.669160	84.969846	Asia/Almaty	F+E S D A M I	daily	hanafi	test	Zaysan's own table at 95 % of its 25.3 km reach, bearing 0: Zaysan, 2027 (QMDB's own place for the app's city; QMDB year API, capture of 9 Oct 2026)
archive/tables/pinned/kz-qmdb/2026-10-09/zaysan-2026.txt	kz.qmdb/zaysan	47.605628	85.196538	Asia/Almaty	F+E S D A M I	daily	hanafi	test	Zaysan's own table at 95 % of its 25.3 km reach, bearing 45: Zaysan, 2026 (QMDB's own place for the app's city; QMDB year API, capture of 9 Oct 2026)
archive/tables/pinned/kz-qmdb/2026-10-09/zaysan-2027.txt	kz.qmdb/zaysan	47.605628	85.196538	Asia/Almaty	F+E S D A M I	daily	hanafi	test	Zaysan's own table at 95 % of its 25.3 km reach, bearing 45: Zaysan, 2027 (QMDB's own place for the app's city; QMDB year API, capture of 9 Oct 2026)
archive/tables/pinned/kz-qmdb/2026-10-09/zaysan-2026.txt	kz.qmdb/zaysan	47.452564	85.289504	Asia/Almaty	F+E S D A M I	daily	hanafi	test	Zaysan's own table at 95 % of its 25.3 km reach, bearing 90: Zaysan, 2026 (QMDB's own place for the app's city; QMDB year API, capture of 9 Oct 2026)
archive/tables/pinned/kz-qmdb/2026-10-09/zaysan-2027.txt	kz.qmdb/zaysan	47.452564	85.289504	Asia/Almaty	F+E S D A M I	daily	hanafi	test	Zaysan's own table at 95 % of its 25.3 km reach, bearing 90: Zaysan, 2027 (QMDB's own place for the app's city; QMDB year API, capture of 9 Oct 2026)
archive/tables/pinned/kz-qmdb/2026-10-09/zaysan-2026.txt	kz.qmdb/zaysan	47.299944	85.195224	Asia/Almaty	F+E S D A M I	daily	hanafi	test	Zaysan's own table at 95 % of its 25.3 km reach, bearing 135: Zaysan, 2026 (QMDB's own place for the app's city; QMDB year API, capture of 9 Oct 2026)
archive/tables/pinned/kz-qmdb/2026-10-09/zaysan-2027.txt	kz.qmdb/zaysan	47.299944	85.195224	Asia/Almaty	F+E S D A M I	daily	hanafi	test	Zaysan's own table at 95 % of its 25.3 km reach, bearing 135: Zaysan, 2027 (QMDB's own place for the app's city; QMDB year API, capture of 9 Oct 2026)
archive/tables/pinned/kz-qmdb/2026-10-09/zaysan-2026.txt	kz.qmdb/zaysan	47.236856	84.969846	Asia/Almaty	F+E S D A M I	daily	hanafi	test	Zaysan's own table at 95 % of its 25.3 km reach, bearing 180: Zaysan, 2026 (QMDB's own place for the app's city; QMDB year API, capture of 9 Oct 2026)
archive/tables/pinned/kz-qmdb/2026-10-09/zaysan-2027.txt	kz.qmdb/zaysan	47.236856	84.969846	Asia/Almaty	F+E S D A M I	daily	hanafi	test	Zaysan's own table at 95 % of its 25.3 km reach, bearing 180: Zaysan, 2027 (QMDB's own place for the app's city; QMDB year API, capture of 9 Oct 2026)
archive/tables/pinned/kz-qmdb/2026-10-09/zaysan-2026.txt	kz.qmdb/zaysan	47.299944	84.744468	Asia/Almaty	F+E S D A M I	daily	hanafi	test	Zaysan's own table at 95 % of its 25.3 km reach, bearing 225: Zaysan, 2026 (QMDB's own place for the app's city; QMDB year API, capture of 9 Oct 2026)
archive/tables/pinned/kz-qmdb/2026-10-09/zaysan-2027.txt	kz.qmdb/zaysan	47.299944	84.744468	Asia/Almaty	F+E S D A M I	daily	hanafi	test	Zaysan's own table at 95 % of its 25.3 km reach, bearing 225: Zaysan, 2027 (QMDB's own place for the app's city; QMDB year API, capture of 9 Oct 2026)
archive/tables/pinned/kz-qmdb/2026-10-09/zaysan-2026.txt	kz.qmdb/zaysan	47.452564	84.650188	Asia/Almaty	F+E S D A M I	daily	hanafi	test	Zaysan's own table at 95 % of its 25.3 km reach, bearing 270: Zaysan, 2026 (QMDB's own place for the app's city; QMDB year API, capture of 9 Oct 2026)
archive/tables/pinned/kz-qmdb/2026-10-09/zaysan-2027.txt	kz.qmdb/zaysan	47.452564	84.650188	Asia/Almaty	F+E S D A M I	daily	hanafi	test	Zaysan's own table at 95 % of its 25.3 km reach, bearing 270: Zaysan, 2027 (QMDB's own place for the app's city; QMDB year API, capture of 9 Oct 2026)
archive/tables/pinned/kz-qmdb/2026-10-09/zaysan-2026.txt	kz.qmdb/zaysan	47.605628	84.743154	Asia/Almaty	F+E S D A M I	daily	hanafi	test	Zaysan's own table at 95 % of its 25.3 km reach, bearing 315: Zaysan, 2026 (QMDB's own place for the app's city; QMDB year API, capture of 9 Oct 2026)
archive/tables/pinned/kz-qmdb/2026-10-09/zaysan-2027.txt	kz.qmdb/zaysan	47.605628	84.743154	Asia/Almaty	F+E S D A M I	daily	hanafi	test	Zaysan's own table at 95 % of its 25.3 km reach, bearing 315: Zaysan, 2027 (QMDB's own place for the app's city; QMDB year API, capture of 9 Oct 2026)
archive/tables/pinned/kz-qmdb/2026-10-09/kentau-2026.txt	kz.qmdb/kentau	43.659324	68.504652	Asia/Almaty	F+E S D A M I	daily	hanafi	test	Kentau's own table at 50 % of its 31.4 km reach, bearing 0: Kentau, 2026 (QMDB's own place for the app's city; QMDB year API, capture of 9 Oct 2026)
archive/tables/pinned/kz-qmdb/2026-10-09/kentau-2027.txt	kz.qmdb/kentau	43.659324	68.504652	Asia/Almaty	F+E S D A M I	daily	hanafi	test	Kentau's own table at 50 % of its 31.4 km reach, bearing 0: Kentau, 2027 (QMDB's own place for the app's city; QMDB year API, capture of 9 Oct 2026)
archive/tables/pinned/kz-qmdb/2026-10-09/kentau-2026.txt	kz.qmdb/kentau	43.617887	68.642559	Asia/Almaty	F+E S D A M I	daily	hanafi	test	Kentau's own table at 50 % of its 31.4 km reach, bearing 45: Kentau, 2026 (QMDB's own place for the app's city; QMDB year API, capture of 9 Oct 2026)
archive/tables/pinned/kz-qmdb/2026-10-09/kentau-2027.txt	kz.qmdb/kentau	43.617887	68.642559	Asia/Almaty	F+E S D A M I	daily	hanafi	test	Kentau's own table at 50 % of its 31.4 km reach, bearing 45: Kentau, 2027 (QMDB's own place for the app's city; QMDB year API, capture of 9 Oct 2026)
archive/tables/pinned/kz-qmdb/2026-10-09/kentau-2026.txt	kz.qmdb/kentau	43.517966	68.699359	Asia/Almaty	F+E S D A M I	daily	hanafi	test	Kentau's own table at 50 % of its 31.4 km reach, bearing 90: Kentau, 2026 (QMDB's own place for the app's city; QMDB year API, capture of 9 Oct 2026)
archive/tables/pinned/kz-qmdb/2026-10-09/kentau-2027.txt	kz.qmdb/kentau	43.517966	68.699359	Asia/Almaty	F+E S D A M I	daily	hanafi	test	Kentau's own table at 50 % of its 31.4 km reach, bearing 90: Kentau, 2027 (QMDB's own place for the app's city; QMDB year API, capture of 9 Oct 2026)
archive/tables/pinned/kz-qmdb/2026-10-09/kentau-2026.txt	kz.qmdb/kentau	43.418210	68.642104	Asia/Almaty	F+E S D A M I	daily	hanafi	test	Kentau's own table at 50 % of its 31.4 km reach, bearing 135: Kentau, 2026 (QMDB's own place for the app's city; QMDB year API, capture of 9 Oct 2026)
archive/tables/pinned/kz-qmdb/2026-10-09/kentau-2027.txt	kz.qmdb/kentau	43.418210	68.642104	Asia/Almaty	F+E S D A M I	daily	hanafi	test	Kentau's own table at 50 % of its 31.4 km reach, bearing 135: Kentau, 2027 (QMDB's own place for the app's city; QMDB year API, capture of 9 Oct 2026)
archive/tables/pinned/kz-qmdb/2026-10-09/kentau-2026.txt	kz.qmdb/kentau	43.376938	68.504652	Asia/Almaty	F+E S D A M I	daily	hanafi	test	Kentau's own table at 50 % of its 31.4 km reach, bearing 180: Kentau, 2026 (QMDB's own place for the app's city; QMDB year API, capture of 9 Oct 2026)
archive/tables/pinned/kz-qmdb/2026-10-09/kentau-2027.txt	kz.qmdb/kentau	43.376938	68.504652	Asia/Almaty	F+E S D A M I	daily	hanafi	test	Kentau's own table at 50 % of its 31.4 km reach, bearing 180: Kentau, 2027 (QMDB's own place for the app's city; QMDB year API, capture of 9 Oct 2026)
archive/tables/pinned/kz-qmdb/2026-10-09/kentau-2026.txt	kz.qmdb/kentau	43.517966	68.309945	Asia/Almaty	F+E S D A M I	daily	hanafi	test	Kentau's own table at 50 % of its 31.4 km reach, bearing 270: Kentau, 2026 (QMDB's own place for the app's city; QMDB year API, capture of 9 Oct 2026)
archive/tables/pinned/kz-qmdb/2026-10-09/kentau-2027.txt	kz.qmdb/kentau	43.517966	68.309945	Asia/Almaty	F+E S D A M I	daily	hanafi	test	Kentau's own table at 50 % of its 31.4 km reach, bearing 270: Kentau, 2027 (QMDB's own place for the app's city; QMDB year API, capture of 9 Oct 2026)
archive/tables/pinned/kz-qmdb/2026-10-09/kentau-2026.txt	kz.qmdb/kentau	43.617887	68.366745	Asia/Almaty	F+E S D A M I	daily	hanafi	test	Kentau's own table at 50 % of its 31.4 km reach, bearing 315: Kentau, 2026 (QMDB's own place for the app's city; QMDB year API, capture of 9 Oct 2026)
archive/tables/pinned/kz-qmdb/2026-10-09/kentau-2027.txt	kz.qmdb/kentau	43.617887	68.366745	Asia/Almaty	F+E S D A M I	daily	hanafi	test	Kentau's own table at 50 % of its 31.4 km reach, bearing 315: Kentau, 2027 (QMDB's own place for the app's city; QMDB year API, capture of 9 Oct 2026)
archive/tables/pinned/kz-qmdb/2026-10-09/kentau-2026.txt	kz.qmdb/kentau	43.786399	68.504652	Asia/Almaty	F+E S D A M I	daily	hanafi	test	Kentau's own table at 95 % of its 31.4 km reach, bearing 0: Kentau, 2026 (QMDB's own place for the app's city; QMDB year API, capture of 9 Oct 2026)
archive/tables/pinned/kz-qmdb/2026-10-09/kentau-2027.txt	kz.qmdb/kentau	43.786399	68.504652	Asia/Almaty	F+E S D A M I	daily	hanafi	test	Kentau's own table at 95 % of its 31.4 km reach, bearing 0: Kentau, 2027 (QMDB's own place for the app's city; QMDB year API, capture of 9 Oct 2026)
archive/tables/pinned/kz-qmdb/2026-10-09/kentau-2026.txt	kz.qmdb/kentau	43.707525	68.767067	Asia/Almaty	F+E S D A M I	daily	hanafi	test	Kentau's own table at 95 % of its 31.4 km reach, bearing 45: Kentau, 2026 (QMDB's own place for the app's city; QMDB year API, capture of 9 Oct 2026)
archive/tables/pinned/kz-qmdb/2026-10-09/kentau-2027.txt	kz.qmdb/kentau	43.707525	68.767067	Asia/Almaty	F+E S D A M I	daily	hanafi	test	Kentau's own table at 95 % of its 31.4 km reach, bearing 45: Kentau, 2027 (QMDB's own place for the app's city; QMDB year API, capture of 9 Oct 2026)
archive/tables/pinned/kz-qmdb/2026-10-09/kentau-2026.txt	kz.qmdb/kentau	43.517535	68.874594	Asia/Almaty	F+E S D A M I	daily	hanafi	test	Kentau's own table at 95 % of its 31.4 km reach, bearing 90: Kentau, 2026 (QMDB's own place for the app's city; QMDB year API, capture of 9 Oct 2026)
archive/tables/pinned/kz-qmdb/2026-10-09/kentau-2027.txt	kz.qmdb/kentau	43.517535	68.874594	Asia/Almaty	F+E S D A M I	daily	hanafi	test	Kentau's own table at 95 % of its 31.4 km reach, bearing 90: Kentau, 2027 (QMDB's own place for the app's city; QMDB year API, capture of 9 Oct 2026)
archive/tables/pinned/kz-qmdb/2026-10-09/kentau-2026.txt	kz.qmdb/kentau	43.328140	68.765423	Asia/Almaty	F+E S D A M I	daily	hanafi	test	Kentau's own table at 95 % of its 31.4 km reach, bearing 135: Kentau, 2026 (QMDB's own place for the app's city; QMDB year API, capture of 9 Oct 2026)
archive/tables/pinned/kz-qmdb/2026-10-09/kentau-2027.txt	kz.qmdb/kentau	43.328140	68.765423	Asia/Almaty	F+E S D A M I	daily	hanafi	test	Kentau's own table at 95 % of its 31.4 km reach, bearing 135: Kentau, 2027 (QMDB's own place for the app's city; QMDB year API, capture of 9 Oct 2026)
archive/tables/pinned/kz-qmdb/2026-10-09/kentau-2026.txt	kz.qmdb/kentau	43.707525	68.242237	Asia/Almaty	F+E S D A M I	daily	hanafi	test	Kentau's own table at 95 % of its 31.4 km reach, bearing 315: Kentau, 2026 (QMDB's own place for the app's city; QMDB year API, capture of 9 Oct 2026)
archive/tables/pinned/kz-qmdb/2026-10-09/kentau-2027.txt	kz.qmdb/kentau	43.707525	68.242237	Asia/Almaty	F+E S D A M I	daily	hanafi	test	Kentau's own table at 95 % of its 31.4 km reach, bearing 315: Kentau, 2027 (QMDB's own place for the app's city; QMDB year API, capture of 9 Oct 2026)
archive/tables/pinned/kz-qmdb/2026-10-09/temirtau-2026.txt	kz.qmdb/temirtau	50.159930	72.953424	Asia/Almaty	F+E S D A M I	daily	hanafi	test	Temirtau's own table at 50 % of its 22.5 km reach, bearing 0: Temirtau, 2026 (QMDB's own place for the app's city; QMDB year API, capture of 9 Oct 2026)
archive/tables/pinned/kz-qmdb/2026-10-09/temirtau-2027.txt	kz.qmdb/temirtau	50.159930	72.953424	Asia/Almaty	F+E S D A M I	daily	hanafi	test	Temirtau's own table at 50 % of its 22.5 km reach, bearing 0: Temirtau, 2027 (QMDB's own place for the app's city; QMDB year API, capture of 9 Oct 2026)
archive/tables/pinned/kz-qmdb/2026-10-09/temirtau-2026.txt	kz.qmdb/temirtau	50.130243	73.065024	Asia/Almaty	F+E S D A M I	daily	hanafi	test	Temirtau's own table at 50 % of its 22.5 km reach, bearing 45: Temirtau, 2026 (QMDB's own place for the app's city; QMDB year API, capture of 9 Oct 2026)
archive/tables/pinned/kz-qmdb/2026-10-09/temirtau-2027.txt	kz.qmdb/temirtau	50.130243	73.065024	Asia/Almaty	F+E S D A M I	daily	hanafi	test	Temirtau's own table at 50 % of its 22.5 km reach, bearing 45: Temirtau, 2027 (QMDB's own place for the app's city; QMDB year API, capture of 9 Oct 2026)
archive/tables/pinned/kz-qmdb/2026-10-09/temirtau-2026.txt	kz.qmdb/temirtau	50.058649	73.111015	Asia/Almaty	F+E S D A M I	daily	hanafi	test	Temirtau's own table at 50 % of its 22.5 km reach, bearing 90: Temirtau, 2026 (QMDB's own place for the app's city; QMDB year API, capture of 9 Oct 2026)
archive/tables/pinned/kz-qmdb/2026-10-09/temirtau-2027.txt	kz.qmdb/temirtau	50.058649	73.111015	Asia/Almaty	F+E S D A M I	daily	hanafi	test	Temirtau's own table at 50 % of its 22.5 km reach, bearing 90: Temirtau, 2027 (QMDB's own place for the app's city; QMDB year API, capture of 9 Oct 2026)
archive/tables/pinned/kz-qmdb/2026-10-09/temirtau-2026.txt	kz.qmdb/temirtau	49.987162	73.064692	Asia/Almaty	F+E S D A M I	daily	hanafi	test	Temirtau's own table at 50 % of its 22.5 km reach, bearing 135: Temirtau, 2026 (QMDB's own place for the app's city; QMDB year API, capture of 9 Oct 2026)
archive/tables/pinned/kz-qmdb/2026-10-09/temirtau-2027.txt	kz.qmdb/temirtau	49.987162	73.064692	Asia/Almaty	F+E S D A M I	daily	hanafi	test	Temirtau's own table at 50 % of its 22.5 km reach, bearing 135: Temirtau, 2027 (QMDB's own place for the app's city; QMDB year API, capture of 9 Oct 2026)
archive/tables/pinned/kz-qmdb/2026-10-09/temirtau-2026.txt	kz.qmdb/temirtau	49.957582	72.953424	Asia/Almaty	F+E S D A M I	daily	hanafi	test	Temirtau's own table at 50 % of its 22.5 km reach, bearing 180: Temirtau, 2026 (QMDB's own place for the app's city; QMDB year API, capture of 9 Oct 2026)
archive/tables/pinned/kz-qmdb/2026-10-09/temirtau-2027.txt	kz.qmdb/temirtau	49.957582	72.953424	Asia/Almaty	F+E S D A M I	daily	hanafi	test	Temirtau's own table at 50 % of its 22.5 km reach, bearing 180: Temirtau, 2027 (QMDB's own place for the app's city; QMDB year API, capture of 9 Oct 2026)
archive/tables/pinned/kz-qmdb/2026-10-09/temirtau-2026.txt	kz.qmdb/temirtau	49.987162	72.842156	Asia/Almaty	F+E S D A M I	daily	hanafi	test	Temirtau's own table at 50 % of its 22.5 km reach, bearing 225: Temirtau, 2026 (QMDB's own place for the app's city; QMDB year API, capture of 9 Oct 2026)
archive/tables/pinned/kz-qmdb/2026-10-09/temirtau-2027.txt	kz.qmdb/temirtau	49.987162	72.842156	Asia/Almaty	F+E S D A M I	daily	hanafi	test	Temirtau's own table at 50 % of its 22.5 km reach, bearing 225: Temirtau, 2027 (QMDB's own place for the app's city; QMDB year API, capture of 9 Oct 2026)
archive/tables/pinned/kz-qmdb/2026-10-09/temirtau-2026.txt	kz.qmdb/temirtau	50.058649	72.795833	Asia/Almaty	F+E S D A M I	daily	hanafi	test	Temirtau's own table at 50 % of its 22.5 km reach, bearing 270: Temirtau, 2026 (QMDB's own place for the app's city; QMDB year API, capture of 9 Oct 2026)
archive/tables/pinned/kz-qmdb/2026-10-09/temirtau-2027.txt	kz.qmdb/temirtau	50.058649	72.795833	Asia/Almaty	F+E S D A M I	daily	hanafi	test	Temirtau's own table at 50 % of its 22.5 km reach, bearing 270: Temirtau, 2027 (QMDB's own place for the app's city; QMDB year API, capture of 9 Oct 2026)
archive/tables/pinned/kz-qmdb/2026-10-09/temirtau-2026.txt	kz.qmdb/temirtau	50.130243	72.841824	Asia/Almaty	F+E S D A M I	daily	hanafi	test	Temirtau's own table at 50 % of its 22.5 km reach, bearing 315: Temirtau, 2026 (QMDB's own place for the app's city; QMDB year API, capture of 9 Oct 2026)
archive/tables/pinned/kz-qmdb/2026-10-09/temirtau-2027.txt	kz.qmdb/temirtau	50.130243	72.841824	Asia/Almaty	F+E S D A M I	daily	hanafi	test	Temirtau's own table at 50 % of its 22.5 km reach, bearing 315: Temirtau, 2027 (QMDB's own place for the app's city; QMDB year API, capture of 9 Oct 2026)
archive/tables/pinned/kz-qmdb/2026-10-09/temirtau-2026.txt	kz.qmdb/temirtau	50.250986	72.953424	Asia/Almaty	F+E S D A M I	daily	hanafi	test	Temirtau's own table at 95 % of its 22.5 km reach, bearing 0: Temirtau, 2026 (QMDB's own place for the app's city; QMDB year API, capture of 9 Oct 2026)
archive/tables/pinned/kz-qmdb/2026-10-09/temirtau-2027.txt	kz.qmdb/temirtau	50.250986	72.953424	Asia/Almaty	F+E S D A M I	daily	hanafi	test	Temirtau's own table at 95 % of its 22.5 km reach, bearing 0: Temirtau, 2027 (QMDB's own place for the app's city; QMDB year API, capture of 9 Oct 2026)
archive/tables/pinned/kz-qmdb/2026-10-09/temirtau-2026.txt	kz.qmdb/temirtau	50.194490	73.165749	Asia/Almaty	F+E S D A M I	daily	hanafi	test	Temirtau's own table at 95 % of its 22.5 km reach, bearing 45: Temirtau, 2026 (QMDB's own place for the app's city; QMDB year API, capture of 9 Oct 2026)
archive/tables/pinned/kz-qmdb/2026-10-09/temirtau-2027.txt	kz.qmdb/temirtau	50.194490	73.165749	Asia/Almaty	F+E S D A M I	daily	hanafi	test	Temirtau's own table at 95 % of its 22.5 km reach, bearing 45: Temirtau, 2027 (QMDB's own place for the app's city; QMDB year API, capture of 9 Oct 2026)
archive/tables/pinned/kz-qmdb/2026-10-09/temirtau-2026.txt	kz.qmdb/temirtau	50.058371	73.252845	Asia/Almaty	F+E S D A M I	daily	hanafi	test	Temirtau's own table at 95 % of its 22.5 km reach, bearing 90: Temirtau, 2026 (QMDB's own place for the app's city; QMDB year API, capture of 9 Oct 2026)
archive/tables/pinned/kz-qmdb/2026-10-09/temirtau-2027.txt	kz.qmdb/temirtau	50.058371	73.252845	Asia/Almaty	F+E S D A M I	daily	hanafi	test	Temirtau's own table at 95 % of its 22.5 km reach, bearing 90: Temirtau, 2027 (QMDB's own place for the app's city; QMDB year API, capture of 9 Oct 2026)
archive/tables/pinned/kz-qmdb/2026-10-09/temirtau-2026.txt	kz.qmdb/temirtau	50.058371	72.654003	Asia/Almaty	F+E S D A M I	daily	hanafi	test	Temirtau's own table at 95 % of its 22.5 km reach, bearing 270: Temirtau, 2026 (QMDB's own place for the app's city; QMDB year API, capture of 9 Oct 2026)
archive/tables/pinned/kz-qmdb/2026-10-09/temirtau-2027.txt	kz.qmdb/temirtau	50.058371	72.654003	Asia/Almaty	F+E S D A M I	daily	hanafi	test	Temirtau's own table at 95 % of its 22.5 km reach, bearing 270: Temirtau, 2027 (QMDB's own place for the app's city; QMDB year API, capture of 9 Oct 2026)
archive/tables/pinned/kz-qmdb/2026-10-09/temirtau-2026.txt	kz.qmdb/temirtau	50.194490	72.741099	Asia/Almaty	F+E S D A M I	daily	hanafi	test	Temirtau's own table at 95 % of its 22.5 km reach, bearing 315: Temirtau, 2026 (QMDB's own place for the app's city; QMDB year API, capture of 9 Oct 2026)
archive/tables/pinned/kz-qmdb/2026-10-09/temirtau-2027.txt	kz.qmdb/temirtau	50.194490	72.741099	Asia/Almaty	F+E S D A M I	daily	hanafi	test	Temirtau's own table at 95 % of its 22.5 km reach, bearing 315: Temirtau, 2027 (QMDB's own place for the app's city; QMDB year API, capture of 9 Oct 2026)
archive/tables/pinned/kz-qmdb/2026-10-09/aksu-pavlodar-2026.txt	kz.qmdb/aksu-pavlodar	52.131869	76.920582	Asia/Almaty	F+E S D A M I	daily	hanafi	test	Aksu (Pavlodar)'s own table at 50 % of its 20.9 km reach, bearing 0: Aksu (Pavlodar), 2026 (QMDB's own place for the app's city; QMDB year API, capture of 9 Oct 2026)
archive/tables/pinned/kz-qmdb/2026-10-09/aksu-pavlodar-2027.txt	kz.qmdb/aksu-pavlodar	52.131869	76.920582	Asia/Almaty	F+E S D A M I	daily	hanafi	test	Aksu (Pavlodar)'s own table at 50 % of its 20.9 km reach, bearing 0: Aksu (Pavlodar), 2027 (QMDB's own place for the app's city; QMDB year API, capture of 9 Oct 2026)
archive/tables/pinned/kz-qmdb/2026-10-09/aksu-pavlodar-2026.txt	kz.qmdb/aksu-pavlodar	52.104294	77.028772	Asia/Almaty	F+E S D A M I	daily	hanafi	test	Aksu (Pavlodar)'s own table at 50 % of its 20.9 km reach, bearing 45: Aksu (Pavlodar), 2026 (QMDB's own place for the app's city; QMDB year API, capture of 9 Oct 2026)
archive/tables/pinned/kz-qmdb/2026-10-09/aksu-pavlodar-2027.txt	kz.qmdb/aksu-pavlodar	52.104294	77.028772	Asia/Almaty	F+E S D A M I	daily	hanafi	test	Aksu (Pavlodar)'s own table at 50 % of its 20.9 km reach, bearing 45: Aksu (Pavlodar), 2027 (QMDB's own place for the app's city; QMDB year API, capture of 9 Oct 2026)
archive/tables/pinned/kz-qmdb/2026-10-09/aksu-pavlodar-2026.txt	kz.qmdb/aksu-pavlodar	52.037791	77.073358	Asia/Almaty	F+E S D A M I	daily	hanafi	test	Aksu (Pavlodar)'s own table at 50 % of its 20.9 km reach, bearing 90: Aksu (Pavlodar), 2026 (QMDB's own place for the app's city; QMDB year API, capture of 9 Oct 2026)
archive/tables/pinned/kz-qmdb/2026-10-09/aksu-pavlodar-2027.txt	kz.qmdb/aksu-pavlodar	52.037791	77.073358	Asia/Almaty	F+E S D A M I	daily	hanafi	test	Aksu (Pavlodar)'s own table at 50 % of its 20.9 km reach, bearing 90: Aksu (Pavlodar), 2027 (QMDB's own place for the app's city; QMDB year API, capture of 9 Oct 2026)
archive/tables/pinned/kz-qmdb/2026-10-09/aksu-pavlodar-2026.txt	kz.qmdb/aksu-pavlodar	51.971387	77.028451	Asia/Almaty	F+E S D A M I	daily	hanafi	test	Aksu (Pavlodar)'s own table at 50 % of its 20.9 km reach, bearing 135: Aksu (Pavlodar), 2026 (QMDB's own place for the app's city; QMDB year API, capture of 9 Oct 2026)
archive/tables/pinned/kz-qmdb/2026-10-09/aksu-pavlodar-2027.txt	kz.qmdb/aksu-pavlodar	51.971387	77.028451	Asia/Almaty	F+E S D A M I	daily	hanafi	test	Aksu (Pavlodar)'s own table at 50 % of its 20.9 km reach, bearing 135: Aksu (Pavlodar), 2027 (QMDB's own place for the app's city; QMDB year API, capture of 9 Oct 2026)
archive/tables/pinned/kz-qmdb/2026-10-09/aksu-pavlodar-2026.txt	kz.qmdb/aksu-pavlodar	51.943911	76.920582	Asia/Almaty	F+E S D A M I	daily	hanafi	test	Aksu (Pavlodar)'s own table at 50 % of its 20.9 km reach, bearing 180: Aksu (Pavlodar), 2026 (QMDB's own place for the app's city; QMDB year API, capture of 9 Oct 2026)
archive/tables/pinned/kz-qmdb/2026-10-09/aksu-pavlodar-2027.txt	kz.qmdb/aksu-pavlodar	51.943911	76.920582	Asia/Almaty	F+E S D A M I	daily	hanafi	test	Aksu (Pavlodar)'s own table at 50 % of its 20.9 km reach, bearing 180: Aksu (Pavlodar), 2027 (QMDB's own place for the app's city; QMDB year API, capture of 9 Oct 2026)
archive/tables/pinned/kz-qmdb/2026-10-09/aksu-pavlodar-2026.txt	kz.qmdb/aksu-pavlodar	51.971387	76.812713	Asia/Almaty	F+E S D A M I	daily	hanafi	test	Aksu (Pavlodar)'s own table at 50 % of its 20.9 km reach, bearing 225: Aksu (Pavlodar), 2026 (QMDB's own place for the app's city; QMDB year API, capture of 9 Oct 2026)
archive/tables/pinned/kz-qmdb/2026-10-09/aksu-pavlodar-2027.txt	kz.qmdb/aksu-pavlodar	51.971387	76.812713	Asia/Almaty	F+E S D A M I	daily	hanafi	test	Aksu (Pavlodar)'s own table at 50 % of its 20.9 km reach, bearing 225: Aksu (Pavlodar), 2027 (QMDB's own place for the app's city; QMDB year API, capture of 9 Oct 2026)
archive/tables/pinned/kz-qmdb/2026-10-09/aksu-pavlodar-2026.txt	kz.qmdb/aksu-pavlodar	52.037791	76.767806	Asia/Almaty	F+E S D A M I	daily	hanafi	test	Aksu (Pavlodar)'s own table at 50 % of its 20.9 km reach, bearing 270: Aksu (Pavlodar), 2026 (QMDB's own place for the app's city; QMDB year API, capture of 9 Oct 2026)
archive/tables/pinned/kz-qmdb/2026-10-09/aksu-pavlodar-2027.txt	kz.qmdb/aksu-pavlodar	52.037791	76.767806	Asia/Almaty	F+E S D A M I	daily	hanafi	test	Aksu (Pavlodar)'s own table at 50 % of its 20.9 km reach, bearing 270: Aksu (Pavlodar), 2027 (QMDB's own place for the app's city; QMDB year API, capture of 9 Oct 2026)
archive/tables/pinned/kz-qmdb/2026-10-09/aksu-pavlodar-2026.txt	kz.qmdb/aksu-pavlodar	52.104294	76.812392	Asia/Almaty	F+E S D A M I	daily	hanafi	test	Aksu (Pavlodar)'s own table at 50 % of its 20.9 km reach, bearing 315: Aksu (Pavlodar), 2026 (QMDB's own place for the app's city; QMDB year API, capture of 9 Oct 2026)
archive/tables/pinned/kz-qmdb/2026-10-09/aksu-pavlodar-2027.txt	kz.qmdb/aksu-pavlodar	52.104294	76.812392	Asia/Almaty	F+E S D A M I	daily	hanafi	test	Aksu (Pavlodar)'s own table at 50 % of its 20.9 km reach, bearing 315: Aksu (Pavlodar), 2027 (QMDB's own place for the app's city; QMDB year API, capture of 9 Oct 2026)
archive/tables/pinned/kz-qmdb/2026-10-09/aksu-pavlodar-2026.txt	kz.qmdb/aksu-pavlodar	52.163972	77.126419	Asia/Almaty	F+E S D A M I	daily	hanafi	test	Aksu (Pavlodar)'s own table at 95 % of its 20.9 km reach, bearing 45: Aksu (Pavlodar), 2026 (QMDB's own place for the app's city; QMDB year API, capture of 9 Oct 2026)
archive/tables/pinned/kz-qmdb/2026-10-09/aksu-pavlodar-2027.txt	kz.qmdb/aksu-pavlodar	52.163972	77.126419	Asia/Almaty	F+E S D A M I	daily	hanafi	test	Aksu (Pavlodar)'s own table at 95 % of its 20.9 km reach, bearing 45: Aksu (Pavlodar), 2027 (QMDB's own place for the app's city; QMDB year API, capture of 9 Oct 2026)
archive/tables/pinned/kz-qmdb/2026-10-09/aksu-pavlodar-2026.txt	kz.qmdb/aksu-pavlodar	52.037533	77.210856	Asia/Almaty	F+E S D A M I	daily	hanafi	test	Aksu (Pavlodar)'s own table at 95 % of its 20.9 km reach, bearing 90: Aksu (Pavlodar), 2026 (QMDB's own place for the app's city; QMDB year API, capture of 9 Oct 2026)
archive/tables/pinned/kz-qmdb/2026-10-09/aksu-pavlodar-2027.txt	kz.qmdb/aksu-pavlodar	52.037533	77.210856	Asia/Almaty	F+E S D A M I	daily	hanafi	test	Aksu (Pavlodar)'s own table at 95 % of its 20.9 km reach, bearing 90: Aksu (Pavlodar), 2027 (QMDB's own place for the app's city; QMDB year API, capture of 9 Oct 2026)
archive/tables/pinned/kz-qmdb/2026-10-09/aksu-pavlodar-2026.txt	kz.qmdb/aksu-pavlodar	51.911451	77.125260	Asia/Almaty	F+E S D A M I	daily	hanafi	test	Aksu (Pavlodar)'s own table at 95 % of its 20.9 km reach, bearing 135: Aksu (Pavlodar), 2026 (QMDB's own place for the app's city; QMDB year API, capture of 9 Oct 2026)
archive/tables/pinned/kz-qmdb/2026-10-09/aksu-pavlodar-2027.txt	kz.qmdb/aksu-pavlodar	51.911451	77.125260	Asia/Almaty	F+E S D A M I	daily	hanafi	test	Aksu (Pavlodar)'s own table at 95 % of its 20.9 km reach, bearing 135: Aksu (Pavlodar), 2027 (QMDB's own place for the app's city; QMDB year API, capture of 9 Oct 2026)
archive/tables/pinned/kz-qmdb/2026-10-09/aksu-pavlodar-2026.txt	kz.qmdb/aksu-pavlodar	51.859330	76.920582	Asia/Almaty	F+E S D A M I	daily	hanafi	test	Aksu (Pavlodar)'s own table at 95 % of its 20.9 km reach, bearing 180: Aksu (Pavlodar), 2026 (QMDB's own place for the app's city; QMDB year API, capture of 9 Oct 2026)
archive/tables/pinned/kz-qmdb/2026-10-09/aksu-pavlodar-2027.txt	kz.qmdb/aksu-pavlodar	51.859330	76.920582	Asia/Almaty	F+E S D A M I	daily	hanafi	test	Aksu (Pavlodar)'s own table at 95 % of its 20.9 km reach, bearing 180: Aksu (Pavlodar), 2027 (QMDB's own place for the app's city; QMDB year API, capture of 9 Oct 2026)
archive/tables/pinned/kz-qmdb/2026-10-09/aksu-pavlodar-2026.txt	kz.qmdb/aksu-pavlodar	51.911451	76.715904	Asia/Almaty	F+E S D A M I	daily	hanafi	test	Aksu (Pavlodar)'s own table at 95 % of its 20.9 km reach, bearing 225: Aksu (Pavlodar), 2026 (QMDB's own place for the app's city; QMDB year API, capture of 9 Oct 2026)
archive/tables/pinned/kz-qmdb/2026-10-09/aksu-pavlodar-2027.txt	kz.qmdb/aksu-pavlodar	51.911451	76.715904	Asia/Almaty	F+E S D A M I	daily	hanafi	test	Aksu (Pavlodar)'s own table at 95 % of its 20.9 km reach, bearing 225: Aksu (Pavlodar), 2027 (QMDB's own place for the app's city; QMDB year API, capture of 9 Oct 2026)
archive/tables/pinned/kz-qmdb/2026-10-09/aksu-pavlodar-2026.txt	kz.qmdb/aksu-pavlodar	52.037533	76.630308	Asia/Almaty	F+E S D A M I	daily	hanafi	test	Aksu (Pavlodar)'s own table at 95 % of its 20.9 km reach, bearing 270: Aksu (Pavlodar), 2026 (QMDB's own place for the app's city; QMDB year API, capture of 9 Oct 2026)
archive/tables/pinned/kz-qmdb/2026-10-09/aksu-pavlodar-2027.txt	kz.qmdb/aksu-pavlodar	52.037533	76.630308	Asia/Almaty	F+E S D A M I	daily	hanafi	test	Aksu (Pavlodar)'s own table at 95 % of its 20.9 km reach, bearing 270: Aksu (Pavlodar), 2027 (QMDB's own place for the app's city; QMDB year API, capture of 9 Oct 2026)
archive/tables/pinned/kz-qmdb/2026-10-09/aksu-pavlodar-2026.txt	kz.qmdb/aksu-pavlodar	52.163972	76.714745	Asia/Almaty	F+E S D A M I	daily	hanafi	test	Aksu (Pavlodar)'s own table at 95 % of its 20.9 km reach, bearing 315: Aksu (Pavlodar), 2026 (QMDB's own place for the app's city; QMDB year API, capture of 9 Oct 2026)
archive/tables/pinned/kz-qmdb/2026-10-09/aksu-pavlodar-2027.txt	kz.qmdb/aksu-pavlodar	52.163972	76.714745	Asia/Almaty	F+E S D A M I	daily	hanafi	test	Aksu (Pavlodar)'s own table at 95 % of its 20.9 km reach, bearing 315: Aksu (Pavlodar), 2027 (QMDB's own place for the app's city; QMDB year API, capture of 9 Oct 2026)
archive/tables/pinned/kz-qmdb/2026-10-09/arys-2026.txt	kz.qmdb/arys	42.584280	68.813798	Asia/Almaty	F+E S D A M I	daily	hanafi	test	Arys's own table at 50 % of its 33.7 km reach, bearing 0: Arys, 2026 (QMDB's own place for the app's city; QMDB year API, capture of 9 Oct 2026)
archive/tables/pinned/kz-qmdb/2026-10-09/arys-2027.txt	kz.qmdb/arys	42.584280	68.813798	Asia/Almaty	F+E S D A M I	daily	hanafi	test	Arys's own table at 50 % of its 33.7 km reach, bearing 0: Arys, 2027 (QMDB's own place for the app's city; QMDB year API, capture of 9 Oct 2026)
archive/tables/pinned/kz-qmdb/2026-10-09/arys-2026.txt	kz.qmdb/arys	42.539804	68.959225	Asia/Almaty	F+E S D A M I	daily	hanafi	test	Arys's own table at 50 % of its 33.7 km reach, bearing 45: Arys, 2026 (QMDB's own place for the app's city; QMDB year API, capture of 9 Oct 2026)
archive/tables/pinned/kz-qmdb/2026-10-09/arys-2027.txt	kz.qmdb/arys	42.539804	68.959225	Asia/Almaty	F+E S D A M I	daily	hanafi	test	Arys's own table at 50 % of its 33.7 km reach, bearing 45: Arys, 2027 (QMDB's own place for the app's city; QMDB year API, capture of 9 Oct 2026)
archive/tables/pinned/kz-qmdb/2026-10-09/arys-2026.txt	kz.qmdb/arys	42.432561	69.019111	Asia/Almaty	F+E S D A M I	daily	hanafi	test	Arys's own table at 50 % of its 33.7 km reach, bearing 90: Arys, 2026 (QMDB's own place for the app's city; QMDB year API, capture of 9 Oct 2026)
archive/tables/pinned/kz-qmdb/2026-10-09/arys-2027.txt	kz.qmdb/arys	42.432561	69.019111	Asia/Almaty	F+E S D A M I	daily	hanafi	test	Arys's own table at 50 % of its 33.7 km reach, bearing 90: Arys, 2027 (QMDB's own place for the app's city; QMDB year API, capture of 9 Oct 2026)
archive/tables/pinned/kz-qmdb/2026-10-09/arys-2026.txt	kz.qmdb/arys	42.325501	68.958729	Asia/Almaty	F+E S D A M I	daily	hanafi	test	Arys's own table at 50 % of its 33.7 km reach, bearing 135: Arys, 2026 (QMDB's own place for the app's city; QMDB year API, capture of 9 Oct 2026)
archive/tables/pinned/kz-qmdb/2026-10-09/arys-2027.txt	kz.qmdb/arys	42.325501	68.958729	Asia/Almaty	F+E S D A M I	daily	hanafi	test	Arys's own table at 50 % of its 33.7 km reach, bearing 135: Arys, 2027 (QMDB's own place for the app's city; QMDB year API, capture of 9 Oct 2026)
archive/tables/pinned/kz-qmdb/2026-10-09/arys-2026.txt	kz.qmdb/arys	42.281208	68.813798	Asia/Almaty	F+E S D A M I	daily	hanafi	test	Arys's own table at 50 % of its 33.7 km reach, bearing 180: Arys, 2026 (QMDB's own place for the app's city; QMDB year API, capture of 9 Oct 2026)
archive/tables/pinned/kz-qmdb/2026-10-09/arys-2027.txt	kz.qmdb/arys	42.281208	68.813798	Asia/Almaty	F+E S D A M I	daily	hanafi	test	Arys's own table at 50 % of its 33.7 km reach, bearing 180: Arys, 2027 (QMDB's own place for the app's city; QMDB year API, capture of 9 Oct 2026)
archive/tables/pinned/kz-qmdb/2026-10-09/arys-2026.txt	kz.qmdb/arys	42.325501	68.668867	Asia/Almaty	F+E S D A M I	daily	hanafi	test	Arys's own table at 50 % of its 33.7 km reach, bearing 225: Arys, 2026 (QMDB's own place for the app's city; QMDB year API, capture of 9 Oct 2026)
archive/tables/pinned/kz-qmdb/2026-10-09/arys-2027.txt	kz.qmdb/arys	42.325501	68.668867	Asia/Almaty	F+E S D A M I	daily	hanafi	test	Arys's own table at 50 % of its 33.7 km reach, bearing 225: Arys, 2027 (QMDB's own place for the app's city; QMDB year API, capture of 9 Oct 2026)
archive/tables/pinned/kz-qmdb/2026-10-09/arys-2026.txt	kz.qmdb/arys	42.432561	68.608485	Asia/Almaty	F+E S D A M I	daily	hanafi	test	Arys's own table at 50 % of its 33.7 km reach, bearing 270: Arys, 2026 (QMDB's own place for the app's city; QMDB year API, capture of 9 Oct 2026)
archive/tables/pinned/kz-qmdb/2026-10-09/arys-2027.txt	kz.qmdb/arys	42.432561	68.608485	Asia/Almaty	F+E S D A M I	daily	hanafi	test	Arys's own table at 50 % of its 33.7 km reach, bearing 270: Arys, 2027 (QMDB's own place for the app's city; QMDB year API, capture of 9 Oct 2026)
archive/tables/pinned/kz-qmdb/2026-10-09/arys-2026.txt	kz.qmdb/arys	42.539804	68.668371	Asia/Almaty	F+E S D A M I	daily	hanafi	test	Arys's own table at 50 % of its 33.7 km reach, bearing 315: Arys, 2026 (QMDB's own place for the app's city; QMDB year API, capture of 9 Oct 2026)
archive/tables/pinned/kz-qmdb/2026-10-09/arys-2027.txt	kz.qmdb/arys	42.539804	68.668371	Asia/Almaty	F+E S D A M I	daily	hanafi	test	Arys's own table at 50 % of its 33.7 km reach, bearing 315: Arys, 2027 (QMDB's own place for the app's city; QMDB year API, capture of 9 Oct 2026)
archive/tables/pinned/kz-qmdb/2026-10-09/arys-2026.txt	kz.qmdb/arys	42.720662	68.813798	Asia/Almaty	F+E S D A M I	daily	hanafi	test	Arys's own table at 95 % of its 33.7 km reach, bearing 0: Arys, 2026 (QMDB's own place for the app's city; QMDB year API, capture of 9 Oct 2026)
archive/tables/pinned/kz-qmdb/2026-10-09/arys-2027.txt	kz.qmdb/arys	42.720662	68.813798	Asia/Almaty	F+E S D A M I	daily	hanafi	test	Arys's own table at 95 % of its 33.7 km reach, bearing 0: Arys, 2027 (QMDB's own place for the app's city; QMDB year API, capture of 9 Oct 2026)
archive/tables/pinned/kz-qmdb/2026-10-09/arys-2026.txt	kz.qmdb/arys	42.636000	69.090536	Asia/Almaty	F+E S D A M I	daily	hanafi	test	Arys's own table at 95 % of its 33.7 km reach, bearing 45: Arys, 2026 (QMDB's own place for the app's city; QMDB year API, capture of 9 Oct 2026)
archive/tables/pinned/kz-qmdb/2026-10-09/arys-2027.txt	kz.qmdb/arys	42.636000	69.090536	Asia/Almaty	F+E S D A M I	daily	hanafi	test	Arys's own table at 95 % of its 33.7 km reach, bearing 45: Arys, 2027 (QMDB's own place for the app's city; QMDB year API, capture of 9 Oct 2026)
archive/tables/pinned/kz-qmdb/2026-10-09/arys-2026.txt	kz.qmdb/arys	42.432083	69.203891	Asia/Almaty	F+E S D A M I	daily	hanafi	test	Arys's own table at 95 % of its 33.7 km reach, bearing 90: Arys, 2026 (QMDB's own place for the app's city; QMDB year API, capture of 9 Oct 2026)
archive/tables/pinned/kz-qmdb/2026-10-09/arys-2027.txt	kz.qmdb/arys	42.432083	69.203891	Asia/Almaty	F+E S D A M I	daily	hanafi	test	Arys's own table at 95 % of its 33.7 km reach, bearing 90: Arys, 2027 (QMDB's own place for the app's city; QMDB year API, capture of 9 Oct 2026)
archive/tables/pinned/kz-qmdb/2026-10-09/arys-2026.txt	kz.qmdb/arys	42.228826	69.088744	Asia/Almaty	F+E S D A M I	daily	hanafi	test	Arys's own table at 95 % of its 33.7 km reach, bearing 135: Arys, 2026 (QMDB's own place for the app's city; QMDB year API, capture of 9 Oct 2026)
archive/tables/pinned/kz-qmdb/2026-10-09/arys-2027.txt	kz.qmdb/arys	42.228826	69.088744	Asia/Almaty	F+E S D A M I	daily	hanafi	test	Arys's own table at 95 % of its 33.7 km reach, bearing 135: Arys, 2027 (QMDB's own place for the app's city; QMDB year API, capture of 9 Oct 2026)
archive/tables/pinned/kz-qmdb/2026-10-09/arys-2026.txt	kz.qmdb/arys	42.144826	68.813798	Asia/Almaty	F+E S D A M I	daily	hanafi	test	Arys's own table at 95 % of its 33.7 km reach, bearing 180: Arys, 2026 (QMDB's own place for the app's city; QMDB year API, capture of 9 Oct 2026)
archive/tables/pinned/kz-qmdb/2026-10-09/arys-2027.txt	kz.qmdb/arys	42.144826	68.813798	Asia/Almaty	F+E S D A M I	daily	hanafi	test	Arys's own table at 95 % of its 33.7 km reach, bearing 180: Arys, 2027 (QMDB's own place for the app's city; QMDB year API, capture of 9 Oct 2026)
archive/tables/pinned/kz-qmdb/2026-10-09/arys-2026.txt	kz.qmdb/arys	42.228826	68.538852	Asia/Almaty	F+E S D A M I	daily	hanafi	test	Arys's own table at 95 % of its 33.7 km reach, bearing 225: Arys, 2026 (QMDB's own place for the app's city; QMDB year API, capture of 9 Oct 2026)
archive/tables/pinned/kz-qmdb/2026-10-09/arys-2027.txt	kz.qmdb/arys	42.228826	68.538852	Asia/Almaty	F+E S D A M I	daily	hanafi	test	Arys's own table at 95 % of its 33.7 km reach, bearing 225: Arys, 2027 (QMDB's own place for the app's city; QMDB year API, capture of 9 Oct 2026)
archive/tables/pinned/kz-qmdb/2026-10-09/arys-2026.txt	kz.qmdb/arys	42.432083	68.423705	Asia/Almaty	F+E S D A M I	daily	hanafi	test	Arys's own table at 95 % of its 33.7 km reach, bearing 270: Arys, 2026 (QMDB's own place for the app's city; QMDB year API, capture of 9 Oct 2026)
archive/tables/pinned/kz-qmdb/2026-10-09/arys-2027.txt	kz.qmdb/arys	42.432083	68.423705	Asia/Almaty	F+E S D A M I	daily	hanafi	test	Arys's own table at 95 % of its 33.7 km reach, bearing 270: Arys, 2027 (QMDB's own place for the app's city; QMDB year API, capture of 9 Oct 2026)
archive/tables/pinned/kz-qmdb/2026-10-09/arys-2026.txt	kz.qmdb/arys	42.636000	68.537060	Asia/Almaty	F+E S D A M I	daily	hanafi	test	Arys's own table at 95 % of its 33.7 km reach, bearing 315: Arys, 2026 (QMDB's own place for the app's city; QMDB year API, capture of 9 Oct 2026)
archive/tables/pinned/kz-qmdb/2026-10-09/arys-2027.txt	kz.qmdb/arys	42.636000	68.537060	Asia/Almaty	F+E S D A M I	daily	hanafi	test	Arys's own table at 95 % of its 33.7 km reach, bearing 315: Arys, 2027 (QMDB's own place for the app's city; QMDB year API, capture of 9 Oct 2026)
archive/tables/pinned/kz-qmdb/2026-10-09/tekeli-2026.txt	kz.qmdb/tekeli	44.997543	78.764266	Asia/Almaty	F+E S D A M I	daily	hanafi	test	Tekeli's own table at 50 % of its 29.9 km reach, bearing 0: Tekeli, 2026 (QMDB's own place for the app's city; QMDB year API, capture of 9 Oct 2026)
archive/tables/pinned/kz-qmdb/2026-10-09/tekeli-2027.txt	kz.qmdb/tekeli	44.997543	78.764266	Asia/Almaty	F+E S D A M I	daily	hanafi	test	Tekeli's own table at 50 % of its 29.9 km reach, bearing 0: Tekeli, 2027 (QMDB's own place for the app's city; QMDB year API, capture of 9 Oct 2026)
archive/tables/pinned/kz-qmdb/2026-10-09/tekeli-2026.txt	kz.qmdb/tekeli	44.958085	78.898616	Asia/Almaty	F+E S D A M I	daily	hanafi	test	Tekeli's own table at 50 % of its 29.9 km reach, bearing 45: Tekeli, 2026 (QMDB's own place for the app's city; QMDB year API, capture of 9 Oct 2026)
archive/tables/pinned/kz-qmdb/2026-10-09/tekeli-2027.txt	kz.qmdb/tekeli	44.958085	78.898616	Asia/Almaty	F+E S D A M I	daily	hanafi	test	Tekeli's own table at 50 % of its 29.9 km reach, bearing 45: Tekeli, 2027 (QMDB's own place for the app's city; QMDB year API, capture of 9 Oct 2026)
archive/tables/pinned/kz-qmdb/2026-10-09/tekeli-2026.txt	kz.qmdb/tekeli	44.862937	78.953952	Asia/Almaty	F+E S D A M I	daily	hanafi	test	Tekeli's own table at 50 % of its 29.9 km reach, bearing 90: Tekeli, 2026 (QMDB's own place for the app's city; QMDB year API, capture of 9 Oct 2026)
archive/tables/pinned/kz-qmdb/2026-10-09/tekeli-2027.txt	kz.qmdb/tekeli	44.862937	78.953952	Asia/Almaty	F+E S D A M I	daily	hanafi	test	Tekeli's own table at 50 % of its 29.9 km reach, bearing 90: Tekeli, 2027 (QMDB's own place for the app's city; QMDB year API, capture of 9 Oct 2026)
archive/tables/pinned/kz-qmdb/2026-10-09/tekeli-2026.txt	kz.qmdb/tekeli	44.767946	78.898173	Asia/Almaty	F+E S D A M I	daily	hanafi	test	Tekeli's own table at 50 % of its 29.9 km reach, bearing 135: Tekeli, 2026 (QMDB's own place for the app's city; QMDB year API, capture of 9 Oct 2026)
archive/tables/pinned/kz-qmdb/2026-10-09/tekeli-2027.txt	kz.qmdb/tekeli	44.767946	78.898173	Asia/Almaty	F+E S D A M I	daily	hanafi	test	Tekeli's own table at 50 % of its 29.9 km reach, bearing 135: Tekeli, 2027 (QMDB's own place for the app's city; QMDB year API, capture of 9 Oct 2026)
archive/tables/pinned/kz-qmdb/2026-10-09/tekeli-2026.txt	kz.qmdb/tekeli	44.728645	78.764266	Asia/Almaty	F+E S D A M I	daily	hanafi	test	Tekeli's own table at 50 % of its 29.9 km reach, bearing 180: Tekeli, 2026 (QMDB's own place for the app's city; QMDB year API, capture of 9 Oct 2026)
archive/tables/pinned/kz-qmdb/2026-10-09/tekeli-2027.txt	kz.qmdb/tekeli	44.728645	78.764266	Asia/Almaty	F+E S D A M I	daily	hanafi	test	Tekeli's own table at 50 % of its 29.9 km reach, bearing 180: Tekeli, 2027 (QMDB's own place for the app's city; QMDB year API, capture of 9 Oct 2026)
archive/tables/pinned/kz-qmdb/2026-10-09/tekeli-2026.txt	kz.qmdb/tekeli	44.767946	78.630359	Asia/Almaty	F+E S D A M I	daily	hanafi	test	Tekeli's own table at 50 % of its 29.9 km reach, bearing 225: Tekeli, 2026 (QMDB's own place for the app's city; QMDB year API, capture of 9 Oct 2026)
archive/tables/pinned/kz-qmdb/2026-10-09/tekeli-2027.txt	kz.qmdb/tekeli	44.767946	78.630359	Asia/Almaty	F+E S D A M I	daily	hanafi	test	Tekeli's own table at 50 % of its 29.9 km reach, bearing 225: Tekeli, 2027 (QMDB's own place for the app's city; QMDB year API, capture of 9 Oct 2026)
archive/tables/pinned/kz-qmdb/2026-10-09/tekeli-2026.txt	kz.qmdb/tekeli	44.862937	78.574580	Asia/Almaty	F+E S D A M I	daily	hanafi	test	Tekeli's own table at 50 % of its 29.9 km reach, bearing 270: Tekeli, 2026 (QMDB's own place for the app's city; QMDB year API, capture of 9 Oct 2026)
archive/tables/pinned/kz-qmdb/2026-10-09/tekeli-2027.txt	kz.qmdb/tekeli	44.862937	78.574580	Asia/Almaty	F+E S D A M I	daily	hanafi	test	Tekeli's own table at 50 % of its 29.9 km reach, bearing 270: Tekeli, 2027 (QMDB's own place for the app's city; QMDB year API, capture of 9 Oct 2026)
archive/tables/pinned/kz-qmdb/2026-10-09/tekeli-2026.txt	kz.qmdb/tekeli	44.958085	78.629916	Asia/Almaty	F+E S D A M I	daily	hanafi	test	Tekeli's own table at 50 % of its 29.9 km reach, bearing 315: Tekeli, 2026 (QMDB's own place for the app's city; QMDB year API, capture of 9 Oct 2026)
archive/tables/pinned/kz-qmdb/2026-10-09/tekeli-2027.txt	kz.qmdb/tekeli	44.958085	78.629916	Asia/Almaty	F+E S D A M I	daily	hanafi	test	Tekeli's own table at 50 % of its 29.9 km reach, bearing 315: Tekeli, 2027 (QMDB's own place for the app's city; QMDB year API, capture of 9 Oct 2026)
archive/tables/pinned/kz-qmdb/2026-10-09/tekeli-2026.txt	kz.qmdb/tekeli	45.118546	78.764266	Asia/Almaty	F+E S D A M I	daily	hanafi	test	Tekeli's own table at 95 % of its 29.9 km reach, bearing 0: Tekeli, 2026 (QMDB's own place for the app's city; QMDB year API, capture of 9 Oct 2026)
archive/tables/pinned/kz-qmdb/2026-10-09/tekeli-2027.txt	kz.qmdb/tekeli	45.118546	78.764266	Asia/Almaty	F+E S D A M I	daily	hanafi	test	Tekeli's own table at 95 % of its 29.9 km reach, bearing 0: Tekeli, 2027 (QMDB's own place for the app's city; QMDB year API, capture of 9 Oct 2026)
archive/tables/pinned/kz-qmdb/2026-10-09/tekeli-2026.txt	kz.qmdb/tekeli	45.043441	79.019912	Asia/Almaty	F+E S D A M I	daily	hanafi	test	Tekeli's own table at 95 % of its 29.9 km reach, bearing 45: Tekeli, 2026 (QMDB's own place for the app's city; QMDB year API, capture of 9 Oct 2026)
archive/tables/pinned/kz-qmdb/2026-10-09/tekeli-2027.txt	kz.qmdb/tekeli	45.043441	79.019912	Asia/Almaty	F+E S D A M I	daily	hanafi	test	Tekeli's own table at 95 % of its 29.9 km reach, bearing 45: Tekeli, 2027 (QMDB's own place for the app's city; QMDB year API, capture of 9 Oct 2026)
archive/tables/pinned/kz-qmdb/2026-10-09/tekeli-2026.txt	kz.qmdb/tekeli	44.862527	79.124668	Asia/Almaty	F+E S D A M I	daily	hanafi	test	Tekeli's own table at 95 % of its 29.9 km reach, bearing 90: Tekeli, 2026 (QMDB's own place for the app's city; QMDB year API, capture of 9 Oct 2026)
archive/tables/pinned/kz-qmdb/2026-10-09/tekeli-2027.txt	kz.qmdb/tekeli	44.862527	79.124668	Asia/Almaty	F+E S D A M I	daily	hanafi	test	Tekeli's own table at 95 % of its 29.9 km reach, bearing 90: Tekeli, 2027 (QMDB's own place for the app's city; QMDB year API, capture of 9 Oct 2026)
archive/tables/pinned/kz-qmdb/2026-10-09/tekeli-2026.txt	kz.qmdb/tekeli	44.682180	79.018313	Asia/Almaty	F+E S D A M I	daily	hanafi	test	Tekeli's own table at 95 % of its 29.9 km reach, bearing 135: Tekeli, 2026 (QMDB's own place for the app's city; QMDB year API, capture of 9 Oct 2026)
archive/tables/pinned/kz-qmdb/2026-10-09/tekeli-2027.txt	kz.qmdb/tekeli	44.682180	79.018313	Asia/Almaty	F+E S D A M I	daily	hanafi	test	Tekeli's own table at 95 % of its 29.9 km reach, bearing 135: Tekeli, 2027 (QMDB's own place for the app's city; QMDB year API, capture of 9 Oct 2026)
archive/tables/pinned/kz-qmdb/2026-10-09/tekeli-2026.txt	kz.qmdb/tekeli	44.607642	78.764266	Asia/Almaty	F+E S D A M I	daily	hanafi	test	Tekeli's own table at 95 % of its 29.9 km reach, bearing 180: Tekeli, 2026 (QMDB's own place for the app's city; QMDB year API, capture of 9 Oct 2026)
archive/tables/pinned/kz-qmdb/2026-10-09/tekeli-2027.txt	kz.qmdb/tekeli	44.607642	78.764266	Asia/Almaty	F+E S D A M I	daily	hanafi	test	Tekeli's own table at 95 % of its 29.9 km reach, bearing 180: Tekeli, 2027 (QMDB's own place for the app's city; QMDB year API, capture of 9 Oct 2026)
archive/tables/pinned/kz-qmdb/2026-10-09/tekeli-2026.txt	kz.qmdb/tekeli	44.682180	78.510219	Asia/Almaty	F+E S D A M I	daily	hanafi	test	Tekeli's own table at 95 % of its 29.9 km reach, bearing 225: Tekeli, 2026 (QMDB's own place for the app's city; QMDB year API, capture of 9 Oct 2026)
archive/tables/pinned/kz-qmdb/2026-10-09/tekeli-2027.txt	kz.qmdb/tekeli	44.682180	78.510219	Asia/Almaty	F+E S D A M I	daily	hanafi	test	Tekeli's own table at 95 % of its 29.9 km reach, bearing 225: Tekeli, 2027 (QMDB's own place for the app's city; QMDB year API, capture of 9 Oct 2026)
archive/tables/pinned/kz-qmdb/2026-10-09/makinsk-2026.txt	kz.qmdb/makinsk	52.723641	70.417677	Asia/Almaty	F+E S D A M I	daily	hanafi	test	Makinsk's own table at 50 % of its 20.2 km reach, bearing 0: Makinsk, 2026 (QMDB's own place for the app's city; QMDB year API, capture of 9 Oct 2026)
archive/tables/pinned/kz-qmdb/2026-10-09/makinsk-2027.txt	kz.qmdb/makinsk	52.723641	70.417677	Asia/Almaty	F+E S D A M I	daily	hanafi	test	Makinsk's own table at 50 % of its 20.2 km reach, bearing 0: Makinsk, 2027 (QMDB's own place for the app's city; QMDB year API, capture of 9 Oct 2026)
archive/tables/pinned/kz-qmdb/2026-10-09/makinsk-2026.txt	kz.qmdb/makinsk	52.696990	70.523658	Asia/Almaty	F+E S D A M I	daily	hanafi	test	Makinsk's own table at 50 % of its 20.2 km reach, bearing 45: Makinsk, 2026 (QMDB's own place for the app's city; QMDB year API, capture of 9 Oct 2026)
archive/tables/pinned/kz-qmdb/2026-10-09/makinsk-2027.txt	kz.qmdb/makinsk	52.696990	70.523658	Asia/Almaty	F+E S D A M I	daily	hanafi	test	Makinsk's own table at 50 % of its 20.2 km reach, bearing 45: Makinsk, 2027 (QMDB's own place for the app's city; QMDB year API, capture of 9 Oct 2026)
archive/tables/pinned/kz-qmdb/2026-10-09/makinsk-2026.txt	kz.qmdb/makinsk	52.632716	70.567336	Asia/Almaty	F+E S D A M I	daily	hanafi	test	Makinsk's own table at 50 % of its 20.2 km reach, bearing 90: Makinsk, 2026 (QMDB's own place for the app's city; QMDB year API, capture of 9 Oct 2026)
archive/tables/pinned/kz-qmdb/2026-10-09/makinsk-2027.txt	kz.qmdb/makinsk	52.632716	70.567336	Asia/Almaty	F+E S D A M I	daily	hanafi	test	Makinsk's own table at 50 % of its 20.2 km reach, bearing 90: Makinsk, 2027 (QMDB's own place for the app's city; QMDB year API, capture of 9 Oct 2026)
archive/tables/pinned/kz-qmdb/2026-10-09/makinsk-2026.txt	kz.qmdb/makinsk	52.568535	70.523347	Asia/Almaty	F+E S D A M I	daily	hanafi	test	Makinsk's own table at 50 % of its 20.2 km reach, bearing 135: Makinsk, 2026 (QMDB's own place for the app's city; QMDB year API, capture of 9 Oct 2026)
archive/tables/pinned/kz-qmdb/2026-10-09/makinsk-2027.txt	kz.qmdb/makinsk	52.568535	70.523347	Asia/Almaty	F+E S D A M I	daily	hanafi	test	Makinsk's own table at 50 % of its 20.2 km reach, bearing 135: Makinsk, 2027 (QMDB's own place for the app's city; QMDB year API, capture of 9 Oct 2026)
archive/tables/pinned/kz-qmdb/2026-10-09/makinsk-2026.txt	kz.qmdb/makinsk	52.541979	70.417677	Asia/Almaty	F+E S D A M I	daily	hanafi	test	Makinsk's own table at 50 % of its 20.2 km reach, bearing 180: Makinsk, 2026 (QMDB's own place for the app's city; QMDB year API, capture of 9 Oct 2026)
archive/tables/pinned/kz-qmdb/2026-10-09/makinsk-2027.txt	kz.qmdb/makinsk	52.541979	70.417677	Asia/Almaty	F+E S D A M I	daily	hanafi	test	Makinsk's own table at 50 % of its 20.2 km reach, bearing 180: Makinsk, 2027 (QMDB's own place for the app's city; QMDB year API, capture of 9 Oct 2026)
archive/tables/pinned/kz-qmdb/2026-10-09/makinsk-2026.txt	kz.qmdb/makinsk	52.568535	70.312007	Asia/Almaty	F+E S D A M I	daily	hanafi	test	Makinsk's own table at 50 % of its 20.2 km reach, bearing 225: Makinsk, 2026 (QMDB's own place for the app's city; QMDB year API, capture of 9 Oct 2026)
archive/tables/pinned/kz-qmdb/2026-10-09/makinsk-2027.txt	kz.qmdb/makinsk	52.568535	70.312007	Asia/Almaty	F+E S D A M I	daily	hanafi	test	Makinsk's own table at 50 % of its 20.2 km reach, bearing 225: Makinsk, 2027 (QMDB's own place for the app's city; QMDB year API, capture of 9 Oct 2026)
archive/tables/pinned/kz-qmdb/2026-10-09/makinsk-2026.txt	kz.qmdb/makinsk	52.632716	70.268018	Asia/Almaty	F+E S D A M I	daily	hanafi	test	Makinsk's own table at 50 % of its 20.2 km reach, bearing 270: Makinsk, 2026 (QMDB's own place for the app's city; QMDB year API, capture of 9 Oct 2026)
archive/tables/pinned/kz-qmdb/2026-10-09/makinsk-2027.txt	kz.qmdb/makinsk	52.632716	70.268018	Asia/Almaty	F+E S D A M I	daily	hanafi	test	Makinsk's own table at 50 % of its 20.2 km reach, bearing 270: Makinsk, 2027 (QMDB's own place for the app's city; QMDB year API, capture of 9 Oct 2026)
archive/tables/pinned/kz-qmdb/2026-10-09/makinsk-2026.txt	kz.qmdb/makinsk	52.696990	70.311696	Asia/Almaty	F+E S D A M I	daily	hanafi	test	Makinsk's own table at 50 % of its 20.2 km reach, bearing 315: Makinsk, 2026 (QMDB's own place for the app's city; QMDB year API, capture of 9 Oct 2026)
archive/tables/pinned/kz-qmdb/2026-10-09/makinsk-2027.txt	kz.qmdb/makinsk	52.696990	70.311696	Asia/Almaty	F+E S D A M I	daily	hanafi	test	Makinsk's own table at 50 % of its 20.2 km reach, bearing 315: Makinsk, 2027 (QMDB's own place for the app's city; QMDB year API, capture of 9 Oct 2026)
archive/tables/pinned/kz-qmdb/2026-10-09/makinsk-2026.txt	kz.qmdb/makinsk	52.805390	70.417677	Asia/Almaty	F+E S D A M I	daily	hanafi	test	Makinsk's own table at 95 % of its 20.2 km reach, bearing 0: Makinsk, 2026 (QMDB's own place for the app's city; QMDB year API, capture of 9 Oct 2026)
archive/tables/pinned/kz-qmdb/2026-10-09/makinsk-2027.txt	kz.qmdb/makinsk	52.805390	70.417677	Asia/Almaty	F+E S D A M I	daily	hanafi	test	Makinsk's own table at 95 % of its 20.2 km reach, bearing 0: Makinsk, 2027 (QMDB's own place for the app's city; QMDB year API, capture of 9 Oct 2026)
archive/tables/pinned/kz-qmdb/2026-10-09/makinsk-2026.txt	kz.qmdb/makinsk	52.754672	70.619307	Asia/Almaty	F+E S D A M I	daily	hanafi	test	Makinsk's own table at 95 % of its 20.2 km reach, bearing 45: Makinsk, 2026 (QMDB's own place for the app's city; QMDB year API, capture of 9 Oct 2026)
archive/tables/pinned/kz-qmdb/2026-10-09/makinsk-2027.txt	kz.qmdb/makinsk	52.754672	70.619307	Asia/Almaty	F+E S D A M I	daily	hanafi	test	Makinsk's own table at 95 % of its 20.2 km reach, bearing 45: Makinsk, 2027 (QMDB's own place for the app's city; QMDB year API, capture of 9 Oct 2026)
archive/tables/pinned/kz-qmdb/2026-10-09/makinsk-2026.txt	kz.qmdb/makinsk	52.632470	70.702029	Asia/Almaty	F+E S D A M I	daily	hanafi	test	Makinsk's own table at 95 % of its 20.2 km reach, bearing 90: Makinsk, 2026 (QMDB's own place for the app's city; QMDB year API, capture of 9 Oct 2026)
archive/tables/pinned/kz-qmdb/2026-10-09/makinsk-2027.txt	kz.qmdb/makinsk	52.632470	70.702029	Asia/Almaty	F+E S D A M I	daily	hanafi	test	Makinsk's own table at 95 % of its 20.2 km reach, bearing 90: Makinsk, 2027 (QMDB's own place for the app's city; QMDB year API, capture of 9 Oct 2026)
archive/tables/pinned/kz-qmdb/2026-10-09/makinsk-2026.txt	kz.qmdb/makinsk	52.510608	70.618186	Asia/Almaty	F+E S D A M I	daily	hanafi	test	Makinsk's own table at 95 % of its 20.2 km reach, bearing 135: Makinsk, 2026 (QMDB's own place for the app's city; QMDB year API, capture of 9 Oct 2026)
archive/tables/pinned/kz-qmdb/2026-10-09/makinsk-2027.txt	kz.qmdb/makinsk	52.510608	70.618186	Asia/Almaty	F+E S D A M I	daily	hanafi	test	Makinsk's own table at 95 % of its 20.2 km reach, bearing 135: Makinsk, 2027 (QMDB's own place for the app's city; QMDB year API, capture of 9 Oct 2026)
archive/tables/pinned/kz-qmdb/2026-10-09/makinsk-2026.txt	kz.qmdb/makinsk	52.460230	70.417677	Asia/Almaty	F+E S D A M I	daily	hanafi	test	Makinsk's own table at 95 % of its 20.2 km reach, bearing 180: Makinsk, 2026 (QMDB's own place for the app's city; QMDB year API, capture of 9 Oct 2026)
archive/tables/pinned/kz-qmdb/2026-10-09/makinsk-2027.txt	kz.qmdb/makinsk	52.460230	70.417677	Asia/Almaty	F+E S D A M I	daily	hanafi	test	Makinsk's own table at 95 % of its 20.2 km reach, bearing 180: Makinsk, 2027 (QMDB's own place for the app's city; QMDB year API, capture of 9 Oct 2026)
archive/tables/pinned/kz-qmdb/2026-10-09/makinsk-2026.txt	kz.qmdb/makinsk	52.510608	70.217168	Asia/Almaty	F+E S D A M I	daily	hanafi	test	Makinsk's own table at 95 % of its 20.2 km reach, bearing 225: Makinsk, 2026 (QMDB's own place for the app's city; QMDB year API, capture of 9 Oct 2026)
archive/tables/pinned/kz-qmdb/2026-10-09/makinsk-2027.txt	kz.qmdb/makinsk	52.510608	70.217168	Asia/Almaty	F+E S D A M I	daily	hanafi	test	Makinsk's own table at 95 % of its 20.2 km reach, bearing 225: Makinsk, 2027 (QMDB's own place for the app's city; QMDB year API, capture of 9 Oct 2026)
archive/tables/pinned/kz-qmdb/2026-10-09/makinsk-2026.txt	kz.qmdb/makinsk	52.632470	70.133325	Asia/Almaty	F+E S D A M I	daily	hanafi	test	Makinsk's own table at 95 % of its 20.2 km reach, bearing 270: Makinsk, 2026 (QMDB's own place for the app's city; QMDB year API, capture of 9 Oct 2026)
archive/tables/pinned/kz-qmdb/2026-10-09/makinsk-2027.txt	kz.qmdb/makinsk	52.632470	70.133325	Asia/Almaty	F+E S D A M I	daily	hanafi	test	Makinsk's own table at 95 % of its 20.2 km reach, bearing 270: Makinsk, 2027 (QMDB's own place for the app's city; QMDB year API, capture of 9 Oct 2026)
archive/tables/pinned/kz-qmdb/2026-10-09/makinsk-2026.txt	kz.qmdb/makinsk	52.754672	70.216047	Asia/Almaty	F+E S D A M I	daily	hanafi	test	Makinsk's own table at 95 % of its 20.2 km reach, bearing 315: Makinsk, 2026 (QMDB's own place for the app's city; QMDB year API, capture of 9 Oct 2026)
archive/tables/pinned/kz-qmdb/2026-10-09/makinsk-2027.txt	kz.qmdb/makinsk	52.754672	70.216047	Asia/Almaty	F+E S D A M I	daily	hanafi	test	Makinsk's own table at 95 % of its 20.2 km reach, bearing 315: Makinsk, 2027 (QMDB's own place for the app's city; QMDB year API, capture of 9 Oct 2026)
archive/tables/pinned/kz-qmdb/2026-10-09/sarkand-2026.txt	kz.qmdb/sarkand	45.539121	79.916894	Asia/Almaty	F+E S D A M I	daily	hanafi	test	Sarkand's own table at 50 % of its 27.9 km reach, bearing 0: Sarkand, 2026 (QMDB's own place for the app's city; QMDB year API, capture of 9 Oct 2026)
archive/tables/pinned/kz-qmdb/2026-10-09/sarkand-2027.txt	kz.qmdb/sarkand	45.539121	79.916894	Asia/Almaty	F+E S D A M I	daily	hanafi	test	Sarkand's own table at 50 % of its 27.9 km reach, bearing 0: Sarkand, 2027 (QMDB's own place for the app's city; QMDB year API, capture of 9 Oct 2026)
archive/tables/pinned/kz-qmdb/2026-10-09/sarkand-2026.txt	kz.qmdb/sarkand	45.502307	80.043464	Asia/Almaty	F+E S D A M I	daily	hanafi	test	Sarkand's own table at 50 % of its 27.9 km reach, bearing 45: Sarkand, 2026 (QMDB's own place for the app's city; QMDB year API, capture of 9 Oct 2026)
archive/tables/pinned/kz-qmdb/2026-10-09/sarkand-2027.txt	kz.qmdb/sarkand	45.502307	80.043464	Asia/Almaty	F+E S D A M I	daily	hanafi	test	Sarkand's own table at 50 % of its 27.9 km reach, bearing 45: Sarkand, 2027 (QMDB's own place for the app's city; QMDB year API, capture of 9 Oct 2026)
archive/tables/pinned/kz-qmdb/2026-10-09/sarkand-2026.txt	kz.qmdb/sarkand	45.413527	80.095609	Asia/Almaty	F+E S D A M I	daily	hanafi	test	Sarkand's own table at 50 % of its 27.9 km reach, bearing 90: Sarkand, 2026 (QMDB's own place for the app's city; QMDB year API, capture of 9 Oct 2026)
archive/tables/pinned/kz-qmdb/2026-10-09/sarkand-2027.txt	kz.qmdb/sarkand	45.413527	80.095609	Asia/Almaty	F+E S D A M I	daily	hanafi	test	Sarkand's own table at 50 % of its 27.9 km reach, bearing 90: Sarkand, 2027 (QMDB's own place for the app's city; QMDB year API, capture of 9 Oct 2026)
archive/tables/pinned/kz-qmdb/2026-10-09/sarkand-2026.txt	kz.qmdb/sarkand	45.324886	80.043067	Asia/Almaty	F+E S D A M I	daily	hanafi	test	Sarkand's own table at 50 % of its 27.9 km reach, bearing 135: Sarkand, 2026 (QMDB's own place for the app's city; QMDB year API, capture of 9 Oct 2026)
archive/tables/pinned/kz-qmdb/2026-10-09/sarkand-2027.txt	kz.qmdb/sarkand	45.324886	80.043067	Asia/Almaty	F+E S D A M I	daily	hanafi	test	Sarkand's own table at 50 % of its 27.9 km reach, bearing 135: Sarkand, 2027 (QMDB's own place for the app's city; QMDB year API, capture of 9 Oct 2026)
archive/tables/pinned/kz-qmdb/2026-10-09/sarkand-2026.txt	kz.qmdb/sarkand	45.288211	79.916894	Asia/Almaty	F+E S D A M I	daily	hanafi	test	Sarkand's own table at 50 % of its 27.9 km reach, bearing 180: Sarkand, 2026 (QMDB's own place for the app's city; QMDB year API, capture of 9 Oct 2026)
archive/tables/pinned/kz-qmdb/2026-10-09/sarkand-2027.txt	kz.qmdb/sarkand	45.288211	79.916894	Asia/Almaty	F+E S D A M I	daily	hanafi	test	Sarkand's own table at 50 % of its 27.9 km reach, bearing 180: Sarkand, 2027 (QMDB's own place for the app's city; QMDB year API, capture of 9 Oct 2026)
archive/tables/pinned/kz-qmdb/2026-10-09/sarkand-2026.txt	kz.qmdb/sarkand	45.324886	79.790721	Asia/Almaty	F+E S D A M I	daily	hanafi	test	Sarkand's own table at 50 % of its 27.9 km reach, bearing 225: Sarkand, 2026 (QMDB's own place for the app's city; QMDB year API, capture of 9 Oct 2026)
archive/tables/pinned/kz-qmdb/2026-10-09/sarkand-2027.txt	kz.qmdb/sarkand	45.324886	79.790721	Asia/Almaty	F+E S D A M I	daily	hanafi	test	Sarkand's own table at 50 % of its 27.9 km reach, bearing 225: Sarkand, 2027 (QMDB's own place for the app's city; QMDB year API, capture of 9 Oct 2026)
archive/tables/pinned/kz-qmdb/2026-10-09/sarkand-2026.txt	kz.qmdb/sarkand	45.413527	79.738179	Asia/Almaty	F+E S D A M I	daily	hanafi	test	Sarkand's own table at 50 % of its 27.9 km reach, bearing 270: Sarkand, 2026 (QMDB's own place for the app's city; QMDB year API, capture of 9 Oct 2026)
archive/tables/pinned/kz-qmdb/2026-10-09/sarkand-2027.txt	kz.qmdb/sarkand	45.413527	79.738179	Asia/Almaty	F+E S D A M I	daily	hanafi	test	Sarkand's own table at 50 % of its 27.9 km reach, bearing 270: Sarkand, 2027 (QMDB's own place for the app's city; QMDB year API, capture of 9 Oct 2026)
archive/tables/pinned/kz-qmdb/2026-10-09/sarkand-2026.txt	kz.qmdb/sarkand	45.502307	79.790324	Asia/Almaty	F+E S D A M I	daily	hanafi	test	Sarkand's own table at 50 % of its 27.9 km reach, bearing 315: Sarkand, 2026 (QMDB's own place for the app's city; QMDB year API, capture of 9 Oct 2026)
archive/tables/pinned/kz-qmdb/2026-10-09/sarkand-2027.txt	kz.qmdb/sarkand	45.502307	79.790324	Asia/Almaty	F+E S D A M I	daily	hanafi	test	Sarkand's own table at 50 % of its 27.9 km reach, bearing 315: Sarkand, 2027 (QMDB's own place for the app's city; QMDB year API, capture of 9 Oct 2026)
archive/tables/pinned/kz-qmdb/2026-10-09/sarkand-2026.txt	kz.qmdb/sarkand	45.652031	79.916894	Asia/Almaty	F+E S D A M I	daily	hanafi	test	Sarkand's own table at 95 % of its 27.9 km reach, bearing 0: Sarkand, 2026 (QMDB's own place for the app's city; QMDB year API, capture of 9 Oct 2026)
archive/tables/pinned/kz-qmdb/2026-10-09/sarkand-2027.txt	kz.qmdb/sarkand	45.652031	79.916894	Asia/Almaty	F+E S D A M I	daily	hanafi	test	Sarkand's own table at 95 % of its 27.9 km reach, bearing 0: Sarkand, 2027 (QMDB's own place for the app's city; QMDB year API, capture of 9 Oct 2026)
archive/tables/pinned/kz-qmdb/2026-10-09/sarkand-2026.txt	kz.qmdb/sarkand	45.581963	80.157718	Asia/Almaty	F+E S D A M I	daily	hanafi	test	Sarkand's own table at 95 % of its 27.9 km reach, bearing 45: Sarkand, 2026 (QMDB's own place for the app's city; QMDB year API, capture of 9 Oct 2026)
archive/tables/pinned/kz-qmdb/2026-10-09/sarkand-2027.txt	kz.qmdb/sarkand	45.581963	80.157718	Asia/Almaty	F+E S D A M I	daily	hanafi	test	Sarkand's own table at 95 % of its 27.9 km reach, bearing 45: Sarkand, 2027 (QMDB's own place for the app's city; QMDB year API, capture of 9 Oct 2026)
archive/tables/pinned/kz-qmdb/2026-10-09/sarkand-2026.txt	kz.qmdb/sarkand	45.413163	80.256452	Asia/Almaty	F+E S D A M I	daily	hanafi	test	Sarkand's own table at 95 % of its 27.9 km reach, bearing 90: Sarkand, 2026 (QMDB's own place for the app's city; QMDB year API, capture of 9 Oct 2026)
archive/tables/pinned/kz-qmdb/2026-10-09/sarkand-2027.txt	kz.qmdb/sarkand	45.413163	80.256452	Asia/Almaty	F+E S D A M I	daily	hanafi	test	Sarkand's own table at 95 % of its 27.9 km reach, bearing 90: Sarkand, 2027 (QMDB's own place for the app's city; QMDB year API, capture of 9 Oct 2026)
archive/tables/pinned/kz-qmdb/2026-10-09/sarkand-2026.txt	kz.qmdb/sarkand	45.244866	80.156284	Asia/Almaty	F+E S D A M I	daily	hanafi	test	Sarkand's own table at 95 % of its 27.9 km reach, bearing 135: Sarkand, 2026 (QMDB's own place for the app's city; QMDB year API, capture of 9 Oct 2026)
archive/tables/pinned/kz-qmdb/2026-10-09/sarkand-2027.txt	kz.qmdb/sarkand	45.244866	80.156284	Asia/Almaty	F+E S D A M I	daily	hanafi	test	Sarkand's own table at 95 % of its 27.9 km reach, bearing 135: Sarkand, 2027 (QMDB's own place for the app's city; QMDB year API, capture of 9 Oct 2026)
archive/tables/pinned/kz-qmdb/2026-10-09/sarkand-2026.txt	kz.qmdb/sarkand	45.175301	79.916894	Asia/Almaty	F+E S D A M I	daily	hanafi	test	Sarkand's own table at 95 % of its 27.9 km reach, bearing 180: Sarkand, 2026 (QMDB's own place for the app's city; QMDB year API, capture of 9 Oct 2026)
archive/tables/pinned/kz-qmdb/2026-10-09/sarkand-2027.txt	kz.qmdb/sarkand	45.175301	79.916894	Asia/Almaty	F+E S D A M I	daily	hanafi	test	Sarkand's own table at 95 % of its 27.9 km reach, bearing 180: Sarkand, 2027 (QMDB's own place for the app's city; QMDB year API, capture of 9 Oct 2026)
archive/tables/pinned/kz-qmdb/2026-10-09/sarkand-2026.txt	kz.qmdb/sarkand	45.244866	79.677504	Asia/Almaty	F+E S D A M I	daily	hanafi	test	Sarkand's own table at 95 % of its 27.9 km reach, bearing 225: Sarkand, 2026 (QMDB's own place for the app's city; QMDB year API, capture of 9 Oct 2026)
archive/tables/pinned/kz-qmdb/2026-10-09/sarkand-2027.txt	kz.qmdb/sarkand	45.244866	79.677504	Asia/Almaty	F+E S D A M I	daily	hanafi	test	Sarkand's own table at 95 % of its 27.9 km reach, bearing 225: Sarkand, 2027 (QMDB's own place for the app's city; QMDB year API, capture of 9 Oct 2026)
archive/tables/pinned/kz-qmdb/2026-10-09/sarkand-2026.txt	kz.qmdb/sarkand	45.413163	79.577336	Asia/Almaty	F+E S D A M I	daily	hanafi	test	Sarkand's own table at 95 % of its 27.9 km reach, bearing 270: Sarkand, 2026 (QMDB's own place for the app's city; QMDB year API, capture of 9 Oct 2026)
archive/tables/pinned/kz-qmdb/2026-10-09/sarkand-2027.txt	kz.qmdb/sarkand	45.413163	79.577336	Asia/Almaty	F+E S D A M I	daily	hanafi	test	Sarkand's own table at 95 % of its 27.9 km reach, bearing 270: Sarkand, 2027 (QMDB's own place for the app's city; QMDB year API, capture of 9 Oct 2026)
archive/tables/pinned/kz-qmdb/2026-10-09/sarkand-2026.txt	kz.qmdb/sarkand	45.581963	79.676070	Asia/Almaty	F+E S D A M I	daily	hanafi	test	Sarkand's own table at 95 % of its 27.9 km reach, bearing 315: Sarkand, 2026 (QMDB's own place for the app's city; QMDB year API, capture of 9 Oct 2026)
archive/tables/pinned/kz-qmdb/2026-10-09/sarkand-2027.txt	kz.qmdb/sarkand	45.581963	79.676070	Asia/Almaty	F+E S D A M I	daily	hanafi	test	Sarkand's own table at 95 % of its 27.9 km reach, bearing 315: Sarkand, 2027 (QMDB's own place for the app's city; QMDB year API, capture of 9 Oct 2026)
archive/tables/pinned/kz-qmdb/2026-10-09/taldykorgan-2026.txt	kz.qmdb/taldykorgan	45.148239	78.382123	Asia/Almaty	F+E S D A M I	daily	hanafi	test	Taldykorgan's own table at 50 % of its 29.0 km reach, bearing 0: Taldykorgan, 2026 (QMDB's own place for the app's city; QMDB year API, capture of 9 Oct 2026)
archive/tables/pinned/kz-qmdb/2026-10-09/taldykorgan-2027.txt	kz.qmdb/taldykorgan	45.148239	78.382123	Asia/Almaty	F+E S D A M I	daily	hanafi	test	Taldykorgan's own table at 50 % of its 29.0 km reach, bearing 0: Taldykorgan, 2027 (QMDB's own place for the app's city; QMDB year API, capture of 9 Oct 2026)
archive/tables/pinned/kz-qmdb/2026-10-09/taldykorgan-2026.txt	kz.qmdb/taldykorgan	45.109970	78.512776	Asia/Almaty	F+E S D A M I	daily	hanafi	test	Taldykorgan's own table at 50 % of its 29.0 km reach, bearing 45: Taldykorgan, 2026 (QMDB's own place for the app's city; QMDB year API, capture of 9 Oct 2026)
archive/tables/pinned/kz-qmdb/2026-10-09/taldykorgan-2027.txt	kz.qmdb/taldykorgan	45.109970	78.512776	Asia/Almaty	F+E S D A M I	daily	hanafi	test	Taldykorgan's own table at 50 % of its 29.0 km reach, bearing 45: Taldykorgan, 2027 (QMDB's own place for the app's city; QMDB year API, capture of 9 Oct 2026)
archive/tables/pinned/kz-qmdb/2026-10-09/taldykorgan-2026.txt	kz.qmdb/taldykorgan	45.017689	78.566596	Asia/Almaty	F+E S D A M I	daily	hanafi	test	Taldykorgan's own table at 50 % of its 29.0 km reach, bearing 90: Taldykorgan, 2026 (QMDB's own place for the app's city; QMDB year API, capture of 9 Oct 2026)
archive/tables/pinned/kz-qmdb/2026-10-09/taldykorgan-2027.txt	kz.qmdb/taldykorgan	45.017689	78.566596	Asia/Almaty	F+E S D A M I	daily	hanafi	test	Taldykorgan's own table at 50 % of its 29.0 km reach, bearing 90: Taldykorgan, 2027 (QMDB's own place for the app's city; QMDB year API, capture of 9 Oct 2026)
archive/tables/pinned/kz-qmdb/2026-10-09/taldykorgan-2026.txt	kz.qmdb/taldykorgan	44.925555	78.512356	Asia/Almaty	F+E S D A M I	daily	hanafi	test	Taldykorgan's own table at 50 % of its 29.0 km reach, bearing 135: Taldykorgan, 2026 (QMDB's own place for the app's city; QMDB year API, capture of 9 Oct 2026)
archive/tables/pinned/kz-qmdb/2026-10-09/taldykorgan-2027.txt	kz.qmdb/taldykorgan	44.925555	78.512356	Asia/Almaty	F+E S D A M I	daily	hanafi	test	Taldykorgan's own table at 50 % of its 29.0 km reach, bearing 135: Taldykorgan, 2027 (QMDB's own place for the app's city; QMDB year API, capture of 9 Oct 2026)
archive/tables/pinned/kz-qmdb/2026-10-09/taldykorgan-2026.txt	kz.qmdb/taldykorgan	44.887435	78.382123	Asia/Almaty	F+E S D A M I	daily	hanafi	test	Taldykorgan's own table at 50 % of its 29.0 km reach, bearing 180: Taldykorgan, 2026 (QMDB's own place for the app's city; QMDB year API, capture of 9 Oct 2026)
archive/tables/pinned/kz-qmdb/2026-10-09/taldykorgan-2027.txt	kz.qmdb/taldykorgan	44.887435	78.382123	Asia/Almaty	F+E S D A M I	daily	hanafi	test	Taldykorgan's own table at 50 % of its 29.0 km reach, bearing 180: Taldykorgan, 2027 (QMDB's own place for the app's city; QMDB year API, capture of 9 Oct 2026)
archive/tables/pinned/kz-qmdb/2026-10-09/taldykorgan-2026.txt	kz.qmdb/taldykorgan	44.925555	78.251890	Asia/Almaty	F+E S D A M I	daily	hanafi	test	Taldykorgan's own table at 50 % of its 29.0 km reach, bearing 225: Taldykorgan, 2026 (QMDB's own place for the app's city; QMDB year API, capture of 9 Oct 2026)
archive/tables/pinned/kz-qmdb/2026-10-09/taldykorgan-2027.txt	kz.qmdb/taldykorgan	44.925555	78.251890	Asia/Almaty	F+E S D A M I	daily	hanafi	test	Taldykorgan's own table at 50 % of its 29.0 km reach, bearing 225: Taldykorgan, 2027 (QMDB's own place for the app's city; QMDB year API, capture of 9 Oct 2026)
archive/tables/pinned/kz-qmdb/2026-10-09/taldykorgan-2026.txt	kz.qmdb/taldykorgan	45.017689	78.197650	Asia/Almaty	F+E S D A M I	daily	hanafi	test	Taldykorgan's own table at 50 % of its 29.0 km reach, bearing 270: Taldykorgan, 2026 (QMDB's own place for the app's city; QMDB year API, capture of 9 Oct 2026)
archive/tables/pinned/kz-qmdb/2026-10-09/taldykorgan-2027.txt	kz.qmdb/taldykorgan	45.017689	78.197650	Asia/Almaty	F+E S D A M I	daily	hanafi	test	Taldykorgan's own table at 50 % of its 29.0 km reach, bearing 270: Taldykorgan, 2027 (QMDB's own place for the app's city; QMDB year API, capture of 9 Oct 2026)
archive/tables/pinned/kz-qmdb/2026-10-09/taldykorgan-2026.txt	kz.qmdb/taldykorgan	45.109970	78.251470	Asia/Almaty	F+E S D A M I	daily	hanafi	test	Taldykorgan's own table at 50 % of its 29.0 km reach, bearing 315: Taldykorgan, 2026 (QMDB's own place for the app's city; QMDB year API, capture of 9 Oct 2026)
archive/tables/pinned/kz-qmdb/2026-10-09/taldykorgan-2027.txt	kz.qmdb/taldykorgan	45.109970	78.251470	Asia/Almaty	F+E S D A M I	daily	hanafi	test	Taldykorgan's own table at 50 % of its 29.0 km reach, bearing 315: Taldykorgan, 2027 (QMDB's own place for the app's city; QMDB year API, capture of 9 Oct 2026)
archive/tables/pinned/kz-qmdb/2026-10-09/taldykorgan-2026.txt	kz.qmdb/taldykorgan	45.265600	78.382123	Asia/Almaty	F+E S D A M I	daily	hanafi	test	Taldykorgan's own table at 95 % of its 29.0 km reach, bearing 0: Taldykorgan, 2026 (QMDB's own place for the app's city; QMDB year API, capture of 9 Oct 2026)
archive/tables/pinned/kz-qmdb/2026-10-09/taldykorgan-2027.txt	kz.qmdb/taldykorgan	45.265600	78.382123	Asia/Almaty	F+E S D A M I	daily	hanafi	test	Taldykorgan's own table at 95 % of its 29.0 km reach, bearing 0: Taldykorgan, 2027 (QMDB's own place for the app's city; QMDB year API, capture of 9 Oct 2026)
archive/tables/pinned/kz-qmdb/2026-10-09/taldykorgan-2026.txt	kz.qmdb/taldykorgan	45.192763	78.630724	Asia/Almaty	F+E S D A M I	daily	hanafi	test	Taldykorgan's own table at 95 % of its 29.0 km reach, bearing 45: Taldykorgan, 2026 (QMDB's own place for the app's city; QMDB year API, capture of 9 Oct 2026)
archive/tables/pinned/kz-qmdb/2026-10-09/taldykorgan-2027.txt	kz.qmdb/taldykorgan	45.192763	78.630724	Asia/Almaty	F+E S D A M I	daily	hanafi	test	Taldykorgan's own table at 95 % of its 29.0 km reach, bearing 45: Taldykorgan, 2027 (QMDB's own place for the app's city; QMDB year API, capture of 9 Oct 2026)
archive/tables/pinned/kz-qmdb/2026-10-09/taldykorgan-2026.txt	kz.qmdb/taldykorgan	44.770074	78.382123	Asia/Almaty	F+E S D A M I	daily	hanafi	test	Taldykorgan's own table at 95 % of its 29.0 km reach, bearing 180: Taldykorgan, 2026 (QMDB's own place for the app's city; QMDB year API, capture of 9 Oct 2026)
archive/tables/pinned/kz-qmdb/2026-10-09/taldykorgan-2027.txt	kz.qmdb/taldykorgan	44.770074	78.382123	Asia/Almaty	F+E S D A M I	daily	hanafi	test	Taldykorgan's own table at 95 % of its 29.0 km reach, bearing 180: Taldykorgan, 2027 (QMDB's own place for the app's city; QMDB year API, capture of 9 Oct 2026)
archive/tables/pinned/kz-qmdb/2026-10-09/taldykorgan-2026.txt	kz.qmdb/taldykorgan	44.842375	78.135039	Asia/Almaty	F+E S D A M I	daily	hanafi	test	Taldykorgan's own table at 95 % of its 29.0 km reach, bearing 225: Taldykorgan, 2026 (QMDB's own place for the app's city; QMDB year API, capture of 9 Oct 2026)
archive/tables/pinned/kz-qmdb/2026-10-09/taldykorgan-2027.txt	kz.qmdb/taldykorgan	44.842375	78.135039	Asia/Almaty	F+E S D A M I	daily	hanafi	test	Taldykorgan's own table at 95 % of its 29.0 km reach, bearing 225: Taldykorgan, 2027 (QMDB's own place for the app's city; QMDB year API, capture of 9 Oct 2026)
archive/tables/pinned/kz-qmdb/2026-10-09/ushtobe-2026.txt	kz.qmdb/ushtobe	45.377126	77.980827	Asia/Almaty	F+E S D A M I	daily	hanafi	test	Ushtobe's own table at 50 % of its 28.0 km reach, bearing 0: Ushtobe, 2026 (QMDB's own place for the app's city; QMDB year API, capture of 9 Oct 2026)
archive/tables/pinned/kz-qmdb/2026-10-09/ushtobe-2027.txt	kz.qmdb/ushtobe	45.377126	77.980827	Asia/Almaty	F+E S D A M I	daily	hanafi	test	Ushtobe's own table at 50 % of its 28.0 km reach, bearing 0: Ushtobe, 2027 (QMDB's own place for the app's city; QMDB year API, capture of 9 Oct 2026)
archive/tables/pinned/kz-qmdb/2026-10-09/ushtobe-2026.txt	kz.qmdb/ushtobe	45.340179	78.107486	Asia/Almaty	F+E S D A M I	daily	hanafi	test	Ushtobe's own table at 50 % of its 28.0 km reach, bearing 45: Ushtobe, 2026 (QMDB's own place for the app's city; QMDB year API, capture of 9 Oct 2026)
archive/tables/pinned/kz-qmdb/2026-10-09/ushtobe-2027.txt	kz.qmdb/ushtobe	45.340179	78.107486	Asia/Almaty	F+E S D A M I	daily	hanafi	test	Ushtobe's own table at 50 % of its 28.0 km reach, bearing 45: Ushtobe, 2027 (QMDB's own place for the app's city; QMDB year API, capture of 9 Oct 2026)
archive/tables/pinned/kz-qmdb/2026-10-09/ushtobe-2026.txt	kz.qmdb/ushtobe	45.251081	78.159669	Asia/Almaty	F+E S D A M I	daily	hanafi	test	Ushtobe's own table at 50 % of its 28.0 km reach, bearing 90: Ushtobe, 2026 (QMDB's own place for the app's city; QMDB year API, capture of 9 Oct 2026)
archive/tables/pinned/kz-qmdb/2026-10-09/ushtobe-2027.txt	kz.qmdb/ushtobe	45.251081	78.159669	Asia/Almaty	F+E S D A M I	daily	hanafi	test	Ushtobe's own table at 50 % of its 28.0 km reach, bearing 90: Ushtobe, 2027 (QMDB's own place for the app's city; QMDB year API, capture of 9 Oct 2026)
archive/tables/pinned/kz-qmdb/2026-10-09/ushtobe-2026.txt	kz.qmdb/ushtobe	45.162123	78.107090	Asia/Almaty	F+E S D A M I	daily	hanafi	test	Ushtobe's own table at 50 % of its 28.0 km reach, bearing 135: Ushtobe, 2026 (QMDB's own place for the app's city; QMDB year API, capture of 9 Oct 2026)
archive/tables/pinned/kz-qmdb/2026-10-09/ushtobe-2027.txt	kz.qmdb/ushtobe	45.162123	78.107090	Asia/Almaty	F+E S D A M I	daily	hanafi	test	Ushtobe's own table at 50 % of its 28.0 km reach, bearing 135: Ushtobe, 2027 (QMDB's own place for the app's city; QMDB year API, capture of 9 Oct 2026)
archive/tables/pinned/kz-qmdb/2026-10-09/ushtobe-2026.txt	kz.qmdb/ushtobe	45.125316	77.980827	Asia/Almaty	F+E S D A M I	daily	hanafi	test	Ushtobe's own table at 50 % of its 28.0 km reach, bearing 180: Ushtobe, 2026 (QMDB's own place for the app's city; QMDB year API, capture of 9 Oct 2026)
archive/tables/pinned/kz-qmdb/2026-10-09/ushtobe-2027.txt	kz.qmdb/ushtobe	45.125316	77.980827	Asia/Almaty	F+E S D A M I	daily	hanafi	test	Ushtobe's own table at 50 % of its 28.0 km reach, bearing 180: Ushtobe, 2027 (QMDB's own place for the app's city; QMDB year API, capture of 9 Oct 2026)
archive/tables/pinned/kz-qmdb/2026-10-09/ushtobe-2026.txt	kz.qmdb/ushtobe	45.162123	77.854564	Asia/Almaty	F+E S D A M I	daily	hanafi	test	Ushtobe's own table at 50 % of its 28.0 km reach, bearing 225: Ushtobe, 2026 (QMDB's own place for the app's city; QMDB year API, capture of 9 Oct 2026)
archive/tables/pinned/kz-qmdb/2026-10-09/ushtobe-2027.txt	kz.qmdb/ushtobe	45.162123	77.854564	Asia/Almaty	F+E S D A M I	daily	hanafi	test	Ushtobe's own table at 50 % of its 28.0 km reach, bearing 225: Ushtobe, 2027 (QMDB's own place for the app's city; QMDB year API, capture of 9 Oct 2026)
archive/tables/pinned/kz-qmdb/2026-10-09/ushtobe-2026.txt	kz.qmdb/ushtobe	45.251081	77.801985	Asia/Almaty	F+E S D A M I	daily	hanafi	test	Ushtobe's own table at 50 % of its 28.0 km reach, bearing 270: Ushtobe, 2026 (QMDB's own place for the app's city; QMDB year API, capture of 9 Oct 2026)
archive/tables/pinned/kz-qmdb/2026-10-09/ushtobe-2027.txt	kz.qmdb/ushtobe	45.251081	77.801985	Asia/Almaty	F+E S D A M I	daily	hanafi	test	Ushtobe's own table at 50 % of its 28.0 km reach, bearing 270: Ushtobe, 2027 (QMDB's own place for the app's city; QMDB year API, capture of 9 Oct 2026)
archive/tables/pinned/kz-qmdb/2026-10-09/ushtobe-2026.txt	kz.qmdb/ushtobe	45.340179	77.854168	Asia/Almaty	F+E S D A M I	daily	hanafi	test	Ushtobe's own table at 50 % of its 28.0 km reach, bearing 315: Ushtobe, 2026 (QMDB's own place for the app's city; QMDB year API, capture of 9 Oct 2026)
archive/tables/pinned/kz-qmdb/2026-10-09/ushtobe-2027.txt	kz.qmdb/ushtobe	45.340179	77.854168	Asia/Almaty	F+E S D A M I	daily	hanafi	test	Ushtobe's own table at 50 % of its 28.0 km reach, bearing 315: Ushtobe, 2027 (QMDB's own place for the app's city; QMDB year API, capture of 9 Oct 2026)
archive/tables/pinned/kz-qmdb/2026-10-09/ushtobe-2026.txt	kz.qmdb/ushtobe	45.490441	77.980827	Asia/Almaty	F+E S D A M I	daily	hanafi	test	Ushtobe's own table at 95 % of its 28.0 km reach, bearing 0: Ushtobe, 2026 (QMDB's own place for the app's city; QMDB year API, capture of 9 Oct 2026)
archive/tables/pinned/kz-qmdb/2026-10-09/ushtobe-2027.txt	kz.qmdb/ushtobe	45.490441	77.980827	Asia/Almaty	F+E S D A M I	daily	hanafi	test	Ushtobe's own table at 95 % of its 28.0 km reach, bearing 0: Ushtobe, 2027 (QMDB's own place for the app's city; QMDB year API, capture of 9 Oct 2026)
archive/tables/pinned/kz-qmdb/2026-10-09/ushtobe-2026.txt	kz.qmdb/ushtobe	45.420122	78.221820	Asia/Almaty	F+E S D A M I	daily	hanafi	test	Ushtobe's own table at 95 % of its 28.0 km reach, bearing 45: Ushtobe, 2026 (QMDB's own place for the app's city; QMDB year API, capture of 9 Oct 2026)
archive/tables/pinned/kz-qmdb/2026-10-09/ushtobe-2027.txt	kz.qmdb/ushtobe	45.420122	78.221820	Asia/Almaty	F+E S D A M I	daily	hanafi	test	Ushtobe's own table at 95 % of its 28.0 km reach, bearing 45: Ushtobe, 2027 (QMDB's own place for the app's city; QMDB year API, capture of 9 Oct 2026)
archive/tables/pinned/kz-qmdb/2026-10-09/ushtobe-2026.txt	kz.qmdb/ushtobe	45.012001	77.980827	Asia/Almaty	F+E S D A M I	daily	hanafi	test	Ushtobe's own table at 95 % of its 28.0 km reach, bearing 180: Ushtobe, 2026 (QMDB's own place for the app's city; QMDB year API, capture of 9 Oct 2026)
archive/tables/pinned/kz-qmdb/2026-10-09/ushtobe-2027.txt	kz.qmdb/ushtobe	45.012001	77.980827	Asia/Almaty	F+E S D A M I	daily	hanafi	test	Ushtobe's own table at 95 % of its 28.0 km reach, bearing 180: Ushtobe, 2027 (QMDB's own place for the app's city; QMDB year API, capture of 9 Oct 2026)
archive/tables/pinned/kz-qmdb/2026-10-09/ushtobe-2026.txt	kz.qmdb/ushtobe	45.081816	77.741265	Asia/Almaty	F+E S D A M I	daily	hanafi	test	Ushtobe's own table at 95 % of its 28.0 km reach, bearing 225: Ushtobe, 2026 (QMDB's own place for the app's city; QMDB year API, capture of 9 Oct 2026)
archive/tables/pinned/kz-qmdb/2026-10-09/ushtobe-2027.txt	kz.qmdb/ushtobe	45.081816	77.741265	Asia/Almaty	F+E S D A M I	daily	hanafi	test	Ushtobe's own table at 95 % of its 28.0 km reach, bearing 225: Ushtobe, 2027 (QMDB's own place for the app's city; QMDB year API, capture of 9 Oct 2026)
archive/tables/pinned/kz-qmdb/2026-10-09/ushtobe-2026.txt	kz.qmdb/ushtobe	45.250717	77.641028	Asia/Almaty	F+E S D A M I	daily	hanafi	test	Ushtobe's own table at 95 % of its 28.0 km reach, bearing 270: Ushtobe, 2026 (QMDB's own place for the app's city; QMDB year API, capture of 9 Oct 2026)
archive/tables/pinned/kz-qmdb/2026-10-09/ushtobe-2027.txt	kz.qmdb/ushtobe	45.250717	77.641028	Asia/Almaty	F+E S D A M I	daily	hanafi	test	Ushtobe's own table at 95 % of its 28.0 km reach, bearing 270: Ushtobe, 2027 (QMDB's own place for the app's city; QMDB year API, capture of 9 Oct 2026)
archive/tables/pinned/kz-qmdb/2026-10-09/ushtobe-2026.txt	kz.qmdb/ushtobe	45.420122	77.739834	Asia/Almaty	F+E S D A M I	daily	hanafi	test	Ushtobe's own table at 95 % of its 28.0 km reach, bearing 315: Ushtobe, 2026 (QMDB's own place for the app's city; QMDB year API, capture of 9 Oct 2026)
archive/tables/pinned/kz-qmdb/2026-10-09/ushtobe-2027.txt	kz.qmdb/ushtobe	45.420122	77.739834	Asia/Almaty	F+E S D A M I	daily	hanafi	test	Ushtobe's own table at 95 % of its 28.0 km reach, bearing 315: Ushtobe, 2027 (QMDB's own place for the app's city; QMDB year API, capture of 9 Oct 2026)
archive/tables/pinned/kz-qmdb/2026-10-09/saran-2026.txt	kz.qmdb/saran	49.905415	72.828387	Asia/Almaty	F+E S D A M I	daily	hanafi	test	Saran's own table at 50 % of its 23.0 km reach, bearing 0: Saran, 2026 (QMDB's own place for the app's city; QMDB year API, capture of 9 Oct 2026)
archive/tables/pinned/kz-qmdb/2026-10-09/saran-2027.txt	kz.qmdb/saran	49.905415	72.828387	Asia/Almaty	F+E S D A M I	daily	hanafi	test	Saran's own table at 50 % of its 23.0 km reach, bearing 0: Saran, 2027 (QMDB's own place for the app's city; QMDB year API, capture of 9 Oct 2026)
archive/tables/pinned/kz-qmdb/2026-10-09/saran-2026.txt	kz.qmdb/saran	49.875068	72.941863	Asia/Almaty	F+E S D A M I	daily	hanafi	test	Saran's own table at 50 % of its 23.0 km reach, bearing 45: Saran, 2026 (QMDB's own place for the app's city; QMDB year API, capture of 9 Oct 2026)
archive/tables/pinned/kz-qmdb/2026-10-09/saran-2027.txt	kz.qmdb/saran	49.875068	72.941863	Asia/Almaty	F+E S D A M I	daily	hanafi	test	Saran's own table at 50 % of its 23.0 km reach, bearing 45: Saran, 2027 (QMDB's own place for the app's city; QMDB year API, capture of 9 Oct 2026)
archive/tables/pinned/kz-qmdb/2026-10-09/saran-2026.txt	kz.qmdb/saran	49.728807	72.941521	Asia/Almaty	F+E S D A M I	daily	hanafi	test	Saran's own table at 50 % of its 23.0 km reach, bearing 135: Saran, 2026 (QMDB's own place for the app's city; QMDB year API, capture of 9 Oct 2026)
archive/tables/pinned/kz-qmdb/2026-10-09/saran-2027.txt	kz.qmdb/saran	49.728807	72.941521	Asia/Almaty	F+E S D A M I	daily	hanafi	test	Saran's own table at 50 % of its 23.0 km reach, bearing 135: Saran, 2027 (QMDB's own place for the app's city; QMDB year API, capture of 9 Oct 2026)
archive/tables/pinned/kz-qmdb/2026-10-09/saran-2026.txt	kz.qmdb/saran	49.801883	72.668150	Asia/Almaty	F+E S D A M I	daily	hanafi	test	Saran's own table at 50 % of its 23.0 km reach, bearing 270: Saran, 2026 (QMDB's own place for the app's city; QMDB year API, capture of 9 Oct 2026)
archive/tables/pinned/kz-qmdb/2026-10-09/saran-2027.txt	kz.qmdb/saran	49.801883	72.668150	Asia/Almaty	F+E S D A M I	daily	hanafi	test	Saran's own table at 50 % of its 23.0 km reach, bearing 270: Saran, 2027 (QMDB's own place for the app's city; QMDB year API, capture of 9 Oct 2026)
archive/tables/pinned/kz-qmdb/2026-10-09/saran-2026.txt	kz.qmdb/saran	49.875068	72.714911	Asia/Almaty	F+E S D A M I	daily	hanafi	test	Saran's own table at 50 % of its 23.0 km reach, bearing 315: Saran, 2026 (QMDB's own place for the app's city; QMDB year API, capture of 9 Oct 2026)
archive/tables/pinned/kz-qmdb/2026-10-09/saran-2027.txt	kz.qmdb/saran	49.875068	72.714911	Asia/Almaty	F+E S D A M I	daily	hanafi	test	Saran's own table at 50 % of its 23.0 km reach, bearing 315: Saran, 2027 (QMDB's own place for the app's city; QMDB year API, capture of 9 Oct 2026)
archive/tables/pinned/kz-qmdb/2026-10-09/saran-2026.txt	kz.qmdb/saran	49.940741	72.612489	Asia/Almaty	F+E S D A M I	daily	hanafi	test	Saran's own table at 95 % of its 23.0 km reach, bearing 315: Saran, 2026 (QMDB's own place for the app's city; QMDB year API, capture of 9 Oct 2026)
archive/tables/pinned/kz-qmdb/2026-10-09/saran-2027.txt	kz.qmdb/saran	49.940741	72.612489	Asia/Almaty	F+E S D A M I	daily	hanafi	test	Saran's own table at 95 % of its 23.0 km reach, bearing 315: Saran, 2027 (QMDB's own place for the app's city; QMDB year API, capture of 9 Oct 2026)
archive/tables/pinned/kz-qmdb/2026-10-09/shakhtinsk-2026.txt	kz.qmdb/shakhtinsk	49.807941	72.594637	Asia/Almaty	F+E S D A M I	daily	hanafi	test	Shakhtinsk's own table at 50 % of its 22.7 km reach, bearing 0: Shakhtinsk, 2026 (QMDB's own place for the app's city; QMDB year API, capture of 9 Oct 2026)
archive/tables/pinned/kz-qmdb/2026-10-09/shakhtinsk-2027.txt	kz.qmdb/shakhtinsk	49.807941	72.594637	Asia/Almaty	F+E S D A M I	daily	hanafi	test	Shakhtinsk's own table at 50 % of its 22.7 km reach, bearing 0: Shakhtinsk, 2027 (QMDB's own place for the app's city; QMDB year API, capture of 9 Oct 2026)
archive/tables/pinned/kz-qmdb/2026-10-09/shakhtinsk-2026.txt	kz.qmdb/shakhtinsk	49.603795	72.594637	Asia/Almaty	F+E S D A M I	daily	hanafi	test	Shakhtinsk's own table at 50 % of its 22.7 km reach, bearing 180: Shakhtinsk, 2026 (QMDB's own place for the app's city; QMDB year API, capture of 9 Oct 2026)
archive/tables/pinned/kz-qmdb/2026-10-09/shakhtinsk-2027.txt	kz.qmdb/shakhtinsk	49.603795	72.594637	Asia/Almaty	F+E S D A M I	daily	hanafi	test	Shakhtinsk's own table at 50 % of its 22.7 km reach, bearing 180: Shakhtinsk, 2027 (QMDB's own place for the app's city; QMDB year API, capture of 9 Oct 2026)
archive/tables/pinned/kz-qmdb/2026-10-09/shakhtinsk-2026.txt	kz.qmdb/shakhtinsk	49.633638	72.483197	Asia/Almaty	F+E S D A M I	daily	hanafi	test	Shakhtinsk's own table at 50 % of its 22.7 km reach, bearing 225: Shakhtinsk, 2026 (QMDB's own place for the app's city; QMDB year API, capture of 9 Oct 2026)
archive/tables/pinned/kz-qmdb/2026-10-09/shakhtinsk-2027.txt	kz.qmdb/shakhtinsk	49.633638	72.483197	Asia/Almaty	F+E S D A M I	daily	hanafi	test	Shakhtinsk's own table at 50 % of its 22.7 km reach, bearing 225: Shakhtinsk, 2027 (QMDB's own place for the app's city; QMDB year API, capture of 9 Oct 2026)
archive/tables/pinned/kz-qmdb/2026-10-09/shakhtinsk-2026.txt	kz.qmdb/shakhtinsk	49.705761	72.436803	Asia/Almaty	F+E S D A M I	daily	hanafi	test	Shakhtinsk's own table at 50 % of its 22.7 km reach, bearing 270: Shakhtinsk, 2026 (QMDB's own place for the app's city; QMDB year API, capture of 9 Oct 2026)
archive/tables/pinned/kz-qmdb/2026-10-09/shakhtinsk-2027.txt	kz.qmdb/shakhtinsk	49.705761	72.436803	Asia/Almaty	F+E S D A M I	daily	hanafi	test	Shakhtinsk's own table at 50 % of its 22.7 km reach, bearing 270: Shakhtinsk, 2027 (QMDB's own place for the app's city; QMDB year API, capture of 9 Oct 2026)
archive/tables/pinned/kz-qmdb/2026-10-09/shakhtinsk-2026.txt	kz.qmdb/shakhtinsk	49.777991	72.482866	Asia/Almaty	F+E S D A M I	daily	hanafi	test	Shakhtinsk's own table at 50 % of its 22.7 km reach, bearing 315: Shakhtinsk, 2026 (QMDB's own place for the app's city; QMDB year API, capture of 9 Oct 2026)
archive/tables/pinned/kz-qmdb/2026-10-09/shakhtinsk-2027.txt	kz.qmdb/shakhtinsk	49.777991	72.482866	Asia/Almaty	F+E S D A M I	daily	hanafi	test	Shakhtinsk's own table at 50 % of its 22.7 km reach, bearing 315: Shakhtinsk, 2027 (QMDB's own place for the app's city; QMDB year API, capture of 9 Oct 2026)
archive/tables/pinned/kz-qmdb/2026-10-09/shakhtinsk-2026.txt	kz.qmdb/shakhtinsk	49.511929	72.594637	Asia/Almaty	F+E S D A M I	daily	hanafi	test	Shakhtinsk's own table at 95 % of its 22.7 km reach, bearing 180: Shakhtinsk, 2026 (QMDB's own place for the app's city; QMDB year API, capture of 9 Oct 2026)
archive/tables/pinned/kz-qmdb/2026-10-09/shakhtinsk-2027.txt	kz.qmdb/shakhtinsk	49.511929	72.594637	Asia/Almaty	F+E S D A M I	daily	hanafi	test	Shakhtinsk's own table at 95 % of its 22.7 km reach, bearing 180: Shakhtinsk, 2027 (QMDB's own place for the app's city; QMDB year API, capture of 9 Oct 2026)
archive/tables/pinned/kz-qmdb/2026-10-09/shakhtinsk-2026.txt	kz.qmdb/shakhtinsk	49.568540	72.383184	Asia/Almaty	F+E S D A M I	daily	hanafi	test	Shakhtinsk's own table at 95 % of its 22.7 km reach, bearing 225: Shakhtinsk, 2026 (QMDB's own place for the app's city; QMDB year API, capture of 9 Oct 2026)
archive/tables/pinned/kz-qmdb/2026-10-09/shakhtinsk-2027.txt	kz.qmdb/shakhtinsk	49.568540	72.383184	Asia/Almaty	F+E S D A M I	daily	hanafi	test	Shakhtinsk's own table at 95 % of its 22.7 km reach, bearing 225: Shakhtinsk, 2027 (QMDB's own place for the app's city; QMDB year API, capture of 9 Oct 2026)
archive/tables/pinned/kz-qmdb/2026-10-09/shakhtinsk-2026.txt	kz.qmdb/shakhtinsk	49.705481	72.294754	Asia/Almaty	F+E S D A M I	daily	hanafi	test	Shakhtinsk's own table at 95 % of its 22.7 km reach, bearing 270: Shakhtinsk, 2026 (QMDB's own place for the app's city; QMDB year API, capture of 9 Oct 2026)
archive/tables/pinned/kz-qmdb/2026-10-09/shakhtinsk-2027.txt	kz.qmdb/shakhtinsk	49.705481	72.294754	Asia/Almaty	F+E S D A M I	daily	hanafi	test	Shakhtinsk's own table at 95 % of its 22.7 km reach, bearing 270: Shakhtinsk, 2027 (QMDB's own place for the app's city; QMDB year API, capture of 9 Oct 2026)
archive/tables/pinned/kz-qmdb/2026-10-09/shakhtinsk-2026.txt	kz.qmdb/shakhtinsk	49.842809	72.381987	Asia/Almaty	F+E S D A M I	daily	hanafi	test	Shakhtinsk's own table at 95 % of its 22.7 km reach, bearing 315: Shakhtinsk, 2026 (QMDB's own place for the app's city; QMDB year API, capture of 9 Oct 2026)
archive/tables/pinned/kz-qmdb/2026-10-09/shakhtinsk-2027.txt	kz.qmdb/shakhtinsk	49.842809	72.381987	Asia/Almaty	F+E S D A M I	daily	hanafi	test	Shakhtinsk's own table at 95 % of its 22.7 km reach, bearing 315: Shakhtinsk, 2027 (QMDB's own place for the app's city; QMDB year API, capture of 9 Oct 2026)
archive/tables/pinned/kz-qmdb/2026-10-09/altay-2026.txt	kz.qmdb/altay	49.829090	84.273562	Asia/Almaty	F+E S D A M I	daily	hanafi	test	Altay's own table at 50 % of its 23.1 km reach, bearing 0: Altay, 2026 (QMDB's own place for the app's city; QMDB year API, capture of 9 Oct 2026)
archive/tables/pinned/kz-qmdb/2026-10-09/altay-2027.txt	kz.qmdb/altay	49.829090	84.273562	Asia/Almaty	F+E S D A M I	daily	hanafi	test	Altay's own table at 50 % of its 23.1 km reach, bearing 0: Altay, 2027 (QMDB's own place for the app's city; QMDB year API, capture of 9 Oct 2026)
archive/tables/pinned/kz-qmdb/2026-10-09/altay-2026.txt	kz.qmdb/altay	49.798611	84.387351	Asia/Almaty	F+E S D A M I	daily	hanafi	test	Altay's own table at 50 % of its 23.1 km reach, bearing 45: Altay, 2026 (QMDB's own place for the app's city; QMDB year API, capture of 9 Oct 2026)
archive/tables/pinned/kz-qmdb/2026-10-09/altay-2027.txt	kz.qmdb/altay	49.798611	84.387351	Asia/Almaty	F+E S D A M I	daily	hanafi	test	Altay's own table at 50 % of its 23.1 km reach, bearing 45: Altay, 2027 (QMDB's own place for the app's city; QMDB year API, capture of 9 Oct 2026)
archive/tables/pinned/kz-qmdb/2026-10-09/altay-2026.txt	kz.qmdb/altay	49.725107	84.434241	Asia/Almaty	F+E S D A M I	daily	hanafi	test	Altay's own table at 50 % of its 23.1 km reach, bearing 90: Altay, 2026 (QMDB's own place for the app's city; QMDB year API, capture of 9 Oct 2026)
archive/tables/pinned/kz-qmdb/2026-10-09/altay-2027.txt	kz.qmdb/altay	49.725107	84.434241	Asia/Almaty	F+E S D A M I	daily	hanafi	test	Altay's own table at 50 % of its 23.1 km reach, bearing 90: Altay, 2027 (QMDB's own place for the app's city; QMDB year API, capture of 9 Oct 2026)
archive/tables/pinned/kz-qmdb/2026-10-09/altay-2026.txt	kz.qmdb/altay	49.651714	84.387008	Asia/Almaty	F+E S D A M I	daily	hanafi	test	Altay's own table at 50 % of its 23.1 km reach, bearing 135: Altay, 2026 (QMDB's own place for the app's city; QMDB year API, capture of 9 Oct 2026)
archive/tables/pinned/kz-qmdb/2026-10-09/altay-2027.txt	kz.qmdb/altay	49.651714	84.387008	Asia/Almaty	F+E S D A M I	daily	hanafi	test	Altay's own table at 50 % of its 23.1 km reach, bearing 135: Altay, 2027 (QMDB's own place for the app's city; QMDB year API, capture of 9 Oct 2026)
archive/tables/pinned/kz-qmdb/2026-10-09/altay-2026.txt	kz.qmdb/altay	49.621346	84.273562	Asia/Almaty	F+E S D A M I	daily	hanafi	test	Altay's own table at 50 % of its 23.1 km reach, bearing 180: Altay, 2026 (QMDB's own place for the app's city; QMDB year API, capture of 9 Oct 2026)
archive/tables/pinned/kz-qmdb/2026-10-09/altay-2027.txt	kz.qmdb/altay	49.621346	84.273562	Asia/Almaty	F+E S D A M I	daily	hanafi	test	Altay's own table at 50 % of its 23.1 km reach, bearing 180: Altay, 2027 (QMDB's own place for the app's city; QMDB year API, capture of 9 Oct 2026)
archive/tables/pinned/kz-qmdb/2026-10-09/altay-2026.txt	kz.qmdb/altay	49.651714	84.160116	Asia/Almaty	F+E S D A M I	daily	hanafi	test	Altay's own table at 50 % of its 23.1 km reach, bearing 225: Altay, 2026 (QMDB's own place for the app's city; QMDB year API, capture of 9 Oct 2026)
archive/tables/pinned/kz-qmdb/2026-10-09/altay-2027.txt	kz.qmdb/altay	49.651714	84.160116	Asia/Almaty	F+E S D A M I	daily	hanafi	test	Altay's own table at 50 % of its 23.1 km reach, bearing 225: Altay, 2027 (QMDB's own place for the app's city; QMDB year API, capture of 9 Oct 2026)
archive/tables/pinned/kz-qmdb/2026-10-09/altay-2026.txt	kz.qmdb/altay	49.725107	84.112883	Asia/Almaty	F+E S D A M I	daily	hanafi	test	Altay's own table at 50 % of its 23.1 km reach, bearing 270: Altay, 2026 (QMDB's own place for the app's city; QMDB year API, capture of 9 Oct 2026)
archive/tables/pinned/kz-qmdb/2026-10-09/altay-2027.txt	kz.qmdb/altay	49.725107	84.112883	Asia/Almaty	F+E S D A M I	daily	hanafi	test	Altay's own table at 50 % of its 23.1 km reach, bearing 270: Altay, 2027 (QMDB's own place for the app's city; QMDB year API, capture of 9 Oct 2026)
archive/tables/pinned/kz-qmdb/2026-10-09/altay-2026.txt	kz.qmdb/altay	49.798611	84.159773	Asia/Almaty	F+E S D A M I	daily	hanafi	test	Altay's own table at 50 % of its 23.1 km reach, bearing 315: Altay, 2026 (QMDB's own place for the app's city; QMDB year API, capture of 9 Oct 2026)
archive/tables/pinned/kz-qmdb/2026-10-09/altay-2027.txt	kz.qmdb/altay	49.798611	84.159773	Asia/Almaty	F+E S D A M I	daily	hanafi	test	Altay's own table at 50 % of its 23.1 km reach, bearing 315: Altay, 2027 (QMDB's own place for the app's city; QMDB year API, capture of 9 Oct 2026)
archive/tables/pinned/kz-qmdb/2026-10-09/altay-2026.txt	kz.qmdb/altay	49.922574	84.273562	Asia/Almaty	F+E S D A M I	daily	hanafi	test	Altay's own table at 95 % of its 23.1 km reach, bearing 0: Altay, 2026 (QMDB's own place for the app's city; QMDB year API, capture of 9 Oct 2026)
archive/tables/pinned/kz-qmdb/2026-10-09/altay-2027.txt	kz.qmdb/altay	49.922574	84.273562	Asia/Almaty	F+E S D A M I	daily	hanafi	test	Altay's own table at 95 % of its 23.1 km reach, bearing 0: Altay, 2027 (QMDB's own place for the app's city; QMDB year API, capture of 9 Oct 2026)
archive/tables/pinned/kz-qmdb/2026-10-09/altay-2026.txt	kz.qmdb/altay	49.864569	84.490057	Asia/Almaty	F+E S D A M I	daily	hanafi	test	Altay's own table at 95 % of its 23.1 km reach, bearing 45: Altay, 2026 (QMDB's own place for the app's city; QMDB year API, capture of 9 Oct 2026)
archive/tables/pinned/kz-qmdb/2026-10-09/altay-2027.txt	kz.qmdb/altay	49.864569	84.490057	Asia/Almaty	F+E S D A M I	daily	hanafi	test	Altay's own table at 95 % of its 23.1 km reach, bearing 45: Altay, 2027 (QMDB's own place for the app's city; QMDB year API, capture of 9 Oct 2026)
archive/tables/pinned/kz-qmdb/2026-10-09/altay-2026.txt	kz.qmdb/altay	49.724817	84.578851	Asia/Almaty	F+E S D A M I	daily	hanafi	test	Altay's own table at 95 % of its 23.1 km reach, bearing 90: Altay, 2026 (QMDB's own place for the app's city; QMDB year API, capture of 9 Oct 2026)
archive/tables/pinned/kz-qmdb/2026-10-09/altay-2027.txt	kz.qmdb/altay	49.724817	84.578851	Asia/Almaty	F+E S D A M I	daily	hanafi	test	Altay's own table at 95 % of its 23.1 km reach, bearing 90: Altay, 2027 (QMDB's own place for the app's city; QMDB year API, capture of 9 Oct 2026)
archive/tables/pinned/kz-qmdb/2026-10-09/altay-2026.txt	kz.qmdb/altay	49.585466	84.488816	Asia/Almaty	F+E S D A M I	daily	hanafi	test	Altay's own table at 95 % of its 23.1 km reach, bearing 135: Altay, 2026 (QMDB's own place for the app's city; QMDB year API, capture of 9 Oct 2026)
archive/tables/pinned/kz-qmdb/2026-10-09/altay-2027.txt	kz.qmdb/altay	49.585466	84.488816	Asia/Almaty	F+E S D A M I	daily	hanafi	test	Altay's own table at 95 % of its 23.1 km reach, bearing 135: Altay, 2027 (QMDB's own place for the app's city; QMDB year API, capture of 9 Oct 2026)
archive/tables/pinned/kz-qmdb/2026-10-09/altay-2026.txt	kz.qmdb/altay	49.527862	84.273562	Asia/Almaty	F+E S D A M I	daily	hanafi	test	Altay's own table at 95 % of its 23.1 km reach, bearing 180: Altay, 2026 (QMDB's own place for the app's city; QMDB year API, capture of 9 Oct 2026)
archive/tables/pinned/kz-qmdb/2026-10-09/altay-2027.txt	kz.qmdb/altay	49.527862	84.273562	Asia/Almaty	F+E S D A M I	daily	hanafi	test	Altay's own table at 95 % of its 23.1 km reach, bearing 180: Altay, 2027 (QMDB's own place for the app's city; QMDB year API, capture of 9 Oct 2026)
archive/tables/pinned/kz-qmdb/2026-10-09/altay-2026.txt	kz.qmdb/altay	49.585466	84.058308	Asia/Almaty	F+E S D A M I	daily	hanafi	test	Altay's own table at 95 % of its 23.1 km reach, bearing 225: Altay, 2026 (QMDB's own place for the app's city; QMDB year API, capture of 9 Oct 2026)
archive/tables/pinned/kz-qmdb/2026-10-09/altay-2027.txt	kz.qmdb/altay	49.585466	84.058308	Asia/Almaty	F+E S D A M I	daily	hanafi	test	Altay's own table at 95 % of its 23.1 km reach, bearing 225: Altay, 2027 (QMDB's own place for the app's city; QMDB year API, capture of 9 Oct 2026)
archive/tables/pinned/kz-qmdb/2026-10-09/altay-2026.txt	kz.qmdb/altay	49.724817	83.968273	Asia/Almaty	F+E S D A M I	daily	hanafi	test	Altay's own table at 95 % of its 23.1 km reach, bearing 270: Altay, 2026 (QMDB's own place for the app's city; QMDB year API, capture of 9 Oct 2026)
archive/tables/pinned/kz-qmdb/2026-10-09/altay-2027.txt	kz.qmdb/altay	49.724817	83.968273	Asia/Almaty	F+E S D A M I	daily	hanafi	test	Altay's own table at 95 % of its 23.1 km reach, bearing 270: Altay, 2027 (QMDB's own place for the app's city; QMDB year API, capture of 9 Oct 2026)
archive/tables/pinned/kz-qmdb/2026-10-09/altay-2026.txt	kz.qmdb/altay	49.864569	84.057067	Asia/Almaty	F+E S D A M I	daily	hanafi	test	Altay's own table at 95 % of its 23.1 km reach, bearing 315: Altay, 2026 (QMDB's own place for the app's city; QMDB year API, capture of 9 Oct 2026)
archive/tables/pinned/kz-qmdb/2026-10-09/altay-2027.txt	kz.qmdb/altay	49.864569	84.057067	Asia/Almaty	F+E S D A M I	daily	hanafi	test	Altay's own table at 95 % of its 23.1 km reach, bearing 315: Altay, 2027 (QMDB's own place for the app's city; QMDB year API, capture of 9 Oct 2026)
archive/tables/pinned/kz-qmdb/2026-10-09/shemonaikha-2026.txt	kz.qmdb/shemonaikha	50.726100	81.916697	Asia/Almaty	F+E S D A M I	daily	hanafi	test	Shemonaikha's own table at 50 % of its 21.9 km reach, bearing 0: Shemonaikha, 2026 (QMDB's own place for the app's city; QMDB year API, capture of 9 Oct 2026)
archive/tables/pinned/kz-qmdb/2026-10-09/shemonaikha-2027.txt	kz.qmdb/shemonaikha	50.726100	81.916697	Asia/Almaty	F+E S D A M I	daily	hanafi	test	Shemonaikha's own table at 50 % of its 21.9 km reach, bearing 0: Shemonaikha, 2027 (QMDB's own place for the app's city; QMDB year API, capture of 9 Oct 2026)
archive/tables/pinned/kz-qmdb/2026-10-09/shemonaikha-2026.txt	kz.qmdb/shemonaikha	50.697205	82.026629	Asia/Almaty	F+E S D A M I	daily	hanafi	test	Shemonaikha's own table at 50 % of its 21.9 km reach, bearing 45: Shemonaikha, 2026 (QMDB's own place for the app's city; QMDB year API, capture of 9 Oct 2026)
archive/tables/pinned/kz-qmdb/2026-10-09/shemonaikha-2027.txt	kz.qmdb/shemonaikha	50.697205	82.026629	Asia/Almaty	F+E S D A M I	daily	hanafi	test	Shemonaikha's own table at 50 % of its 21.9 km reach, bearing 45: Shemonaikha, 2027 (QMDB's own place for the app's city; QMDB year API, capture of 9 Oct 2026)
archive/tables/pinned/kz-qmdb/2026-10-09/shemonaikha-2026.txt	kz.qmdb/shemonaikha	50.627521	82.071934	Asia/Almaty	F+E S D A M I	daily	hanafi	test	Shemonaikha's own table at 50 % of its 21.9 km reach, bearing 90: Shemonaikha, 2026 (QMDB's own place for the app's city; QMDB year API, capture of 9 Oct 2026)
archive/tables/pinned/kz-qmdb/2026-10-09/shemonaikha-2027.txt	kz.qmdb/shemonaikha	50.627521	82.071934	Asia/Almaty	F+E S D A M I	daily	hanafi	test	Shemonaikha's own table at 50 % of its 21.9 km reach, bearing 90: Shemonaikha, 2027 (QMDB's own place for the app's city; QMDB year API, capture of 9 Oct 2026)
archive/tables/pinned/kz-qmdb/2026-10-09/shemonaikha-2026.txt	kz.qmdb/shemonaikha	50.557940	82.026304	Asia/Almaty	F+E S D A M I	daily	hanafi	test	Shemonaikha's own table at 50 % of its 21.9 km reach, bearing 135: Shemonaikha, 2026 (QMDB's own place for the app's city; QMDB year API, capture of 9 Oct 2026)
archive/tables/pinned/kz-qmdb/2026-10-09/shemonaikha-2027.txt	kz.qmdb/shemonaikha	50.557940	82.026304	Asia/Almaty	F+E S D A M I	daily	hanafi	test	Shemonaikha's own table at 50 % of its 21.9 km reach, bearing 135: Shemonaikha, 2027 (QMDB's own place for the app's city; QMDB year API, capture of 9 Oct 2026)
archive/tables/pinned/kz-qmdb/2026-10-09/shemonaikha-2026.txt	kz.qmdb/shemonaikha	50.529148	81.916697	Asia/Almaty	F+E S D A M I	daily	hanafi	test	Shemonaikha's own table at 50 % of its 21.9 km reach, bearing 180: Shemonaikha, 2026 (QMDB's own place for the app's city; QMDB year API, capture of 9 Oct 2026)
archive/tables/pinned/kz-qmdb/2026-10-09/shemonaikha-2027.txt	kz.qmdb/shemonaikha	50.529148	81.916697	Asia/Almaty	F+E S D A M I	daily	hanafi	test	Shemonaikha's own table at 50 % of its 21.9 km reach, bearing 180: Shemonaikha, 2027 (QMDB's own place for the app's city; QMDB year API, capture of 9 Oct 2026)
archive/tables/pinned/kz-qmdb/2026-10-09/shemonaikha-2026.txt	kz.qmdb/shemonaikha	50.557940	81.807090	Asia/Almaty	F+E S D A M I	daily	hanafi	test	Shemonaikha's own table at 50 % of its 21.9 km reach, bearing 225: Shemonaikha, 2026 (QMDB's own place for the app's city; QMDB year API, capture of 9 Oct 2026)
archive/tables/pinned/kz-qmdb/2026-10-09/shemonaikha-2027.txt	kz.qmdb/shemonaikha	50.557940	81.807090	Asia/Almaty	F+E S D A M I	daily	hanafi	test	Shemonaikha's own table at 50 % of its 21.9 km reach, bearing 225: Shemonaikha, 2027 (QMDB's own place for the app's city; QMDB year API, capture of 9 Oct 2026)
archive/tables/pinned/kz-qmdb/2026-10-09/shemonaikha-2026.txt	kz.qmdb/shemonaikha	50.627521	81.761460	Asia/Almaty	F+E S D A M I	daily	hanafi	test	Shemonaikha's own table at 50 % of its 21.9 km reach, bearing 270: Shemonaikha, 2026 (QMDB's own place for the app's city; QMDB year API, capture of 9 Oct 2026)
archive/tables/pinned/kz-qmdb/2026-10-09/shemonaikha-2027.txt	kz.qmdb/shemonaikha	50.627521	81.761460	Asia/Almaty	F+E S D A M I	daily	hanafi	test	Shemonaikha's own table at 50 % of its 21.9 km reach, bearing 270: Shemonaikha, 2027 (QMDB's own place for the app's city; QMDB year API, capture of 9 Oct 2026)
archive/tables/pinned/kz-qmdb/2026-10-09/shemonaikha-2026.txt	kz.qmdb/shemonaikha	50.697205	81.806765	Asia/Almaty	F+E S D A M I	daily	hanafi	test	Shemonaikha's own table at 50 % of its 21.9 km reach, bearing 315: Shemonaikha, 2026 (QMDB's own place for the app's city; QMDB year API, capture of 9 Oct 2026)
archive/tables/pinned/kz-qmdb/2026-10-09/shemonaikha-2027.txt	kz.qmdb/shemonaikha	50.697205	81.806765	Asia/Almaty	F+E S D A M I	daily	hanafi	test	Shemonaikha's own table at 50 % of its 21.9 km reach, bearing 315: Shemonaikha, 2027 (QMDB's own place for the app's city; QMDB year API, capture of 9 Oct 2026)
archive/tables/pinned/kz-qmdb/2026-10-09/shemonaikha-2026.txt	kz.qmdb/shemonaikha	50.814728	81.916697	Asia/Almaty	F+E S D A M I	daily	hanafi	test	Shemonaikha's own table at 95 % of its 21.9 km reach, bearing 0: Shemonaikha, 2026 (QMDB's own place for the app's city; QMDB year API, capture of 9 Oct 2026)
archive/tables/pinned/kz-qmdb/2026-10-09/shemonaikha-2027.txt	kz.qmdb/shemonaikha	50.814728	81.916697	Asia/Almaty	F+E S D A M I	daily	hanafi	test	Shemonaikha's own table at 95 % of its 21.9 km reach, bearing 0: Shemonaikha, 2027 (QMDB's own place for the app's city; QMDB year API, capture of 9 Oct 2026)
archive/tables/pinned/kz-qmdb/2026-10-09/shemonaikha-2026.txt	kz.qmdb/shemonaikha	50.759740	82.125846	Asia/Almaty	F+E S D A M I	daily	hanafi	test	Shemonaikha's own table at 95 % of its 21.9 km reach, bearing 45: Shemonaikha, 2026 (QMDB's own place for the app's city; QMDB year API, capture of 9 Oct 2026)
archive/tables/pinned/kz-qmdb/2026-10-09/shemonaikha-2027.txt	kz.qmdb/shemonaikha	50.759740	82.125846	Asia/Almaty	F+E S D A M I	daily	hanafi	test	Shemonaikha's own table at 95 % of its 21.9 km reach, bearing 45: Shemonaikha, 2027 (QMDB's own place for the app's city; QMDB year API, capture of 9 Oct 2026)
archive/tables/pinned/kz-qmdb/2026-10-09/shemonaikha-2026.txt	kz.qmdb/shemonaikha	50.627252	82.211645	Asia/Almaty	F+E S D A M I	daily	hanafi	test	Shemonaikha's own table at 95 % of its 21.9 km reach, bearing 90: Shemonaikha, 2026 (QMDB's own place for the app's city; QMDB year API, capture of 9 Oct 2026)
archive/tables/pinned/kz-qmdb/2026-10-09/shemonaikha-2027.txt	kz.qmdb/shemonaikha	50.627252	82.211645	Asia/Almaty	F+E S D A M I	daily	hanafi	test	Shemonaikha's own table at 95 % of its 21.9 km reach, bearing 90: Shemonaikha, 2027 (QMDB's own place for the app's city; QMDB year API, capture of 9 Oct 2026)
archive/tables/pinned/kz-qmdb/2026-10-09/shemonaikha-2026.txt	kz.qmdb/shemonaikha	50.495136	82.124673	Asia/Almaty	F+E S D A M I	daily	hanafi	test	Shemonaikha's own table at 95 % of its 21.9 km reach, bearing 135: Shemonaikha, 2026 (QMDB's own place for the app's city; QMDB year API, capture of 9 Oct 2026)
archive/tables/pinned/kz-qmdb/2026-10-09/shemonaikha-2027.txt	kz.qmdb/shemonaikha	50.495136	82.124673	Asia/Almaty	F+E S D A M I	daily	hanafi	test	Shemonaikha's own table at 95 % of its 21.9 km reach, bearing 135: Shemonaikha, 2027 (QMDB's own place for the app's city; QMDB year API, capture of 9 Oct 2026)
archive/tables/pinned/kz-qmdb/2026-10-09/shemonaikha-2026.txt	kz.qmdb/shemonaikha	50.440520	81.916697	Asia/Almaty	F+E S D A M I	daily	hanafi	test	Shemonaikha's own table at 95 % of its 21.9 km reach, bearing 180: Shemonaikha, 2026 (QMDB's own place for the app's city; QMDB year API, capture of 9 Oct 2026)
archive/tables/pinned/kz-qmdb/2026-10-09/shemonaikha-2027.txt	kz.qmdb/shemonaikha	50.440520	81.916697	Asia/Almaty	F+E S D A M I	daily	hanafi	test	Shemonaikha's own table at 95 % of its 21.9 km reach, bearing 180: Shemonaikha, 2027 (QMDB's own place for the app's city; QMDB year API, capture of 9 Oct 2026)
archive/tables/pinned/kz-qmdb/2026-10-09/shemonaikha-2026.txt	kz.qmdb/shemonaikha	50.495136	81.708721	Asia/Almaty	F+E S D A M I	daily	hanafi	test	Shemonaikha's own table at 95 % of its 21.9 km reach, bearing 225: Shemonaikha, 2026 (QMDB's own place for the app's city; QMDB year API, capture of 9 Oct 2026)
archive/tables/pinned/kz-qmdb/2026-10-09/shemonaikha-2027.txt	kz.qmdb/shemonaikha	50.495136	81.708721	Asia/Almaty	F+E S D A M I	daily	hanafi	test	Shemonaikha's own table at 95 % of its 21.9 km reach, bearing 225: Shemonaikha, 2027 (QMDB's own place for the app's city; QMDB year API, capture of 9 Oct 2026)
archive/tables/pinned/kz-qmdb/2026-10-09/shemonaikha-2026.txt	kz.qmdb/shemonaikha	50.627252	81.621749	Asia/Almaty	F+E S D A M I	daily	hanafi	test	Shemonaikha's own table at 95 % of its 21.9 km reach, bearing 270: Shemonaikha, 2026 (QMDB's own place for the app's city; QMDB year API, capture of 9 Oct 2026)
archive/tables/pinned/kz-qmdb/2026-10-09/shemonaikha-2027.txt	kz.qmdb/shemonaikha	50.627252	81.621749	Asia/Almaty	F+E S D A M I	daily	hanafi	test	Shemonaikha's own table at 95 % of its 21.9 km reach, bearing 270: Shemonaikha, 2027 (QMDB's own place for the app's city; QMDB year API, capture of 9 Oct 2026)
archive/tables/pinned/kz-qmdb/2026-10-09/shemonaikha-2026.txt	kz.qmdb/shemonaikha	50.759740	81.707548	Asia/Almaty	F+E S D A M I	daily	hanafi	test	Shemonaikha's own table at 95 % of its 21.9 km reach, bearing 315: Shemonaikha, 2026 (QMDB's own place for the app's city; QMDB year API, capture of 9 Oct 2026)
archive/tables/pinned/kz-qmdb/2026-10-09/shemonaikha-2027.txt	kz.qmdb/shemonaikha	50.759740	81.707548	Asia/Almaty	F+E S D A M I	daily	hanafi	test	Shemonaikha's own table at 95 % of its 21.9 km reach, bearing 315: Shemonaikha, 2027 (QMDB's own place for the app's city; QMDB year API, capture of 9 Oct 2026)
archive/tables/pinned/kz-qmdb/2026-10-06/mamyrsu-2026.txt	kz.qmdb/mamyrsu	47.972281	80.382042	Asia/Almaty	F+E S D A M I	daily	hanafi	test	Mamyrsu's own table at 50 % of its 4.7 km reach, bearing 0: Mamyrsu, 2026 (46-48N, just past a 0.1 deg curve step; QMDB year API, capture of 6 Oct 2026)
archive/tables/pinned/kz-qmdb/2026-10-06/mamyrsu-2027.txt	kz.qmdb/mamyrsu	47.972281	80.382042	Asia/Almaty	F+E S D A M I	daily	hanafi	test	Mamyrsu's own table at 50 % of its 4.7 km reach, bearing 0: Mamyrsu, 2027 (46-48N, just past a 0.1 deg curve step; QMDB year API, capture of 6 Oct 2026)
archive/tables/pinned/kz-qmdb/2026-10-06/mamyrsu-2026.txt	kz.qmdb/mamyrsu	47.936201	80.404348	Asia/Almaty	F+E S D A M I	daily	hanafi	test	Mamyrsu's own table at 50 % of its 4.7 km reach, bearing 135: Mamyrsu, 2026 (46-48N, just past a 0.1 deg curve step; QMDB year API, capture of 6 Oct 2026)
archive/tables/pinned/kz-qmdb/2026-10-06/mamyrsu-2027.txt	kz.qmdb/mamyrsu	47.936201	80.404348	Asia/Almaty	F+E S D A M I	daily	hanafi	test	Mamyrsu's own table at 50 % of its 4.7 km reach, bearing 135: Mamyrsu, 2027 (46-48N, just past a 0.1 deg curve step; QMDB year API, capture of 6 Oct 2026)
archive/tables/pinned/kz-qmdb/2026-10-06/mamyrsu-2026.txt	kz.qmdb/mamyrsu	47.930013	80.382042	Asia/Almaty	F+E S D A M I	daily	hanafi	test	Mamyrsu's own table at 50 % of its 4.7 km reach, bearing 180: Mamyrsu, 2026 (46-48N, just past a 0.1 deg curve step; QMDB year API, capture of 6 Oct 2026)
archive/tables/pinned/kz-qmdb/2026-10-06/mamyrsu-2027.txt	kz.qmdb/mamyrsu	47.930013	80.382042	Asia/Almaty	F+E S D A M I	daily	hanafi	test	Mamyrsu's own table at 50 % of its 4.7 km reach, bearing 180: Mamyrsu, 2027 (46-48N, just past a 0.1 deg curve step; QMDB year API, capture of 6 Oct 2026)
archive/tables/pinned/kz-qmdb/2026-10-06/mamyrsu-2026.txt	kz.qmdb/mamyrsu	47.936201	80.359736	Asia/Almaty	F+E S D A M I	daily	hanafi	test	Mamyrsu's own table at 50 % of its 4.7 km reach, bearing 225: Mamyrsu, 2026 (46-48N, just past a 0.1 deg curve step; QMDB year API, capture of 6 Oct 2026)
archive/tables/pinned/kz-qmdb/2026-10-06/mamyrsu-2027.txt	kz.qmdb/mamyrsu	47.936201	80.359736	Asia/Almaty	F+E S D A M I	daily	hanafi	test	Mamyrsu's own table at 50 % of its 4.7 km reach, bearing 225: Mamyrsu, 2027 (46-48N, just past a 0.1 deg curve step; QMDB year API, capture of 6 Oct 2026)
archive/tables/pinned/kz-qmdb/2026-10-06/mamyrsu-2026.txt	kz.qmdb/mamyrsu	47.951143	80.350488	Asia/Almaty	F+E S D A M I	daily	hanafi	test	Mamyrsu's own table at 50 % of its 4.7 km reach, bearing 270: Mamyrsu, 2026 (46-48N, just past a 0.1 deg curve step; QMDB year API, capture of 6 Oct 2026)
archive/tables/pinned/kz-qmdb/2026-10-06/mamyrsu-2027.txt	kz.qmdb/mamyrsu	47.951143	80.350488	Asia/Almaty	F+E S D A M I	daily	hanafi	test	Mamyrsu's own table at 50 % of its 4.7 km reach, bearing 270: Mamyrsu, 2027 (46-48N, just past a 0.1 deg curve step; QMDB year API, capture of 6 Oct 2026)
archive/tables/pinned/kz-qmdb/2026-10-06/mamyrsu-2026.txt	kz.qmdb/mamyrsu	47.966089	80.359723	Asia/Almaty	F+E S D A M I	daily	hanafi	test	Mamyrsu's own table at 50 % of its 4.7 km reach, bearing 315: Mamyrsu, 2026 (46-48N, just past a 0.1 deg curve step; QMDB year API, capture of 6 Oct 2026)
archive/tables/pinned/kz-qmdb/2026-10-06/mamyrsu-2027.txt	kz.qmdb/mamyrsu	47.966089	80.359723	Asia/Almaty	F+E S D A M I	daily	hanafi	test	Mamyrsu's own table at 50 % of its 4.7 km reach, bearing 315: Mamyrsu, 2027 (46-48N, just past a 0.1 deg curve step; QMDB year API, capture of 6 Oct 2026)
archive/tables/pinned/kz-qmdb/2026-10-06/mamyrsu-2026.txt	kz.qmdb/mamyrsu	47.991302	80.382042	Asia/Almaty	F+E S D A M I	daily	hanafi	test	Mamyrsu's own table at 95 % of its 4.7 km reach, bearing 0: Mamyrsu, 2026 (46-48N, just past a 0.1 deg curve step; QMDB year API, capture of 6 Oct 2026)
archive/tables/pinned/kz-qmdb/2026-10-06/mamyrsu-2027.txt	kz.qmdb/mamyrsu	47.991302	80.382042	Asia/Almaty	F+E S D A M I	daily	hanafi	test	Mamyrsu's own table at 95 % of its 4.7 km reach, bearing 0: Mamyrsu, 2027 (46-48N, just past a 0.1 deg curve step; QMDB year API, capture of 6 Oct 2026)
archive/tables/pinned/kz-qmdb/2026-10-06/mamyrsu-2026.txt	kz.qmdb/mamyrsu	47.910992	80.382042	Asia/Almaty	F+E S D A M I	daily	hanafi	test	Mamyrsu's own table at 95 % of its 4.7 km reach, bearing 180: Mamyrsu, 2026 (46-48N, just past a 0.1 deg curve step; QMDB year API, capture of 6 Oct 2026)
archive/tables/pinned/kz-qmdb/2026-10-06/mamyrsu-2027.txt	kz.qmdb/mamyrsu	47.910992	80.382042	Asia/Almaty	F+E S D A M I	daily	hanafi	test	Mamyrsu's own table at 95 % of its 4.7 km reach, bearing 180: Mamyrsu, 2027 (46-48N, just past a 0.1 deg curve step; QMDB year API, capture of 6 Oct 2026)
archive/tables/pinned/kz-qmdb/2026-10-06/mamyrsu-2026.txt	kz.qmdb/mamyrsu	47.922746	80.339672	Asia/Almaty	F+E S D A M I	daily	hanafi	test	Mamyrsu's own table at 95 % of its 4.7 km reach, bearing 225: Mamyrsu, 2026 (46-48N, just past a 0.1 deg curve step; QMDB year API, capture of 6 Oct 2026)
archive/tables/pinned/kz-qmdb/2026-10-06/mamyrsu-2027.txt	kz.qmdb/mamyrsu	47.922746	80.339672	Asia/Almaty	F+E S D A M I	daily	hanafi	test	Mamyrsu's own table at 95 % of its 4.7 km reach, bearing 225: Mamyrsu, 2027 (46-48N, just past a 0.1 deg curve step; QMDB year API, capture of 6 Oct 2026)
archive/tables/pinned/kz-qmdb/2026-10-06/mamyrsu-2026.txt	kz.qmdb/mamyrsu	47.951131	80.322088	Asia/Almaty	F+E S D A M I	daily	hanafi	test	Mamyrsu's own table at 95 % of its 4.7 km reach, bearing 270: Mamyrsu, 2026 (46-48N, just past a 0.1 deg curve step; QMDB year API, capture of 6 Oct 2026)
archive/tables/pinned/kz-qmdb/2026-10-06/mamyrsu-2027.txt	kz.qmdb/mamyrsu	47.951131	80.322088	Asia/Almaty	F+E S D A M I	daily	hanafi	test	Mamyrsu's own table at 95 % of its 4.7 km reach, bearing 270: Mamyrsu, 2027 (46-48N, just past a 0.1 deg curve step; QMDB year API, capture of 6 Oct 2026)
archive/tables/pinned/kz-qmdb/2026-10-06/mamyrsu-2026.txt	kz.qmdb/mamyrsu	47.979533	80.339625	Asia/Almaty	F+E S D A M I	daily	hanafi	test	Mamyrsu's own table at 95 % of its 4.7 km reach, bearing 315: Mamyrsu, 2026 (46-48N, just past a 0.1 deg curve step; QMDB year API, capture of 6 Oct 2026)
archive/tables/pinned/kz-qmdb/2026-10-06/mamyrsu-2027.txt	kz.qmdb/mamyrsu	47.979533	80.339625	Asia/Almaty	F+E S D A M I	daily	hanafi	test	Mamyrsu's own table at 95 % of its 4.7 km reach, bearing 315: Mamyrsu, 2027 (46-48N, just past a 0.1 deg curve step; QMDB year API, capture of 6 Oct 2026)
archive/tables/pinned/kz-qmdb/2026-10-09/kalbatau-2026.txt	kz.qmdb/kalbatau	49.432855	81.573693	Asia/Almaty	F+E S D A M I	daily	hanafi	test	Kalbatau's own table at 50 % of its 23.3 km reach, bearing 0: Kalbatau, 2026 (QMDB's own place for the app's city; QMDB year API, capture of 9 Oct 2026)
archive/tables/pinned/kz-qmdb/2026-10-09/kalbatau-2027.txt	kz.qmdb/kalbatau	49.432855	81.573693	Asia/Almaty	F+E S D A M I	daily	hanafi	test	Kalbatau's own table at 50 % of its 23.3 km reach, bearing 0: Kalbatau, 2027 (QMDB's own place for the app's city; QMDB year API, capture of 9 Oct 2026)
archive/tables/pinned/kz-qmdb/2026-10-09/kalbatau-2026.txt	kz.qmdb/kalbatau	49.402112	81.687538	Asia/Almaty	F+E S D A M I	daily	hanafi	test	Kalbatau's own table at 50 % of its 23.3 km reach, bearing 45: Kalbatau, 2026 (QMDB's own place for the app's city; QMDB year API, capture of 9 Oct 2026)
archive/tables/pinned/kz-qmdb/2026-10-09/kalbatau-2027.txt	kz.qmdb/kalbatau	49.402112	81.687538	Asia/Almaty	F+E S D A M I	daily	hanafi	test	Kalbatau's own table at 50 % of its 23.3 km reach, bearing 45: Kalbatau, 2027 (QMDB's own place for the app's city; QMDB year API, capture of 9 Oct 2026)
archive/tables/pinned/kz-qmdb/2026-10-09/kalbatau-2026.txt	kz.qmdb/kalbatau	49.327973	81.734452	Asia/Almaty	F+E S D A M I	daily	hanafi	test	Kalbatau's own table at 50 % of its 23.3 km reach, bearing 90: Kalbatau, 2026 (QMDB's own place for the app's city; QMDB year API, capture of 9 Oct 2026)
archive/tables/pinned/kz-qmdb/2026-10-09/kalbatau-2027.txt	kz.qmdb/kalbatau	49.327973	81.734452	Asia/Almaty	F+E S D A M I	daily	hanafi	test	Kalbatau's own table at 50 % of its 23.3 km reach, bearing 90: Kalbatau, 2027 (QMDB's own place for the app's city; QMDB year API, capture of 9 Oct 2026)
archive/tables/pinned/kz-qmdb/2026-10-09/kalbatau-2026.txt	kz.qmdb/kalbatau	49.253944	81.687196	Asia/Almaty	F+E S D A M I	daily	hanafi	test	Kalbatau's own table at 50 % of its 23.3 km reach, bearing 135: Kalbatau, 2026 (QMDB's own place for the app's city; QMDB year API, capture of 9 Oct 2026)
archive/tables/pinned/kz-qmdb/2026-10-09/kalbatau-2027.txt	kz.qmdb/kalbatau	49.253944	81.687196	Asia/Almaty	F+E S D A M I	daily	hanafi	test	Kalbatau's own table at 50 % of its 23.3 km reach, bearing 135: Kalbatau, 2027 (QMDB's own place for the app's city; QMDB year API, capture of 9 Oct 2026)
archive/tables/pinned/kz-qmdb/2026-10-09/kalbatau-2026.txt	kz.qmdb/kalbatau	49.223313	81.573693	Asia/Almaty	F+E S D A M I	daily	hanafi	test	Kalbatau's own table at 50 % of its 23.3 km reach, bearing 180: Kalbatau, 2026 (QMDB's own place for the app's city; QMDB year API, capture of 9 Oct 2026)
archive/tables/pinned/kz-qmdb/2026-10-09/kalbatau-2027.txt	kz.qmdb/kalbatau	49.223313	81.573693	Asia/Almaty	F+E S D A M I	daily	hanafi	test	Kalbatau's own table at 50 % of its 23.3 km reach, bearing 180: Kalbatau, 2027 (QMDB's own place for the app's city; QMDB year API, capture of 9 Oct 2026)
archive/tables/pinned/kz-qmdb/2026-10-09/kalbatau-2026.txt	kz.qmdb/kalbatau	49.253944	81.460190	Asia/Almaty	F+E S D A M I	daily	hanafi	test	Kalbatau's own table at 50 % of its 23.3 km reach, bearing 225: Kalbatau, 2026 (QMDB's own place for the app's city; QMDB year API, capture of 9 Oct 2026)
archive/tables/pinned/kz-qmdb/2026-10-09/kalbatau-2027.txt	kz.qmdb/kalbatau	49.253944	81.460190	Asia/Almaty	F+E S D A M I	daily	hanafi	test	Kalbatau's own table at 50 % of its 23.3 km reach, bearing 225: Kalbatau, 2027 (QMDB's own place for the app's city; QMDB year API, capture of 9 Oct 2026)
archive/tables/pinned/kz-qmdb/2026-10-09/kalbatau-2026.txt	kz.qmdb/kalbatau	49.327973	81.412934	Asia/Almaty	F+E S D A M I	daily	hanafi	test	Kalbatau's own table at 50 % of its 23.3 km reach, bearing 270: Kalbatau, 2026 (QMDB's own place for the app's city; QMDB year API, capture of 9 Oct 2026)
archive/tables/pinned/kz-qmdb/2026-10-09/kalbatau-2027.txt	kz.qmdb/kalbatau	49.327973	81.412934	Asia/Almaty	F+E S D A M I	daily	hanafi	test	Kalbatau's own table at 50 % of its 23.3 km reach, bearing 270: Kalbatau, 2027 (QMDB's own place for the app's city; QMDB year API, capture of 9 Oct 2026)
archive/tables/pinned/kz-qmdb/2026-10-09/kalbatau-2026.txt	kz.qmdb/kalbatau	49.402112	81.459848	Asia/Almaty	F+E S D A M I	daily	hanafi	test	Kalbatau's own table at 50 % of its 23.3 km reach, bearing 315: Kalbatau, 2026 (QMDB's own place for the app's city; QMDB year API, capture of 9 Oct 2026)
archive/tables/pinned/kz-qmdb/2026-10-09/kalbatau-2027.txt	kz.qmdb/kalbatau	49.402112	81.459848	Asia/Almaty	F+E S D A M I	daily	hanafi	test	Kalbatau's own table at 50 % of its 23.3 km reach, bearing 315: Kalbatau, 2027 (QMDB's own place for the app's city; QMDB year API, capture of 9 Oct 2026)
archive/tables/pinned/kz-qmdb/2026-10-09/kalbatau-2026.txt	kz.qmdb/kalbatau	49.527149	81.573693	Asia/Almaty	F+E S D A M I	daily	hanafi	test	Kalbatau's own table at 95 % of its 23.3 km reach, bearing 0: Kalbatau, 2026 (QMDB's own place for the app's city; QMDB year API, capture of 9 Oct 2026)
archive/tables/pinned/kz-qmdb/2026-10-09/kalbatau-2027.txt	kz.qmdb/kalbatau	49.527149	81.573693	Asia/Almaty	F+E S D A M I	daily	hanafi	test	Kalbatau's own table at 95 % of its 23.3 km reach, bearing 0: Kalbatau, 2027 (QMDB's own place for the app's city; QMDB year API, capture of 9 Oct 2026)
archive/tables/pinned/kz-qmdb/2026-10-09/kalbatau-2026.txt	kz.qmdb/kalbatau	49.468642	81.790292	Asia/Almaty	F+E S D A M I	daily	hanafi	test	Kalbatau's own table at 95 % of its 23.3 km reach, bearing 45: Kalbatau, 2026 (QMDB's own place for the app's city; QMDB year API, capture of 9 Oct 2026)
archive/tables/pinned/kz-qmdb/2026-10-09/kalbatau-2027.txt	kz.qmdb/kalbatau	49.468642	81.790292	Asia/Almaty	F+E S D A M I	daily	hanafi	test	Kalbatau's own table at 95 % of its 23.3 km reach, bearing 45: Kalbatau, 2027 (QMDB's own place for the app's city; QMDB year API, capture of 9 Oct 2026)
archive/tables/pinned/kz-qmdb/2026-10-09/kalbatau-2026.txt	kz.qmdb/kalbatau	49.327682	81.879134	Asia/Almaty	F+E S D A M I	daily	hanafi	test	Kalbatau's own table at 95 % of its 23.3 km reach, bearing 90: Kalbatau, 2026 (QMDB's own place for the app's city; QMDB year API, capture of 9 Oct 2026)
archive/tables/pinned/kz-qmdb/2026-10-09/kalbatau-2027.txt	kz.qmdb/kalbatau	49.327682	81.879134	Asia/Almaty	F+E S D A M I	daily	hanafi	test	Kalbatau's own table at 95 % of its 23.3 km reach, bearing 90: Kalbatau, 2027 (QMDB's own place for the app's city; QMDB year API, capture of 9 Oct 2026)
archive/tables/pinned/kz-qmdb/2026-10-09/kalbatau-2026.txt	kz.qmdb/kalbatau	49.187123	81.789057	Asia/Almaty	F+E S D A M I	daily	hanafi	test	Kalbatau's own table at 95 % of its 23.3 km reach, bearing 135: Kalbatau, 2026 (QMDB's own place for the app's city; QMDB year API, capture of 9 Oct 2026)
archive/tables/pinned/kz-qmdb/2026-10-09/kalbatau-2027.txt	kz.qmdb/kalbatau	49.187123	81.789057	Asia/Almaty	F+E S D A M I	daily	hanafi	test	Kalbatau's own table at 95 % of its 23.3 km reach, bearing 135: Kalbatau, 2027 (QMDB's own place for the app's city; QMDB year API, capture of 9 Oct 2026)
archive/tables/pinned/kz-qmdb/2026-10-09/kalbatau-2026.txt	kz.qmdb/kalbatau	49.129019	81.573693	Asia/Almaty	F+E S D A M I	daily	hanafi	test	Kalbatau's own table at 95 % of its 23.3 km reach, bearing 180: Kalbatau, 2026 (QMDB's own place for the app's city; QMDB year API, capture of 9 Oct 2026)
archive/tables/pinned/kz-qmdb/2026-10-09/kalbatau-2027.txt	kz.qmdb/kalbatau	49.129019	81.573693	Asia/Almaty	F+E S D A M I	daily	hanafi	test	Kalbatau's own table at 95 % of its 23.3 km reach, bearing 180: Kalbatau, 2027 (QMDB's own place for the app's city; QMDB year API, capture of 9 Oct 2026)
archive/tables/pinned/kz-qmdb/2026-10-09/kalbatau-2026.txt	kz.qmdb/kalbatau	49.187123	81.358329	Asia/Almaty	F+E S D A M I	daily	hanafi	test	Kalbatau's own table at 95 % of its 23.3 km reach, bearing 225: Kalbatau, 2026 (QMDB's own place for the app's city; QMDB year API, capture of 9 Oct 2026)
archive/tables/pinned/kz-qmdb/2026-10-09/kalbatau-2027.txt	kz.qmdb/kalbatau	49.187123	81.358329	Asia/Almaty	F+E S D A M I	daily	hanafi	test	Kalbatau's own table at 95 % of its 23.3 km reach, bearing 225: Kalbatau, 2027 (QMDB's own place for the app's city; QMDB year API, capture of 9 Oct 2026)
archive/tables/pinned/kz-qmdb/2026-10-09/kalbatau-2026.txt	kz.qmdb/kalbatau	49.327682	81.268252	Asia/Almaty	F+E S D A M I	daily	hanafi	test	Kalbatau's own table at 95 % of its 23.3 km reach, bearing 270: Kalbatau, 2026 (QMDB's own place for the app's city; QMDB year API, capture of 9 Oct 2026)
archive/tables/pinned/kz-qmdb/2026-10-09/kalbatau-2027.txt	kz.qmdb/kalbatau	49.327682	81.268252	Asia/Almaty	F+E S D A M I	daily	hanafi	test	Kalbatau's own table at 95 % of its 23.3 km reach, bearing 270: Kalbatau, 2027 (QMDB's own place for the app's city; QMDB year API, capture of 9 Oct 2026)
archive/tables/pinned/kz-qmdb/2026-10-09/kalbatau-2026.txt	kz.qmdb/kalbatau	49.468642	81.357094	Asia/Almaty	F+E S D A M I	daily	hanafi	test	Kalbatau's own table at 95 % of its 23.3 km reach, bearing 315: Kalbatau, 2026 (QMDB's own place for the app's city; QMDB year API, capture of 9 Oct 2026)
archive/tables/pinned/kz-qmdb/2026-10-09/kalbatau-2027.txt	kz.qmdb/kalbatau	49.468642	81.357094	Asia/Almaty	F+E S D A M I	daily	hanafi	test	Kalbatau's own table at 95 % of its 23.3 km reach, bearing 315: Kalbatau, 2027 (QMDB's own place for the app's city; QMDB year API, capture of 9 Oct 2026)
archive/tables/pinned/kz-qmdb/2026-10-09/makanshy-2026.txt	kz.qmdb/makanshy	46.896742	82.023857	Asia/Almaty	F+E S D A M I	daily	hanafi	test	Makanshy's own table at 50 % of its 25.6 km reach, bearing 0: Makanshy, 2026 (QMDB's own place for the app's city; QMDB year API, capture of 9 Oct 2026)
archive/tables/pinned/kz-qmdb/2026-10-09/makanshy-2027.txt	kz.qmdb/makanshy	46.896742	82.023857	Asia/Almaty	F+E S D A M I	daily	hanafi	test	Makanshy's own table at 50 % of its 25.6 km reach, bearing 0: Makanshy, 2027 (QMDB's own place for the app's city; QMDB year API, capture of 9 Oct 2026)
archive/tables/pinned/kz-qmdb/2026-10-09/makanshy-2026.txt	kz.qmdb/makanshy	46.862965	82.142903	Asia/Almaty	F+E S D A M I	daily	hanafi	test	Makanshy's own table at 50 % of its 25.6 km reach, bearing 45: Makanshy, 2026 (QMDB's own place for the app's city; QMDB year API, capture of 9 Oct 2026)
archive/tables/pinned/kz-qmdb/2026-10-09/makanshy-2027.txt	kz.qmdb/makanshy	46.862965	82.142903	Asia/Almaty	F+E S D A M I	daily	hanafi	test	Makanshy's own table at 50 % of its 25.6 km reach, bearing 45: Makanshy, 2027 (QMDB's own place for the app's city; QMDB year API, capture of 9 Oct 2026)
archive/tables/pinned/kz-qmdb/2026-10-09/makanshy-2026.txt	kz.qmdb/makanshy	46.781506	82.191959	Asia/Almaty	F+E S D A M I	daily	hanafi	test	Makanshy's own table at 50 % of its 25.6 km reach, bearing 90: Makanshy, 2026 (QMDB's own place for the app's city; QMDB year API, capture of 9 Oct 2026)
archive/tables/pinned/kz-qmdb/2026-10-09/makanshy-2027.txt	kz.qmdb/makanshy	46.781506	82.191959	Asia/Almaty	F+E S D A M I	daily	hanafi	test	Makanshy's own table at 50 % of its 25.6 km reach, bearing 90: Makanshy, 2027 (QMDB's own place for the app's city; QMDB year API, capture of 9 Oct 2026)
archive/tables/pinned/kz-qmdb/2026-10-09/makanshy-2026.txt	kz.qmdb/makanshy	46.700170	82.142544	Asia/Almaty	F+E S D A M I	daily	hanafi	test	Makanshy's own table at 50 % of its 25.6 km reach, bearing 135: Makanshy, 2026 (QMDB's own place for the app's city; QMDB year API, capture of 9 Oct 2026)
archive/tables/pinned/kz-qmdb/2026-10-09/makanshy-2027.txt	kz.qmdb/makanshy	46.700170	82.142544	Asia/Almaty	F+E S D A M I	daily	hanafi	test	Makanshy's own table at 50 % of its 25.6 km reach, bearing 135: Makanshy, 2027 (QMDB's own place for the app's city; QMDB year API, capture of 9 Oct 2026)
archive/tables/pinned/kz-qmdb/2026-10-09/makanshy-2026.txt	kz.qmdb/makanshy	46.666516	82.023857	Asia/Almaty	F+E S D A M I	daily	hanafi	test	Makanshy's own table at 50 % of its 25.6 km reach, bearing 180: Makanshy, 2026 (QMDB's own place for the app's city; QMDB year API, capture of 9 Oct 2026)
archive/tables/pinned/kz-qmdb/2026-10-09/makanshy-2027.txt	kz.qmdb/makanshy	46.666516	82.023857	Asia/Almaty	F+E S D A M I	daily	hanafi	test	Makanshy's own table at 50 % of its 25.6 km reach, bearing 180: Makanshy, 2027 (QMDB's own place for the app's city; QMDB year API, capture of 9 Oct 2026)
archive/tables/pinned/kz-qmdb/2026-10-09/makanshy-2026.txt	kz.qmdb/makanshy	46.700170	81.905170	Asia/Almaty	F+E S D A M I	daily	hanafi	test	Makanshy's own table at 50 % of its 25.6 km reach, bearing 225: Makanshy, 2026 (QMDB's own place for the app's city; QMDB year API, capture of 9 Oct 2026)
archive/tables/pinned/kz-qmdb/2026-10-09/makanshy-2027.txt	kz.qmdb/makanshy	46.700170	81.905170	Asia/Almaty	F+E S D A M I	daily	hanafi	test	Makanshy's own table at 50 % of its 25.6 km reach, bearing 225: Makanshy, 2027 (QMDB's own place for the app's city; QMDB year API, capture of 9 Oct 2026)
archive/tables/pinned/kz-qmdb/2026-10-09/makanshy-2026.txt	kz.qmdb/makanshy	46.781506	81.855755	Asia/Almaty	F+E S D A M I	daily	hanafi	test	Makanshy's own table at 50 % of its 25.6 km reach, bearing 270: Makanshy, 2026 (QMDB's own place for the app's city; QMDB year API, capture of 9 Oct 2026)
archive/tables/pinned/kz-qmdb/2026-10-09/makanshy-2027.txt	kz.qmdb/makanshy	46.781506	81.855755	Asia/Almaty	F+E S D A M I	daily	hanafi	test	Makanshy's own table at 50 % of its 25.6 km reach, bearing 270: Makanshy, 2027 (QMDB's own place for the app's city; QMDB year API, capture of 9 Oct 2026)
archive/tables/pinned/kz-qmdb/2026-10-09/makanshy-2026.txt	kz.qmdb/makanshy	46.862965	81.904811	Asia/Almaty	F+E S D A M I	daily	hanafi	test	Makanshy's own table at 50 % of its 25.6 km reach, bearing 315: Makanshy, 2026 (QMDB's own place for the app's city; QMDB year API, capture of 9 Oct 2026)
archive/tables/pinned/kz-qmdb/2026-10-09/makanshy-2027.txt	kz.qmdb/makanshy	46.862965	81.904811	Asia/Almaty	F+E S D A M I	daily	hanafi	test	Makanshy's own table at 50 % of its 25.6 km reach, bearing 315: Makanshy, 2027 (QMDB's own place for the app's city; QMDB year API, capture of 9 Oct 2026)
archive/tables/pinned/kz-qmdb/2026-10-09/makanshy-2026.txt	kz.qmdb/makanshy	47.000344	82.023857	Asia/Almaty	F+E S D A M I	daily	hanafi	test	Makanshy's own table at 95 % of its 25.6 km reach, bearing 0: Makanshy, 2026 (QMDB's own place for the app's city; QMDB year API, capture of 9 Oct 2026)
archive/tables/pinned/kz-qmdb/2026-10-09/makanshy-2027.txt	kz.qmdb/makanshy	47.000344	82.023857	Asia/Almaty	F+E S D A M I	daily	hanafi	test	Makanshy's own table at 95 % of its 25.6 km reach, bearing 0: Makanshy, 2027 (QMDB's own place for the app's city; QMDB year API, capture of 9 Oct 2026)
archive/tables/pinned/kz-qmdb/2026-10-09/makanshy-2026.txt	kz.qmdb/makanshy	46.936061	82.250353	Asia/Almaty	F+E S D A M I	daily	hanafi	test	Makanshy's own table at 95 % of its 25.6 km reach, bearing 45: Makanshy, 2026 (QMDB's own place for the app's city; QMDB year API, capture of 9 Oct 2026)
archive/tables/pinned/kz-qmdb/2026-10-09/makanshy-2027.txt	kz.qmdb/makanshy	46.936061	82.250353	Asia/Almaty	F+E S D A M I	daily	hanafi	test	Makanshy's own table at 95 % of its 25.6 km reach, bearing 45: Makanshy, 2027 (QMDB's own place for the app's city; QMDB year API, capture of 9 Oct 2026)
archive/tables/pinned/kz-qmdb/2026-10-09/makanshy-2026.txt	kz.qmdb/makanshy	46.781185	82.343249	Asia/Almaty	F+E S D A M I	daily	hanafi	test	Makanshy's own table at 95 % of its 25.6 km reach, bearing 90: Makanshy, 2026 (QMDB's own place for the app's city; QMDB year API, capture of 9 Oct 2026)
archive/tables/pinned/kz-qmdb/2026-10-09/makanshy-2027.txt	kz.qmdb/makanshy	46.781185	82.343249	Asia/Almaty	F+E S D A M I	daily	hanafi	test	Makanshy's own table at 95 % of its 25.6 km reach, bearing 90: Makanshy, 2027 (QMDB's own place for the app's city; QMDB year API, capture of 9 Oct 2026)
archive/tables/pinned/kz-qmdb/2026-10-09/makanshy-2026.txt	kz.qmdb/makanshy	46.626753	82.249056	Asia/Almaty	F+E S D A M I	daily	hanafi	test	Makanshy's own table at 95 % of its 25.6 km reach, bearing 135: Makanshy, 2026 (QMDB's own place for the app's city; QMDB year API, capture of 9 Oct 2026)
archive/tables/pinned/kz-qmdb/2026-10-09/makanshy-2027.txt	kz.qmdb/makanshy	46.626753	82.249056	Asia/Almaty	F+E S D A M I	daily	hanafi	test	Makanshy's own table at 95 % of its 25.6 km reach, bearing 135: Makanshy, 2027 (QMDB's own place for the app's city; QMDB year API, capture of 9 Oct 2026)
archive/tables/pinned/kz-qmdb/2026-10-09/makanshy-2026.txt	kz.qmdb/makanshy	46.562914	82.023857	Asia/Almaty	F+E S D A M I	daily	hanafi	test	Makanshy's own table at 95 % of its 25.6 km reach, bearing 180: Makanshy, 2026 (QMDB's own place for the app's city; QMDB year API, capture of 9 Oct 2026)
archive/tables/pinned/kz-qmdb/2026-10-09/makanshy-2027.txt	kz.qmdb/makanshy	46.562914	82.023857	Asia/Almaty	F+E S D A M I	daily	hanafi	test	Makanshy's own table at 95 % of its 25.6 km reach, bearing 180: Makanshy, 2027 (QMDB's own place for the app's city; QMDB year API, capture of 9 Oct 2026)
archive/tables/pinned/kz-qmdb/2026-10-09/makanshy-2026.txt	kz.qmdb/makanshy	46.626753	81.798658	Asia/Almaty	F+E S D A M I	daily	hanafi	test	Makanshy's own table at 95 % of its 25.6 km reach, bearing 225: Makanshy, 2026 (QMDB's own place for the app's city; QMDB year API, capture of 9 Oct 2026)
archive/tables/pinned/kz-qmdb/2026-10-09/makanshy-2027.txt	kz.qmdb/makanshy	46.626753	81.798658	Asia/Almaty	F+E S D A M I	daily	hanafi	test	Makanshy's own table at 95 % of its 25.6 km reach, bearing 225: Makanshy, 2027 (QMDB's own place for the app's city; QMDB year API, capture of 9 Oct 2026)
archive/tables/pinned/kz-qmdb/2026-10-09/makanshy-2026.txt	kz.qmdb/makanshy	46.781185	81.704465	Asia/Almaty	F+E S D A M I	daily	hanafi	test	Makanshy's own table at 95 % of its 25.6 km reach, bearing 270: Makanshy, 2026 (QMDB's own place for the app's city; QMDB year API, capture of 9 Oct 2026)
archive/tables/pinned/kz-qmdb/2026-10-09/makanshy-2027.txt	kz.qmdb/makanshy	46.781185	81.704465	Asia/Almaty	F+E S D A M I	daily	hanafi	test	Makanshy's own table at 95 % of its 25.6 km reach, bearing 270: Makanshy, 2027 (QMDB's own place for the app's city; QMDB year API, capture of 9 Oct 2026)
archive/tables/pinned/kz-qmdb/2026-10-09/makanshy-2026.txt	kz.qmdb/makanshy	46.936061	81.797361	Asia/Almaty	F+E S D A M I	daily	hanafi	test	Makanshy's own table at 95 % of its 25.6 km reach, bearing 315: Makanshy, 2026 (QMDB's own place for the app's city; QMDB year API, capture of 9 Oct 2026)
archive/tables/pinned/kz-qmdb/2026-10-09/makanshy-2027.txt	kz.qmdb/makanshy	46.936061	81.797361	Asia/Almaty	F+E S D A M I	daily	hanafi	test	Makanshy's own table at 95 % of its 25.6 km reach, bearing 315: Makanshy, 2027 (QMDB's own place for the app's city; QMDB year API, capture of 9 Oct 2026)
archive/tables/pinned/kz-qmdb/2026-10-09/akkol-2026.txt	kz.qmdb/akkol	53.384213	69.597040	Asia/Almaty	F+E S D A M I	daily	hanafi	test	Akkol's own table at 50 % of its 19.6 km reach, bearing 0: Akkol, 2026 (QMDB's own place for the app's city; QMDB year API, capture of 9 Oct 2026)
archive/tables/pinned/kz-qmdb/2026-10-09/akkol-2027.txt	kz.qmdb/akkol	53.384213	69.597040	Asia/Almaty	F+E S D A M I	daily	hanafi	test	Akkol's own table at 50 % of its 19.6 km reach, bearing 0: Akkol, 2027 (QMDB's own place for the app's city; QMDB year API, capture of 9 Oct 2026)
archive/tables/pinned/kz-qmdb/2026-10-09/akkol-2026.txt	kz.qmdb/akkol	53.358353	69.701462	Asia/Almaty	F+E S D A M I	daily	hanafi	test	Akkol's own table at 50 % of its 19.6 km reach, bearing 45: Akkol, 2026 (QMDB's own place for the app's city; QMDB year API, capture of 9 Oct 2026)
archive/tables/pinned/kz-qmdb/2026-10-09/akkol-2027.txt	kz.qmdb/akkol	53.358353	69.701462	Asia/Almaty	F+E S D A M I	daily	hanafi	test	Akkol's own table at 50 % of its 19.6 km reach, bearing 45: Akkol, 2027 (QMDB's own place for the app's city; QMDB year API, capture of 9 Oct 2026)
archive/tables/pinned/kz-qmdb/2026-10-09/akkol-2026.txt	kz.qmdb/akkol	53.295988	69.744499	Asia/Almaty	F+E S D A M I	daily	hanafi	test	Akkol's own table at 50 % of its 19.6 km reach, bearing 90: Akkol, 2026 (QMDB's own place for the app's city; QMDB year API, capture of 9 Oct 2026)
archive/tables/pinned/kz-qmdb/2026-10-09/akkol-2027.txt	kz.qmdb/akkol	53.295988	69.744499	Asia/Almaty	F+E S D A M I	daily	hanafi	test	Akkol's own table at 50 % of its 19.6 km reach, bearing 90: Akkol, 2027 (QMDB's own place for the app's city; QMDB year API, capture of 9 Oct 2026)
archive/tables/pinned/kz-qmdb/2026-10-09/akkol-2026.txt	kz.qmdb/akkol	53.233714	69.701158	Asia/Almaty	F+E S D A M I	daily	hanafi	test	Akkol's own table at 50 % of its 19.6 km reach, bearing 135: Akkol, 2026 (QMDB's own place for the app's city; QMDB year API, capture of 9 Oct 2026)
archive/tables/pinned/kz-qmdb/2026-10-09/akkol-2027.txt	kz.qmdb/akkol	53.233714	69.701158	Asia/Almaty	F+E S D A M I	daily	hanafi	test	Akkol's own table at 50 % of its 19.6 km reach, bearing 135: Akkol, 2027 (QMDB's own place for the app's city; QMDB year API, capture of 9 Oct 2026)
archive/tables/pinned/kz-qmdb/2026-10-09/akkol-2026.txt	kz.qmdb/akkol	53.207945	69.597040	Asia/Almaty	F+E S D A M I	daily	hanafi	test	Akkol's own table at 50 % of its 19.6 km reach, bearing 180: Akkol, 2026 (QMDB's own place for the app's city; QMDB year API, capture of 9 Oct 2026)
archive/tables/pinned/kz-qmdb/2026-10-09/akkol-2027.txt	kz.qmdb/akkol	53.207945	69.597040	Asia/Almaty	F+E S D A M I	daily	hanafi	test	Akkol's own table at 50 % of its 19.6 km reach, bearing 180: Akkol, 2027 (QMDB's own place for the app's city; QMDB year API, capture of 9 Oct 2026)
archive/tables/pinned/kz-qmdb/2026-10-09/akkol-2026.txt	kz.qmdb/akkol	53.358353	69.492618	Asia/Almaty	F+E S D A M I	daily	hanafi	test	Akkol's own table at 50 % of its 19.6 km reach, bearing 315: Akkol, 2026 (QMDB's own place for the app's city; QMDB year API, capture of 9 Oct 2026)
archive/tables/pinned/kz-qmdb/2026-10-09/akkol-2027.txt	kz.qmdb/akkol	53.358353	69.492618	Asia/Almaty	F+E S D A M I	daily	hanafi	test	Akkol's own table at 50 % of its 19.6 km reach, bearing 315: Akkol, 2027 (QMDB's own place for the app's city; QMDB year API, capture of 9 Oct 2026)
archive/tables/pinned/kz-qmdb/2026-10-09/akkol-2026.txt	kz.qmdb/akkol	53.463533	69.597040	Asia/Almaty	F+E S D A M I	daily	hanafi	test	Akkol's own table at 95 % of its 19.6 km reach, bearing 0: Akkol, 2026 (QMDB's own place for the app's city; QMDB year API, capture of 9 Oct 2026)
archive/tables/pinned/kz-qmdb/2026-10-09/akkol-2027.txt	kz.qmdb/akkol	53.463533	69.597040	Asia/Almaty	F+E S D A M I	daily	hanafi	test	Akkol's own table at 95 % of its 19.6 km reach, bearing 0: Akkol, 2027 (QMDB's own place for the app's city; QMDB year API, capture of 9 Oct 2026)
archive/tables/pinned/kz-qmdb/2026-10-09/akkol-2026.txt	kz.qmdb/akkol	53.414322	69.795703	Asia/Almaty	F+E S D A M I	daily	hanafi	test	Akkol's own table at 95 % of its 19.6 km reach, bearing 45: Akkol, 2026 (QMDB's own place for the app's city; QMDB year API, capture of 9 Oct 2026)
archive/tables/pinned/kz-qmdb/2026-10-09/akkol-2027.txt	kz.qmdb/akkol	53.414322	69.795703	Asia/Almaty	F+E S D A M I	daily	hanafi	test	Akkol's own table at 95 % of its 19.6 km reach, bearing 45: Akkol, 2027 (QMDB's own place for the app's city; QMDB year API, capture of 9 Oct 2026)
archive/tables/pinned/kz-qmdb/2026-10-09/akkol-2026.txt	kz.qmdb/akkol	53.295751	69.877211	Asia/Almaty	F+E S D A M I	daily	hanafi	test	Akkol's own table at 95 % of its 19.6 km reach, bearing 90: Akkol, 2026 (QMDB's own place for the app's city; QMDB year API, capture of 9 Oct 2026)
archive/tables/pinned/kz-qmdb/2026-10-09/akkol-2027.txt	kz.qmdb/akkol	53.295751	69.877211	Asia/Almaty	F+E S D A M I	daily	hanafi	test	Akkol's own table at 95 % of its 19.6 km reach, bearing 90: Akkol, 2027 (QMDB's own place for the app's city; QMDB year API, capture of 9 Oct 2026)
archive/tables/pinned/kz-qmdb/2026-10-09/akkol-2026.txt	kz.qmdb/akkol	53.177508	69.794604	Asia/Almaty	F+E S D A M I	daily	hanafi	test	Akkol's own table at 95 % of its 19.6 km reach, bearing 135: Akkol, 2026 (QMDB's own place for the app's city; QMDB year API, capture of 9 Oct 2026)
archive/tables/pinned/kz-qmdb/2026-10-09/akkol-2027.txt	kz.qmdb/akkol	53.177508	69.794604	Asia/Almaty	F+E S D A M I	daily	hanafi	test	Akkol's own table at 95 % of its 19.6 km reach, bearing 135: Akkol, 2027 (QMDB's own place for the app's city; QMDB year API, capture of 9 Oct 2026)
archive/tables/pinned/kz-qmdb/2026-10-09/akkol-2026.txt	kz.qmdb/akkol	53.128625	69.597040	Asia/Almaty	F+E S D A M I	daily	hanafi	test	Akkol's own table at 95 % of its 19.6 km reach, bearing 180: Akkol, 2026 (QMDB's own place for the app's city; QMDB year API, capture of 9 Oct 2026)
archive/tables/pinned/kz-qmdb/2026-10-09/akkol-2027.txt	kz.qmdb/akkol	53.128625	69.597040	Asia/Almaty	F+E S D A M I	daily	hanafi	test	Akkol's own table at 95 % of its 19.6 km reach, bearing 180: Akkol, 2027 (QMDB's own place for the app's city; QMDB year API, capture of 9 Oct 2026)
archive/tables/pinned/kz-qmdb/2026-10-09/shelek-2026.txt	kz.qmdb/shelek	43.738718	78.250618	Asia/Almaty	F+E S D A M I	daily	hanafi	test	Shelek's own table at 50 % of its 31.4 km reach, bearing 0: Shelek, 2026 (QMDB's own place for the app's city; QMDB year API, capture of 9 Oct 2026)
archive/tables/pinned/kz-qmdb/2026-10-09/shelek-2027.txt	kz.qmdb/shelek	43.738718	78.250618	Asia/Almaty	F+E S D A M I	daily	hanafi	test	Shelek's own table at 50 % of its 31.4 km reach, bearing 0: Shelek, 2027 (QMDB's own place for the app's city; QMDB year API, capture of 9 Oct 2026)
archive/tables/pinned/kz-qmdb/2026-10-09/shelek-2026.txt	kz.qmdb/shelek	43.697281	78.388708	Asia/Almaty	F+E S D A M I	daily	hanafi	test	Shelek's own table at 50 % of its 31.4 km reach, bearing 45: Shelek, 2026 (QMDB's own place for the app's city; QMDB year API, capture of 9 Oct 2026)
archive/tables/pinned/kz-qmdb/2026-10-09/shelek-2027.txt	kz.qmdb/shelek	43.697281	78.388708	Asia/Almaty	F+E S D A M I	daily	hanafi	test	Shelek's own table at 50 % of its 31.4 km reach, bearing 45: Shelek, 2027 (QMDB's own place for the app's city; QMDB year API, capture of 9 Oct 2026)
archive/tables/pinned/kz-qmdb/2026-10-09/shelek-2026.txt	kz.qmdb/shelek	43.597359	78.445582	Asia/Almaty	F+E S D A M I	daily	hanafi	test	Shelek's own table at 50 % of its 31.4 km reach, bearing 90: Shelek, 2026 (QMDB's own place for the app's city; QMDB year API, capture of 9 Oct 2026)
archive/tables/pinned/kz-qmdb/2026-10-09/shelek-2027.txt	kz.qmdb/shelek	43.597359	78.445582	Asia/Almaty	F+E S D A M I	daily	hanafi	test	Shelek's own table at 50 % of its 31.4 km reach, bearing 90: Shelek, 2027 (QMDB's own place for the app's city; QMDB year API, capture of 9 Oct 2026)
archive/tables/pinned/kz-qmdb/2026-10-09/shelek-2026.txt	kz.qmdb/shelek	43.497603	78.388250	Asia/Almaty	F+E S D A M I	daily	hanafi	test	Shelek's own table at 50 % of its 31.4 km reach, bearing 135: Shelek, 2026 (QMDB's own place for the app's city; QMDB year API, capture of 9 Oct 2026)
archive/tables/pinned/kz-qmdb/2026-10-09/shelek-2027.txt	kz.qmdb/shelek	43.497603	78.388250	Asia/Almaty	F+E S D A M I	daily	hanafi	test	Shelek's own table at 50 % of its 31.4 km reach, bearing 135: Shelek, 2027 (QMDB's own place for the app's city; QMDB year API, capture of 9 Oct 2026)
archive/tables/pinned/kz-qmdb/2026-10-09/shelek-2026.txt	kz.qmdb/shelek	43.456332	78.250618	Asia/Almaty	F+E S D A M I	daily	hanafi	test	Shelek's own table at 50 % of its 31.4 km reach, bearing 180: Shelek, 2026 (QMDB's own place for the app's city; QMDB year API, capture of 9 Oct 2026)
archive/tables/pinned/kz-qmdb/2026-10-09/shelek-2027.txt	kz.qmdb/shelek	43.456332	78.250618	Asia/Almaty	F+E S D A M I	daily	hanafi	test	Shelek's own table at 50 % of its 31.4 km reach, bearing 180: Shelek, 2027 (QMDB's own place for the app's city; QMDB year API, capture of 9 Oct 2026)
archive/tables/pinned/kz-qmdb/2026-10-09/shelek-2026.txt	kz.qmdb/shelek	43.497603	78.112986	Asia/Almaty	F+E S D A M I	daily	hanafi	test	Shelek's own table at 50 % of its 31.4 km reach, bearing 225: Shelek, 2026 (QMDB's own place for the app's city; QMDB year API, capture of 9 Oct 2026)
archive/tables/pinned/kz-qmdb/2026-10-09/shelek-2027.txt	kz.qmdb/shelek	43.497603	78.112986	Asia/Almaty	F+E S D A M I	daily	hanafi	test	Shelek's own table at 50 % of its 31.4 km reach, bearing 225: Shelek, 2027 (QMDB's own place for the app's city; QMDB year API, capture of 9 Oct 2026)
archive/tables/pinned/kz-qmdb/2026-10-09/shelek-2026.txt	kz.qmdb/shelek	43.597359	78.055654	Asia/Almaty	F+E S D A M I	daily	hanafi	test	Shelek's own table at 50 % of its 31.4 km reach, bearing 270: Shelek, 2026 (QMDB's own place for the app's city; QMDB year API, capture of 9 Oct 2026)
archive/tables/pinned/kz-qmdb/2026-10-09/shelek-2027.txt	kz.qmdb/shelek	43.597359	78.055654	Asia/Almaty	F+E S D A M I	daily	hanafi	test	Shelek's own table at 50 % of its 31.4 km reach, bearing 270: Shelek, 2027 (QMDB's own place for the app's city; QMDB year API, capture of 9 Oct 2026)
archive/tables/pinned/kz-qmdb/2026-10-09/shelek-2026.txt	kz.qmdb/shelek	43.697281	78.112528	Asia/Almaty	F+E S D A M I	daily	hanafi	test	Shelek's own table at 50 % of its 31.4 km reach, bearing 315: Shelek, 2026 (QMDB's own place for the app's city; QMDB year API, capture of 9 Oct 2026)
archive/tables/pinned/kz-qmdb/2026-10-09/shelek-2027.txt	kz.qmdb/shelek	43.697281	78.112528	Asia/Almaty	F+E S D A M I	daily	hanafi	test	Shelek's own table at 50 % of its 31.4 km reach, bearing 315: Shelek, 2027 (QMDB's own place for the app's city; QMDB year API, capture of 9 Oct 2026)
archive/tables/pinned/kz-qmdb/2026-10-09/shelek-2026.txt	kz.qmdb/shelek	43.865793	78.250618	Asia/Almaty	F+E S D A M I	daily	hanafi	test	Shelek's own table at 95 % of its 31.4 km reach, bearing 0: Shelek, 2026 (QMDB's own place for the app's city; QMDB year API, capture of 9 Oct 2026)
archive/tables/pinned/kz-qmdb/2026-10-09/shelek-2027.txt	kz.qmdb/shelek	43.865793	78.250618	Asia/Almaty	F+E S D A M I	daily	hanafi	test	Shelek's own table at 95 % of its 31.4 km reach, bearing 0: Shelek, 2027 (QMDB's own place for the app's city; QMDB year API, capture of 9 Oct 2026)
archive/tables/pinned/kz-qmdb/2026-10-09/shelek-2026.txt	kz.qmdb/shelek	43.786919	78.513382	Asia/Almaty	F+E S D A M I	daily	hanafi	test	Shelek's own table at 95 % of its 31.4 km reach, bearing 45: Shelek, 2026 (QMDB's own place for the app's city; QMDB year API, capture of 9 Oct 2026)
archive/tables/pinned/kz-qmdb/2026-10-09/shelek-2027.txt	kz.qmdb/shelek	43.786919	78.513382	Asia/Almaty	F+E S D A M I	daily	hanafi	test	Shelek's own table at 95 % of its 31.4 km reach, bearing 45: Shelek, 2027 (QMDB's own place for the app's city; QMDB year API, capture of 9 Oct 2026)
archive/tables/pinned/kz-qmdb/2026-10-09/shelek-2026.txt	kz.qmdb/shelek	43.596927	78.621048	Asia/Almaty	F+E S D A M I	daily	hanafi	test	Shelek's own table at 95 % of its 31.4 km reach, bearing 90: Shelek, 2026 (QMDB's own place for the app's city; QMDB year API, capture of 9 Oct 2026)
archive/tables/pinned/kz-qmdb/2026-10-09/shelek-2027.txt	kz.qmdb/shelek	43.596927	78.621048	Asia/Almaty	F+E S D A M I	daily	hanafi	test	Shelek's own table at 95 % of its 31.4 km reach, bearing 90: Shelek, 2027 (QMDB's own place for the app's city; QMDB year API, capture of 9 Oct 2026)
archive/tables/pinned/kz-qmdb/2026-10-09/shelek-2026.txt	kz.qmdb/shelek	43.407533	78.511730	Asia/Almaty	F+E S D A M I	daily	hanafi	test	Shelek's own table at 95 % of its 31.4 km reach, bearing 135: Shelek, 2026 (QMDB's own place for the app's city; QMDB year API, capture of 9 Oct 2026)
archive/tables/pinned/kz-qmdb/2026-10-09/shelek-2027.txt	kz.qmdb/shelek	43.407533	78.511730	Asia/Almaty	F+E S D A M I	daily	hanafi	test	Shelek's own table at 95 % of its 31.4 km reach, bearing 135: Shelek, 2027 (QMDB's own place for the app's city; QMDB year API, capture of 9 Oct 2026)
archive/tables/pinned/kz-qmdb/2026-10-09/shelek-2026.txt	kz.qmdb/shelek	43.329257	78.250618	Asia/Almaty	F+E S D A M I	daily	hanafi	test	Shelek's own table at 95 % of its 31.4 km reach, bearing 180: Shelek, 2026 (QMDB's own place for the app's city; QMDB year API, capture of 9 Oct 2026)
archive/tables/pinned/kz-qmdb/2026-10-09/shelek-2027.txt	kz.qmdb/shelek	43.329257	78.250618	Asia/Almaty	F+E S D A M I	daily	hanafi	test	Shelek's own table at 95 % of its 31.4 km reach, bearing 180: Shelek, 2027 (QMDB's own place for the app's city; QMDB year API, capture of 9 Oct 2026)
archive/tables/pinned/kz-qmdb/2026-10-09/shelek-2026.txt	kz.qmdb/shelek	43.407533	77.989506	Asia/Almaty	F+E S D A M I	daily	hanafi	test	Shelek's own table at 95 % of its 31.4 km reach, bearing 225: Shelek, 2026 (QMDB's own place for the app's city; QMDB year API, capture of 9 Oct 2026)
archive/tables/pinned/kz-qmdb/2026-10-09/shelek-2027.txt	kz.qmdb/shelek	43.407533	77.989506	Asia/Almaty	F+E S D A M I	daily	hanafi	test	Shelek's own table at 95 % of its 31.4 km reach, bearing 225: Shelek, 2027 (QMDB's own place for the app's city; QMDB year API, capture of 9 Oct 2026)
archive/tables/pinned/kz-qmdb/2026-10-09/shelek-2026.txt	kz.qmdb/shelek	43.596927	77.880188	Asia/Almaty	F+E S D A M I	daily	hanafi	test	Shelek's own table at 95 % of its 31.4 km reach, bearing 270: Shelek, 2026 (QMDB's own place for the app's city; QMDB year API, capture of 9 Oct 2026)
archive/tables/pinned/kz-qmdb/2026-10-09/shelek-2027.txt	kz.qmdb/shelek	43.596927	77.880188	Asia/Almaty	F+E S D A M I	daily	hanafi	test	Shelek's own table at 95 % of its 31.4 km reach, bearing 270: Shelek, 2027 (QMDB's own place for the app's city; QMDB year API, capture of 9 Oct 2026)
archive/tables/pinned/kz-qmdb/2026-10-09/shelek-2026.txt	kz.qmdb/shelek	43.786919	77.987854	Asia/Almaty	F+E S D A M I	daily	hanafi	test	Shelek's own table at 95 % of its 31.4 km reach, bearing 315: Shelek, 2026 (QMDB's own place for the app's city; QMDB year API, capture of 9 Oct 2026)
archive/tables/pinned/kz-qmdb/2026-10-09/shelek-2027.txt	kz.qmdb/shelek	43.786919	77.987854	Asia/Almaty	F+E S D A M I	daily	hanafi	test	Shelek's own table at 95 % of its 31.4 km reach, bearing 315: Shelek, 2027 (QMDB's own place for the app's city; QMDB year API, capture of 9 Oct 2026)
archive/tables/pinned/kz-qmdb/2026-10-09/boralday-2026.txt	kz.qmdb/boralday	43.501536	76.861006	Asia/Almaty	F+E S D A M I	daily	hanafi	test	Boralday (Burunday)'s own table at 50 % of its 31.9 km reach, bearing 0: Boralday (Burunday), 2026 (QMDB's own place for the app's city; QMDB year API, capture of 9 Oct 2026)
archive/tables/pinned/kz-qmdb/2026-10-09/boralday-2027.txt	kz.qmdb/boralday	43.501536	76.861006	Asia/Almaty	F+E S D A M I	daily	hanafi	test	Boralday (Burunday)'s own table at 50 % of its 31.9 km reach, bearing 0: Boralday (Burunday), 2027 (QMDB's own place for the app's city; QMDB year API, capture of 9 Oct 2026)
archive/tables/pinned/kz-qmdb/2026-10-09/boralday-2026.txt	kz.qmdb/boralday	43.256581	76.721737	Asia/Almaty	F+E S D A M I	daily	hanafi	test	Boralday (Burunday)'s own table at 50 % of its 31.9 km reach, bearing 225: Boralday (Burunday), 2026 (QMDB's own place for the app's city; QMDB year API, capture of 9 Oct 2026)
archive/tables/pinned/kz-qmdb/2026-10-09/boralday-2027.txt	kz.qmdb/boralday	43.256581	76.721737	Asia/Almaty	F+E S D A M I	daily	hanafi	test	Boralday (Burunday)'s own table at 50 % of its 31.9 km reach, bearing 225: Boralday (Burunday), 2027 (QMDB's own place for the app's city; QMDB year API, capture of 9 Oct 2026)
archive/tables/pinned/kz-qmdb/2026-10-09/boralday-2026.txt	kz.qmdb/boralday	43.357924	76.663721	Asia/Almaty	F+E S D A M I	daily	hanafi	test	Boralday (Burunday)'s own table at 50 % of its 31.9 km reach, bearing 270: Boralday (Burunday), 2026 (QMDB's own place for the app's city; QMDB year API, capture of 9 Oct 2026)
archive/tables/pinned/kz-qmdb/2026-10-09/boralday-2027.txt	kz.qmdb/boralday	43.357924	76.663721	Asia/Almaty	F+E S D A M I	daily	hanafi	test	Boralday (Burunday)'s own table at 50 % of its 31.9 km reach, bearing 270: Boralday (Burunday), 2027 (QMDB's own place for the app's city; QMDB year API, capture of 9 Oct 2026)
archive/tables/pinned/kz-qmdb/2026-10-09/boralday-2026.txt	kz.qmdb/boralday	43.459438	76.721270	Asia/Almaty	F+E S D A M I	daily	hanafi	test	Boralday (Burunday)'s own table at 50 % of its 31.9 km reach, bearing 315: Boralday (Burunday), 2026 (QMDB's own place for the app's city; QMDB year API, capture of 9 Oct 2026)
archive/tables/pinned/kz-qmdb/2026-10-09/boralday-2027.txt	kz.qmdb/boralday	43.459438	76.721270	Asia/Almaty	F+E S D A M I	daily	hanafi	test	Boralday (Burunday)'s own table at 50 % of its 31.9 km reach, bearing 315: Boralday (Burunday), 2027 (QMDB's own place for the app's city; QMDB year API, capture of 9 Oct 2026)
archive/tables/pinned/kz-qmdb/2026-10-09/boralday-2026.txt	kz.qmdb/boralday	43.357482	76.486166	Asia/Almaty	F+E S D A M I	daily	hanafi	test	Boralday (Burunday)'s own table at 95 % of its 31.9 km reach, bearing 270: Boralday (Burunday), 2026 (QMDB's own place for the app's city; QMDB year API, capture of 9 Oct 2026)
archive/tables/pinned/kz-qmdb/2026-10-09/boralday-2027.txt	kz.qmdb/boralday	43.357482	76.486166	Asia/Almaty	F+E S D A M I	daily	hanafi	test	Boralday (Burunday)'s own table at 95 % of its 31.9 km reach, bearing 270: Boralday (Burunday), 2027 (QMDB's own place for the app's city; QMDB year API, capture of 9 Oct 2026)
archive/tables/pinned/kz-qmdb/2026-10-09/boralday-2026.txt	kz.qmdb/boralday	43.550501	76.595108	Asia/Almaty	F+E S D A M I	daily	hanafi	test	Boralday (Burunday)'s own table at 95 % of its 31.9 km reach, bearing 315: Boralday (Burunday), 2026 (QMDB's own place for the app's city; QMDB year API, capture of 9 Oct 2026)
archive/tables/pinned/kz-qmdb/2026-10-09/boralday-2027.txt	kz.qmdb/boralday	43.550501	76.595108	Asia/Almaty	F+E S D A M I	daily	hanafi	test	Boralday (Burunday)'s own table at 95 % of its 31.9 km reach, bearing 315: Boralday (Burunday), 2027 (QMDB's own place for the app's city; QMDB year API, capture of 9 Oct 2026)
archive/tables/pinned/kz-qmdb/2026-10-09/otegen-batyr-2026.txt	kz.qmdb/otegen-batyr	43.565425	77.028020	Asia/Almaty	F+E S D A M I	daily	hanafi	test	Otegen Batyr's own table at 50 % of its 31.5 km reach, bearing 0: Otegen Batyr, 2026 (QMDB's own place for the app's city; QMDB year API, capture of 9 Oct 2026)
archive/tables/pinned/kz-qmdb/2026-10-09/otegen-batyr-2027.txt	kz.qmdb/otegen-batyr	43.565425	77.028020	Asia/Almaty	F+E S D A M I	daily	hanafi	test	Otegen Batyr's own table at 50 % of its 31.5 km reach, bearing 0: Otegen Batyr, 2027 (QMDB's own place for the app's city; QMDB year API, capture of 9 Oct 2026)
archive/tables/pinned/kz-qmdb/2026-10-09/otegen-batyr-2026.txt	kz.qmdb/otegen-batyr	43.523856	77.166151	Asia/Almaty	F+E S D A M I	daily	hanafi	test	Otegen Batyr's own table at 50 % of its 31.5 km reach, bearing 45: Otegen Batyr, 2026 (QMDB's own place for the app's city; QMDB year API, capture of 9 Oct 2026)
archive/tables/pinned/kz-qmdb/2026-10-09/otegen-batyr-2027.txt	kz.qmdb/otegen-batyr	43.523856	77.166151	Asia/Almaty	F+E S D A M I	daily	hanafi	test	Otegen Batyr's own table at 50 % of its 31.5 km reach, bearing 45: Otegen Batyr, 2027 (QMDB's own place for the app's city; QMDB year API, capture of 9 Oct 2026)
archive/tables/pinned/kz-qmdb/2026-10-09/otegen-batyr-2026.txt	kz.qmdb/otegen-batyr	43.523856	76.889889	Asia/Almaty	F+E S D A M I	daily	hanafi	test	Otegen Batyr's own table at 50 % of its 31.5 km reach, bearing 315: Otegen Batyr, 2026 (QMDB's own place for the app's city; QMDB year API, capture of 9 Oct 2026)
archive/tables/pinned/kz-qmdb/2026-10-09/otegen-batyr-2027.txt	kz.qmdb/otegen-batyr	43.523856	76.889889	Asia/Almaty	F+E S D A M I	daily	hanafi	test	Otegen Batyr's own table at 50 % of its 31.5 km reach, bearing 315: Otegen Batyr, 2027 (QMDB's own place for the app's city; QMDB year API, capture of 9 Oct 2026)
archive/tables/pinned/kz-qmdb/2026-10-09/otegen-batyr-2026.txt	kz.qmdb/otegen-batyr	43.613780	77.290860	Asia/Almaty	F+E S D A M I	daily	hanafi	test	Otegen Batyr's own table at 95 % of its 31.5 km reach, bearing 45: Otegen Batyr, 2026 (QMDB's own place for the app's city; QMDB year API, capture of 9 Oct 2026)
archive/tables/pinned/kz-qmdb/2026-10-09/otegen-batyr-2027.txt	kz.qmdb/otegen-batyr	43.613780	77.290860	Asia/Almaty	F+E S D A M I	daily	hanafi	test	Otegen Batyr's own table at 95 % of its 31.5 km reach, bearing 45: Otegen Batyr, 2027 (QMDB's own place for the app's city; QMDB year API, capture of 9 Oct 2026)
archive/tables/pinned/kz-qmdb/2026-10-06/makat-2026.txt	kz.qmdb/makat	47.760835	53.349220	Asia/Atyrau	F+E S D A M I	daily	hanafi	test	Makat's own table at 50 % of its 25.2 km reach, bearing 0: Makat, 2026 (46-48N, the west, just short of a 0.1 deg curve step; QMDB year API, capture of 6 Oct 2026)
archive/tables/pinned/kz-qmdb/2026-10-06/makat-2027.txt	kz.qmdb/makat	47.760835	53.349220	Asia/Atyrau	F+E S D A M I	daily	hanafi	test	Makat's own table at 50 % of its 25.2 km reach, bearing 0: Makat, 2027 (46-48N, the west, just short of a 0.1 deg curve step; QMDB year API, capture of 6 Oct 2026)
archive/tables/pinned/kz-qmdb/2026-10-06/makat-2026.txt	kz.qmdb/makat	47.727584	53.468338	Asia/Atyrau	F+E S D A M I	daily	hanafi	test	Makat's own table at 50 % of its 25.2 km reach, bearing 45: Makat, 2026 (46-48N, the west, just short of a 0.1 deg curve step; QMDB year API, capture of 6 Oct 2026)
archive/tables/pinned/kz-qmdb/2026-10-06/makat-2027.txt	kz.qmdb/makat	47.727584	53.468338	Asia/Atyrau	F+E S D A M I	daily	hanafi	test	Makat's own table at 50 % of its 25.2 km reach, bearing 45: Makat, 2027 (46-48N, the west, just short of a 0.1 deg curve step; QMDB year API, capture of 6 Oct 2026)
archive/tables/pinned/kz-qmdb/2026-10-06/makat-2026.txt	kz.qmdb/makat	47.647397	53.517420	Asia/Atyrau	F+E S D A M I	daily	hanafi	test	Makat's own table at 50 % of its 25.2 km reach, bearing 90: Makat, 2026 (46-48N, the west, just short of a 0.1 deg curve step; QMDB year API, capture of 6 Oct 2026)
archive/tables/pinned/kz-qmdb/2026-10-06/makat-2027.txt	kz.qmdb/makat	47.647397	53.517420	Asia/Atyrau	F+E S D A M I	daily	hanafi	test	Makat's own table at 50 % of its 25.2 km reach, bearing 90: Makat, 2027 (46-48N, the west, just short of a 0.1 deg curve step; QMDB year API, capture of 6 Oct 2026)
archive/tables/pinned/kz-qmdb/2026-10-06/makat-2026.txt	kz.qmdb/makat	47.567333	53.467973	Asia/Atyrau	F+E S D A M I	daily	hanafi	test	Makat's own table at 50 % of its 25.2 km reach, bearing 135: Makat, 2026 (46-48N, the west, just short of a 0.1 deg curve step; QMDB year API, capture of 6 Oct 2026)
archive/tables/pinned/kz-qmdb/2026-10-06/makat-2027.txt	kz.qmdb/makat	47.567333	53.467973	Asia/Atyrau	F+E S D A M I	daily	hanafi	test	Makat's own table at 50 % of its 25.2 km reach, bearing 135: Makat, 2027 (46-48N, the west, just short of a 0.1 deg curve step; QMDB year API, capture of 6 Oct 2026)
archive/tables/pinned/kz-qmdb/2026-10-06/makat-2026.txt	kz.qmdb/makat	47.862818	53.349220	Asia/Atyrau	F+E S D A M I	daily	hanafi	test	Makat's own table at 95 % of its 25.2 km reach, bearing 0: Makat, 2026 (46-48N, the west, just short of a 0.1 deg curve step; QMDB year API, capture of 6 Oct 2026)
archive/tables/pinned/kz-qmdb/2026-10-06/makat-2027.txt	kz.qmdb/makat	47.862818	53.349220	Asia/Atyrau	F+E S D A M I	daily	hanafi	test	Makat's own table at 95 % of its 25.2 km reach, bearing 0: Makat, 2027 (46-48N, the west, just short of a 0.1 deg curve step; QMDB year API, capture of 6 Oct 2026)
archive/tables/pinned/kz-qmdb/2026-10-06/makat-2026.txt	kz.qmdb/makat	47.495061	53.574540	Asia/Atyrau	F+E S D A M I	daily	hanafi	test	Makat's own table at 95 % of its 25.2 km reach, bearing 135: Makat, 2026 (46-48N, the west, just short of a 0.1 deg curve step; QMDB year API, capture of 6 Oct 2026)
archive/tables/pinned/kz-qmdb/2026-10-06/makat-2027.txt	kz.qmdb/makat	47.495061	53.574540	Asia/Atyrau	F+E S D A M I	daily	hanafi	test	Makat's own table at 95 % of its 25.2 km reach, bearing 135: Makat, 2027 (46-48N, the west, just short of a 0.1 deg curve step; QMDB year API, capture of 6 Oct 2026)
archive/tables/pinned/kz-qmdb/2026-10-06/oteshqali-2026.txt	kz.qmdb/oteshqali	47.995536	51.622514	Asia/Atyrau	F+E S D A M I	daily	hanafi	test	Oteshqali Atambayev's own table at 50 % of its 0.3 km reach, bearing 0: Oteshqali Atambayev, 2026 (46-48N, QMDB's place nearest 48N, the west; QMDB year API, capture of 6 Oct 2026)
archive/tables/pinned/kz-qmdb/2026-10-06/oteshqali-2027.txt	kz.qmdb/oteshqali	47.995536	51.622514	Asia/Atyrau	F+E S D A M I	daily	hanafi	test	Oteshqali Atambayev's own table at 50 % of its 0.3 km reach, bearing 0: Oteshqali Atambayev, 2027 (46-48N, QMDB's place nearest 48N, the west; QMDB year API, capture of 6 Oct 2026)
archive/tables/pinned/kz-qmdb/2026-10-06/oteshqali-2026.txt	kz.qmdb/oteshqali	47.995141	51.623939	Asia/Atyrau	F+E S D A M I	daily	hanafi	test	Oteshqali Atambayev's own table at 50 % of its 0.3 km reach, bearing 45: Oteshqali Atambayev, 2026 (46-48N, QMDB's place nearest 48N, the west; QMDB year API, capture of 6 Oct 2026)
archive/tables/pinned/kz-qmdb/2026-10-06/oteshqali-2027.txt	kz.qmdb/oteshqali	47.995141	51.623939	Asia/Atyrau	F+E S D A M I	daily	hanafi	test	Oteshqali Atambayev's own table at 50 % of its 0.3 km reach, bearing 45: Oteshqali Atambayev, 2027 (46-48N, QMDB's place nearest 48N, the west; QMDB year API, capture of 6 Oct 2026)
archive/tables/pinned/kz-qmdb/2026-10-06/oteshqali-2026.txt	kz.qmdb/oteshqali	47.994187	51.624530	Asia/Atyrau	F+E S D A M I	daily	hanafi	test	Oteshqali Atambayev's own table at 50 % of its 0.3 km reach, bearing 90: Oteshqali Atambayev, 2026 (46-48N, QMDB's place nearest 48N, the west; QMDB year API, capture of 6 Oct 2026)
archive/tables/pinned/kz-qmdb/2026-10-06/oteshqali-2027.txt	kz.qmdb/oteshqali	47.994187	51.624530	Asia/Atyrau	F+E S D A M I	daily	hanafi	test	Oteshqali Atambayev's own table at 50 % of its 0.3 km reach, bearing 90: Oteshqali Atambayev, 2027 (46-48N, QMDB's place nearest 48N, the west; QMDB year API, capture of 6 Oct 2026)
archive/tables/pinned/kz-qmdb/2026-10-06/oteshqali-2026.txt	kz.qmdb/oteshqali	47.993233	51.623939	Asia/Atyrau	F+E S D A M I	daily	hanafi	test	Oteshqali Atambayev's own table at 50 % of its 0.3 km reach, bearing 135: Oteshqali Atambayev, 2026 (46-48N, QMDB's place nearest 48N, the west; QMDB year API, capture of 6 Oct 2026)
archive/tables/pinned/kz-qmdb/2026-10-06/oteshqali-2027.txt	kz.qmdb/oteshqali	47.993233	51.623939	Asia/Atyrau	F+E S D A M I	daily	hanafi	test	Oteshqali Atambayev's own table at 50 % of its 0.3 km reach, bearing 135: Oteshqali Atambayev, 2027 (46-48N, QMDB's place nearest 48N, the west; QMDB year API, capture of 6 Oct 2026)
archive/tables/pinned/kz-qmdb/2026-10-06/oteshqali-2026.txt	kz.qmdb/oteshqali	47.992838	51.622514	Asia/Atyrau	F+E S D A M I	daily	hanafi	test	Oteshqali Atambayev's own table at 50 % of its 0.3 km reach, bearing 180: Oteshqali Atambayev, 2026 (46-48N, QMDB's place nearest 48N, the west; QMDB year API, capture of 6 Oct 2026)
archive/tables/pinned/kz-qmdb/2026-10-06/oteshqali-2027.txt	kz.qmdb/oteshqali	47.992838	51.622514	Asia/Atyrau	F+E S D A M I	daily	hanafi	test	Oteshqali Atambayev's own table at 50 % of its 0.3 km reach, bearing 180: Oteshqali Atambayev, 2027 (46-48N, QMDB's place nearest 48N, the west; QMDB year API, capture of 6 Oct 2026)
archive/tables/pinned/kz-qmdb/2026-10-06/oteshqali-2026.txt	kz.qmdb/oteshqali	47.993233	51.621089	Asia/Atyrau	F+E S D A M I	daily	hanafi	test	Oteshqali Atambayev's own table at 50 % of its 0.3 km reach, bearing 225: Oteshqali Atambayev, 2026 (46-48N, QMDB's place nearest 48N, the west; QMDB year API, capture of 6 Oct 2026)
archive/tables/pinned/kz-qmdb/2026-10-06/oteshqali-2027.txt	kz.qmdb/oteshqali	47.993233	51.621089	Asia/Atyrau	F+E S D A M I	daily	hanafi	test	Oteshqali Atambayev's own table at 50 % of its 0.3 km reach, bearing 225: Oteshqali Atambayev, 2027 (46-48N, QMDB's place nearest 48N, the west; QMDB year API, capture of 6 Oct 2026)
archive/tables/pinned/kz-qmdb/2026-10-06/oteshqali-2026.txt	kz.qmdb/oteshqali	47.994187	51.620498	Asia/Atyrau	F+E S D A M I	daily	hanafi	test	Oteshqali Atambayev's own table at 50 % of its 0.3 km reach, bearing 270: Oteshqali Atambayev, 2026 (46-48N, QMDB's place nearest 48N, the west; QMDB year API, capture of 6 Oct 2026)
archive/tables/pinned/kz-qmdb/2026-10-06/oteshqali-2027.txt	kz.qmdb/oteshqali	47.994187	51.620498	Asia/Atyrau	F+E S D A M I	daily	hanafi	test	Oteshqali Atambayev's own table at 50 % of its 0.3 km reach, bearing 270: Oteshqali Atambayev, 2027 (46-48N, QMDB's place nearest 48N, the west; QMDB year API, capture of 6 Oct 2026)
archive/tables/pinned/kz-qmdb/2026-10-06/oteshqali-2026.txt	kz.qmdb/oteshqali	47.995141	51.621089	Asia/Atyrau	F+E S D A M I	daily	hanafi	test	Oteshqali Atambayev's own table at 50 % of its 0.3 km reach, bearing 315: Oteshqali Atambayev, 2026 (46-48N, QMDB's place nearest 48N, the west; QMDB year API, capture of 6 Oct 2026)
archive/tables/pinned/kz-qmdb/2026-10-06/oteshqali-2027.txt	kz.qmdb/oteshqali	47.995141	51.621089	Asia/Atyrau	F+E S D A M I	daily	hanafi	test	Oteshqali Atambayev's own table at 50 % of its 0.3 km reach, bearing 315: Oteshqali Atambayev, 2027 (46-48N, QMDB's place nearest 48N, the west; QMDB year API, capture of 6 Oct 2026)
archive/tables/pinned/kz-qmdb/2026-10-06/oteshqali-2026.txt	kz.qmdb/oteshqali	47.996750	51.622514	Asia/Atyrau	F+E S D A M I	daily	hanafi	test	Oteshqali Atambayev's own table at 95 % of its 0.3 km reach, bearing 0: Oteshqali Atambayev, 2026 (46-48N, QMDB's place nearest 48N, the west; QMDB year API, capture of 6 Oct 2026)
archive/tables/pinned/kz-qmdb/2026-10-06/oteshqali-2027.txt	kz.qmdb/oteshqali	47.996750	51.622514	Asia/Atyrau	F+E S D A M I	daily	hanafi	test	Oteshqali Atambayev's own table at 95 % of its 0.3 km reach, bearing 0: Oteshqali Atambayev, 2027 (46-48N, QMDB's place nearest 48N, the west; QMDB year API, capture of 6 Oct 2026)
archive/tables/pinned/kz-qmdb/2026-10-06/oteshqali-2026.txt	kz.qmdb/oteshqali	47.995999	51.625222	Asia/Atyrau	F+E S D A M I	daily	hanafi	test	Oteshqali Atambayev's own table at 95 % of its 0.3 km reach, bearing 45: Oteshqali Atambayev, 2026 (46-48N, QMDB's place nearest 48N, the west; QMDB year API, capture of 6 Oct 2026)
archive/tables/pinned/kz-qmdb/2026-10-06/oteshqali-2027.txt	kz.qmdb/oteshqali	47.995999	51.625222	Asia/Atyrau	F+E S D A M I	daily	hanafi	test	Oteshqali Atambayev's own table at 95 % of its 0.3 km reach, bearing 45: Oteshqali Atambayev, 2027 (46-48N, QMDB's place nearest 48N, the west; QMDB year API, capture of 6 Oct 2026)
archive/tables/pinned/kz-qmdb/2026-10-06/oteshqali-2026.txt	kz.qmdb/oteshqali	47.994187	51.626344	Asia/Atyrau	F+E S D A M I	daily	hanafi	test	Oteshqali Atambayev's own table at 95 % of its 0.3 km reach, bearing 90: Oteshqali Atambayev, 2026 (46-48N, QMDB's place nearest 48N, the west; QMDB year API, capture of 6 Oct 2026)
archive/tables/pinned/kz-qmdb/2026-10-06/oteshqali-2027.txt	kz.qmdb/oteshqali	47.994187	51.626344	Asia/Atyrau	F+E S D A M I	daily	hanafi	test	Oteshqali Atambayev's own table at 95 % of its 0.3 km reach, bearing 90: Oteshqali Atambayev, 2027 (46-48N, QMDB's place nearest 48N, the west; QMDB year API, capture of 6 Oct 2026)
archive/tables/pinned/kz-qmdb/2026-10-06/oteshqali-2026.txt	kz.qmdb/oteshqali	47.992375	51.625222	Asia/Atyrau	F+E S D A M I	daily	hanafi	test	Oteshqali Atambayev's own table at 95 % of its 0.3 km reach, bearing 135: Oteshqali Atambayev, 2026 (46-48N, QMDB's place nearest 48N, the west; QMDB year API, capture of 6 Oct 2026)
archive/tables/pinned/kz-qmdb/2026-10-06/oteshqali-2027.txt	kz.qmdb/oteshqali	47.992375	51.625222	Asia/Atyrau	F+E S D A M I	daily	hanafi	test	Oteshqali Atambayev's own table at 95 % of its 0.3 km reach, bearing 135: Oteshqali Atambayev, 2027 (46-48N, QMDB's place nearest 48N, the west; QMDB year API, capture of 6 Oct 2026)
archive/tables/pinned/kz-qmdb/2026-10-06/oteshqali-2026.txt	kz.qmdb/oteshqali	47.991624	51.622514	Asia/Atyrau	F+E S D A M I	daily	hanafi	test	Oteshqali Atambayev's own table at 95 % of its 0.3 km reach, bearing 180: Oteshqali Atambayev, 2026 (46-48N, QMDB's place nearest 48N, the west; QMDB year API, capture of 6 Oct 2026)
archive/tables/pinned/kz-qmdb/2026-10-06/oteshqali-2027.txt	kz.qmdb/oteshqali	47.991624	51.622514	Asia/Atyrau	F+E S D A M I	daily	hanafi	test	Oteshqali Atambayev's own table at 95 % of its 0.3 km reach, bearing 180: Oteshqali Atambayev, 2027 (46-48N, QMDB's place nearest 48N, the west; QMDB year API, capture of 6 Oct 2026)
archive/tables/pinned/kz-qmdb/2026-10-06/oteshqali-2026.txt	kz.qmdb/oteshqali	47.992375	51.619806	Asia/Atyrau	F+E S D A M I	daily	hanafi	test	Oteshqali Atambayev's own table at 95 % of its 0.3 km reach, bearing 225: Oteshqali Atambayev, 2026 (46-48N, QMDB's place nearest 48N, the west; QMDB year API, capture of 6 Oct 2026)
archive/tables/pinned/kz-qmdb/2026-10-06/oteshqali-2027.txt	kz.qmdb/oteshqali	47.992375	51.619806	Asia/Atyrau	F+E S D A M I	daily	hanafi	test	Oteshqali Atambayev's own table at 95 % of its 0.3 km reach, bearing 225: Oteshqali Atambayev, 2027 (46-48N, QMDB's place nearest 48N, the west; QMDB year API, capture of 6 Oct 2026)
archive/tables/pinned/kz-qmdb/2026-10-06/oteshqali-2026.txt	kz.qmdb/oteshqali	47.994187	51.618684	Asia/Atyrau	F+E S D A M I	daily	hanafi	test	Oteshqali Atambayev's own table at 95 % of its 0.3 km reach, bearing 270: Oteshqali Atambayev, 2026 (46-48N, QMDB's place nearest 48N, the west; QMDB year API, capture of 6 Oct 2026)
archive/tables/pinned/kz-qmdb/2026-10-06/oteshqali-2027.txt	kz.qmdb/oteshqali	47.994187	51.618684	Asia/Atyrau	F+E S D A M I	daily	hanafi	test	Oteshqali Atambayev's own table at 95 % of its 0.3 km reach, bearing 270: Oteshqali Atambayev, 2027 (46-48N, QMDB's place nearest 48N, the west; QMDB year API, capture of 6 Oct 2026)
archive/tables/pinned/kz-qmdb/2026-10-06/oteshqali-2026.txt	kz.qmdb/oteshqali	47.995999	51.619806	Asia/Atyrau	F+E S D A M I	daily	hanafi	test	Oteshqali Atambayev's own table at 95 % of its 0.3 km reach, bearing 315: Oteshqali Atambayev, 2026 (46-48N, QMDB's place nearest 48N, the west; QMDB year API, capture of 6 Oct 2026)
archive/tables/pinned/kz-qmdb/2026-10-06/oteshqali-2027.txt	kz.qmdb/oteshqali	47.995999	51.619806	Asia/Atyrau	F+E S D A M I	daily	hanafi	test	Oteshqali Atambayev's own table at 95 % of its 0.3 km reach, bearing 315: Oteshqali Atambayev, 2027 (46-48N, QMDB's place nearest 48N, the west; QMDB year API, capture of 6 Oct 2026)
archive/tables/pinned/kz-qmdb/2026-10-09/sarykemer-2026.txt	kz.qmdb/sarykemer	43.153750	71.515131	Asia/Almaty	F+E S D A M I	daily	hanafi	test	Sarykemer's own table at 50 % of its 32.5 km reach, bearing 0: Sarykemer, 2026 (QMDB's own place for the app's city; QMDB year API, capture of 9 Oct 2026)
archive/tables/pinned/kz-qmdb/2026-10-09/sarykemer-2027.txt	kz.qmdb/sarykemer	43.153750	71.515131	Asia/Almaty	F+E S D A M I	daily	hanafi	test	Sarykemer's own table at 50 % of its 32.5 km reach, bearing 0: Sarykemer, 2027 (QMDB's own place for the app's city; QMDB year API, capture of 9 Oct 2026)
archive/tables/pinned/kz-qmdb/2026-10-09/sarykemer-2026.txt	kz.qmdb/sarykemer	43.110859	71.656681	Asia/Almaty	F+E S D A M I	daily	hanafi	test	Sarykemer's own table at 50 % of its 32.5 km reach, bearing 45: Sarykemer, 2026 (QMDB's own place for the app's city; QMDB year API, capture of 9 Oct 2026)
archive/tables/pinned/kz-qmdb/2026-10-09/sarykemer-2027.txt	kz.qmdb/sarykemer	43.110859	71.656681	Asia/Almaty	F+E S D A M I	daily	hanafi	test	Sarykemer's own table at 50 % of its 32.5 km reach, bearing 45: Sarykemer, 2027 (QMDB's own place for the app's city; QMDB year API, capture of 9 Oct 2026)
archive/tables/pinned/kz-qmdb/2026-10-09/sarykemer-2026.txt	kz.qmdb/sarykemer	43.007436	71.714976	Asia/Almaty	F+E S D A M I	daily	hanafi	test	Sarykemer's own table at 50 % of its 32.5 km reach, bearing 90: Sarykemer, 2026 (QMDB's own place for the app's city; QMDB year API, capture of 9 Oct 2026)
archive/tables/pinned/kz-qmdb/2026-10-09/sarykemer-2027.txt	kz.qmdb/sarykemer	43.007436	71.714976	Asia/Almaty	F+E S D A M I	daily	hanafi	test	Sarykemer's own table at 50 % of its 32.5 km reach, bearing 90: Sarykemer, 2027 (QMDB's own place for the app's city; QMDB year API, capture of 9 Oct 2026)
archive/tables/pinned/kz-qmdb/2026-10-09/sarykemer-2026.txt	kz.qmdb/sarykemer	42.904187	71.656206	Asia/Almaty	F+E S D A M I	daily	hanafi	test	Sarykemer's own table at 50 % of its 32.5 km reach, bearing 135: Sarykemer, 2026 (QMDB's own place for the app's city; QMDB year API, capture of 9 Oct 2026)
archive/tables/pinned/kz-qmdb/2026-10-09/sarykemer-2027.txt	kz.qmdb/sarykemer	42.904187	71.656206	Asia/Almaty	F+E S D A M I	daily	hanafi	test	Sarykemer's own table at 50 % of its 32.5 km reach, bearing 135: Sarykemer, 2027 (QMDB's own place for the app's city; QMDB year API, capture of 9 Oct 2026)
archive/tables/pinned/kz-qmdb/2026-10-09/sarykemer-2026.txt	kz.qmdb/sarykemer	43.110859	71.373581	Asia/Almaty	F+E S D A M I	daily	hanafi	test	Sarykemer's own table at 50 % of its 32.5 km reach, bearing 315: Sarykemer, 2026 (QMDB's own place for the app's city; QMDB year API, capture of 9 Oct 2026)
archive/tables/pinned/kz-qmdb/2026-10-09/sarykemer-2027.txt	kz.qmdb/sarykemer	43.110859	71.373581	Asia/Almaty	F+E S D A M I	daily	hanafi	test	Sarykemer's own table at 50 % of its 32.5 km reach, bearing 315: Sarykemer, 2027 (QMDB's own place for the app's city; QMDB year API, capture of 9 Oct 2026)
archive/tables/pinned/kz-qmdb/2026-10-09/sarykemer-2026.txt	kz.qmdb/sarykemer	43.285276	71.515131	Asia/Almaty	F+E S D A M I	daily	hanafi	test	Sarykemer's own table at 95 % of its 32.5 km reach, bearing 0: Sarykemer, 2026 (QMDB's own place for the app's city; QMDB year API, capture of 9 Oct 2026)
archive/tables/pinned/kz-qmdb/2026-10-09/sarykemer-2027.txt	kz.qmdb/sarykemer	43.285276	71.515131	Asia/Almaty	F+E S D A M I	daily	hanafi	test	Sarykemer's own table at 95 % of its 32.5 km reach, bearing 0: Sarykemer, 2027 (QMDB's own place for the app's city; QMDB year API, capture of 9 Oct 2026)
archive/tables/pinned/kz-qmdb/2026-10-09/sarykemer-2026.txt	kz.qmdb/sarykemer	43.203634	71.784485	Asia/Almaty	F+E S D A M I	daily	hanafi	test	Sarykemer's own table at 95 % of its 32.5 km reach, bearing 45: Sarykemer, 2026 (QMDB's own place for the app's city; QMDB year API, capture of 9 Oct 2026)
archive/tables/pinned/kz-qmdb/2026-10-09/sarykemer-2027.txt	kz.qmdb/sarykemer	43.203634	71.784485	Asia/Almaty	F+E S D A M I	daily	hanafi	test	Sarykemer's own table at 95 % of its 32.5 km reach, bearing 45: Sarykemer, 2027 (QMDB's own place for the app's city; QMDB year API, capture of 9 Oct 2026)
archive/tables/pinned/kz-qmdb/2026-10-09/sarykemer-2026.txt	kz.qmdb/sarykemer	43.006982	71.894835	Asia/Almaty	F+E S D A M I	daily	hanafi	test	Sarykemer's own table at 95 % of its 32.5 km reach, bearing 90: Sarykemer, 2026 (QMDB's own place for the app's city; QMDB year API, capture of 9 Oct 2026)
archive/tables/pinned/kz-qmdb/2026-10-09/sarykemer-2027.txt	kz.qmdb/sarykemer	43.006982	71.894835	Asia/Almaty	F+E S D A M I	daily	hanafi	test	Sarykemer's own table at 95 % of its 32.5 km reach, bearing 90: Sarykemer, 2027 (QMDB's own place for the app's city; QMDB year API, capture of 9 Oct 2026)
archive/tables/pinned/kz-qmdb/2026-10-09/sarykemer-2026.txt	kz.qmdb/sarykemer	42.810958	71.782769	Asia/Almaty	F+E S D A M I	daily	hanafi	test	Sarykemer's own table at 95 % of its 32.5 km reach, bearing 135: Sarykemer, 2026 (QMDB's own place for the app's city; QMDB year API, capture of 9 Oct 2026)
archive/tables/pinned/kz-qmdb/2026-10-09/sarykemer-2027.txt	kz.qmdb/sarykemer	42.810958	71.782769	Asia/Almaty	F+E S D A M I	daily	hanafi	test	Sarykemer's own table at 95 % of its 32.5 km reach, bearing 135: Sarykemer, 2027 (QMDB's own place for the app's city; QMDB year API, capture of 9 Oct 2026)
archive/tables/pinned/kz-qmdb/2026-10-09/sarykemer-2026.txt	kz.qmdb/sarykemer	43.203634	71.245777	Asia/Almaty	F+E S D A M I	daily	hanafi	test	Sarykemer's own table at 95 % of its 32.5 km reach, bearing 315: Sarykemer, 2026 (QMDB's own place for the app's city; QMDB year API, capture of 9 Oct 2026)
archive/tables/pinned/kz-qmdb/2026-10-09/sarykemer-2027.txt	kz.qmdb/sarykemer	43.203634	71.245777	Asia/Almaty	F+E S D A M I	daily	hanafi	test	Sarykemer's own table at 95 % of its 32.5 km reach, bearing 315: Sarykemer, 2027 (QMDB's own place for the app's city; QMDB year API, capture of 9 Oct 2026)
archive/tables/pinned/kz-qmdb/2026-10-09/merke-2026.txt	kz.qmdb/merke	43.019070	73.190139	Asia/Almaty	F+E S D A M I	daily	hanafi	test	Merke's own table at 50 % of its 32.6 km reach, bearing 0: Merke, 2026 (QMDB's own place for the app's city; QMDB year API, capture of 9 Oct 2026)
archive/tables/pinned/kz-qmdb/2026-10-09/merke-2027.txt	kz.qmdb/merke	43.019070	73.190139	Asia/Almaty	F+E S D A M I	daily	hanafi	test	Merke's own table at 50 % of its 32.6 km reach, bearing 0: Merke, 2027 (QMDB's own place for the app's city; QMDB year API, capture of 9 Oct 2026)
archive/tables/pinned/kz-qmdb/2026-10-09/merke-2026.txt	kz.qmdb/merke	42.976048	73.331813	Asia/Almaty	F+E S D A M I	daily	hanafi	test	Merke's own table at 50 % of its 32.6 km reach, bearing 45: Merke, 2026 (QMDB's own place for the app's city; QMDB year API, capture of 9 Oct 2026)
archive/tables/pinned/kz-qmdb/2026-10-09/merke-2027.txt	kz.qmdb/merke	42.976048	73.331813	Asia/Almaty	F+E S D A M I	daily	hanafi	test	Merke's own table at 50 % of its 32.6 km reach, bearing 45: Merke, 2027 (QMDB's own place for the app's city; QMDB year API, capture of 9 Oct 2026)
archive/tables/pinned/kz-qmdb/2026-10-09/merke-2026.txt	kz.qmdb/merke	42.872307	73.390160	Asia/Almaty	F+E S D A M I	daily	hanafi	test	Merke's own table at 50 % of its 32.6 km reach, bearing 90: Merke, 2026 (QMDB's own place for the app's city; QMDB year API, capture of 9 Oct 2026)
archive/tables/pinned/kz-qmdb/2026-10-09/merke-2027.txt	kz.qmdb/merke	42.872307	73.390160	Asia/Almaty	F+E S D A M I	daily	hanafi	test	Merke's own table at 50 % of its 32.6 km reach, bearing 90: Merke, 2027 (QMDB's own place for the app's city; QMDB year API, capture of 9 Oct 2026)
archive/tables/pinned/kz-qmdb/2026-10-09/merke-2026.txt	kz.qmdb/merke	42.768740	73.331338	Asia/Almaty	F+E S D A M I	daily	hanafi	test	Merke's own table at 50 % of its 32.6 km reach, bearing 135: Merke, 2026 (QMDB's own place for the app's city; QMDB year API, capture of 9 Oct 2026)
archive/tables/pinned/kz-qmdb/2026-10-09/merke-2027.txt	kz.qmdb/merke	42.768740	73.331338	Asia/Almaty	F+E S D A M I	daily	hanafi	test	Merke's own table at 50 % of its 32.6 km reach, bearing 135: Merke, 2027 (QMDB's own place for the app's city; QMDB year API, capture of 9 Oct 2026)
archive/tables/pinned/kz-qmdb/2026-10-09/merke-2026.txt	kz.qmdb/merke	42.725892	73.190139	Asia/Almaty	F+E S D A M I	daily	hanafi	test	Merke's own table at 50 % of its 32.6 km reach, bearing 180: Merke, 2026 (QMDB's own place for the app's city; QMDB year API, capture of 9 Oct 2026)
archive/tables/pinned/kz-qmdb/2026-10-09/merke-2027.txt	kz.qmdb/merke	42.725892	73.190139	Asia/Almaty	F+E S D A M I	daily	hanafi	test	Merke's own table at 50 % of its 32.6 km reach, bearing 180: Merke, 2027 (QMDB's own place for the app's city; QMDB year API, capture of 9 Oct 2026)
archive/tables/pinned/kz-qmdb/2026-10-09/merke-2026.txt	kz.qmdb/merke	42.768740	73.048940	Asia/Almaty	F+E S D A M I	daily	hanafi	test	Merke's own table at 50 % of its 32.6 km reach, bearing 225: Merke, 2026 (QMDB's own place for the app's city; QMDB year API, capture of 9 Oct 2026)
archive/tables/pinned/kz-qmdb/2026-10-09/merke-2027.txt	kz.qmdb/merke	42.768740	73.048940	Asia/Almaty	F+E S D A M I	daily	hanafi	test	Merke's own table at 50 % of its 32.6 km reach, bearing 225: Merke, 2027 (QMDB's own place for the app's city; QMDB year API, capture of 9 Oct 2026)
archive/tables/pinned/kz-qmdb/2026-10-09/merke-2026.txt	kz.qmdb/merke	42.872307	72.990118	Asia/Almaty	F+E S D A M I	daily	hanafi	test	Merke's own table at 50 % of its 32.6 km reach, bearing 270: Merke, 2026 (QMDB's own place for the app's city; QMDB year API, capture of 9 Oct 2026)
archive/tables/pinned/kz-qmdb/2026-10-09/merke-2027.txt	kz.qmdb/merke	42.872307	72.990118	Asia/Almaty	F+E S D A M I	daily	hanafi	test	Merke's own table at 50 % of its 32.6 km reach, bearing 270: Merke, 2027 (QMDB's own place for the app's city; QMDB year API, capture of 9 Oct 2026)
archive/tables/pinned/kz-qmdb/2026-10-09/merke-2026.txt	kz.qmdb/merke	42.976048	73.048465	Asia/Almaty	F+E S D A M I	daily	hanafi	test	Merke's own table at 50 % of its 32.6 km reach, bearing 315: Merke, 2026 (QMDB's own place for the app's city; QMDB year API, capture of 9 Oct 2026)
archive/tables/pinned/kz-qmdb/2026-10-09/merke-2027.txt	kz.qmdb/merke	42.976048	73.048465	Asia/Almaty	F+E S D A M I	daily	hanafi	test	Merke's own table at 50 % of its 32.6 km reach, bearing 315: Merke, 2027 (QMDB's own place for the app's city; QMDB year API, capture of 9 Oct 2026)
archive/tables/pinned/kz-qmdb/2026-10-09/merke-2026.txt	kz.qmdb/merke	43.151001	73.190139	Asia/Almaty	F+E S D A M I	daily	hanafi	test	Merke's own table at 95 % of its 32.6 km reach, bearing 0: Merke, 2026 (QMDB's own place for the app's city; QMDB year API, capture of 9 Oct 2026)
archive/tables/pinned/kz-qmdb/2026-10-09/merke-2027.txt	kz.qmdb/merke	43.151001	73.190139	Asia/Almaty	F+E S D A M I	daily	hanafi	test	Merke's own table at 95 % of its 32.6 km reach, bearing 0: Merke, 2027 (QMDB's own place for the app's city; QMDB year API, capture of 9 Oct 2026)
archive/tables/pinned/kz-qmdb/2026-10-09/merke-2026.txt	kz.qmdb/merke	43.069109	73.459728	Asia/Almaty	F+E S D A M I	daily	hanafi	test	Merke's own table at 95 % of its 32.6 km reach, bearing 45: Merke, 2026 (QMDB's own place for the app's city; QMDB year API, capture of 9 Oct 2026)
archive/tables/pinned/kz-qmdb/2026-10-09/merke-2027.txt	kz.qmdb/merke	43.069109	73.459728	Asia/Almaty	F+E S D A M I	daily	hanafi	test	Merke's own table at 95 % of its 32.6 km reach, bearing 45: Merke, 2027 (QMDB's own place for the app's city; QMDB year API, capture of 9 Oct 2026)
archive/tables/pinned/kz-qmdb/2026-10-09/merke-2026.txt	kz.qmdb/merke	42.871853	73.570177	Asia/Almaty	F+E S D A M I	daily	hanafi	test	Merke's own table at 95 % of its 32.6 km reach, bearing 90: Merke, 2026 (QMDB's own place for the app's city; QMDB year API, capture of 9 Oct 2026)
archive/tables/pinned/kz-qmdb/2026-10-09/merke-2027.txt	kz.qmdb/merke	42.871853	73.570177	Asia/Almaty	F+E S D A M I	daily	hanafi	test	Merke's own table at 95 % of its 32.6 km reach, bearing 90: Merke, 2027 (QMDB's own place for the app's city; QMDB year API, capture of 9 Oct 2026)
archive/tables/pinned/kz-qmdb/2026-10-09/merke-2026.txt	kz.qmdb/merke	42.675225	73.458013	Asia/Almaty	F+E S D A M I	daily	hanafi	test	Merke's own table at 95 % of its 32.6 km reach, bearing 135: Merke, 2026 (QMDB's own place for the app's city; QMDB year API, capture of 9 Oct 2026)
archive/tables/pinned/kz-qmdb/2026-10-09/merke-2027.txt	kz.qmdb/merke	42.675225	73.458013	Asia/Almaty	F+E S D A M I	daily	hanafi	test	Merke's own table at 95 % of its 32.6 km reach, bearing 135: Merke, 2027 (QMDB's own place for the app's city; QMDB year API, capture of 9 Oct 2026)
archive/tables/pinned/kz-qmdb/2026-10-09/merke-2026.txt	kz.qmdb/merke	42.593961	73.190139	Asia/Almaty	F+E S D A M I	daily	hanafi	test	Merke's own table at 95 % of its 32.6 km reach, bearing 180: Merke, 2026 (QMDB's own place for the app's city; QMDB year API, capture of 9 Oct 2026)
archive/tables/pinned/kz-qmdb/2026-10-09/merke-2027.txt	kz.qmdb/merke	42.593961	73.190139	Asia/Almaty	F+E S D A M I	daily	hanafi	test	Merke's own table at 95 % of its 32.6 km reach, bearing 180: Merke, 2027 (QMDB's own place for the app's city; QMDB year API, capture of 9 Oct 2026)
archive/tables/pinned/kz-qmdb/2026-10-09/merke-2026.txt	kz.qmdb/merke	42.675225	72.922265	Asia/Almaty	F+E S D A M I	daily	hanafi	test	Merke's own table at 95 % of its 32.6 km reach, bearing 225: Merke, 2026 (QMDB's own place for the app's city; QMDB year API, capture of 9 Oct 2026)
archive/tables/pinned/kz-qmdb/2026-10-09/merke-2027.txt	kz.qmdb/merke	42.675225	72.922265	Asia/Almaty	F+E S D A M I	daily	hanafi	test	Merke's own table at 95 % of its 32.6 km reach, bearing 225: Merke, 2027 (QMDB's own place for the app's city; QMDB year API, capture of 9 Oct 2026)
archive/tables/pinned/kz-qmdb/2026-10-09/merke-2026.txt	kz.qmdb/merke	42.871853	72.810101	Asia/Almaty	F+E S D A M I	daily	hanafi	test	Merke's own table at 95 % of its 32.6 km reach, bearing 270: Merke, 2026 (QMDB's own place for the app's city; QMDB year API, capture of 9 Oct 2026)
archive/tables/pinned/kz-qmdb/2026-10-09/merke-2027.txt	kz.qmdb/merke	42.871853	72.810101	Asia/Almaty	F+E S D A M I	daily	hanafi	test	Merke's own table at 95 % of its 32.6 km reach, bearing 270: Merke, 2027 (QMDB's own place for the app's city; QMDB year API, capture of 9 Oct 2026)
archive/tables/pinned/kz-qmdb/2026-10-09/merke-2026.txt	kz.qmdb/merke	43.069109	72.920550	Asia/Almaty	F+E S D A M I	daily	hanafi	test	Merke's own table at 95 % of its 32.6 km reach, bearing 315: Merke, 2026 (QMDB's own place for the app's city; QMDB year API, capture of 9 Oct 2026)
archive/tables/pinned/kz-qmdb/2026-10-09/merke-2027.txt	kz.qmdb/merke	43.069109	72.920550	Asia/Almaty	F+E S D A M I	daily	hanafi	test	Merke's own table at 95 % of its 32.6 km reach, bearing 315: Merke, 2027 (QMDB's own place for the app's city; QMDB year API, capture of 9 Oct 2026)
archive/tables/pinned/kz-qmdb/2026-10-09/zhanakorgan-2026.txt	kz.qmdb/zhanakorgan	44.038947	67.243723	Asia/Qyzylorda	F+E S D A M I	daily	hanafi	test	Zhanakorgan's own table at 50 % of its 30.8 km reach, bearing 0: Zhanakorgan, 2026 (QMDB's own place for the app's city; QMDB year API, capture of 9 Oct 2026)
archive/tables/pinned/kz-qmdb/2026-10-09/zhanakorgan-2027.txt	kz.qmdb/zhanakorgan	44.038947	67.243723	Asia/Qyzylorda	F+E S D A M I	daily	hanafi	test	Zhanakorgan's own table at 50 % of its 30.8 km reach, bearing 0: Zhanakorgan, 2027 (QMDB's own place for the app's city; QMDB year API, capture of 9 Oct 2026)
archive/tables/pinned/kz-qmdb/2026-10-09/zhanakorgan-2026.txt	kz.qmdb/zhanakorgan	43.998301	67.379859	Asia/Qyzylorda	F+E S D A M I	daily	hanafi	test	Zhanakorgan's own table at 50 % of its 30.8 km reach, bearing 45: Zhanakorgan, 2026 (QMDB's own place for the app's city; QMDB year API, capture of 9 Oct 2026)
archive/tables/pinned/kz-qmdb/2026-10-09/zhanakorgan-2027.txt	kz.qmdb/zhanakorgan	43.998301	67.379859	Asia/Qyzylorda	F+E S D A M I	daily	hanafi	test	Zhanakorgan's own table at 50 % of its 30.8 km reach, bearing 45: Zhanakorgan, 2027 (QMDB's own place for the app's city; QMDB year API, capture of 9 Oct 2026)
archive/tables/pinned/kz-qmdb/2026-10-09/zhanakorgan-2026.txt	kz.qmdb/zhanakorgan	43.900290	67.435932	Asia/Qyzylorda	F+E S D A M I	daily	hanafi	test	Zhanakorgan's own table at 50 % of its 30.8 km reach, bearing 90: Zhanakorgan, 2026 (QMDB's own place for the app's city; QMDB year API, capture of 9 Oct 2026)
archive/tables/pinned/kz-qmdb/2026-10-09/zhanakorgan-2027.txt	kz.qmdb/zhanakorgan	43.900290	67.435932	Asia/Qyzylorda	F+E S D A M I	daily	hanafi	test	Zhanakorgan's own table at 50 % of its 30.8 km reach, bearing 90: Zhanakorgan, 2027 (QMDB's own place for the app's city; QMDB year API, capture of 9 Oct 2026)
archive/tables/pinned/kz-qmdb/2026-10-09/zhanakorgan-2026.txt	kz.qmdb/zhanakorgan	43.802440	67.379412	Asia/Qyzylorda	F+E S D A M I	daily	hanafi	test	Zhanakorgan's own table at 50 % of its 30.8 km reach, bearing 135: Zhanakorgan, 2026 (QMDB's own place for the app's city; QMDB year API, capture of 9 Oct 2026)
archive/tables/pinned/kz-qmdb/2026-10-09/zhanakorgan-2027.txt	kz.qmdb/zhanakorgan	43.802440	67.379412	Asia/Qyzylorda	F+E S D A M I	daily	hanafi	test	Zhanakorgan's own table at 50 % of its 30.8 km reach, bearing 135: Zhanakorgan, 2027 (QMDB's own place for the app's city; QMDB year API, capture of 9 Oct 2026)
archive/tables/pinned/kz-qmdb/2026-10-09/zhanakorgan-2026.txt	kz.qmdb/zhanakorgan	43.761955	67.243723	Asia/Qyzylorda	F+E S D A M I	daily	hanafi	test	Zhanakorgan's own table at 50 % of its 30.8 km reach, bearing 180: Zhanakorgan, 2026 (QMDB's own place for the app's city; QMDB year API, capture of 9 Oct 2026)
archive/tables/pinned/kz-qmdb/2026-10-09/zhanakorgan-2027.txt	kz.qmdb/zhanakorgan	43.761955	67.243723	Asia/Qyzylorda	F+E S D A M I	daily	hanafi	test	Zhanakorgan's own table at 50 % of its 30.8 km reach, bearing 180: Zhanakorgan, 2027 (QMDB's own place for the app's city; QMDB year API, capture of 9 Oct 2026)
archive/tables/pinned/kz-qmdb/2026-10-09/zhanakorgan-2026.txt	kz.qmdb/zhanakorgan	43.802440	67.108034	Asia/Qyzylorda	F+E S D A M I	daily	hanafi	test	Zhanakorgan's own table at 50 % of its 30.8 km reach, bearing 225: Zhanakorgan, 2026 (QMDB's own place for the app's city; QMDB year API, capture of 9 Oct 2026)
archive/tables/pinned/kz-qmdb/2026-10-09/zhanakorgan-2027.txt	kz.qmdb/zhanakorgan	43.802440	67.108034	Asia/Qyzylorda	F+E S D A M I	daily	hanafi	test	Zhanakorgan's own table at 50 % of its 30.8 km reach, bearing 225: Zhanakorgan, 2027 (QMDB's own place for the app's city; QMDB year API, capture of 9 Oct 2026)
archive/tables/pinned/kz-qmdb/2026-10-09/zhanakorgan-2026.txt	kz.qmdb/zhanakorgan	43.900290	67.051514	Asia/Qyzylorda	F+E S D A M I	daily	hanafi	test	Zhanakorgan's own table at 50 % of its 30.8 km reach, bearing 270: Zhanakorgan, 2026 (QMDB's own place for the app's city; QMDB year API, capture of 9 Oct 2026)
archive/tables/pinned/kz-qmdb/2026-10-09/zhanakorgan-2027.txt	kz.qmdb/zhanakorgan	43.900290	67.051514	Asia/Qyzylorda	F+E S D A M I	daily	hanafi	test	Zhanakorgan's own table at 50 % of its 30.8 km reach, bearing 270: Zhanakorgan, 2027 (QMDB's own place for the app's city; QMDB year API, capture of 9 Oct 2026)
archive/tables/pinned/kz-qmdb/2026-10-09/zhanakorgan-2026.txt	kz.qmdb/zhanakorgan	43.998301	67.107587	Asia/Qyzylorda	F+E S D A M I	daily	hanafi	test	Zhanakorgan's own table at 50 % of its 30.8 km reach, bearing 315: Zhanakorgan, 2026 (QMDB's own place for the app's city; QMDB year API, capture of 9 Oct 2026)
archive/tables/pinned/kz-qmdb/2026-10-09/zhanakorgan-2027.txt	kz.qmdb/zhanakorgan	43.998301	67.107587	Asia/Qyzylorda	F+E S D A M I	daily	hanafi	test	Zhanakorgan's own table at 50 % of its 30.8 km reach, bearing 315: Zhanakorgan, 2027 (QMDB's own place for the app's city; QMDB year API, capture of 9 Oct 2026)
archive/tables/pinned/kz-qmdb/2026-10-09/zhanakorgan-2026.txt	kz.qmdb/zhanakorgan	44.163593	67.243723	Asia/Qyzylorda	F+E S D A M I	daily	hanafi	test	Zhanakorgan's own table at 95 % of its 30.8 km reach, bearing 0: Zhanakorgan, 2026 (QMDB's own place for the app's city; QMDB year API, capture of 9 Oct 2026)
archive/tables/pinned/kz-qmdb/2026-10-09/zhanakorgan-2027.txt	kz.qmdb/zhanakorgan	44.163593	67.243723	Asia/Qyzylorda	F+E S D A M I	daily	hanafi	test	Zhanakorgan's own table at 95 % of its 30.8 km reach, bearing 0: Zhanakorgan, 2027 (QMDB's own place for the app's city; QMDB year API, capture of 9 Oct 2026)
archive/tables/pinned/kz-qmdb/2026-10-09/zhanakorgan-2026.txt	kz.qmdb/zhanakorgan	44.086228	67.502766	Asia/Qyzylorda	F+E S D A M I	daily	hanafi	test	Zhanakorgan's own table at 95 % of its 30.8 km reach, bearing 45: Zhanakorgan, 2026 (QMDB's own place for the app's city; QMDB year API, capture of 9 Oct 2026)
archive/tables/pinned/kz-qmdb/2026-10-09/zhanakorgan-2027.txt	kz.qmdb/zhanakorgan	44.086228	67.502766	Asia/Qyzylorda	F+E S D A M I	daily	hanafi	test	Zhanakorgan's own table at 95 % of its 30.8 km reach, bearing 45: Zhanakorgan, 2027 (QMDB's own place for the app's city; QMDB year API, capture of 9 Oct 2026)
archive/tables/pinned/kz-qmdb/2026-10-09/zhanakorgan-2026.txt	kz.qmdb/zhanakorgan	43.899869	67.608918	Asia/Qyzylorda	F+E S D A M I	daily	hanafi	test	Zhanakorgan's own table at 95 % of its 30.8 km reach, bearing 90: Zhanakorgan, 2026 (QMDB's own place for the app's city; QMDB year API, capture of 9 Oct 2026)
archive/tables/pinned/kz-qmdb/2026-10-09/zhanakorgan-2027.txt	kz.qmdb/zhanakorgan	43.899869	67.608918	Asia/Qyzylorda	F+E S D A M I	daily	hanafi	test	Zhanakorgan's own table at 95 % of its 30.8 km reach, bearing 90: Zhanakorgan, 2027 (QMDB's own place for the app's city; QMDB year API, capture of 9 Oct 2026)
archive/tables/pinned/kz-qmdb/2026-10-09/zhanakorgan-2026.txt	kz.qmdb/zhanakorgan	43.714092	67.501152	Asia/Qyzylorda	F+E S D A M I	daily	hanafi	test	Zhanakorgan's own table at 95 % of its 30.8 km reach, bearing 135: Zhanakorgan, 2026 (QMDB's own place for the app's city; QMDB year API, capture of 9 Oct 2026)
archive/tables/pinned/kz-qmdb/2026-10-09/zhanakorgan-2027.txt	kz.qmdb/zhanakorgan	43.714092	67.501152	Asia/Qyzylorda	F+E S D A M I	daily	hanafi	test	Zhanakorgan's own table at 95 % of its 30.8 km reach, bearing 135: Zhanakorgan, 2027 (QMDB's own place for the app's city; QMDB year API, capture of 9 Oct 2026)
archive/tables/pinned/kz-qmdb/2026-10-09/zhanakorgan-2026.txt	kz.qmdb/zhanakorgan	43.637309	67.243723	Asia/Qyzylorda	F+E S D A M I	daily	hanafi	test	Zhanakorgan's own table at 95 % of its 30.8 km reach, bearing 180: Zhanakorgan, 2026 (QMDB's own place for the app's city; QMDB year API, capture of 9 Oct 2026)
archive/tables/pinned/kz-qmdb/2026-10-09/zhanakorgan-2027.txt	kz.qmdb/zhanakorgan	43.637309	67.243723	Asia/Qyzylorda	F+E S D A M I	daily	hanafi	test	Zhanakorgan's own table at 95 % of its 30.8 km reach, bearing 180: Zhanakorgan, 2027 (QMDB's own place for the app's city; QMDB year API, capture of 9 Oct 2026)
archive/tables/pinned/kz-qmdb/2026-10-09/zhanakorgan-2026.txt	kz.qmdb/zhanakorgan	43.714092	66.986294	Asia/Qyzylorda	F+E S D A M I	daily	hanafi	test	Zhanakorgan's own table at 95 % of its 30.8 km reach, bearing 225: Zhanakorgan, 2026 (QMDB's own place for the app's city; QMDB year API, capture of 9 Oct 2026)
archive/tables/pinned/kz-qmdb/2026-10-09/zhanakorgan-2027.txt	kz.qmdb/zhanakorgan	43.714092	66.986294	Asia/Qyzylorda	F+E S D A M I	daily	hanafi	test	Zhanakorgan's own table at 95 % of its 30.8 km reach, bearing 225: Zhanakorgan, 2027 (QMDB's own place for the app's city; QMDB year API, capture of 9 Oct 2026)
archive/tables/pinned/kz-qmdb/2026-10-09/zhanakorgan-2026.txt	kz.qmdb/zhanakorgan	43.899869	66.878528	Asia/Qyzylorda	F+E S D A M I	daily	hanafi	test	Zhanakorgan's own table at 95 % of its 30.8 km reach, bearing 270: Zhanakorgan, 2026 (QMDB's own place for the app's city; QMDB year API, capture of 9 Oct 2026)
archive/tables/pinned/kz-qmdb/2026-10-09/zhanakorgan-2027.txt	kz.qmdb/zhanakorgan	43.899869	66.878528	Asia/Qyzylorda	F+E S D A M I	daily	hanafi	test	Zhanakorgan's own table at 95 % of its 30.8 km reach, bearing 270: Zhanakorgan, 2027 (QMDB's own place for the app's city; QMDB year API, capture of 9 Oct 2026)
archive/tables/pinned/kz-qmdb/2026-10-09/aiteke-bi-2026.txt	kz.qmdb/aiteke-bi	45.909229	62.148317	Asia/Qyzylorda	F+E S D A M I	daily	hanafi	test	Aiteke Bi (Novokazalinsk)'s own table at 50 % of its 16.3 km reach, bearing 0: Aiteke Bi (Novokazalinsk), 2026 (QMDB's own place for the app's city; QMDB year API, capture of 9 Oct 2026)
archive/tables/pinned/kz-qmdb/2026-10-09/aiteke-bi-2027.txt	kz.qmdb/aiteke-bi	45.909229	62.148317	Asia/Qyzylorda	F+E S D A M I	daily	hanafi	test	Aiteke Bi (Novokazalinsk)'s own table at 50 % of its 16.3 km reach, bearing 0: Aiteke Bi (Novokazalinsk), 2027 (QMDB's own place for the app's city; QMDB year API, capture of 9 Oct 2026)
archive/tables/pinned/kz-qmdb/2026-10-09/aiteke-bi-2026.txt	kz.qmdb/aiteke-bi	45.887737	62.222774	Asia/Qyzylorda	F+E S D A M I	daily	hanafi	test	Aiteke Bi (Novokazalinsk)'s own table at 50 % of its 16.3 km reach, bearing 45: Aiteke Bi (Novokazalinsk), 2026 (QMDB's own place for the app's city; QMDB year API, capture of 9 Oct 2026)
archive/tables/pinned/kz-qmdb/2026-10-09/aiteke-bi-2027.txt	kz.qmdb/aiteke-bi	45.887737	62.222774	Asia/Qyzylorda	F+E S D A M I	daily	hanafi	test	Aiteke Bi (Novokazalinsk)'s own table at 50 % of its 16.3 km reach, bearing 45: Aiteke Bi (Novokazalinsk), 2027 (QMDB's own place for the app's city; QMDB year API, capture of 9 Oct 2026)
archive/tables/pinned/kz-qmdb/2026-10-09/aiteke-bi-2026.txt	kz.qmdb/aiteke-bi	45.835886	62.253517	Asia/Qyzylorda	F+E S D A M I	daily	hanafi	test	Aiteke Bi (Novokazalinsk)'s own table at 50 % of its 16.3 km reach, bearing 90: Aiteke Bi (Novokazalinsk), 2026 (QMDB's own place for the app's city; QMDB year API, capture of 9 Oct 2026)
archive/tables/pinned/kz-qmdb/2026-10-09/aiteke-bi-2027.txt	kz.qmdb/aiteke-bi	45.835886	62.253517	Asia/Qyzylorda	F+E S D A M I	daily	hanafi	test	Aiteke Bi (Novokazalinsk)'s own table at 50 % of its 16.3 km reach, bearing 90: Aiteke Bi (Novokazalinsk), 2027 (QMDB's own place for the app's city; QMDB year API, capture of 9 Oct 2026)
archive/tables/pinned/kz-qmdb/2026-10-09/aiteke-bi-2026.txt	kz.qmdb/aiteke-bi	45.784083	62.222636	Asia/Qyzylorda	F+E S D A M I	daily	hanafi	test	Aiteke Bi (Novokazalinsk)'s own table at 50 % of its 16.3 km reach, bearing 135: Aiteke Bi (Novokazalinsk), 2026 (QMDB's own place for the app's city; QMDB year API, capture of 9 Oct 2026)
archive/tables/pinned/kz-qmdb/2026-10-09/aiteke-bi-2027.txt	kz.qmdb/aiteke-bi	45.784083	62.222636	Asia/Qyzylorda	F+E S D A M I	daily	hanafi	test	Aiteke Bi (Novokazalinsk)'s own table at 50 % of its 16.3 km reach, bearing 135: Aiteke Bi (Novokazalinsk), 2027 (QMDB's own place for the app's city; QMDB year API, capture of 9 Oct 2026)
archive/tables/pinned/kz-qmdb/2026-10-09/aiteke-bi-2026.txt	kz.qmdb/aiteke-bi	45.762639	62.148317	Asia/Qyzylorda	F+E S D A M I	daily	hanafi	test	Aiteke Bi (Novokazalinsk)'s own table at 50 % of its 16.3 km reach, bearing 180: Aiteke Bi (Novokazalinsk), 2026 (QMDB's own place for the app's city; QMDB year API, capture of 9 Oct 2026)
archive/tables/pinned/kz-qmdb/2026-10-09/aiteke-bi-2027.txt	kz.qmdb/aiteke-bi	45.762639	62.148317	Asia/Qyzylorda	F+E S D A M I	daily	hanafi	test	Aiteke Bi (Novokazalinsk)'s own table at 50 % of its 16.3 km reach, bearing 180: Aiteke Bi (Novokazalinsk), 2027 (QMDB's own place for the app's city; QMDB year API, capture of 9 Oct 2026)
archive/tables/pinned/kz-qmdb/2026-10-09/aiteke-bi-2026.txt	kz.qmdb/aiteke-bi	45.784083	62.073998	Asia/Qyzylorda	F+E S D A M I	daily	hanafi	test	Aiteke Bi (Novokazalinsk)'s own table at 50 % of its 16.3 km reach, bearing 225: Aiteke Bi (Novokazalinsk), 2026 (QMDB's own place for the app's city; QMDB year API, capture of 9 Oct 2026)
archive/tables/pinned/kz-qmdb/2026-10-09/aiteke-bi-2027.txt	kz.qmdb/aiteke-bi	45.784083	62.073998	Asia/Qyzylorda	F+E S D A M I	daily	hanafi	test	Aiteke Bi (Novokazalinsk)'s own table at 50 % of its 16.3 km reach, bearing 225: Aiteke Bi (Novokazalinsk), 2027 (QMDB's own place for the app's city; QMDB year API, capture of 9 Oct 2026)
archive/tables/pinned/kz-qmdb/2026-10-09/aiteke-bi-2026.txt	kz.qmdb/aiteke-bi	45.835886	62.043117	Asia/Qyzylorda	F+E S D A M I	daily	hanafi	test	Aiteke Bi (Novokazalinsk)'s own table at 50 % of its 16.3 km reach, bearing 270: Aiteke Bi (Novokazalinsk), 2026 (QMDB's own place for the app's city; QMDB year API, capture of 9 Oct 2026)
archive/tables/pinned/kz-qmdb/2026-10-09/aiteke-bi-2027.txt	kz.qmdb/aiteke-bi	45.835886	62.043117	Asia/Qyzylorda	F+E S D A M I	daily	hanafi	test	Aiteke Bi (Novokazalinsk)'s own table at 50 % of its 16.3 km reach, bearing 270: Aiteke Bi (Novokazalinsk), 2027 (QMDB's own place for the app's city; QMDB year API, capture of 9 Oct 2026)
archive/tables/pinned/kz-qmdb/2026-10-09/aiteke-bi-2026.txt	kz.qmdb/aiteke-bi	45.887737	62.073860	Asia/Qyzylorda	F+E S D A M I	daily	hanafi	test	Aiteke Bi (Novokazalinsk)'s own table at 50 % of its 16.3 km reach, bearing 315: Aiteke Bi (Novokazalinsk), 2026 (QMDB's own place for the app's city; QMDB year API, capture of 9 Oct 2026)
archive/tables/pinned/kz-qmdb/2026-10-09/aiteke-bi-2027.txt	kz.qmdb/aiteke-bi	45.887737	62.073860	Asia/Qyzylorda	F+E S D A M I	daily	hanafi	test	Aiteke Bi (Novokazalinsk)'s own table at 50 % of its 16.3 km reach, bearing 315: Aiteke Bi (Novokazalinsk), 2027 (QMDB's own place for the app's city; QMDB year API, capture of 9 Oct 2026)
archive/tables/pinned/kz-qmdb/2026-10-09/aiteke-bi-2026.txt	kz.qmdb/aiteke-bi	45.975194	62.148317	Asia/Qyzylorda	F+E S D A M I	daily	hanafi	test	Aiteke Bi (Novokazalinsk)'s own table at 95 % of its 16.3 km reach, bearing 0: Aiteke Bi (Novokazalinsk), 2026 (QMDB's own place for the app's city; QMDB year API, capture of 9 Oct 2026)
archive/tables/pinned/kz-qmdb/2026-10-09/aiteke-bi-2027.txt	kz.qmdb/aiteke-bi	45.975194	62.148317	Asia/Qyzylorda	F+E S D A M I	daily	hanafi	test	Aiteke Bi (Novokazalinsk)'s own table at 95 % of its 16.3 km reach, bearing 0: Aiteke Bi (Novokazalinsk), 2027 (QMDB's own place for the app's city; QMDB year API, capture of 9 Oct 2026)
archive/tables/pinned/kz-qmdb/2026-10-09/aiteke-bi-2026.txt	kz.qmdb/aiteke-bi	45.934318	62.289905	Asia/Qyzylorda	F+E S D A M I	daily	hanafi	test	Aiteke Bi (Novokazalinsk)'s own table at 95 % of its 16.3 km reach, bearing 45: Aiteke Bi (Novokazalinsk), 2026 (QMDB's own place for the app's city; QMDB year API, capture of 9 Oct 2026)
archive/tables/pinned/kz-qmdb/2026-10-09/aiteke-bi-2027.txt	kz.qmdb/aiteke-bi	45.934318	62.289905	Asia/Qyzylorda	F+E S D A M I	daily	hanafi	test	Aiteke Bi (Novokazalinsk)'s own table at 95 % of its 16.3 km reach, bearing 45: Aiteke Bi (Novokazalinsk), 2027 (QMDB's own place for the app's city; QMDB year API, capture of 9 Oct 2026)
archive/tables/pinned/kz-qmdb/2026-10-09/aiteke-bi-2026.txt	kz.qmdb/aiteke-bi	45.835760	62.348197	Asia/Qyzylorda	F+E S D A M I	daily	hanafi	test	Aiteke Bi (Novokazalinsk)'s own table at 95 % of its 16.3 km reach, bearing 90: Aiteke Bi (Novokazalinsk), 2026 (QMDB's own place for the app's city; QMDB year API, capture of 9 Oct 2026)
archive/tables/pinned/kz-qmdb/2026-10-09/aiteke-bi-2027.txt	kz.qmdb/aiteke-bi	45.835760	62.348197	Asia/Qyzylorda	F+E S D A M I	daily	hanafi	test	Aiteke Bi (Novokazalinsk)'s own table at 95 % of its 16.3 km reach, bearing 90: Aiteke Bi (Novokazalinsk), 2027 (QMDB's own place for the app's city; QMDB year API, capture of 9 Oct 2026)
archive/tables/pinned/kz-qmdb/2026-10-09/aiteke-bi-2026.txt	kz.qmdb/aiteke-bi	45.737375	62.289404	Asia/Qyzylorda	F+E S D A M I	daily	hanafi	test	Aiteke Bi (Novokazalinsk)'s own table at 95 % of its 16.3 km reach, bearing 135: Aiteke Bi (Novokazalinsk), 2026 (QMDB's own place for the app's city; QMDB year API, capture of 9 Oct 2026)
archive/tables/pinned/kz-qmdb/2026-10-09/aiteke-bi-2027.txt	kz.qmdb/aiteke-bi	45.737375	62.289404	Asia/Qyzylorda	F+E S D A M I	daily	hanafi	test	Aiteke Bi (Novokazalinsk)'s own table at 95 % of its 16.3 km reach, bearing 135: Aiteke Bi (Novokazalinsk), 2027 (QMDB's own place for the app's city; QMDB year API, capture of 9 Oct 2026)
archive/tables/pinned/kz-qmdb/2026-10-09/aiteke-bi-2026.txt	kz.qmdb/aiteke-bi	45.696674	62.148317	Asia/Qyzylorda	F+E S D A M I	daily	hanafi	test	Aiteke Bi (Novokazalinsk)'s own table at 95 % of its 16.3 km reach, bearing 180: Aiteke Bi (Novokazalinsk), 2026 (QMDB's own place for the app's city; QMDB year API, capture of 9 Oct 2026)
archive/tables/pinned/kz-qmdb/2026-10-09/aiteke-bi-2027.txt	kz.qmdb/aiteke-bi	45.696674	62.148317	Asia/Qyzylorda	F+E S D A M I	daily	hanafi	test	Aiteke Bi (Novokazalinsk)'s own table at 95 % of its 16.3 km reach, bearing 180: Aiteke Bi (Novokazalinsk), 2027 (QMDB's own place for the app's city; QMDB year API, capture of 9 Oct 2026)
archive/tables/pinned/kz-qmdb/2026-10-09/aiteke-bi-2026.txt	kz.qmdb/aiteke-bi	45.737375	62.007230	Asia/Qyzylorda	F+E S D A M I	daily	hanafi	test	Aiteke Bi (Novokazalinsk)'s own table at 95 % of its 16.3 km reach, bearing 225: Aiteke Bi (Novokazalinsk), 2026 (QMDB's own place for the app's city; QMDB year API, capture of 9 Oct 2026)
archive/tables/pinned/kz-qmdb/2026-10-09/aiteke-bi-2027.txt	kz.qmdb/aiteke-bi	45.737375	62.007230	Asia/Qyzylorda	F+E S D A M I	daily	hanafi	test	Aiteke Bi (Novokazalinsk)'s own table at 95 % of its 16.3 km reach, bearing 225: Aiteke Bi (Novokazalinsk), 2027 (QMDB's own place for the app's city; QMDB year API, capture of 9 Oct 2026)
archive/tables/pinned/kz-qmdb/2026-10-09/aiteke-bi-2026.txt	kz.qmdb/aiteke-bi	45.835760	61.948437	Asia/Qyzylorda	F+E S D A M I	daily	hanafi	test	Aiteke Bi (Novokazalinsk)'s own table at 95 % of its 16.3 km reach, bearing 270: Aiteke Bi (Novokazalinsk), 2026 (QMDB's own place for the app's city; QMDB year API, capture of 9 Oct 2026)
archive/tables/pinned/kz-qmdb/2026-10-09/aiteke-bi-2027.txt	kz.qmdb/aiteke-bi	45.835760	61.948437	Asia/Qyzylorda	F+E S D A M I	daily	hanafi	test	Aiteke Bi (Novokazalinsk)'s own table at 95 % of its 16.3 km reach, bearing 270: Aiteke Bi (Novokazalinsk), 2027 (QMDB's own place for the app's city; QMDB year API, capture of 9 Oct 2026)
archive/tables/pinned/kz-qmdb/2026-10-09/aiteke-bi-2026.txt	kz.qmdb/aiteke-bi	45.934318	62.006729	Asia/Qyzylorda	F+E S D A M I	daily	hanafi	test	Aiteke Bi (Novokazalinsk)'s own table at 95 % of its 16.3 km reach, bearing 315: Aiteke Bi (Novokazalinsk), 2026 (QMDB's own place for the app's city; QMDB year API, capture of 9 Oct 2026)
archive/tables/pinned/kz-qmdb/2026-10-09/aiteke-bi-2027.txt	kz.qmdb/aiteke-bi	45.934318	62.006729	Asia/Qyzylorda	F+E S D A M I	daily	hanafi	test	Aiteke Bi (Novokazalinsk)'s own table at 95 % of its 16.3 km reach, bearing 315: Aiteke Bi (Novokazalinsk), 2027 (QMDB's own place for the app's city; QMDB year API, capture of 9 Oct 2026)
archive/tables/pinned/kz-qmdb/2026-10-09/zhosaly-2026.txt	kz.qmdb/zhosaly	45.615749	64.086675	Asia/Qyzylorda	F+E S D A M I	daily	hanafi	test	Zhosaly's own table at 50 % of its 28.3 km reach, bearing 0: Zhosaly, 2026 (QMDB's own place for the app's city; QMDB year API, capture of 9 Oct 2026)
archive/tables/pinned/kz-qmdb/2026-10-09/zhosaly-2027.txt	kz.qmdb/zhosaly	45.615749	64.086675	Asia/Qyzylorda	F+E S D A M I	daily	hanafi	test	Zhosaly's own table at 50 % of its 28.3 km reach, bearing 0: Zhosaly, 2027 (QMDB's own place for the app's city; QMDB year API, capture of 9 Oct 2026)
archive/tables/pinned/kz-qmdb/2026-10-09/zhosaly-2026.txt	kz.qmdb/zhosaly	45.578405	64.215233	Asia/Qyzylorda	F+E S D A M I	daily	hanafi	test	Zhosaly's own table at 50 % of its 28.3 km reach, bearing 45: Zhosaly, 2026 (QMDB's own place for the app's city; QMDB year API, capture of 9 Oct 2026)
archive/tables/pinned/kz-qmdb/2026-10-09/zhosaly-2027.txt	kz.qmdb/zhosaly	45.578405	64.215233	Asia/Qyzylorda	F+E S D A M I	daily	hanafi	test	Zhosaly's own table at 50 % of its 28.3 km reach, bearing 45: Zhosaly, 2027 (QMDB's own place for the app's city; QMDB year API, capture of 9 Oct 2026)
archive/tables/pinned/kz-qmdb/2026-10-09/zhosaly-2026.txt	kz.qmdb/zhosaly	45.488351	64.268193	Asia/Qyzylorda	F+E S D A M I	daily	hanafi	test	Zhosaly's own table at 50 % of its 28.3 km reach, bearing 90: Zhosaly, 2026 (QMDB's own place for the app's city; QMDB year API, capture of 9 Oct 2026)
archive/tables/pinned/kz-qmdb/2026-10-09/zhosaly-2027.txt	kz.qmdb/zhosaly	45.488351	64.268193	Asia/Qyzylorda	F+E S D A M I	daily	hanafi	test	Zhosaly's own table at 50 % of its 28.3 km reach, bearing 90: Zhosaly, 2027 (QMDB's own place for the app's city; QMDB year API, capture of 9 Oct 2026)
archive/tables/pinned/kz-qmdb/2026-10-09/zhosaly-2026.txt	kz.qmdb/zhosaly	45.398441	64.214823	Asia/Qyzylorda	F+E S D A M I	daily	hanafi	test	Zhosaly's own table at 50 % of its 28.3 km reach, bearing 135: Zhosaly, 2026 (QMDB's own place for the app's city; QMDB year API, capture of 9 Oct 2026)
archive/tables/pinned/kz-qmdb/2026-10-09/zhosaly-2027.txt	kz.qmdb/zhosaly	45.398441	64.214823	Asia/Qyzylorda	F+E S D A M I	daily	hanafi	test	Zhosaly's own table at 50 % of its 28.3 km reach, bearing 135: Zhosaly, 2027 (QMDB's own place for the app's city; QMDB year API, capture of 9 Oct 2026)
archive/tables/pinned/kz-qmdb/2026-10-09/zhosaly-2026.txt	kz.qmdb/zhosaly	45.361241	64.086675	Asia/Qyzylorda	F+E S D A M I	daily	hanafi	test	Zhosaly's own table at 50 % of its 28.3 km reach, bearing 180: Zhosaly, 2026 (QMDB's own place for the app's city; QMDB year API, capture of 9 Oct 2026)
archive/tables/pinned/kz-qmdb/2026-10-09/zhosaly-2027.txt	kz.qmdb/zhosaly	45.361241	64.086675	Asia/Qyzylorda	F+E S D A M I	daily	hanafi	test	Zhosaly's own table at 50 % of its 28.3 km reach, bearing 180: Zhosaly, 2027 (QMDB's own place for the app's city; QMDB year API, capture of 9 Oct 2026)
archive/tables/pinned/kz-qmdb/2026-10-09/zhosaly-2026.txt	kz.qmdb/zhosaly	45.398441	63.958527	Asia/Qyzylorda	F+E S D A M I	daily	hanafi	test	Zhosaly's own table at 50 % of its 28.3 km reach, bearing 225: Zhosaly, 2026 (QMDB's own place for the app's city; QMDB year API, capture of 9 Oct 2026)
archive/tables/pinned/kz-qmdb/2026-10-09/zhosaly-2027.txt	kz.qmdb/zhosaly	45.398441	63.958527	Asia/Qyzylorda	F+E S D A M I	daily	hanafi	test	Zhosaly's own table at 50 % of its 28.3 km reach, bearing 225: Zhosaly, 2027 (QMDB's own place for the app's city; QMDB year API, capture of 9 Oct 2026)
archive/tables/pinned/kz-qmdb/2026-10-09/zhosaly-2026.txt	kz.qmdb/zhosaly	45.488351	63.905157	Asia/Qyzylorda	F+E S D A M I	daily	hanafi	test	Zhosaly's own table at 50 % of its 28.3 km reach, bearing 270: Zhosaly, 2026 (QMDB's own place for the app's city; QMDB year API, capture of 9 Oct 2026)
archive/tables/pinned/kz-qmdb/2026-10-09/zhosaly-2027.txt	kz.qmdb/zhosaly	45.488351	63.905157	Asia/Qyzylorda	F+E S D A M I	daily	hanafi	test	Zhosaly's own table at 50 % of its 28.3 km reach, bearing 270: Zhosaly, 2027 (QMDB's own place for the app's city; QMDB year API, capture of 9 Oct 2026)
archive/tables/pinned/kz-qmdb/2026-10-09/zhosaly-2026.txt	kz.qmdb/zhosaly	45.578405	63.958117	Asia/Qyzylorda	F+E S D A M I	daily	hanafi	test	Zhosaly's own table at 50 % of its 28.3 km reach, bearing 315: Zhosaly, 2026 (QMDB's own place for the app's city; QMDB year API, capture of 9 Oct 2026)
archive/tables/pinned/kz-qmdb/2026-10-09/zhosaly-2027.txt	kz.qmdb/zhosaly	45.578405	63.958117	Asia/Qyzylorda	F+E S D A M I	daily	hanafi	test	Zhosaly's own table at 50 % of its 28.3 km reach, bearing 315: Zhosaly, 2027 (QMDB's own place for the app's city; QMDB year API, capture of 9 Oct 2026)
archive/tables/pinned/kz-qmdb/2026-10-09/zhosaly-2026.txt	kz.qmdb/zhosaly	45.730278	64.086675	Asia/Qyzylorda	F+E S D A M I	daily	hanafi	test	Zhosaly's own table at 95 % of its 28.3 km reach, bearing 0: Zhosaly, 2026 (QMDB's own place for the app's city; QMDB year API, capture of 9 Oct 2026)
archive/tables/pinned/kz-qmdb/2026-10-09/zhosaly-2027.txt	kz.qmdb/zhosaly	45.730278	64.086675	Asia/Qyzylorda	F+E S D A M I	daily	hanafi	test	Zhosaly's own table at 95 % of its 28.3 km reach, bearing 0: Zhosaly, 2027 (QMDB's own place for the app's city; QMDB year API, capture of 9 Oct 2026)
archive/tables/pinned/kz-qmdb/2026-10-09/zhosaly-2026.txt	kz.qmdb/zhosaly	45.659201	64.331288	Asia/Qyzylorda	F+E S D A M I	daily	hanafi	test	Zhosaly's own table at 95 % of its 28.3 km reach, bearing 45: Zhosaly, 2026 (QMDB's own place for the app's city; QMDB year API, capture of 9 Oct 2026)
archive/tables/pinned/kz-qmdb/2026-10-09/zhosaly-2027.txt	kz.qmdb/zhosaly	45.659201	64.331288	Asia/Qyzylorda	F+E S D A M I	daily	hanafi	test	Zhosaly's own table at 95 % of its 28.3 km reach, bearing 45: Zhosaly, 2027 (QMDB's own place for the app's city; QMDB year API, capture of 9 Oct 2026)
archive/tables/pinned/kz-qmdb/2026-10-09/zhosaly-2026.txt	kz.qmdb/zhosaly	45.487976	64.431558	Asia/Qyzylorda	F+E S D A M I	daily	hanafi	test	Zhosaly's own table at 95 % of its 28.3 km reach, bearing 90: Zhosaly, 2026 (QMDB's own place for the app's city; QMDB year API, capture of 9 Oct 2026)
archive/tables/pinned/kz-qmdb/2026-10-09/zhosaly-2027.txt	kz.qmdb/zhosaly	45.487976	64.431558	Asia/Qyzylorda	F+E S D A M I	daily	hanafi	test	Zhosaly's own table at 95 % of its 28.3 km reach, bearing 90: Zhosaly, 2027 (QMDB's own place for the app's city; QMDB year API, capture of 9 Oct 2026)
archive/tables/pinned/kz-qmdb/2026-10-09/zhosaly-2026.txt	kz.qmdb/zhosaly	45.317270	64.329808	Asia/Qyzylorda	F+E S D A M I	daily	hanafi	test	Zhosaly's own table at 95 % of its 28.3 km reach, bearing 135: Zhosaly, 2026 (QMDB's own place for the app's city; QMDB year API, capture of 9 Oct 2026)
archive/tables/pinned/kz-qmdb/2026-10-09/zhosaly-2027.txt	kz.qmdb/zhosaly	45.317270	64.329808	Asia/Qyzylorda	F+E S D A M I	daily	hanafi	test	Zhosaly's own table at 95 % of its 28.3 km reach, bearing 135: Zhosaly, 2027 (QMDB's own place for the app's city; QMDB year API, capture of 9 Oct 2026)
archive/tables/pinned/kz-qmdb/2026-10-09/zhosaly-2026.txt	kz.qmdb/zhosaly	45.246712	64.086675	Asia/Qyzylorda	F+E S D A M I	daily	hanafi	test	Zhosaly's own table at 95 % of its 28.3 km reach, bearing 180: Zhosaly, 2026 (QMDB's own place for the app's city; QMDB year API, capture of 9 Oct 2026)
archive/tables/pinned/kz-qmdb/2026-10-09/zhosaly-2027.txt	kz.qmdb/zhosaly	45.246712	64.086675	Asia/Qyzylorda	F+E S D A M I	daily	hanafi	test	Zhosaly's own table at 95 % of its 28.3 km reach, bearing 180: Zhosaly, 2027 (QMDB's own place for the app's city; QMDB year API, capture of 9 Oct 2026)
archive/tables/pinned/kz-qmdb/2026-10-09/zhosaly-2026.txt	kz.qmdb/zhosaly	45.317270	63.843542	Asia/Qyzylorda	F+E S D A M I	daily	hanafi	test	Zhosaly's own table at 95 % of its 28.3 km reach, bearing 225: Zhosaly, 2026 (QMDB's own place for the app's city; QMDB year API, capture of 9 Oct 2026)
archive/tables/pinned/kz-qmdb/2026-10-09/zhosaly-2027.txt	kz.qmdb/zhosaly	45.317270	63.843542	Asia/Qyzylorda	F+E S D A M I	daily	hanafi	test	Zhosaly's own table at 95 % of its 28.3 km reach, bearing 225: Zhosaly, 2027 (QMDB's own place for the app's city; QMDB year API, capture of 9 Oct 2026)
archive/tables/pinned/kz-qmdb/2026-10-09/zhosaly-2026.txt	kz.qmdb/zhosaly	45.487976	63.741792	Asia/Qyzylorda	F+E S D A M I	daily	hanafi	test	Zhosaly's own table at 95 % of its 28.3 km reach, bearing 270: Zhosaly, 2026 (QMDB's own place for the app's city; QMDB year API, capture of 9 Oct 2026)
archive/tables/pinned/kz-qmdb/2026-10-09/zhosaly-2027.txt	kz.qmdb/zhosaly	45.487976	63.741792	Asia/Qyzylorda	F+E S D A M I	daily	hanafi	test	Zhosaly's own table at 95 % of its 28.3 km reach, bearing 270: Zhosaly, 2027 (QMDB's own place for the app's city; QMDB year API, capture of 9 Oct 2026)
archive/tables/pinned/kz-qmdb/2026-10-09/zhosaly-2026.txt	kz.qmdb/zhosaly	45.659201	63.842062	Asia/Qyzylorda	F+E S D A M I	daily	hanafi	test	Zhosaly's own table at 95 % of its 28.3 km reach, bearing 315: Zhosaly, 2026 (QMDB's own place for the app's city; QMDB year API, capture of 9 Oct 2026)
archive/tables/pinned/kz-qmdb/2026-10-09/zhosaly-2027.txt	kz.qmdb/zhosaly	45.659201	63.842062	Asia/Qyzylorda	F+E S D A M I	daily	hanafi	test	Zhosaly's own table at 95 % of its 28.3 km reach, bearing 315: Zhosaly, 2027 (QMDB's own place for the app's city; QMDB year API, capture of 9 Oct 2026)
archive/tables/pinned/kz-qmdb/2026-10-09/mangystau-2026.txt	kz.qmdb/mangystau	43.830506	51.305571	Asia/Aqtau	F+E S D A M I	daily	hanafi	test	Mangystau's own table at 50 % of its 30.9 km reach, bearing 0: Mangystau, 2026 (QMDB's own place for the app's city; QMDB year API, capture of 9 Oct 2026)
archive/tables/pinned/kz-qmdb/2026-10-09/mangystau-2027.txt	kz.qmdb/mangystau	43.830506	51.305571	Asia/Aqtau	F+E S D A M I	daily	hanafi	test	Mangystau's own table at 50 % of its 30.9 km reach, bearing 0: Mangystau, 2027 (QMDB's own place for the app's city; QMDB year API, capture of 9 Oct 2026)
archive/tables/pinned/kz-qmdb/2026-10-09/mangystau-2026.txt	kz.qmdb/mangystau	43.789729	51.441672	Asia/Aqtau	F+E S D A M I	daily	hanafi	test	Mangystau's own table at 50 % of its 30.9 km reach, bearing 45: Mangystau, 2026 (QMDB's own place for the app's city; QMDB year API, capture of 9 Oct 2026)
archive/tables/pinned/kz-qmdb/2026-10-09/mangystau-2027.txt	kz.qmdb/mangystau	43.789729	51.441672	Asia/Aqtau	F+E S D A M I	daily	hanafi	test	Mangystau's own table at 50 % of its 30.9 km reach, bearing 45: Mangystau, 2027 (QMDB's own place for the app's city; QMDB year API, capture of 9 Oct 2026)
archive/tables/pinned/kz-qmdb/2026-10-09/mangystau-2026.txt	kz.qmdb/mangystau	43.691400	51.497731	Asia/Aqtau	F+E S D A M I	daily	hanafi	test	Mangystau's own table at 50 % of its 30.9 km reach, bearing 90: Mangystau, 2026 (QMDB's own place for the app's city; QMDB year API, capture of 9 Oct 2026)
archive/tables/pinned/kz-qmdb/2026-10-09/mangystau-2027.txt	kz.qmdb/mangystau	43.691400	51.497731	Asia/Aqtau	F+E S D A M I	daily	hanafi	test	Mangystau's own table at 50 % of its 30.9 km reach, bearing 90: Mangystau, 2027 (QMDB's own place for the app's city; QMDB year API, capture of 9 Oct 2026)
archive/tables/pinned/kz-qmdb/2026-10-09/mangystau-2026.txt	kz.qmdb/mangystau	43.593232	51.441227	Asia/Aqtau	F+E S D A M I	daily	hanafi	test	Mangystau's own table at 50 % of its 30.9 km reach, bearing 135: Mangystau, 2026 (QMDB's own place for the app's city; QMDB year API, capture of 9 Oct 2026)
archive/tables/pinned/kz-qmdb/2026-10-09/mangystau-2027.txt	kz.qmdb/mangystau	43.593232	51.441227	Asia/Aqtau	F+E S D A M I	daily	hanafi	test	Mangystau's own table at 50 % of its 30.9 km reach, bearing 135: Mangystau, 2027 (QMDB's own place for the app's city; QMDB year API, capture of 9 Oct 2026)
archive/tables/pinned/kz-qmdb/2026-10-09/mangystau-2026.txt	kz.qmdb/mangystau	43.789729	51.169470	Asia/Aqtau	F+E S D A M I	daily	hanafi	test	Mangystau's own table at 50 % of its 30.9 km reach, bearing 315: Mangystau, 2026 (QMDB's own place for the app's city; QMDB year API, capture of 9 Oct 2026)
archive/tables/pinned/kz-qmdb/2026-10-09/mangystau-2027.txt	kz.qmdb/mangystau	43.789729	51.169470	Asia/Aqtau	F+E S D A M I	daily	hanafi	test	Mangystau's own table at 50 % of its 30.9 km reach, bearing 315: Mangystau, 2027 (QMDB's own place for the app's city; QMDB year API, capture of 9 Oct 2026)
archive/tables/pinned/kz-qmdb/2026-10-09/mangystau-2026.txt	kz.qmdb/mangystau	43.955557	51.305571	Asia/Aqtau	F+E S D A M I	daily	hanafi	test	Mangystau's own table at 95 % of its 30.9 km reach, bearing 0: Mangystau, 2026 (QMDB's own place for the app's city; QMDB year API, capture of 9 Oct 2026)
archive/tables/pinned/kz-qmdb/2026-10-09/mangystau-2027.txt	kz.qmdb/mangystau	43.955557	51.305571	Asia/Aqtau	F+E S D A M I	daily	hanafi	test	Mangystau's own table at 95 % of its 30.9 km reach, bearing 0: Mangystau, 2027 (QMDB's own place for the app's city; QMDB year API, capture of 9 Oct 2026)
archive/tables/pinned/kz-qmdb/2026-10-09/mangystau-2026.txt	kz.qmdb/mangystau	43.877943	51.564545	Asia/Aqtau	F+E S D A M I	daily	hanafi	test	Mangystau's own table at 95 % of its 30.9 km reach, bearing 45: Mangystau, 2026 (QMDB's own place for the app's city; QMDB year API, capture of 9 Oct 2026)
archive/tables/pinned/kz-qmdb/2026-10-09/mangystau-2027.txt	kz.qmdb/mangystau	43.877943	51.564545	Asia/Aqtau	F+E S D A M I	daily	hanafi	test	Mangystau's own table at 95 % of its 30.9 km reach, bearing 45: Mangystau, 2027 (QMDB's own place for the app's city; QMDB year API, capture of 9 Oct 2026)
archive/tables/pinned/kz-qmdb/2026-10-09/mangystau-2026.txt	kz.qmdb/mangystau	43.690980	51.670673	Asia/Aqtau	F+E S D A M I	daily	hanafi	test	Mangystau's own table at 95 % of its 30.9 km reach, bearing 90: Mangystau, 2026 (QMDB's own place for the app's city; QMDB year API, capture of 9 Oct 2026)
archive/tables/pinned/kz-qmdb/2026-10-09/mangystau-2027.txt	kz.qmdb/mangystau	43.690980	51.670673	Asia/Aqtau	F+E S D A M I	daily	hanafi	test	Mangystau's own table at 95 % of its 30.9 km reach, bearing 90: Mangystau, 2027 (QMDB's own place for the app's city; QMDB year API, capture of 9 Oct 2026)
archive/tables/pinned/kz-qmdb/2026-10-09/mangystau-2026.txt	kz.qmdb/mangystau	43.504598	51.562938	Asia/Aqtau	F+E S D A M I	daily	hanafi	test	Mangystau's own table at 95 % of its 30.9 km reach, bearing 135: Mangystau, 2026 (QMDB's own place for the app's city; QMDB year API, capture of 9 Oct 2026)
archive/tables/pinned/kz-qmdb/2026-10-09/mangystau-2027.txt	kz.qmdb/mangystau	43.504598	51.562938	Asia/Aqtau	F+E S D A M I	daily	hanafi	test	Mangystau's own table at 95 % of its 30.9 km reach, bearing 135: Mangystau, 2027 (QMDB's own place for the app's city; QMDB year API, capture of 9 Oct 2026)
archive/tables/pinned/kz-qmdb/2026-10-06/spasovka-2026.txt	kz.qmdb/spasovka	54.408396	67.621374	Asia/Almaty	F+E S D A M I	daily	hanafi	test	Spasovka's own table at 50 % of its 18.4 km reach, bearing 315: Spasovka, 2026 (at/above 48N, just short of a 0.1 deg curve step; QMDB year API, capture of 6 Oct 2026)
archive/tables/pinned/kz-qmdb/2026-10-06/spasovka-2027.txt	kz.qmdb/spasovka	54.408396	67.621374	Asia/Almaty	F+E S D A M I	daily	hanafi	test	Spasovka's own table at 50 % of its 18.4 km reach, bearing 315: Spasovka, 2027 (at/above 48N, just short of a 0.1 deg curve step; QMDB year API, capture of 6 Oct 2026)
archive/tables/pinned/kz-qmdb/2026-10-06/bugrovoe-2026.txt	kz.qmdb/bugrovoe	55.129131	69.724025	Asia/Almaty	F+E S D A M I	daily	hanafi	test	Bugrovoe's own table at 50 % of its 17.8 km reach, bearing 0: Bugrovoe, 2026 (at/above 48N, just short of a 0.1 deg curve step; QMDB year API, capture of 6 Oct 2026)
archive/tables/pinned/kz-qmdb/2026-10-06/bugrovoe-2027.txt	kz.qmdb/bugrovoe	55.129131	69.724025	Asia/Almaty	F+E S D A M I	daily	hanafi	test	Bugrovoe's own table at 50 % of its 17.8 km reach, bearing 0: Bugrovoe, 2027 (at/above 48N, just short of a 0.1 deg curve step; QMDB year API, capture of 6 Oct 2026)
archive/tables/pinned/kz-qmdb/2026-10-06/bugrovoe-2026.txt	kz.qmdb/bugrovoe	55.105648	69.625091	Asia/Almaty	F+E S D A M I	daily	hanafi	test	Bugrovoe's own table at 50 % of its 17.8 km reach, bearing 315: Bugrovoe, 2026 (at/above 48N, just short of a 0.1 deg curve step; QMDB year API, capture of 6 Oct 2026)
archive/tables/pinned/kz-qmdb/2026-10-06/bugrovoe-2027.txt	kz.qmdb/bugrovoe	55.105648	69.625091	Asia/Almaty	F+E S D A M I	daily	hanafi	test	Bugrovoe's own table at 50 % of its 17.8 km reach, bearing 315: Bugrovoe, 2027 (at/above 48N, just short of a 0.1 deg curve step; QMDB year API, capture of 6 Oct 2026)
archive/tables/pinned/kz-qmdb/2026-10-06/vagulino-2026.txt	kz.qmdb/vagulino	55.231108	69.262462	Asia/Almaty	F+E S D A M I	daily	hanafi	test	Vagulino's own table at 50 % of its 17.7 km reach, bearing 0: Vagulino, 2026 (at/above 48N, just past a 0.1 deg curve step; QMDB year API, capture of 6 Oct 2026)
archive/tables/pinned/kz-qmdb/2026-10-06/vagulino-2027.txt	kz.qmdb/vagulino	55.231108	69.262462	Asia/Almaty	F+E S D A M I	daily	hanafi	test	Vagulino's own table at 50 % of its 17.7 km reach, bearing 0: Vagulino, 2027 (at/above 48N, just past a 0.1 deg curve step; QMDB year API, capture of 6 Oct 2026)
archive/tables/pinned/kz-qmdb/2026-10-06/krasny-yar-2026.txt	kz.qmdb/krasny-yar	55.447071	69.367089	Asia/Almaty	F+E S D A M I	daily	hanafi	test	Krasny Yar's own table at 50 % of its 17.3 km reach, bearing 0: Krasny Yar, 2026 (at/above 48N, north of Petropavl; QMDB year API, capture of 6 Oct 2026)
archive/tables/pinned/kz-qmdb/2026-10-06/krasny-yar-2027.txt	kz.qmdb/krasny-yar	55.447071	69.367089	Asia/Almaty	F+E S D A M I	daily	hanafi	test	Krasny Yar's own table at 50 % of its 17.3 km reach, bearing 0: Krasny Yar, 2027 (at/above 48N, north of Petropavl; QMDB year API, capture of 6 Oct 2026)
archive/tables/pinned/kz-qmdb/2026-10-06/krasny-yar-2026.txt	kz.qmdb/krasny-yar	55.424248	69.464018	Asia/Almaty	F+E S D A M I	daily	hanafi	test	Krasny Yar's own table at 50 % of its 17.3 km reach, bearing 45: Krasny Yar, 2026 (at/above 48N, north of Petropavl; QMDB year API, capture of 6 Oct 2026)
archive/tables/pinned/kz-qmdb/2026-10-06/krasny-yar-2027.txt	kz.qmdb/krasny-yar	55.424248	69.464018	Asia/Almaty	F+E S D A M I	daily	hanafi	test	Krasny Yar's own table at 50 % of its 17.3 km reach, bearing 45: Krasny Yar, 2027 (at/above 48N, north of Petropavl; QMDB year API, capture of 6 Oct 2026)
archive/tables/pinned/kz-qmdb/2026-10-06/krasny-yar-2026.txt	kz.qmdb/krasny-yar	55.369204	69.230201	Asia/Almaty	F+E S D A M I	daily	hanafi	test	Krasny Yar's own table at 50 % of its 17.3 km reach, bearing 270: Krasny Yar, 2026 (at/above 48N, north of Petropavl; QMDB year API, capture of 6 Oct 2026)
archive/tables/pinned/kz-qmdb/2026-10-06/krasny-yar-2027.txt	kz.qmdb/krasny-yar	55.369204	69.230201	Asia/Almaty	F+E S D A M I	daily	hanafi	test	Krasny Yar's own table at 50 % of its 17.3 km reach, bearing 270: Krasny Yar, 2027 (at/above 48N, north of Petropavl; QMDB year API, capture of 6 Oct 2026)
archive/tables/pinned/kz-qmdb/2026-10-06/krasny-yar-2026.txt	kz.qmdb/krasny-yar	55.424248	69.270160	Asia/Almaty	F+E S D A M I	daily	hanafi	test	Krasny Yar's own table at 50 % of its 17.3 km reach, bearing 315: Krasny Yar, 2026 (at/above 48N, north of Petropavl; QMDB year API, capture of 6 Oct 2026)
archive/tables/pinned/kz-qmdb/2026-10-06/krasny-yar-2027.txt	kz.qmdb/krasny-yar	55.424248	69.270160	Asia/Almaty	F+E S D A M I	daily	hanafi	test	Krasny Yar's own table at 50 % of its 17.3 km reach, bearing 315: Krasny Yar, 2027 (at/above 48N, north of Petropavl; QMDB year API, capture of 6 Oct 2026)
archive/tables/pinned/kz-qmdb/2026-10-06/krasny-yar-2026.txt	kz.qmdb/krasny-yar	55.517084	69.367089	Asia/Almaty	F+E S D A M I	daily	hanafi	test	Krasny Yar's own table at 95 % of its 17.3 km reach, bearing 0: Krasny Yar, 2026 (at/above 48N, north of Petropavl; QMDB year API, capture of 6 Oct 2026)
archive/tables/pinned/kz-qmdb/2026-10-06/krasny-yar-2027.txt	kz.qmdb/krasny-yar	55.517084	69.367089	Asia/Almaty	F+E S D A M I	daily	hanafi	test	Krasny Yar's own table at 95 % of its 17.3 km reach, bearing 0: Krasny Yar, 2027 (at/above 48N, north of Petropavl; QMDB year API, capture of 6 Oct 2026)
archive/tables/pinned/kz-qmdb/2026-10-06/krasny-yar-2026.txt	kz.qmdb/krasny-yar	55.473654	69.551485	Asia/Almaty	F+E S D A M I	daily	hanafi	test	Krasny Yar's own table at 95 % of its 17.3 km reach, bearing 45: Krasny Yar, 2026 (at/above 48N, north of Petropavl; QMDB year API, capture of 6 Oct 2026)
archive/tables/pinned/kz-qmdb/2026-10-06/krasny-yar-2027.txt	kz.qmdb/krasny-yar	55.473654	69.551485	Asia/Almaty	F+E S D A M I	daily	hanafi	test	Krasny Yar's own table at 95 % of its 17.3 km reach, bearing 45: Krasny Yar, 2027 (at/above 48N, north of Petropavl; QMDB year API, capture of 6 Oct 2026)
archive/tables/pinned/kz-qmdb/2026-10-06/krasny-yar-2026.txt	kz.qmdb/krasny-yar	55.473654	69.182693	Asia/Almaty	F+E S D A M I	daily	hanafi	test	Krasny Yar's own table at 95 % of its 17.3 km reach, bearing 315: Krasny Yar, 2026 (at/above 48N, north of Petropavl; QMDB year API, capture of 6 Oct 2026)
archive/tables/pinned/kz-qmdb/2026-10-06/krasny-yar-2027.txt	kz.qmdb/krasny-yar	55.473654	69.182693	Asia/Almaty	F+E S D A M I	daily	hanafi	test	Krasny Yar's own table at 95 % of its 17.3 km reach, bearing 315: Krasny Yar, 2027 (at/above 48N, north of Petropavl; QMDB year API, capture of 6 Oct 2026)
archive/tables/pinned/kz-qmdb/2026-10-06/isakovka-2026.txt	kz.qmdb/isakovka	55.483593	68.935933	Asia/Almaty	F+E S D A M I	daily	hanafi	test	Isakovka's own table at 50 % of its 17.3 km reach, bearing 0: Isakovka, 2026 (at/above 48N, QMDB's northernmost place; QMDB year API, capture of 6 Oct 2026)
archive/tables/pinned/kz-qmdb/2026-10-06/isakovka-2027.txt	kz.qmdb/isakovka	55.483593	68.935933	Asia/Almaty	F+E S D A M I	daily	hanafi	test	Isakovka's own table at 50 % of its 17.3 km reach, bearing 0: Isakovka, 2027 (at/above 48N, QMDB's northernmost place; QMDB year API, capture of 6 Oct 2026)
archive/tables/pinned/kz-qmdb/2026-10-06/isakovka-2026.txt	kz.qmdb/isakovka	55.460770	69.032952	Asia/Almaty	F+E S D A M I	daily	hanafi	test	Isakovka's own table at 50 % of its 17.3 km reach, bearing 45: Isakovka, 2026 (at/above 48N, QMDB's northernmost place; QMDB year API, capture of 6 Oct 2026)
archive/tables/pinned/kz-qmdb/2026-10-06/isakovka-2027.txt	kz.qmdb/isakovka	55.460770	69.032952	Asia/Almaty	F+E S D A M I	daily	hanafi	test	Isakovka's own table at 50 % of its 17.3 km reach, bearing 45: Isakovka, 2027 (at/above 48N, QMDB's northernmost place; QMDB year API, capture of 6 Oct 2026)
archive/tables/pinned/kz-qmdb/2026-10-06/isakovka-2026.txt	kz.qmdb/isakovka	55.405725	68.798919	Asia/Almaty	F+E S D A M I	daily	hanafi	test	Isakovka's own table at 50 % of its 17.3 km reach, bearing 270: Isakovka, 2026 (at/above 48N, QMDB's northernmost place; QMDB year API, capture of 6 Oct 2026)
archive/tables/pinned/kz-qmdb/2026-10-06/isakovka-2027.txt	kz.qmdb/isakovka	55.405725	68.798919	Asia/Almaty	F+E S D A M I	daily	hanafi	test	Isakovka's own table at 50 % of its 17.3 km reach, bearing 270: Isakovka, 2027 (at/above 48N, QMDB's northernmost place; QMDB year API, capture of 6 Oct 2026)
archive/tables/pinned/kz-qmdb/2026-10-06/isakovka-2026.txt	kz.qmdb/isakovka	55.460770	68.838914	Asia/Almaty	F+E S D A M I	daily	hanafi	test	Isakovka's own table at 50 % of its 17.3 km reach, bearing 315: Isakovka, 2026 (at/above 48N, QMDB's northernmost place; QMDB year API, capture of 6 Oct 2026)
archive/tables/pinned/kz-qmdb/2026-10-06/isakovka-2027.txt	kz.qmdb/isakovka	55.460770	68.838914	Asia/Almaty	F+E S D A M I	daily	hanafi	test	Isakovka's own table at 50 % of its 17.3 km reach, bearing 315: Isakovka, 2027 (at/above 48N, QMDB's northernmost place; QMDB year API, capture of 6 Oct 2026)
archive/tables/pinned/kz-qmdb/2026-10-06/isakovka-2026.txt	kz.qmdb/isakovka	55.553606	68.935933	Asia/Almaty	F+E S D A M I	daily	hanafi	test	Isakovka's own table at 95 % of its 17.3 km reach, bearing 0: Isakovka, 2026 (at/above 48N, QMDB's northernmost place; QMDB year API, capture of 6 Oct 2026)
archive/tables/pinned/kz-qmdb/2026-10-06/isakovka-2027.txt	kz.qmdb/isakovka	55.553606	68.935933	Asia/Almaty	F+E S D A M I	daily	hanafi	test	Isakovka's own table at 95 % of its 17.3 km reach, bearing 0: Isakovka, 2027 (at/above 48N, QMDB's northernmost place; QMDB year API, capture of 6 Oct 2026)
archive/tables/pinned/kz-qmdb/2026-10-06/isakovka-2026.txt	kz.qmdb/isakovka	55.510176	69.120500	Asia/Almaty	F+E S D A M I	daily	hanafi	test	Isakovka's own table at 95 % of its 17.3 km reach, bearing 45: Isakovka, 2026 (at/above 48N, QMDB's northernmost place; QMDB year API, capture of 6 Oct 2026)
archive/tables/pinned/kz-qmdb/2026-10-06/isakovka-2027.txt	kz.qmdb/isakovka	55.510176	69.120500	Asia/Almaty	F+E S D A M I	daily	hanafi	test	Isakovka's own table at 95 % of its 17.3 km reach, bearing 45: Isakovka, 2027 (at/above 48N, QMDB's northernmost place; QMDB year API, capture of 6 Oct 2026)
archive/tables/pinned/kz-qmdb/2026-10-06/isakovka-2026.txt	kz.qmdb/isakovka	55.510176	68.751366	Asia/Almaty	F+E S D A M I	daily	hanafi	test	Isakovka's own table at 95 % of its 17.3 km reach, bearing 315: Isakovka, 2026 (at/above 48N, QMDB's northernmost place; QMDB year API, capture of 6 Oct 2026)
archive/tables/pinned/kz-qmdb/2026-10-06/isakovka-2027.txt	kz.qmdb/isakovka	55.510176	68.751366	Asia/Almaty	F+E S D A M I	daily	hanafi	test	Isakovka's own table at 95 % of its 17.3 km reach, bearing 315: Isakovka, 2027 (at/above 48N, QMDB's northernmost place; QMDB year API, capture of 6 Oct 2026)
archive/tables/pinned/kz-qmdb/2026-10-06/kulomzino-2026.txt	kz.qmdb/kulomzino	55.330131	70.473193	Asia/Almaty	F+E S D A M I	daily	hanafi	test	Kulomzino's own table at 50 % of its 17.7 km reach, bearing 0: Kulomzino, 2026 (at/above 48N, north of Petropavl, just past a 0.1 deg curve step; QMDB year API, capture of 6 Oct 2026)
archive/tables/pinned/kz-qmdb/2026-10-06/kulomzino-2027.txt	kz.qmdb/kulomzino	55.330131	70.473193	Asia/Almaty	F+E S D A M I	daily	hanafi	test	Kulomzino's own table at 50 % of its 17.7 km reach, bearing 0: Kulomzino, 2027 (at/above 48N, north of Petropavl, just past a 0.1 deg curve step; QMDB year API, capture of 6 Oct 2026)
archive/tables/pinned/kz-qmdb/2026-10-06/kulomzino-2026.txt	kz.qmdb/kulomzino	55.306780	70.572069	Asia/Almaty	F+E S D A M I	daily	hanafi	test	Kulomzino's own table at 50 % of its 17.7 km reach, bearing 45: Kulomzino, 2026 (at/above 48N, north of Petropavl, just past a 0.1 deg curve step; QMDB year API, capture of 6 Oct 2026)
archive/tables/pinned/kz-qmdb/2026-10-06/kulomzino-2027.txt	kz.qmdb/kulomzino	55.306780	70.572069	Asia/Almaty	F+E S D A M I	daily	hanafi	test	Kulomzino's own table at 50 % of its 17.7 km reach, bearing 45: Kulomzino, 2027 (at/above 48N, north of Petropavl, just past a 0.1 deg curve step; QMDB year API, capture of 6 Oct 2026)
archive/tables/pinned/kz-qmdb/2026-10-06/kulomzino-2026.txt	kz.qmdb/kulomzino	55.250461	70.612827	Asia/Almaty	F+E S D A M I	daily	hanafi	test	Kulomzino's own table at 50 % of its 17.7 km reach, bearing 90: Kulomzino, 2026 (at/above 48N, north of Petropavl, just past a 0.1 deg curve step; QMDB year API, capture of 6 Oct 2026)
archive/tables/pinned/kz-qmdb/2026-10-06/kulomzino-2027.txt	kz.qmdb/kulomzino	55.250461	70.612827	Asia/Almaty	F+E S D A M I	daily	hanafi	test	Kulomzino's own table at 50 % of its 17.7 km reach, bearing 90: Kulomzino, 2027 (at/above 48N, north of Petropavl, just past a 0.1 deg curve step; QMDB year API, capture of 6 Oct 2026)
archive/tables/pinned/kz-qmdb/2026-10-06/kulomzino-2026.txt	kz.qmdb/kulomzino	55.170951	70.473193	Asia/Almaty	F+E S D A M I	daily	hanafi	test	Kulomzino's own table at 50 % of its 17.7 km reach, bearing 180: Kulomzino, 2026 (at/above 48N, north of Petropavl, just past a 0.1 deg curve step; QMDB year API, capture of 6 Oct 2026)
archive/tables/pinned/kz-qmdb/2026-10-06/kulomzino-2027.txt	kz.qmdb/kulomzino	55.170951	70.473193	Asia/Almaty	F+E S D A M I	daily	hanafi	test	Kulomzino's own table at 50 % of its 17.7 km reach, bearing 180: Kulomzino, 2027 (at/above 48N, north of Petropavl, just past a 0.1 deg curve step; QMDB year API, capture of 6 Oct 2026)
archive/tables/pinned/kz-qmdb/2026-10-06/kulomzino-2026.txt	kz.qmdb/kulomzino	55.194223	70.374596	Asia/Almaty	F+E S D A M I	daily	hanafi	test	Kulomzino's own table at 50 % of its 17.7 km reach, bearing 225: Kulomzino, 2026 (at/above 48N, north of Petropavl, just past a 0.1 deg curve step; QMDB year API, capture of 6 Oct 2026)
archive/tables/pinned/kz-qmdb/2026-10-06/kulomzino-2027.txt	kz.qmdb/kulomzino	55.194223	70.374596	Asia/Almaty	F+E S D A M I	daily	hanafi	test	Kulomzino's own table at 50 % of its 17.7 km reach, bearing 225: Kulomzino, 2027 (at/above 48N, north of Petropavl, just past a 0.1 deg curve step; QMDB year API, capture of 6 Oct 2026)
archive/tables/pinned/kz-qmdb/2026-10-06/kulomzino-2026.txt	kz.qmdb/kulomzino	55.250461	70.333559	Asia/Almaty	F+E S D A M I	daily	hanafi	test	Kulomzino's own table at 50 % of its 17.7 km reach, bearing 270: Kulomzino, 2026 (at/above 48N, north of Petropavl, just past a 0.1 deg curve step; QMDB year API, capture of 6 Oct 2026)
archive/tables/pinned/kz-qmdb/2026-10-06/kulomzino-2027.txt	kz.qmdb/kulomzino	55.250461	70.333559	Asia/Almaty	F+E S D A M I	daily	hanafi	test	Kulomzino's own table at 50 % of its 17.7 km reach, bearing 270: Kulomzino, 2027 (at/above 48N, north of Petropavl, just past a 0.1 deg curve step; QMDB year API, capture of 6 Oct 2026)
archive/tables/pinned/kz-qmdb/2026-10-06/kulomzino-2026.txt	kz.qmdb/kulomzino	55.306780	70.374317	Asia/Almaty	F+E S D A M I	daily	hanafi	test	Kulomzino's own table at 50 % of its 17.7 km reach, bearing 315: Kulomzino, 2026 (at/above 48N, north of Petropavl, just past a 0.1 deg curve step; QMDB year API, capture of 6 Oct 2026)
archive/tables/pinned/kz-qmdb/2026-10-06/kulomzino-2027.txt	kz.qmdb/kulomzino	55.306780	70.374317	Asia/Almaty	F+E S D A M I	daily	hanafi	test	Kulomzino's own table at 50 % of its 17.7 km reach, bearing 315: Kulomzino, 2027 (at/above 48N, north of Petropavl, just past a 0.1 deg curve step; QMDB year API, capture of 6 Oct 2026)
archive/tables/pinned/kz-qmdb/2026-10-06/kulomzino-2026.txt	kz.qmdb/kulomzino	55.401762	70.473193	Asia/Almaty	F+E S D A M I	daily	hanafi	test	Kulomzino's own table at 95 % of its 17.7 km reach, bearing 0: Kulomzino, 2026 (at/above 48N, north of Petropavl, just past a 0.1 deg curve step; QMDB year API, capture of 6 Oct 2026)
archive/tables/pinned/kz-qmdb/2026-10-06/kulomzino-2027.txt	kz.qmdb/kulomzino	55.401762	70.473193	Asia/Almaty	F+E S D A M I	daily	hanafi	test	Kulomzino's own table at 95 % of its 17.7 km reach, bearing 0: Kulomzino, 2027 (at/above 48N, north of Petropavl, just past a 0.1 deg curve step; QMDB year API, capture of 6 Oct 2026)
archive/tables/pinned/kz-qmdb/2026-10-06/kulomzino-2026.txt	kz.qmdb/kulomzino	55.357326	70.661298	Asia/Almaty	F+E S D A M I	daily	hanafi	test	Kulomzino's own table at 95 % of its 17.7 km reach, bearing 45: Kulomzino, 2026 (at/above 48N, north of Petropavl, just past a 0.1 deg curve step; QMDB year API, capture of 6 Oct 2026)
archive/tables/pinned/kz-qmdb/2026-10-06/kulomzino-2027.txt	kz.qmdb/kulomzino	55.357326	70.661298	Asia/Almaty	F+E S D A M I	daily	hanafi	test	Kulomzino's own table at 95 % of its 17.7 km reach, bearing 45: Kulomzino, 2027 (at/above 48N, north of Petropavl, just past a 0.1 deg curve step; QMDB year API, capture of 6 Oct 2026)
archive/tables/pinned/kz-qmdb/2026-10-06/kulomzino-2026.txt	kz.qmdb/kulomzino	55.250253	70.207889	Asia/Almaty	F+E S D A M I	daily	hanafi	test	Kulomzino's own table at 95 % of its 17.7 km reach, bearing 270: Kulomzino, 2026 (at/above 48N, north of Petropavl, just past a 0.1 deg curve step; QMDB year API, capture of 6 Oct 2026)
archive/tables/pinned/kz-qmdb/2026-10-06/kulomzino-2027.txt	kz.qmdb/kulomzino	55.250253	70.207889	Asia/Almaty	F+E S D A M I	daily	hanafi	test	Kulomzino's own table at 95 % of its 17.7 km reach, bearing 270: Kulomzino, 2027 (at/above 48N, north of Petropavl, just past a 0.1 deg curve step; QMDB year API, capture of 6 Oct 2026)
archive/tables/pinned/kz-qmdb/2026-10-06/kulomzino-2026.txt	kz.qmdb/kulomzino	55.357326	70.285088	Asia/Almaty	F+E S D A M I	daily	hanafi	test	Kulomzino's own table at 95 % of its 17.7 km reach, bearing 315: Kulomzino, 2026 (at/above 48N, north of Petropavl, just past a 0.1 deg curve step; QMDB year API, capture of 6 Oct 2026)
archive/tables/pinned/kz-qmdb/2026-10-06/kulomzino-2027.txt	kz.qmdb/kulomzino	55.357326	70.285088	Asia/Almaty	F+E S D A M I	daily	hanafi	test	Kulomzino's own table at 95 % of its 17.7 km reach, bearing 315: Kulomzino, 2027 (at/above 48N, north of Petropavl, just past a 0.1 deg curve step; QMDB year API, capture of 6 Oct 2026)
archive/tables/pinned/kz-qmdb/2026-10-06/pulemetovka-2026.txt	kz.qmdb/pulemetovka	54.491619	70.318947	Asia/Almaty	F+E S D A M I	daily	hanafi	test	Pulemetovka's own table at 50 % of its 18.7 km reach, bearing 225: Pulemetovka, 2026 (at/above 48N, just past a 0.1 deg curve step; QMDB year API, capture of 6 Oct 2026)
archive/tables/pinned/kz-qmdb/2026-10-06/pulemetovka-2027.txt	kz.qmdb/pulemetovka	54.491619	70.318947	Asia/Almaty	F+E S D A M I	daily	hanafi	test	Pulemetovka's own table at 50 % of its 18.7 km reach, bearing 225: Pulemetovka, 2027 (at/above 48N, just past a 0.1 deg curve step; QMDB year API, capture of 6 Oct 2026)
archive/tables/pinned/kz-qmdb/2026-10-06/pulemetovka-2026.txt	kz.qmdb/pulemetovka	54.551033	70.276333	Asia/Almaty	F+E S D A M I	daily	hanafi	test	Pulemetovka's own table at 50 % of its 18.7 km reach, bearing 270: Pulemetovka, 2026 (at/above 48N, just past a 0.1 deg curve step; QMDB year API, capture of 6 Oct 2026)
archive/tables/pinned/kz-qmdb/2026-10-06/pulemetovka-2027.txt	kz.qmdb/pulemetovka	54.551033	70.276333	Asia/Almaty	F+E S D A M I	daily	hanafi	test	Pulemetovka's own table at 50 % of its 18.7 km reach, bearing 270: Pulemetovka, 2027 (at/above 48N, just past a 0.1 deg curve step; QMDB year API, capture of 6 Oct 2026)
archive/tables/pinned/kz-qmdb/2026-10-06/pulemetovka-2026.txt	kz.qmdb/pulemetovka	54.437994	70.227069	Asia/Almaty	F+E S D A M I	daily	hanafi	test	Pulemetovka's own table at 95 % of its 18.7 km reach, bearing 225: Pulemetovka, 2026 (at/above 48N, just past a 0.1 deg curve step; QMDB year API, capture of 6 Oct 2026)
archive/tables/pinned/kz-qmdb/2026-10-06/pulemetovka-2027.txt	kz.qmdb/pulemetovka	54.437994	70.227069	Asia/Almaty	F+E S D A M I	daily	hanafi	test	Pulemetovka's own table at 95 % of its 18.7 km reach, bearing 225: Pulemetovka, 2027 (at/above 48N, just past a 0.1 deg curve step; QMDB year API, capture of 6 Oct 2026)
archive/tables/pinned/kz-qmdb/2026-10-09/aksu-turkistan-2026.txt	kz.qmdb/aksu-turkistan	42.572248	69.828661	Asia/Almaty	F+E S D A M I	daily	hanafi	test	Aksu (Turkistan)'s own table at 50 % of its 33.7 km reach, bearing 0: Aksu (Turkistan), 2026 (QMDB's own place for the app's city; QMDB year API, capture of 9 Oct 2026)
archive/tables/pinned/kz-qmdb/2026-10-09/aksu-turkistan-2027.txt	kz.qmdb/aksu-turkistan	42.572248	69.828661	Asia/Almaty	F+E S D A M I	daily	hanafi	test	Aksu (Turkistan)'s own table at 50 % of its 33.7 km reach, bearing 0: Aksu (Turkistan), 2027 (QMDB's own place for the app's city; QMDB year API, capture of 9 Oct 2026)
archive/tables/pinned/kz-qmdb/2026-10-09/aksu-turkistan-2026.txt	kz.qmdb/aksu-turkistan	42.527772	69.974060	Asia/Almaty	F+E S D A M I	daily	hanafi	test	Aksu (Turkistan)'s own table at 50 % of its 33.7 km reach, bearing 45: Aksu (Turkistan), 2026 (QMDB's own place for the app's city; QMDB year API, capture of 9 Oct 2026)
archive/tables/pinned/kz-qmdb/2026-10-09/aksu-turkistan-2027.txt	kz.qmdb/aksu-turkistan	42.527772	69.974060	Asia/Almaty	F+E S D A M I	daily	hanafi	test	Aksu (Turkistan)'s own table at 50 % of its 33.7 km reach, bearing 45: Aksu (Turkistan), 2027 (QMDB's own place for the app's city; QMDB year API, capture of 9 Oct 2026)
archive/tables/pinned/kz-qmdb/2026-10-09/aksu-turkistan-2026.txt	kz.qmdb/aksu-turkistan	42.420529	70.033935	Asia/Almaty	F+E S D A M I	daily	hanafi	test	Aksu (Turkistan)'s own table at 50 % of its 33.7 km reach, bearing 90: Aksu (Turkistan), 2026 (QMDB's own place for the app's city; QMDB year API, capture of 9 Oct 2026)
archive/tables/pinned/kz-qmdb/2026-10-09/aksu-turkistan-2027.txt	kz.qmdb/aksu-turkistan	42.420529	70.033935	Asia/Almaty	F+E S D A M I	daily	hanafi	test	Aksu (Turkistan)'s own table at 50 % of its 33.7 km reach, bearing 90: Aksu (Turkistan), 2027 (QMDB's own place for the app's city; QMDB year API, capture of 9 Oct 2026)
archive/tables/pinned/kz-qmdb/2026-10-09/aksu-turkistan-2026.txt	kz.qmdb/aksu-turkistan	42.527772	69.683262	Asia/Almaty	F+E S D A M I	daily	hanafi	test	Aksu (Turkistan)'s own table at 50 % of its 33.7 km reach, bearing 315: Aksu (Turkistan), 2026 (QMDB's own place for the app's city; QMDB year API, capture of 9 Oct 2026)
archive/tables/pinned/kz-qmdb/2026-10-09/aksu-turkistan-2027.txt	kz.qmdb/aksu-turkistan	42.527772	69.683262	Asia/Almaty	F+E S D A M I	daily	hanafi	test	Aksu (Turkistan)'s own table at 50 % of its 33.7 km reach, bearing 315: Aksu (Turkistan), 2027 (QMDB's own place for the app's city; QMDB year API, capture of 9 Oct 2026)
archive/tables/pinned/kz-qmdb/2026-10-09/aksu-turkistan-2026.txt	kz.qmdb/aksu-turkistan	42.708630	69.828661	Asia/Almaty	F+E S D A M I	daily	hanafi	test	Aksu (Turkistan)'s own table at 95 % of its 33.7 km reach, bearing 0: Aksu (Turkistan), 2026 (QMDB's own place for the app's city; QMDB year API, capture of 9 Oct 2026)
archive/tables/pinned/kz-qmdb/2026-10-09/aksu-turkistan-2027.txt	kz.qmdb/aksu-turkistan	42.708630	69.828661	Asia/Almaty	F+E S D A M I	daily	hanafi	test	Aksu (Turkistan)'s own table at 95 % of its 33.7 km reach, bearing 0: Aksu (Turkistan), 2027 (QMDB's own place for the app's city; QMDB year API, capture of 9 Oct 2026)
archive/tables/pinned/kz-qmdb/2026-10-09/turar-ryskulov-2026.txt	kz.qmdb/turar-ryskulov	42.683962	70.350564	Asia/Almaty	F+E S D A M I	daily	hanafi	test	Turar Ryskulov's own table at 50 % of its 33.2 km reach, bearing 0: Turar Ryskulov, 2026 (QMDB's own place for the app's city; QMDB year API, capture of 9 Oct 2026)
archive/tables/pinned/kz-qmdb/2026-10-09/turar-ryskulov-2027.txt	kz.qmdb/turar-ryskulov	42.683962	70.350564	Asia/Almaty	F+E S D A M I	daily	hanafi	test	Turar Ryskulov's own table at 50 % of its 33.2 km reach, bearing 0: Turar Ryskulov, 2027 (QMDB's own place for the app's city; QMDB year API, capture of 9 Oct 2026)
archive/tables/pinned/kz-qmdb/2026-10-09/turar-ryskulov-2026.txt	kz.qmdb/turar-ryskulov	42.640148	70.494064	Asia/Almaty	F+E S D A M I	daily	hanafi	test	Turar Ryskulov's own table at 50 % of its 33.2 km reach, bearing 45: Turar Ryskulov, 2026 (QMDB's own place for the app's city; QMDB year API, capture of 9 Oct 2026)
archive/tables/pinned/kz-qmdb/2026-10-09/turar-ryskulov-2027.txt	kz.qmdb/turar-ryskulov	42.640148	70.494064	Asia/Almaty	F+E S D A M I	daily	hanafi	test	Turar Ryskulov's own table at 50 % of its 33.2 km reach, bearing 45: Turar Ryskulov, 2027 (QMDB's own place for the app's city; QMDB year API, capture of 9 Oct 2026)
archive/tables/pinned/kz-qmdb/2026-10-09/turar-ryskulov-2026.txt	kz.qmdb/turar-ryskulov	42.534497	70.553161	Asia/Almaty	F+E S D A M I	daily	hanafi	test	Turar Ryskulov's own table at 50 % of its 33.2 km reach, bearing 90: Turar Ryskulov, 2026 (QMDB's own place for the app's city; QMDB year API, capture of 9 Oct 2026)
archive/tables/pinned/kz-qmdb/2026-10-09/turar-ryskulov-2027.txt	kz.qmdb/turar-ryskulov	42.534497	70.553161	Asia/Almaty	F+E S D A M I	daily	hanafi	test	Turar Ryskulov's own table at 50 % of its 33.2 km reach, bearing 90: Turar Ryskulov, 2027 (QMDB's own place for the app's city; QMDB year API, capture of 9 Oct 2026)
archive/tables/pinned/kz-qmdb/2026-10-09/turar-ryskulov-2026.txt	kz.qmdb/turar-ryskulov	42.429024	70.493580	Asia/Almaty	F+E S D A M I	daily	hanafi	test	Turar Ryskulov's own table at 50 % of its 33.2 km reach, bearing 135: Turar Ryskulov, 2026 (QMDB's own place for the app's city; QMDB year API, capture of 9 Oct 2026)
archive/tables/pinned/kz-qmdb/2026-10-09/turar-ryskulov-2027.txt	kz.qmdb/turar-ryskulov	42.429024	70.493580	Asia/Almaty	F+E S D A M I	daily	hanafi	test	Turar Ryskulov's own table at 50 % of its 33.2 km reach, bearing 135: Turar Ryskulov, 2027 (QMDB's own place for the app's city; QMDB year API, capture of 9 Oct 2026)
archive/tables/pinned/kz-qmdb/2026-10-09/turar-ryskulov-2026.txt	kz.qmdb/turar-ryskulov	42.385388	70.350564	Asia/Almaty	F+E S D A M I	daily	hanafi	test	Turar Ryskulov's own table at 50 % of its 33.2 km reach, bearing 180: Turar Ryskulov, 2026 (QMDB's own place for the app's city; QMDB year API, capture of 9 Oct 2026)
archive/tables/pinned/kz-qmdb/2026-10-09/turar-ryskulov-2027.txt	kz.qmdb/turar-ryskulov	42.385388	70.350564	Asia/Almaty	F+E S D A M I	daily	hanafi	test	Turar Ryskulov's own table at 50 % of its 33.2 km reach, bearing 180: Turar Ryskulov, 2027 (QMDB's own place for the app's city; QMDB year API, capture of 9 Oct 2026)
archive/tables/pinned/kz-qmdb/2026-10-09/turar-ryskulov-2026.txt	kz.qmdb/turar-ryskulov	42.429024	70.207548	Asia/Almaty	F+E S D A M I	daily	hanafi	test	Turar Ryskulov's own table at 50 % of its 33.2 km reach, bearing 225: Turar Ryskulov, 2026 (QMDB's own place for the app's city; QMDB year API, capture of 9 Oct 2026)
archive/tables/pinned/kz-qmdb/2026-10-09/turar-ryskulov-2027.txt	kz.qmdb/turar-ryskulov	42.429024	70.207548	Asia/Almaty	F+E S D A M I	daily	hanafi	test	Turar Ryskulov's own table at 50 % of its 33.2 km reach, bearing 225: Turar Ryskulov, 2027 (QMDB's own place for the app's city; QMDB year API, capture of 9 Oct 2026)
archive/tables/pinned/kz-qmdb/2026-10-09/turar-ryskulov-2026.txt	kz.qmdb/turar-ryskulov	42.534497	70.147967	Asia/Almaty	F+E S D A M I	daily	hanafi	test	Turar Ryskulov's own table at 50 % of its 33.2 km reach, bearing 270: Turar Ryskulov, 2026 (QMDB's own place for the app's city; QMDB year API, capture of 9 Oct 2026)
archive/tables/pinned/kz-qmdb/2026-10-09/turar-ryskulov-2027.txt	kz.qmdb/turar-ryskulov	42.534497	70.147967	Asia/Almaty	F+E S D A M I	daily	hanafi	test	Turar Ryskulov's own table at 50 % of its 33.2 km reach, bearing 270: Turar Ryskulov, 2027 (QMDB's own place for the app's city; QMDB year API, capture of 9 Oct 2026)
archive/tables/pinned/kz-qmdb/2026-10-09/turar-ryskulov-2026.txt	kz.qmdb/turar-ryskulov	42.640148	70.207064	Asia/Almaty	F+E S D A M I	daily	hanafi	test	Turar Ryskulov's own table at 50 % of its 33.2 km reach, bearing 315: Turar Ryskulov, 2026 (QMDB's own place for the app's city; QMDB year API, capture of 9 Oct 2026)
archive/tables/pinned/kz-qmdb/2026-10-09/turar-ryskulov-2027.txt	kz.qmdb/turar-ryskulov	42.640148	70.207064	Asia/Almaty	F+E S D A M I	daily	hanafi	test	Turar Ryskulov's own table at 50 % of its 33.2 km reach, bearing 315: Turar Ryskulov, 2027 (QMDB's own place for the app's city; QMDB year API, capture of 9 Oct 2026)
archive/tables/pinned/kz-qmdb/2026-10-09/turar-ryskulov-2026.txt	kz.qmdb/turar-ryskulov	42.818321	70.350564	Asia/Almaty	F+E S D A M I	daily	hanafi	test	Turar Ryskulov's own table at 95 % of its 33.2 km reach, bearing 0: Turar Ryskulov, 2026 (QMDB's own place for the app's city; QMDB year API, capture of 9 Oct 2026)
archive/tables/pinned/kz-qmdb/2026-10-09/turar-ryskulov-2027.txt	kz.qmdb/turar-ryskulov	42.818321	70.350564	Asia/Almaty	F+E S D A M I	daily	hanafi	test	Turar Ryskulov's own table at 95 % of its 33.2 km reach, bearing 0: Turar Ryskulov, 2027 (QMDB's own place for the app's city; QMDB year API, capture of 9 Oct 2026)
archive/tables/pinned/kz-qmdb/2026-10-09/turar-ryskulov-2026.txt	kz.qmdb/turar-ryskulov	42.734920	70.623631	Asia/Almaty	F+E S D A M I	daily	hanafi	test	Turar Ryskulov's own table at 95 % of its 33.2 km reach, bearing 45: Turar Ryskulov, 2026 (QMDB's own place for the app's city; QMDB year API, capture of 9 Oct 2026)
archive/tables/pinned/kz-qmdb/2026-10-09/turar-ryskulov-2027.txt	kz.qmdb/turar-ryskulov	42.734920	70.623631	Asia/Almaty	F+E S D A M I	daily	hanafi	test	Turar Ryskulov's own table at 95 % of its 33.2 km reach, bearing 45: Turar Ryskulov, 2027 (QMDB's own place for the app's city; QMDB year API, capture of 9 Oct 2026)
archive/tables/pinned/kz-qmdb/2026-10-09/turar-ryskulov-2026.txt	kz.qmdb/turar-ryskulov	42.534031	70.735496	Asia/Almaty	F+E S D A M I	daily	hanafi	test	Turar Ryskulov's own table at 95 % of its 33.2 km reach, bearing 90: Turar Ryskulov, 2026 (QMDB's own place for the app's city; QMDB year API, capture of 9 Oct 2026)
archive/tables/pinned/kz-qmdb/2026-10-09/turar-ryskulov-2027.txt	kz.qmdb/turar-ryskulov	42.534031	70.735496	Asia/Almaty	F+E S D A M I	daily	hanafi	test	Turar Ryskulov's own table at 95 % of its 33.2 km reach, bearing 90: Turar Ryskulov, 2027 (QMDB's own place for the app's city; QMDB year API, capture of 9 Oct 2026)
archive/tables/pinned/kz-qmdb/2026-10-09/turar-ryskulov-2026.txt	kz.qmdb/turar-ryskulov	42.333786	70.621883	Asia/Almaty	F+E S D A M I	daily	hanafi	test	Turar Ryskulov's own table at 95 % of its 33.2 km reach, bearing 135: Turar Ryskulov, 2026 (QMDB's own place for the app's city; QMDB year API, capture of 9 Oct 2026)
archive/tables/pinned/kz-qmdb/2026-10-09/turar-ryskulov-2027.txt	kz.qmdb/turar-ryskulov	42.333786	70.621883	Asia/Almaty	F+E S D A M I	daily	hanafi	test	Turar Ryskulov's own table at 95 % of its 33.2 km reach, bearing 135: Turar Ryskulov, 2027 (QMDB's own place for the app's city; QMDB year API, capture of 9 Oct 2026)
archive/tables/pinned/kz-qmdb/2026-10-09/turar-ryskulov-2026.txt	kz.qmdb/turar-ryskulov	42.251029	70.350564	Asia/Almaty	F+E S D A M I	daily	hanafi	test	Turar Ryskulov's own table at 95 % of its 33.2 km reach, bearing 180: Turar Ryskulov, 2026 (QMDB's own place for the app's city; QMDB year API, capture of 9 Oct 2026)
archive/tables/pinned/kz-qmdb/2026-10-09/turar-ryskulov-2027.txt	kz.qmdb/turar-ryskulov	42.251029	70.350564	Asia/Almaty	F+E S D A M I	daily	hanafi	test	Turar Ryskulov's own table at 95 % of its 33.2 km reach, bearing 180: Turar Ryskulov, 2027 (QMDB's own place for the app's city; QMDB year API, capture of 9 Oct 2026)
archive/tables/pinned/kz-qmdb/2026-10-09/turar-ryskulov-2026.txt	kz.qmdb/turar-ryskulov	42.734920	70.077497	Asia/Almaty	F+E S D A M I	daily	hanafi	test	Turar Ryskulov's own table at 95 % of its 33.2 km reach, bearing 315: Turar Ryskulov, 2026 (QMDB's own place for the app's city; QMDB year API, capture of 9 Oct 2026)
archive/tables/pinned/kz-qmdb/2026-10-09/turar-ryskulov-2027.txt	kz.qmdb/turar-ryskulov	42.734920	70.077497	Asia/Almaty	F+E S D A M I	daily	hanafi	test	Turar Ryskulov's own table at 95 % of its 33.2 km reach, bearing 315: Turar Ryskulov, 2027 (QMDB's own place for the app's city; QMDB year API, capture of 9 Oct 2026)
archive/tables/pinned/kz-qmdb/2026-10-09/shiyeli-2026.txt	kz.qmdb/shiyeli	44.301572	66.736893	Asia/Qyzylorda	F+E S D A M I	daily	hanafi	test	Shiyeli's own table at 50 % of its 29.8 km reach, bearing 0: Shiyeli, 2026 (QMDB's own place for the app's city; QMDB year API, capture of 9 Oct 2026)
archive/tables/pinned/kz-qmdb/2026-10-09/shiyeli-2027.txt	kz.qmdb/shiyeli	44.301572	66.736893	Asia/Qyzylorda	F+E S D A M I	daily	hanafi	test	Shiyeli's own table at 50 % of its 29.8 km reach, bearing 0: Shiyeli, 2027 (QMDB's own place for the app's city; QMDB year API, capture of 9 Oct 2026)
archive/tables/pinned/kz-qmdb/2026-10-09/shiyeli-2026.txt	kz.qmdb/shiyeli	44.262248	66.869199	Asia/Qyzylorda	F+E S D A M I	daily	hanafi	test	Shiyeli's own table at 50 % of its 29.8 km reach, bearing 45: Shiyeli, 2026 (QMDB's own place for the app's city; QMDB year API, capture of 9 Oct 2026)
archive/tables/pinned/kz-qmdb/2026-10-09/shiyeli-2027.txt	kz.qmdb/shiyeli	44.262248	66.869199	Asia/Qyzylorda	F+E S D A M I	daily	hanafi	test	Shiyeli's own table at 50 % of its 29.8 km reach, bearing 45: Shiyeli, 2027 (QMDB's own place for the app's city; QMDB year API, capture of 9 Oct 2026)
archive/tables/pinned/kz-qmdb/2026-10-09/shiyeli-2026.txt	kz.qmdb/shiyeli	44.167421	66.923702	Asia/Qyzylorda	F+E S D A M I	daily	hanafi	test	Shiyeli's own table at 50 % of its 29.8 km reach, bearing 90: Shiyeli, 2026 (QMDB's own place for the app's city; QMDB year API, capture of 9 Oct 2026)
archive/tables/pinned/kz-qmdb/2026-10-09/shiyeli-2027.txt	kz.qmdb/shiyeli	44.167421	66.923702	Asia/Qyzylorda	F+E S D A M I	daily	hanafi	test	Shiyeli's own table at 50 % of its 29.8 km reach, bearing 90: Shiyeli, 2027 (QMDB's own place for the app's city; QMDB year API, capture of 9 Oct 2026)
archive/tables/pinned/kz-qmdb/2026-10-09/shiyeli-2026.txt	kz.qmdb/shiyeli	44.072746	66.868775	Asia/Qyzylorda	F+E S D A M I	daily	hanafi	test	Shiyeli's own table at 50 % of its 29.8 km reach, bearing 135: Shiyeli, 2026 (QMDB's own place for the app's city; QMDB year API, capture of 9 Oct 2026)
archive/tables/pinned/kz-qmdb/2026-10-09/shiyeli-2027.txt	kz.qmdb/shiyeli	44.072746	66.868775	Asia/Qyzylorda	F+E S D A M I	daily	hanafi	test	Shiyeli's own table at 50 % of its 29.8 km reach, bearing 135: Shiyeli, 2027 (QMDB's own place for the app's city; QMDB year API, capture of 9 Oct 2026)
archive/tables/pinned/kz-qmdb/2026-10-09/shiyeli-2026.txt	kz.qmdb/shiyeli	44.033574	66.736893	Asia/Qyzylorda	F+E S D A M I	daily	hanafi	test	Shiyeli's own table at 50 % of its 29.8 km reach, bearing 180: Shiyeli, 2026 (QMDB's own place for the app's city; QMDB year API, capture of 9 Oct 2026)
archive/tables/pinned/kz-qmdb/2026-10-09/shiyeli-2027.txt	kz.qmdb/shiyeli	44.033574	66.736893	Asia/Qyzylorda	F+E S D A M I	daily	hanafi	test	Shiyeli's own table at 50 % of its 29.8 km reach, bearing 180: Shiyeli, 2027 (QMDB's own place for the app's city; QMDB year API, capture of 9 Oct 2026)
archive/tables/pinned/kz-qmdb/2026-10-09/shiyeli-2026.txt	kz.qmdb/shiyeli	44.072746	66.605011	Asia/Qyzylorda	F+E S D A M I	daily	hanafi	test	Shiyeli's own table at 50 % of its 29.8 km reach, bearing 225: Shiyeli, 2026 (QMDB's own place for the app's city; QMDB year API, capture of 9 Oct 2026)
archive/tables/pinned/kz-qmdb/2026-10-09/shiyeli-2027.txt	kz.qmdb/shiyeli	44.072746	66.605011	Asia/Qyzylorda	F+E S D A M I	daily	hanafi	test	Shiyeli's own table at 50 % of its 29.8 km reach, bearing 225: Shiyeli, 2027 (QMDB's own place for the app's city; QMDB year API, capture of 9 Oct 2026)
archive/tables/pinned/kz-qmdb/2026-10-09/shiyeli-2026.txt	kz.qmdb/shiyeli	44.167421	66.550084	Asia/Qyzylorda	F+E S D A M I	daily	hanafi	test	Shiyeli's own table at 50 % of its 29.8 km reach, bearing 270: Shiyeli, 2026 (QMDB's own place for the app's city; QMDB year API, capture of 9 Oct 2026)
archive/tables/pinned/kz-qmdb/2026-10-09/shiyeli-2027.txt	kz.qmdb/shiyeli	44.167421	66.550084	Asia/Qyzylorda	F+E S D A M I	daily	hanafi	test	Shiyeli's own table at 50 % of its 29.8 km reach, bearing 270: Shiyeli, 2027 (QMDB's own place for the app's city; QMDB year API, capture of 9 Oct 2026)
archive/tables/pinned/kz-qmdb/2026-10-09/shiyeli-2026.txt	kz.qmdb/shiyeli	44.262248	66.604587	Asia/Qyzylorda	F+E S D A M I	daily	hanafi	test	Shiyeli's own table at 50 % of its 29.8 km reach, bearing 315: Shiyeli, 2026 (QMDB's own place for the app's city; QMDB year API, capture of 9 Oct 2026)
archive/tables/pinned/kz-qmdb/2026-10-09/shiyeli-2027.txt	kz.qmdb/shiyeli	44.262248	66.604587	Asia/Qyzylorda	F+E S D A M I	daily	hanafi	test	Shiyeli's own table at 50 % of its 29.8 km reach, bearing 315: Shiyeli, 2027 (QMDB's own place for the app's city; QMDB year API, capture of 9 Oct 2026)
archive/tables/pinned/kz-qmdb/2026-10-09/shiyeli-2026.txt	kz.qmdb/shiyeli	44.422171	66.736893	Asia/Qyzylorda	F+E S D A M I	daily	hanafi	test	Shiyeli's own table at 95 % of its 29.8 km reach, bearing 0: Shiyeli, 2026 (QMDB's own place for the app's city; QMDB year API, capture of 9 Oct 2026)
archive/tables/pinned/kz-qmdb/2026-10-09/shiyeli-2027.txt	kz.qmdb/shiyeli	44.422171	66.736893	Asia/Qyzylorda	F+E S D A M I	daily	hanafi	test	Shiyeli's own table at 95 % of its 29.8 km reach, bearing 0: Shiyeli, 2027 (QMDB's own place for the app's city; QMDB year API, capture of 9 Oct 2026)
archive/tables/pinned/kz-qmdb/2026-10-09/shiyeli-2026.txt	kz.qmdb/shiyeli	44.347325	66.988640	Asia/Qyzylorda	F+E S D A M I	daily	hanafi	test	Shiyeli's own table at 95 % of its 29.8 km reach, bearing 45: Shiyeli, 2026 (QMDB's own place for the app's city; QMDB year API, capture of 9 Oct 2026)
archive/tables/pinned/kz-qmdb/2026-10-09/shiyeli-2027.txt	kz.qmdb/shiyeli	44.347325	66.988640	Asia/Qyzylorda	F+E S D A M I	daily	hanafi	test	Shiyeli's own table at 95 % of its 29.8 km reach, bearing 45: Shiyeli, 2027 (QMDB's own place for the app's city; QMDB year API, capture of 9 Oct 2026)
archive/tables/pinned/kz-qmdb/2026-10-09/shiyeli-2026.txt	kz.qmdb/shiyeli	44.167024	67.091828	Asia/Qyzylorda	F+E S D A M I	daily	hanafi	test	Shiyeli's own table at 95 % of its 29.8 km reach, bearing 90: Shiyeli, 2026 (QMDB's own place for the app's city; QMDB year API, capture of 9 Oct 2026)
archive/tables/pinned/kz-qmdb/2026-10-09/shiyeli-2027.txt	kz.qmdb/shiyeli	44.167024	67.091828	Asia/Qyzylorda	F+E S D A M I	daily	hanafi	test	Shiyeli's own table at 95 % of its 29.8 km reach, bearing 90: Shiyeli, 2027 (QMDB's own place for the app's city; QMDB year API, capture of 9 Oct 2026)
archive/tables/pinned/kz-qmdb/2026-10-09/shiyeli-2026.txt	kz.qmdb/shiyeli	43.912975	66.736893	Asia/Qyzylorda	F+E S D A M I	daily	hanafi	test	Shiyeli's own table at 95 % of its 29.8 km reach, bearing 180: Shiyeli, 2026 (QMDB's own place for the app's city; QMDB year API, capture of 9 Oct 2026)
archive/tables/pinned/kz-qmdb/2026-10-09/shiyeli-2027.txt	kz.qmdb/shiyeli	43.912975	66.736893	Asia/Qyzylorda	F+E S D A M I	daily	hanafi	test	Shiyeli's own table at 95 % of its 29.8 km reach, bearing 180: Shiyeli, 2027 (QMDB's own place for the app's city; QMDB year API, capture of 9 Oct 2026)
archive/tables/pinned/kz-qmdb/2026-10-09/shiyeli-2026.txt	kz.qmdb/shiyeli	43.987271	66.486678	Asia/Qyzylorda	F+E S D A M I	daily	hanafi	test	Shiyeli's own table at 95 % of its 29.8 km reach, bearing 225: Shiyeli, 2026 (QMDB's own place for the app's city; QMDB year API, capture of 9 Oct 2026)
archive/tables/pinned/kz-qmdb/2026-10-09/shiyeli-2027.txt	kz.qmdb/shiyeli	43.987271	66.486678	Asia/Qyzylorda	F+E S D A M I	daily	hanafi	test	Shiyeli's own table at 95 % of its 29.8 km reach, bearing 225: Shiyeli, 2027 (QMDB's own place for the app's city; QMDB year API, capture of 9 Oct 2026)
archive/tables/pinned/kz-qmdb/2026-10-09/shiyeli-2026.txt	kz.qmdb/shiyeli	44.167024	66.381958	Asia/Qyzylorda	F+E S D A M I	daily	hanafi	test	Shiyeli's own table at 95 % of its 29.8 km reach, bearing 270: Shiyeli, 2026 (QMDB's own place for the app's city; QMDB year API, capture of 9 Oct 2026)
archive/tables/pinned/kz-qmdb/2026-10-09/shiyeli-2027.txt	kz.qmdb/shiyeli	44.167024	66.381958	Asia/Qyzylorda	F+E S D A M I	daily	hanafi	test	Shiyeli's own table at 95 % of its 29.8 km reach, bearing 270: Shiyeli, 2027 (QMDB's own place for the app's city; QMDB year API, capture of 9 Oct 2026)
archive/tables/pinned/kz-qmdb/2026-10-09/shiyeli-2026.txt	kz.qmdb/shiyeli	44.347325	66.485146	Asia/Qyzylorda	F+E S D A M I	daily	hanafi	test	Shiyeli's own table at 95 % of its 29.8 km reach, bearing 315: Shiyeli, 2026 (QMDB's own place for the app's city; QMDB year API, capture of 9 Oct 2026)
archive/tables/pinned/kz-qmdb/2026-10-09/shiyeli-2027.txt	kz.qmdb/shiyeli	44.347325	66.485146	Asia/Qyzylorda	F+E S D A M I	daily	hanafi	test	Shiyeli's own table at 95 % of its 29.8 km reach, bearing 315: Shiyeli, 2027 (QMDB's own place for the app's city; QMDB year API, capture of 9 Oct 2026)
