# Saudi Arabia, Umm al-Qura (KACST): the calendar's own prayer-times API, GetPrayerByYear at each
# point with zone 3 (profiles-tested.md, data-umm-al-qura; 12 places, 13,146 place-days 2024–2030).
# Each file is one API point, checked there (lat and lon are the query's). The API prints no end of
# eating: the fast begins at its Fajr (F+E). Standard Asr.
# Split, forward in time and across the country: fit on the nine files that end by 2027 (Madinah,
# Jeddah, Dammam and Abha 2025–2027; Haql, Al Kharkhir, At Tuwal, Taif and Tabuk 2026); held out,
# Makkah and Riyadh 2024–2030 and Turaif (the far north, 31.7° N) 2024 and 2026–2030, whose 2024 has
# no lag dates and whose 2028–2030 lie beyond every fitted day.
path	entry	lat	lon	zone	columns	format	school	split	note
archive/tables/round/data-umm-al-qura/off-uq-madinah.txt	sa.ummalqura	24.54	39.63	Asia/Riyadh	F+E S D A M I	daily	standard	fit	Madinah 2025–2027
archive/tables/round/data-umm-al-qura/off-uq-jeddah.txt	sa.ummalqura	21.5	39.17	Asia/Riyadh	F+E S D A M I	daily	standard	fit	Jeddah 2025–2027
archive/tables/round/data-umm-al-qura/off-uq-dammam.txt	sa.ummalqura	26.44	50.1	Asia/Riyadh	F+E S D A M I	daily	standard	fit	Dammam 2025–2027
archive/tables/round/data-umm-al-qura/off-uq-abha.txt	sa.ummalqura	18.22	42.51	Asia/Riyadh	F+E S D A M I	daily	standard	fit	Abha 2025–2027 (about 2,200 m)
archive/tables/round/data-umm-al-qura/off-uq-haql.txt	sa.ummalqura	29.3	34.95	Asia/Riyadh	F+E S D A M I	daily	standard	fit	Haql 2026, the far west
archive/tables/round/data-umm-al-qura/off-uq-al-kharkhir.txt	sa.ummalqura	18.85	51.819	Asia/Riyadh	F+E S D A M I	daily	standard	fit	Al Kharkhir 2026, the far east
archive/tables/round/data-umm-al-qura/off-uq-at-tuwal.txt	sa.ummalqura	16.528	42.9685	Asia/Riyadh	F+E S D A M I	daily	standard	fit	At Tuwal 2026, the far south
archive/tables/round/data-umm-al-qura/off-uq-taif.txt	sa.ummalqura	21.25	40.4	Asia/Riyadh	F+E S D A M I	daily	standard	fit	Taif 2026 (about 1,900 m)
archive/tables/round/data-umm-al-qura/off-uq-tabuk.txt	sa.ummalqura	28.4	36.58	Asia/Riyadh	F+E S D A M I	daily	standard	fit	Tabuk 2026
archive/tables/round/data-umm-al-qura/off-uq-makkah.txt	sa.ummalqura	21.426666	39.831666	Asia/Riyadh	F+E S D A M I	daily	standard	test	Makkah 2024–2030
archive/tables/round/data-umm-al-qura/off-uq-riyadh.txt	sa.ummalqura	24.67	46.69	Asia/Riyadh	F+E S D A M I	daily	standard	test	Riyadh 2024–2030
archive/tables/round/data-umm-al-qura/off-uq-turaif.txt	sa.ummalqura	31.68	38.66	Asia/Riyadh	F+E S D A M I	daily	standard	test	Turaif 2024 and 2026–2030, the far north
# prove, 2026-10-03: the monitor's captures pinned as they were under archive/tables/pinned/{sa-ummalqura}/2026-10-03/, each row as its recipe (official/monitor/recipes.tsv) and family say, added with the whole gate green
archive/tables/pinned/sa-ummalqura/2026-10-03/al-kharkhir-2027.txt	sa.ummalqura	18.85	51.819	Asia/Riyadh	F+E S D A M I	daily	standard	test	Al Kharkhir 2027, the monitor capture of 3 Oct 2026 (prove)
archive/tables/pinned/sa-ummalqura/2026-10-03/at-tuwal-2027.txt	sa.ummalqura	16.528	42.9685	Asia/Riyadh	F+E S D A M I	daily	standard	test	At Tuwal 2027, the monitor capture of 3 Oct 2026 (prove)
archive/tables/pinned/sa-ummalqura/2026-10-03/haql-2027.txt	sa.ummalqura	29.3	34.95	Asia/Riyadh	F+E S D A M I	daily	standard	test	Haql 2027, the monitor capture of 3 Oct 2026 (prove)
archive/tables/pinned/sa-ummalqura/2026-10-03/tabuk-2027.txt	sa.ummalqura	28.4	36.58	Asia/Riyadh	F+E S D A M I	daily	standard	test	Tabuk 2027, the monitor capture of 3 Oct 2026 (prove)
archive/tables/pinned/sa-ummalqura/2026-10-03/taif-2027.txt	sa.ummalqura	21.25	40.4	Asia/Riyadh	F+E S D A M I	daily	standard	test	Taif 2027, the monitor capture of 3 Oct 2026 (prove)
archive/tables/pinned/sa-ummalqura/2026-10-03/turaif-2027.txt	sa.ummalqura	31.68	38.66	Asia/Riyadh	F+E S D A M I	daily	standard	test	Turaif 2027, the monitor capture of 3 Oct 2026 (prove)
# City points (9 Oct 2026, ruling R44): the official page prints one table per place of KACST's own city list
# (https://www.ummulqura.org.sa/assets/data/cities.json: 173 places, each region's capital, its governorates and five
# centres), the API's answer at the coordinates it passes for each, the twelve above among them. Each is a unit of
# sa.ummalqura at its own point (UmmAlQura.units, its R40 reach for class A). The other 161 places' 2026 and 2027
# tables, as the new monthly sa-ummalqura-cities source fetched them on 9 Oct 2026 (archive/tables/pinned/
# sa-ummalqura-cities/2026-10-09/; raw JSON in archive/raw/monitor/sa-ummalqura-cities/2026-10-09/, the list in
# archive/raw/manual/sa-ummalqura/2026-10-09/), held out at their own points.
archive/tables/pinned/sa-ummalqura-cities/2026-10-09/ad-diriyah-2026.txt	sa.ummalqura	24.74	46.58	Asia/Riyadh	F+E S D A M I	daily	standard	test	Ad Diriyah 2026, KACST's own place, the monitor capture of 9 Oct 2026 (city points)
archive/tables/pinned/sa-ummalqura-cities/2026-10-09/ad-diriyah-2027.txt	sa.ummalqura	24.74	46.58	Asia/Riyadh	F+E S D A M I	daily	standard	test	Ad Diriyah 2027, KACST's own place, the monitor capture of 9 Oct 2026 (city points)
archive/tables/pinned/sa-ummalqura-cities/2026-10-09/afif-2026.txt	sa.ummalqura	23.91	42.92	Asia/Riyadh	F+E S D A M I	daily	standard	test	Afif 2026, KACST's own place, the monitor capture of 9 Oct 2026 (city points)
archive/tables/pinned/sa-ummalqura-cities/2026-10-09/afif-2027.txt	sa.ummalqura	23.91	42.92	Asia/Riyadh	F+E S D A M I	daily	standard	test	Afif 2027, KACST's own place, the monitor capture of 9 Oct 2026 (city points)
archive/tables/pinned/sa-ummalqura-cities/2026-10-09/al-aflaj-2026.txt	sa.ummalqura	22.22	46.656	Asia/Riyadh	F+E S D A M I	daily	standard	test	Al Aflaj 2026, KACST's own place, the monitor capture of 9 Oct 2026 (city points)
archive/tables/pinned/sa-ummalqura-cities/2026-10-09/al-aflaj-2027.txt	sa.ummalqura	22.22	46.656	Asia/Riyadh	F+E S D A M I	daily	standard	test	Al Aflaj 2027, KACST's own place, the monitor capture of 9 Oct 2026 (city points)
archive/tables/pinned/sa-ummalqura-cities/2026-10-09/al-ghat-2026.txt	sa.ummalqura	26.03	44.95	Asia/Riyadh	F+E S D A M I	daily	standard	test	Al Ghat 2026, KACST's own place, the monitor capture of 9 Oct 2026 (city points)
archive/tables/pinned/sa-ummalqura-cities/2026-10-09/al-ghat-2027.txt	sa.ummalqura	26.03	44.95	Asia/Riyadh	F+E S D A M I	daily	standard	test	Al Ghat 2027, KACST's own place, the monitor capture of 9 Oct 2026 (city points)
archive/tables/pinned/sa-ummalqura-cities/2026-10-09/al-quwaiiyah-2026.txt	sa.ummalqura	24.05	45.25	Asia/Riyadh	F+E S D A M I	daily	standard	test	Al Quwaiiyah 2026, KACST's own place, the monitor capture of 9 Oct 2026 (city points)
archive/tables/pinned/sa-ummalqura-cities/2026-10-09/al-quwaiiyah-2027.txt	sa.ummalqura	24.05	45.25	Asia/Riyadh	F+E S D A M I	daily	standard	test	Al Quwaiiyah 2027, KACST's own place, the monitor capture of 9 Oct 2026 (city points)
archive/tables/pinned/sa-ummalqura-cities/2026-10-09/al-hariq-2026.txt	sa.ummalqura	23.62	46.52	Asia/Riyadh	F+E S D A M I	daily	standard	test	Al Hariq 2026, KACST's own place, the monitor capture of 9 Oct 2026 (city points)
archive/tables/pinned/sa-ummalqura-cities/2026-10-09/al-hariq-2027.txt	sa.ummalqura	23.62	46.52	Asia/Riyadh	F+E S D A M I	daily	standard	test	Al Hariq 2027, KACST's own place, the monitor capture of 9 Oct 2026 (city points)
archive/tables/pinned/sa-ummalqura-cities/2026-10-09/al-kharj-2026.txt	sa.ummalqura	24.15	47.32	Asia/Riyadh	F+E S D A M I	daily	standard	test	Al Kharj 2026, KACST's own place, the monitor capture of 9 Oct 2026 (city points)
archive/tables/pinned/sa-ummalqura-cities/2026-10-09/al-kharj-2027.txt	sa.ummalqura	24.15	47.32	Asia/Riyadh	F+E S D A M I	daily	standard	test	Al Kharj 2027, KACST's own place, the monitor capture of 9 Oct 2026 (city points)
archive/tables/pinned/sa-ummalqura-cities/2026-10-09/as-sulayyil-2026.txt	sa.ummalqura	20.47	45.57	Asia/Riyadh	F+E S D A M I	daily	standard	test	As Sulayyil 2026, KACST's own place, the monitor capture of 9 Oct 2026 (city points)
archive/tables/pinned/sa-ummalqura-cities/2026-10-09/as-sulayyil-2027.txt	sa.ummalqura	20.47	45.57	Asia/Riyadh	F+E S D A M I	daily	standard	test	As Sulayyil 2027, KACST's own place, the monitor capture of 9 Oct 2026 (city points)
archive/tables/pinned/sa-ummalqura-cities/2026-10-09/az-zulfi-2026.txt	sa.ummalqura	26.3	44.82	Asia/Riyadh	F+E S D A M I	daily	standard	test	Az Zulfi 2026, KACST's own place, the monitor capture of 9 Oct 2026 (city points)
archive/tables/pinned/sa-ummalqura-cities/2026-10-09/az-zulfi-2027.txt	sa.ummalqura	26.3	44.82	Asia/Riyadh	F+E S D A M I	daily	standard	test	Az Zulfi 2027, KACST's own place, the monitor capture of 9 Oct 2026 (city points)
archive/tables/pinned/sa-ummalqura-cities/2026-10-09/dhurma-2026.txt	sa.ummalqura	24.6	46.13	Asia/Riyadh	F+E S D A M I	daily	standard	test	Dhurma 2026, KACST's own place, the monitor capture of 9 Oct 2026 (city points)
archive/tables/pinned/sa-ummalqura-cities/2026-10-09/dhurma-2027.txt	sa.ummalqura	24.6	46.13	Asia/Riyadh	F+E S D A M I	daily	standard	test	Dhurma 2027, KACST's own place, the monitor capture of 9 Oct 2026 (city points)
archive/tables/pinned/sa-ummalqura-cities/2026-10-09/al-duwadimi-2026.txt	sa.ummalqura	24.5	44.38	Asia/Riyadh	F+E S D A M I	daily	standard	test	Al Duwadimi 2026, KACST's own place, the monitor capture of 9 Oct 2026 (city points)
archive/tables/pinned/sa-ummalqura-cities/2026-10-09/al-duwadimi-2027.txt	sa.ummalqura	24.5	44.38	Asia/Riyadh	F+E S D A M I	daily	standard	test	Al Duwadimi 2027, KACST's own place, the monitor capture of 9 Oct 2026 (city points)
archive/tables/pinned/sa-ummalqura-cities/2026-10-09/howtat-bani-tamim-2026.txt	sa.ummalqura	23.49	46.86	Asia/Riyadh	F+E S D A M I	daily	standard	test	Howtat Bani Tamim 2026, KACST's own place, the monitor capture of 9 Oct 2026 (city points)
archive/tables/pinned/sa-ummalqura-cities/2026-10-09/howtat-bani-tamim-2027.txt	sa.ummalqura	23.49	46.86	Asia/Riyadh	F+E S D A M I	daily	standard	test	Howtat Bani Tamim 2027, KACST's own place, the monitor capture of 9 Oct 2026 (city points)
archive/tables/pinned/sa-ummalqura-cities/2026-10-09/huraymila-2026.txt	sa.ummalqura	25.11	46.1	Asia/Riyadh	F+E S D A M I	daily	standard	test	Huraymila 2026, KACST's own place, the monitor capture of 9 Oct 2026 (city points)
archive/tables/pinned/sa-ummalqura-cities/2026-10-09/huraymila-2027.txt	sa.ummalqura	25.11	46.1	Asia/Riyadh	F+E S D A M I	daily	standard	test	Huraymila 2027, KACST's own place, the monitor capture of 9 Oct 2026 (city points)
archive/tables/pinned/sa-ummalqura-cities/2026-10-09/al-majmaah-2026.txt	sa.ummalqura	25.9	45.34	Asia/Riyadh	F+E S D A M I	daily	standard	test	Al Majmaah 2026, KACST's own place, the monitor capture of 9 Oct 2026 (city points)
archive/tables/pinned/sa-ummalqura-cities/2026-10-09/al-majmaah-2027.txt	sa.ummalqura	25.9	45.34	Asia/Riyadh	F+E S D A M I	daily	standard	test	Al Majmaah 2027, KACST's own place, the monitor capture of 9 Oct 2026 (city points)
archive/tables/pinned/sa-ummalqura-cities/2026-10-09/al-muzahimiyah-2026.txt	sa.ummalqura	24.48	46.29	Asia/Riyadh	F+E S D A M I	daily	standard	test	Al Muzahimiyah 2026, KACST's own place, the monitor capture of 9 Oct 2026 (city points)
archive/tables/pinned/sa-ummalqura-cities/2026-10-09/al-muzahimiyah-2027.txt	sa.ummalqura	24.48	46.29	Asia/Riyadh	F+E S D A M I	daily	standard	test	Al Muzahimiyah 2027, KACST's own place, the monitor capture of 9 Oct 2026 (city points)
archive/tables/pinned/sa-ummalqura-cities/2026-10-09/rumah-2026.txt	sa.ummalqura	25.56	47.17	Asia/Riyadh	F+E S D A M I	daily	standard	test	Rumah 2026, KACST's own place, the monitor capture of 9 Oct 2026 (city points)
archive/tables/pinned/sa-ummalqura-cities/2026-10-09/rumah-2027.txt	sa.ummalqura	25.56	47.17	Asia/Riyadh	F+E S D A M I	daily	standard	test	Rumah 2027, KACST's own place, the monitor capture of 9 Oct 2026 (city points)
archive/tables/pinned/sa-ummalqura-cities/2026-10-09/shagra-2026.txt	sa.ummalqura	25.26	45.26	Asia/Riyadh	F+E S D A M I	daily	standard	test	Shagra 2026, KACST's own place, the monitor capture of 9 Oct 2026 (city points)
archive/tables/pinned/sa-ummalqura-cities/2026-10-09/shagra-2027.txt	sa.ummalqura	25.26	45.26	Asia/Riyadh	F+E S D A M I	daily	standard	test	Shagra 2027, KACST's own place, the monitor capture of 9 Oct 2026 (city points)
archive/tables/pinned/sa-ummalqura-cities/2026-10-09/thadig-2026.txt	sa.ummalqura	25.28	45.86	Asia/Riyadh	F+E S D A M I	daily	standard	test	Thadig 2026, KACST's own place, the monitor capture of 9 Oct 2026 (city points)
archive/tables/pinned/sa-ummalqura-cities/2026-10-09/thadig-2027.txt	sa.ummalqura	25.28	45.86	Asia/Riyadh	F+E S D A M I	daily	standard	test	Thadig 2027, KACST's own place, the monitor capture of 9 Oct 2026 (city points)
archive/tables/pinned/sa-ummalqura-cities/2026-10-09/wadi-ad-dawasir-2026.txt	sa.ummalqura	20.4722	44.783	Asia/Riyadh	F+E S D A M I	daily	standard	test	Wadi ad-Dawasir 2026, KACST's own place, the monitor capture of 9 Oct 2026 (city points)
archive/tables/pinned/sa-ummalqura-cities/2026-10-09/wadi-ad-dawasir-2027.txt	sa.ummalqura	20.4722	44.783	Asia/Riyadh	F+E S D A M I	daily	standard	test	Wadi ad-Dawasir 2027, KACST's own place, the monitor capture of 9 Oct 2026 (city points)
archive/tables/pinned/sa-ummalqura-cities/2026-10-09/al-hayr-2026.txt	sa.ummalqura	24.404568	46.839516	Asia/Riyadh	F+E S D A M I	daily	standard	test	Al Hayr 2026, KACST's own place, the monitor capture of 9 Oct 2026 (city points)
archive/tables/pinned/sa-ummalqura-cities/2026-10-09/al-hayr-2027.txt	sa.ummalqura	24.404568	46.839516	Asia/Riyadh	F+E S D A M I	daily	standard	test	Al Hayr 2027, KACST's own place, the monitor capture of 9 Oct 2026 (city points)
archive/tables/pinned/sa-ummalqura-cities/2026-10-09/ad-dilam-2026.txt	sa.ummalqura	23.99649	47.138344	Asia/Riyadh	F+E S D A M I	daily	standard	test	Ad Dilam 2026, KACST's own place, the monitor capture of 9 Oct 2026 (city points)
archive/tables/pinned/sa-ummalqura-cities/2026-10-09/ad-dilam-2027.txt	sa.ummalqura	23.99649	47.138344	Asia/Riyadh	F+E S D A M I	daily	standard	test	Ad Dilam 2027, KACST's own place, the monitor capture of 9 Oct 2026 (city points)
archive/tables/pinned/sa-ummalqura-cities/2026-10-09/marat-2026.txt	sa.ummalqura	25.0699	45.4639	Asia/Riyadh	F+E S D A M I	daily	standard	test	Marat 2026, KACST's own place, the monitor capture of 9 Oct 2026 (city points)
archive/tables/pinned/sa-ummalqura-cities/2026-10-09/marat-2027.txt	sa.ummalqura	25.0699	45.4639	Asia/Riyadh	F+E S D A M I	daily	standard	test	Marat 2027, KACST's own place, the monitor capture of 9 Oct 2026 (city points)
archive/tables/pinned/sa-ummalqura-cities/2026-10-09/tumair-2026.txt	sa.ummalqura	25.7134	45.8707	Asia/Riyadh	F+E S D A M I	daily	standard	test	Tumair 2026, KACST's own place, the monitor capture of 9 Oct 2026 (city points)
archive/tables/pinned/sa-ummalqura-cities/2026-10-09/tumair-2027.txt	sa.ummalqura	25.7134	45.8707	Asia/Riyadh	F+E S D A M I	daily	standard	test	Tumair 2027, KACST's own place, the monitor capture of 9 Oct 2026 (city points)
archive/tables/pinned/sa-ummalqura-cities/2026-10-09/jalajil-2026.txt	sa.ummalqura	25.6834	45.4592	Asia/Riyadh	F+E S D A M I	daily	standard	test	Jalajil 2026, KACST's own place, the monitor capture of 9 Oct 2026 (city points)
archive/tables/pinned/sa-ummalqura-cities/2026-10-09/jalajil-2027.txt	sa.ummalqura	25.6834	45.4592	Asia/Riyadh	F+E S D A M I	daily	standard	test	Jalajil 2027, KACST's own place, the monitor capture of 9 Oct 2026 (city points)
archive/tables/pinned/sa-ummalqura-cities/2026-10-09/hawtat-sudayr-2026.txt	sa.ummalqura	25.5947	45.6184	Asia/Riyadh	F+E S D A M I	daily	standard	test	Hawtat Sudayr 2026, KACST's own place, the monitor capture of 9 Oct 2026 (city points)
archive/tables/pinned/sa-ummalqura-cities/2026-10-09/hawtat-sudayr-2027.txt	sa.ummalqura	25.5947	45.6184	Asia/Riyadh	F+E S D A M I	daily	standard	test	Hawtat Sudayr 2027, KACST's own place, the monitor capture of 9 Oct 2026 (city points)
archive/tables/pinned/sa-ummalqura-cities/2026-10-09/rawdat-sudayr-2026.txt	sa.ummalqura	25.6187	45.5543	Asia/Riyadh	F+E S D A M I	daily	standard	test	Rawdat Sudayr 2026, KACST's own place, the monitor capture of 9 Oct 2026 (city points)
archive/tables/pinned/sa-ummalqura-cities/2026-10-09/rawdat-sudayr-2027.txt	sa.ummalqura	25.6187	45.5543	Asia/Riyadh	F+E S D A M I	daily	standard	test	Rawdat Sudayr 2027, KACST's own place, the monitor capture of 9 Oct 2026 (city points)
archive/tables/pinned/sa-ummalqura-cities/2026-10-09/layla-2026.txt	sa.ummalqura	22.2899	46.7188	Asia/Riyadh	F+E S D A M I	daily	standard	test	Layla 2026, KACST's own place, the monitor capture of 9 Oct 2026 (city points)
archive/tables/pinned/sa-ummalqura-cities/2026-10-09/layla-2027.txt	sa.ummalqura	22.2899	46.7188	Asia/Riyadh	F+E S D A M I	daily	standard	test	Layla 2027, KACST's own place, the monitor capture of 9 Oct 2026 (city points)
archive/tables/pinned/sa-ummalqura-cities/2026-10-09/al-uyaynah-2026.txt	sa.ummalqura	24.9018	46.3865	Asia/Riyadh	F+E S D A M I	daily	standard	test	Al Uyaynah 2026, KACST's own place, the monitor capture of 9 Oct 2026 (city points)
archive/tables/pinned/sa-ummalqura-cities/2026-10-09/al-uyaynah-2027.txt	sa.ummalqura	24.9018	46.3865	Asia/Riyadh	F+E S D A M I	daily	standard	test	Al Uyaynah 2027, KACST's own place, the monitor capture of 9 Oct 2026 (city points)
archive/tables/pinned/sa-ummalqura-cities/2026-10-09/malham-2026.txt	sa.ummalqura	25.1625	46.3337	Asia/Riyadh	F+E S D A M I	daily	standard	test	Malham 2026, KACST's own place, the monitor capture of 9 Oct 2026 (city points)
archive/tables/pinned/sa-ummalqura-cities/2026-10-09/malham-2027.txt	sa.ummalqura	25.1625	46.3337	Asia/Riyadh	F+E S D A M I	daily	standard	test	Malham 2027, KACST's own place, the monitor capture of 9 Oct 2026 (city points)
archive/tables/pinned/sa-ummalqura-cities/2026-10-09/sudus-2026.txt	sa.ummalqura	24.993744	46.207878	Asia/Riyadh	F+E S D A M I	daily	standard	test	Sudus 2026, KACST's own place, the monitor capture of 9 Oct 2026 (city points)
archive/tables/pinned/sa-ummalqura-cities/2026-10-09/sudus-2027.txt	sa.ummalqura	24.993744	46.207878	Asia/Riyadh	F+E S D A M I	daily	standard	test	Sudus 2027, KACST's own place, the monitor capture of 9 Oct 2026 (city points)
archive/tables/pinned/sa-ummalqura-cities/2026-10-09/ar-rayn-2026.txt	sa.ummalqura	23.542	45.5159	Asia/Riyadh	F+E S D A M I	daily	standard	test	Ar Rayn 2026, KACST's own place, the monitor capture of 9 Oct 2026 (city points)
archive/tables/pinned/sa-ummalqura-cities/2026-10-09/ar-rayn-2027.txt	sa.ummalqura	23.542	45.5159	Asia/Riyadh	F+E S D A M I	daily	standard	test	Ar Rayn 2027, KACST's own place, the monitor capture of 9 Oct 2026 (city points)
archive/tables/pinned/sa-ummalqura-cities/2026-10-09/al-jumum-2026.txt	sa.ummalqura	21.63	39.7	Asia/Riyadh	F+E S D A M I	daily	standard	test	Al Jumum 2026, KACST's own place, the monitor capture of 9 Oct 2026 (city points)
archive/tables/pinned/sa-ummalqura-cities/2026-10-09/al-jumum-2027.txt	sa.ummalqura	21.63	39.7	Asia/Riyadh	F+E S D A M I	daily	standard	test	Al Jumum 2027, KACST's own place, the monitor capture of 9 Oct 2026 (city points)
archive/tables/pinned/sa-ummalqura-cities/2026-10-09/al-kamil-2026.txt	sa.ummalqura	22.26	39.79	Asia/Riyadh	F+E S D A M I	daily	standard	test	Al Kamil 2026, KACST's own place, the monitor capture of 9 Oct 2026 (city points)
archive/tables/pinned/sa-ummalqura-cities/2026-10-09/al-kamil-2027.txt	sa.ummalqura	22.26	39.79	Asia/Riyadh	F+E S D A M I	daily	standard	test	Al Kamil 2027, KACST's own place, the monitor capture of 9 Oct 2026 (city points)
archive/tables/pinned/sa-ummalqura-cities/2026-10-09/al-khurma-2026.txt	sa.ummalqura	21.91	42.02	Asia/Riyadh	F+E S D A M I	daily	standard	test	Al Khurma 2026, KACST's own place, the monitor capture of 9 Oct 2026 (city points)
archive/tables/pinned/sa-ummalqura-cities/2026-10-09/al-khurma-2027.txt	sa.ummalqura	21.91	42.02	Asia/Riyadh	F+E S D A M I	daily	standard	test	Al Khurma 2027, KACST's own place, the monitor capture of 9 Oct 2026 (city points)
archive/tables/pinned/sa-ummalqura-cities/2026-10-09/al-lith-2026.txt	sa.ummalqura	20.15	40.28	Asia/Riyadh	F+E S D A M I	daily	standard	test	Al Lith 2026, KACST's own place, the monitor capture of 9 Oct 2026 (city points)
archive/tables/pinned/sa-ummalqura-cities/2026-10-09/al-lith-2027.txt	sa.ummalqura	20.15	40.28	Asia/Riyadh	F+E S D A M I	daily	standard	test	Al Lith 2027, KACST's own place, the monitor capture of 9 Oct 2026 (city points)
archive/tables/pinned/sa-ummalqura-cities/2026-10-09/al-qunfudhah-2026.txt	sa.ummalqura	19.13	41.08	Asia/Riyadh	F+E S D A M I	daily	standard	test	Al Qunfudhah 2026, KACST's own place, the monitor capture of 9 Oct 2026 (city points)
archive/tables/pinned/sa-ummalqura-cities/2026-10-09/al-qunfudhah-2027.txt	sa.ummalqura	19.13	41.08	Asia/Riyadh	F+E S D A M I	daily	standard	test	Al Qunfudhah 2027, KACST's own place, the monitor capture of 9 Oct 2026 (city points)
archive/tables/pinned/sa-ummalqura-cities/2026-10-09/khulais-2026.txt	sa.ummalqura	22.11	39.31	Asia/Riyadh	F+E S D A M I	daily	standard	test	Khulais 2026, KACST's own place, the monitor capture of 9 Oct 2026 (city points)
archive/tables/pinned/sa-ummalqura-cities/2026-10-09/khulais-2027.txt	sa.ummalqura	22.11	39.31	Asia/Riyadh	F+E S D A M I	daily	standard	test	Khulais 2027, KACST's own place, the monitor capture of 9 Oct 2026 (city points)
archive/tables/pinned/sa-ummalqura-cities/2026-10-09/rabigh-2026.txt	sa.ummalqura	22.79	39.03	Asia/Riyadh	F+E S D A M I	daily	standard	test	Rabigh 2026, KACST's own place, the monitor capture of 9 Oct 2026 (city points)
archive/tables/pinned/sa-ummalqura-cities/2026-10-09/rabigh-2027.txt	sa.ummalqura	22.79	39.03	Asia/Riyadh	F+E S D A M I	daily	standard	test	Rabigh 2027, KACST's own place, the monitor capture of 9 Oct 2026 (city points)
archive/tables/pinned/sa-ummalqura-cities/2026-10-09/ranyah-2026.txt	sa.ummalqura	21.28	42.82	Asia/Riyadh	F+E S D A M I	daily	standard	test	Ranyah 2026, KACST's own place, the monitor capture of 9 Oct 2026 (city points)
archive/tables/pinned/sa-ummalqura-cities/2026-10-09/ranyah-2027.txt	sa.ummalqura	21.28	42.82	Asia/Riyadh	F+E S D A M I	daily	standard	test	Ranyah 2027, KACST's own place, the monitor capture of 9 Oct 2026 (city points)
archive/tables/pinned/sa-ummalqura-cities/2026-10-09/turbah-2026.txt	sa.ummalqura	21.23	41.65	Asia/Riyadh	F+E S D A M I	daily	standard	test	Turbah 2026, KACST's own place, the monitor capture of 9 Oct 2026 (city points)
archive/tables/pinned/sa-ummalqura-cities/2026-10-09/turbah-2027.txt	sa.ummalqura	21.23	41.65	Asia/Riyadh	F+E S D A M I	daily	standard	test	Turbah 2027, KACST's own place, the monitor capture of 9 Oct 2026 (city points)
archive/tables/pinned/sa-ummalqura-cities/2026-10-09/adham-2026.txt	sa.ummalqura	20.423	40.8624	Asia/Riyadh	F+E S D A M I	daily	standard	test	Adham 2026, KACST's own place, the monitor capture of 9 Oct 2026 (city points)
archive/tables/pinned/sa-ummalqura-cities/2026-10-09/adham-2027.txt	sa.ummalqura	20.423	40.8624	Asia/Riyadh	F+E S D A M I	daily	standard	test	Adham 2027, KACST's own place, the monitor capture of 9 Oct 2026 (city points)
archive/tables/pinned/sa-ummalqura-cities/2026-10-09/maysan-2026.txt	sa.ummalqura	20.74756002	40.85031999	Asia/Riyadh	F+E S D A M I	daily	standard	test	Maysan 2026, KACST's own place, the monitor capture of 9 Oct 2026 (city points)
archive/tables/pinned/sa-ummalqura-cities/2026-10-09/maysan-2027.txt	sa.ummalqura	20.74756002	40.85031999	Asia/Riyadh	F+E S D A M I	daily	standard	test	Maysan 2027, KACST's own place, the monitor capture of 9 Oct 2026 (city points)
archive/tables/pinned/sa-ummalqura-cities/2026-10-09/al-ardhiyat-2026.txt	sa.ummalqura	19.41604388	41.74531637	Asia/Riyadh	F+E S D A M I	daily	standard	test	Al Ardhiyat 2026, KACST's own place, the monitor capture of 9 Oct 2026 (city points)
archive/tables/pinned/sa-ummalqura-cities/2026-10-09/al-ardhiyat-2027.txt	sa.ummalqura	19.41604388	41.74531637	Asia/Riyadh	F+E S D A M I	daily	standard	test	Al Ardhiyat 2027, KACST's own place, the monitor capture of 9 Oct 2026 (city points)
archive/tables/pinned/sa-ummalqura-cities/2026-10-09/thuwal-2026.txt	sa.ummalqura	22.2758	39.1132	Asia/Riyadh	F+E S D A M I	daily	standard	test	Thuwal 2026, KACST's own place, the monitor capture of 9 Oct 2026 (city points)
archive/tables/pinned/sa-ummalqura-cities/2026-10-09/thuwal-2027.txt	sa.ummalqura	22.2758	39.1132	Asia/Riyadh	F+E S D A M I	daily	standard	test	Thuwal 2027, KACST's own place, the monitor capture of 9 Oct 2026 (city points)
archive/tables/pinned/sa-ummalqura-cities/2026-10-09/dhahban-2026.txt	sa.ummalqura	21.9309	39.116	Asia/Riyadh	F+E S D A M I	daily	standard	test	Dhahban 2026, KACST's own place, the monitor capture of 9 Oct 2026 (city points)
archive/tables/pinned/sa-ummalqura-cities/2026-10-09/dhahban-2027.txt	sa.ummalqura	21.9309	39.116	Asia/Riyadh	F+E S D A M I	daily	standard	test	Dhahban 2027, KACST's own place, the monitor capture of 9 Oct 2026 (city points)
archive/tables/pinned/sa-ummalqura-cities/2026-10-09/al-muwayh-2026.txt	sa.ummalqura	22.4341	41.7615	Asia/Riyadh	F+E S D A M I	daily	standard	test	Al Muwayh 2026, KACST's own place, the monitor capture of 9 Oct 2026 (city points)
archive/tables/pinned/sa-ummalqura-cities/2026-10-09/al-muwayh-2027.txt	sa.ummalqura	22.4341	41.7615	Asia/Riyadh	F+E S D A M I	daily	standard	test	Al Muwayh 2027, KACST's own place, the monitor capture of 9 Oct 2026 (city points)
archive/tables/pinned/sa-ummalqura-cities/2026-10-09/bahrah-2026.txt	sa.ummalqura	21.4023	39.4631	Asia/Riyadh	F+E S D A M I	daily	standard	test	Bahrah 2026, KACST's own place, the monitor capture of 9 Oct 2026 (city points)
archive/tables/pinned/sa-ummalqura-cities/2026-10-09/bahrah-2027.txt	sa.ummalqura	21.4023	39.4631	Asia/Riyadh	F+E S D A M I	daily	standard	test	Bahrah 2027, KACST's own place, the monitor capture of 9 Oct 2026 (city points)
archive/tables/pinned/sa-ummalqura-cities/2026-10-09/al-henakiyah-2026.txt	sa.ummalqura	24.88	40.52	Asia/Riyadh	F+E S D A M I	daily	standard	test	Al Henakiyah 2026, KACST's own place, the monitor capture of 9 Oct 2026 (city points)
archive/tables/pinned/sa-ummalqura-cities/2026-10-09/al-henakiyah-2027.txt	sa.ummalqura	24.88	40.52	Asia/Riyadh	F+E S D A M I	daily	standard	test	Al Henakiyah 2027, KACST's own place, the monitor capture of 9 Oct 2026 (city points)
archive/tables/pinned/sa-ummalqura-cities/2026-10-09/mahd-al-thahab-2026.txt	sa.ummalqura	23.52	40.89	Asia/Riyadh	F+E S D A M I	daily	standard	test	Mahd Al Thahab 2026, KACST's own place, the monitor capture of 9 Oct 2026 (city points)
archive/tables/pinned/sa-ummalqura-cities/2026-10-09/mahd-al-thahab-2027.txt	sa.ummalqura	23.52	40.89	Asia/Riyadh	F+E S D A M I	daily	standard	test	Mahd Al Thahab 2027, KACST's own place, the monitor capture of 9 Oct 2026 (city points)
archive/tables/pinned/sa-ummalqura-cities/2026-10-09/al-ula-2026.txt	sa.ummalqura	26.55	37.96	Asia/Riyadh	F+E S D A M I	daily	standard	test	Al Ula 2026, KACST's own place, the monitor capture of 9 Oct 2026 (city points)
archive/tables/pinned/sa-ummalqura-cities/2026-10-09/al-ula-2027.txt	sa.ummalqura	26.55	37.96	Asia/Riyadh	F+E S D A M I	daily	standard	test	Al Ula 2027, KACST's own place, the monitor capture of 9 Oct 2026 (city points)
archive/tables/pinned/sa-ummalqura-cities/2026-10-09/badr-2026.txt	sa.ummalqura	23.78	38.8	Asia/Riyadh	F+E S D A M I	daily	standard	test	Badr 2026, KACST's own place, the monitor capture of 9 Oct 2026 (city points)
archive/tables/pinned/sa-ummalqura-cities/2026-10-09/badr-2027.txt	sa.ummalqura	23.78	38.8	Asia/Riyadh	F+E S D A M I	daily	standard	test	Badr 2027, KACST's own place, the monitor capture of 9 Oct 2026 (city points)
archive/tables/pinned/sa-ummalqura-cities/2026-10-09/khaybar-2026.txt	sa.ummalqura	25.71	39.28	Asia/Riyadh	F+E S D A M I	daily	standard	test	Khaybar 2026, KACST's own place, the monitor capture of 9 Oct 2026 (city points)
archive/tables/pinned/sa-ummalqura-cities/2026-10-09/khaybar-2027.txt	sa.ummalqura	25.71	39.28	Asia/Riyadh	F+E S D A M I	daily	standard	test	Khaybar 2027, KACST's own place, the monitor capture of 9 Oct 2026 (city points)
archive/tables/pinned/sa-ummalqura-cities/2026-10-09/yanbu-2026.txt	sa.ummalqura	24.09	38.07	Asia/Riyadh	F+E S D A M I	daily	standard	test	Yanbu 2026, KACST's own place, the monitor capture of 9 Oct 2026 (city points)
archive/tables/pinned/sa-ummalqura-cities/2026-10-09/yanbu-2027.txt	sa.ummalqura	24.09	38.07	Asia/Riyadh	F+E S D A M I	daily	standard	test	Yanbu 2027, KACST's own place, the monitor capture of 9 Oct 2026 (city points)
archive/tables/pinned/sa-ummalqura-cities/2026-10-09/al-is-2026.txt	sa.ummalqura	25.0598	38.1167	Asia/Riyadh	F+E S D A M I	daily	standard	test	Al 'Is 2026, KACST's own place, the monitor capture of 9 Oct 2026 (city points)
archive/tables/pinned/sa-ummalqura-cities/2026-10-09/al-is-2027.txt	sa.ummalqura	25.0598	38.1167	Asia/Riyadh	F+E S D A M I	daily	standard	test	Al 'Is 2027, KACST's own place, the monitor capture of 9 Oct 2026 (city points)
archive/tables/pinned/sa-ummalqura-cities/2026-10-09/wadi-al-fara-2026.txt	sa.ummalqura	23.3127	39.7776	Asia/Riyadh	F+E S D A M I	daily	standard	test	Wadi Al Fara 2026, KACST's own place, the monitor capture of 9 Oct 2026 (city points)
archive/tables/pinned/sa-ummalqura-cities/2026-10-09/wadi-al-fara-2027.txt	sa.ummalqura	23.3127	39.7776	Asia/Riyadh	F+E S D A M I	daily	standard	test	Wadi Al Fara 2027, KACST's own place, the monitor capture of 9 Oct 2026 (city points)
archive/tables/pinned/sa-ummalqura-cities/2026-10-09/alasyah-2026.txt	sa.ummalqura	26.77	44.22	Asia/Riyadh	F+E S D A M I	daily	standard	test	Alasyah 2026, KACST's own place, the monitor capture of 9 Oct 2026 (city points)
archive/tables/pinned/sa-ummalqura-cities/2026-10-09/alasyah-2027.txt	sa.ummalqura	26.77	44.22	Asia/Riyadh	F+E S D A M I	daily	standard	test	Alasyah 2027, KACST's own place, the monitor capture of 9 Oct 2026 (city points)
archive/tables/pinned/sa-ummalqura-cities/2026-10-09/al-badayea-2026.txt	sa.ummalqura	26.0	43.73	Asia/Riyadh	F+E S D A M I	daily	standard	test	Al Badayea 2026, KACST's own place, the monitor capture of 9 Oct 2026 (city points)
archive/tables/pinned/sa-ummalqura-cities/2026-10-09/al-badayea-2027.txt	sa.ummalqura	26.0	43.73	Asia/Riyadh	F+E S D A M I	daily	standard	test	Al Badayea 2027, KACST's own place, the monitor capture of 9 Oct 2026 (city points)
archive/tables/pinned/sa-ummalqura-cities/2026-10-09/al-bukayriyah-2026.txt	sa.ummalqura	26.15	43.67	Asia/Riyadh	F+E S D A M I	daily	standard	test	Al Bukayriyah 2026, KACST's own place, the monitor capture of 9 Oct 2026 (city points)
archive/tables/pinned/sa-ummalqura-cities/2026-10-09/al-bukayriyah-2027.txt	sa.ummalqura	26.15	43.67	Asia/Riyadh	F+E S D A M I	daily	standard	test	Al Bukayriyah 2027, KACST's own place, the monitor capture of 9 Oct 2026 (city points)
archive/tables/pinned/sa-ummalqura-cities/2026-10-09/al-mithnab-2026.txt	sa.ummalqura	25.87	44.21	Asia/Riyadh	F+E S D A M I	daily	standard	test	Al Mithnab 2026, KACST's own place, the monitor capture of 9 Oct 2026 (city points)
archive/tables/pinned/sa-ummalqura-cities/2026-10-09/al-mithnab-2027.txt	sa.ummalqura	25.87	44.21	Asia/Riyadh	F+E S D A M I	daily	standard	test	Al Mithnab 2027, KACST's own place, the monitor capture of 9 Oct 2026 (city points)
archive/tables/pinned/sa-ummalqura-cities/2026-10-09/ar-rass-2026.txt	sa.ummalqura	25.86	43.48	Asia/Riyadh	F+E S D A M I	daily	standard	test	Ar Rass 2026, KACST's own place, the monitor capture of 9 Oct 2026 (city points)
archive/tables/pinned/sa-ummalqura-cities/2026-10-09/ar-rass-2027.txt	sa.ummalqura	25.86	43.48	Asia/Riyadh	F+E S D A M I	daily	standard	test	Ar Rass 2027, KACST's own place, the monitor capture of 9 Oct 2026 (city points)
archive/tables/pinned/sa-ummalqura-cities/2026-10-09/an-nabhaniyah-2026.txt	sa.ummalqura	25.94	42.95	Asia/Riyadh	F+E S D A M I	daily	standard	test	An Nabhaniyah 2026, KACST's own place, the monitor capture of 9 Oct 2026 (city points)
archive/tables/pinned/sa-ummalqura-cities/2026-10-09/an-nabhaniyah-2027.txt	sa.ummalqura	25.94	42.95	Asia/Riyadh	F+E S D A M I	daily	standard	test	An Nabhaniyah 2027, KACST's own place, the monitor capture of 9 Oct 2026 (city points)
archive/tables/pinned/sa-ummalqura-cities/2026-10-09/unayzah-2026.txt	sa.ummalqura	26.09	43.97	Asia/Riyadh	F+E S D A M I	daily	standard	test	Unayzah 2026, KACST's own place, the monitor capture of 9 Oct 2026 (city points)
archive/tables/pinned/sa-ummalqura-cities/2026-10-09/unayzah-2027.txt	sa.ummalqura	26.09	43.97	Asia/Riyadh	F+E S D A M I	daily	standard	test	Unayzah 2027, KACST's own place, the monitor capture of 9 Oct 2026 (city points)
archive/tables/pinned/sa-ummalqura-cities/2026-10-09/uyun-al-jawa-2026.txt	sa.ummalqura	26.51	43.62	Asia/Riyadh	F+E S D A M I	daily	standard	test	Uyun Al Jawa 2026, KACST's own place, the monitor capture of 9 Oct 2026 (city points)
archive/tables/pinned/sa-ummalqura-cities/2026-10-09/uyun-al-jawa-2027.txt	sa.ummalqura	26.51	43.62	Asia/Riyadh	F+E S D A M I	daily	standard	test	Uyun Al Jawa 2027, KACST's own place, the monitor capture of 9 Oct 2026 (city points)
archive/tables/pinned/sa-ummalqura-cities/2026-10-09/riyadh-al-khabra-2026.txt	sa.ummalqura	26.04	43.55	Asia/Riyadh	F+E S D A M I	daily	standard	test	Riyadh Al Khabra 2026, KACST's own place, the monitor capture of 9 Oct 2026 (city points)
archive/tables/pinned/sa-ummalqura-cities/2026-10-09/riyadh-al-khabra-2027.txt	sa.ummalqura	26.04	43.55	Asia/Riyadh	F+E S D A M I	daily	standard	test	Riyadh Al Khabra 2027, KACST's own place, the monitor capture of 9 Oct 2026 (city points)
archive/tables/pinned/sa-ummalqura-cities/2026-10-09/ash-shimasiyah-2026.txt	sa.ummalqura	26.3189	44.2574	Asia/Riyadh	F+E S D A M I	daily	standard	test	Ash Shimasiyah 2026, KACST's own place, the monitor capture of 9 Oct 2026 (city points)
archive/tables/pinned/sa-ummalqura-cities/2026-10-09/ash-shimasiyah-2027.txt	sa.ummalqura	26.3189	44.2574	Asia/Riyadh	F+E S D A M I	daily	standard	test	Ash Shimasiyah 2027, KACST's own place, the monitor capture of 9 Oct 2026 (city points)
archive/tables/pinned/sa-ummalqura-cities/2026-10-09/uqlat-as-suqur-2026.txt	sa.ummalqura	25.8311	42.1879	Asia/Riyadh	F+E S D A M I	daily	standard	test	Uqlat As Suqur 2026, KACST's own place, the monitor capture of 9 Oct 2026 (city points)
archive/tables/pinned/sa-ummalqura-cities/2026-10-09/uqlat-as-suqur-2027.txt	sa.ummalqura	25.8311	42.1879	Asia/Riyadh	F+E S D A M I	daily	standard	test	Uqlat As Suqur 2027, KACST's own place, the monitor capture of 9 Oct 2026 (city points)
archive/tables/pinned/sa-ummalqura-cities/2026-10-09/dariyah-2026.txt	sa.ummalqura	24.7225	42.9327	Asia/Riyadh	F+E S D A M I	daily	standard	test	Dariyah 2026, KACST's own place, the monitor capture of 9 Oct 2026 (city points)
archive/tables/pinned/sa-ummalqura-cities/2026-10-09/dariyah-2027.txt	sa.ummalqura	24.7225	42.9327	Asia/Riyadh	F+E S D A M I	daily	standard	test	Dariyah 2027, KACST's own place, the monitor capture of 9 Oct 2026 (city points)
archive/tables/pinned/sa-ummalqura-cities/2026-10-09/al-busur-2026.txt	sa.ummalqura	26.2888	43.8612	Asia/Riyadh	F+E S D A M I	daily	standard	test	Al Busur 2026, KACST's own place, the monitor capture of 9 Oct 2026 (city points)
archive/tables/pinned/sa-ummalqura-cities/2026-10-09/al-busur-2027.txt	sa.ummalqura	26.2888	43.8612	Asia/Riyadh	F+E S D A M I	daily	standard	test	Al Busur 2027, KACST's own place, the monitor capture of 9 Oct 2026 (city points)
archive/tables/pinned/sa-ummalqura-cities/2026-10-09/al-quwarah-2026.txt	sa.ummalqura	26.7716	43.4742	Asia/Riyadh	F+E S D A M I	daily	standard	test	Al Quwarah 2026, KACST's own place, the monitor capture of 9 Oct 2026 (city points)
archive/tables/pinned/sa-ummalqura-cities/2026-10-09/al-quwarah-2027.txt	sa.ummalqura	26.7716	43.4742	Asia/Riyadh	F+E S D A M I	daily	standard	test	Al Quwarah 2027, KACST's own place, the monitor capture of 9 Oct 2026 (city points)
archive/tables/pinned/sa-ummalqura-cities/2026-10-09/abanat-2026.txt	sa.ummalqura	25.5057	42.8464	Asia/Riyadh	F+E S D A M I	daily	standard	test	Abanat 2026, KACST's own place, the monitor capture of 9 Oct 2026 (city points)
archive/tables/pinned/sa-ummalqura-cities/2026-10-09/abanat-2027.txt	sa.ummalqura	25.5057	42.8464	Asia/Riyadh	F+E S D A M I	daily	standard	test	Abanat 2027, KACST's own place, the monitor capture of 9 Oct 2026 (city points)
archive/tables/pinned/sa-ummalqura-cities/2026-10-09/buraydah-2026.txt	sa.ummalqura	26.35	43.96	Asia/Riyadh	F+E S D A M I	daily	standard	test	Buraydah 2026, KACST's own place, the monitor capture of 9 Oct 2026 (city points)
archive/tables/pinned/sa-ummalqura-cities/2026-10-09/buraydah-2027.txt	sa.ummalqura	26.35	43.96	Asia/Riyadh	F+E S D A M I	daily	standard	test	Buraydah 2027, KACST's own place, the monitor capture of 9 Oct 2026 (city points)
archive/tables/pinned/sa-ummalqura-cities/2026-10-09/abqaiq-2026.txt	sa.ummalqura	25.93	49.66	Asia/Riyadh	F+E S D A M I	daily	standard	test	Abqaiq 2026, KACST's own place, the monitor capture of 9 Oct 2026 (city points)
archive/tables/pinned/sa-ummalqura-cities/2026-10-09/abqaiq-2027.txt	sa.ummalqura	25.93	49.66	Asia/Riyadh	F+E S D A M I	daily	standard	test	Abqaiq 2027, KACST's own place, the monitor capture of 9 Oct 2026 (city points)
archive/tables/pinned/sa-ummalqura-cities/2026-10-09/qaryat-al-ulya-2026.txt	sa.ummalqura	27.56	47.7	Asia/Riyadh	F+E S D A M I	daily	standard	test	Qaryat Al Ulya 2026, KACST's own place, the monitor capture of 9 Oct 2026 (city points)
archive/tables/pinned/sa-ummalqura-cities/2026-10-09/qaryat-al-ulya-2027.txt	sa.ummalqura	27.56	47.7	Asia/Riyadh	F+E S D A M I	daily	standard	test	Qaryat Al Ulya 2027, KACST's own place, the monitor capture of 9 Oct 2026 (city points)
archive/tables/pinned/sa-ummalqura-cities/2026-10-09/al-hofuf-2026.txt	sa.ummalqura	25.408	49.6132	Asia/Riyadh	F+E S D A M I	daily	standard	test	Al Hofuf 2026, KACST's own place, the monitor capture of 9 Oct 2026 (city points)
archive/tables/pinned/sa-ummalqura-cities/2026-10-09/al-hofuf-2027.txt	sa.ummalqura	25.408	49.6132	Asia/Riyadh	F+E S D A M I	daily	standard	test	Al Hofuf 2027, KACST's own place, the monitor capture of 9 Oct 2026 (city points)
archive/tables/pinned/sa-ummalqura-cities/2026-10-09/nairyah-2026.txt	sa.ummalqura	27.47	48.47	Asia/Riyadh	F+E S D A M I	daily	standard	test	Nairyah 2026, KACST's own place, the monitor capture of 9 Oct 2026 (city points)
archive/tables/pinned/sa-ummalqura-cities/2026-10-09/nairyah-2027.txt	sa.ummalqura	27.47	48.47	Asia/Riyadh	F+E S D A M I	daily	standard	test	Nairyah 2027, KACST's own place, the monitor capture of 9 Oct 2026 (city points)
archive/tables/pinned/sa-ummalqura-cities/2026-10-09/hafar-al-batin-2026.txt	sa.ummalqura	28.4	45.97	Asia/Riyadh	F+E S D A M I	daily	standard	test	Hafar Al Batin 2026, KACST's own place, the monitor capture of 9 Oct 2026 (city points)
archive/tables/pinned/sa-ummalqura-cities/2026-10-09/hafar-al-batin-2027.txt	sa.ummalqura	28.4	45.97	Asia/Riyadh	F+E S D A M I	daily	standard	test	Hafar Al Batin 2027, KACST's own place, the monitor capture of 9 Oct 2026 (city points)
archive/tables/pinned/sa-ummalqura-cities/2026-10-09/al-jubail-2026.txt	sa.ummalqura	27.0	49.66	Asia/Riyadh	F+E S D A M I	daily	standard	test	Al Jubail 2026, KACST's own place, the monitor capture of 9 Oct 2026 (city points)
archive/tables/pinned/sa-ummalqura-cities/2026-10-09/al-jubail-2027.txt	sa.ummalqura	27.0	49.66	Asia/Riyadh	F+E S D A M I	daily	standard	test	Al Jubail 2027, KACST's own place, the monitor capture of 9 Oct 2026 (city points)
archive/tables/pinned/sa-ummalqura-cities/2026-10-09/khafji-2026.txt	sa.ummalqura	28.42	48.49	Asia/Riyadh	F+E S D A M I	daily	standard	test	Khafji 2026, KACST's own place, the monitor capture of 9 Oct 2026 (city points)
archive/tables/pinned/sa-ummalqura-cities/2026-10-09/khafji-2027.txt	sa.ummalqura	28.42	48.49	Asia/Riyadh	F+E S D A M I	daily	standard	test	Khafji 2027, KACST's own place, the monitor capture of 9 Oct 2026 (city points)
archive/tables/pinned/sa-ummalqura-cities/2026-10-09/al-khobar-2026.txt	sa.ummalqura	26.26	50.21	Asia/Riyadh	F+E S D A M I	daily	standard	test	Al Khobar 2026, KACST's own place, the monitor capture of 9 Oct 2026 (city points)
archive/tables/pinned/sa-ummalqura-cities/2026-10-09/al-khobar-2027.txt	sa.ummalqura	26.26	50.21	Asia/Riyadh	F+E S D A M I	daily	standard	test	Al Khobar 2027, KACST's own place, the monitor capture of 9 Oct 2026 (city points)
archive/tables/pinned/sa-ummalqura-cities/2026-10-09/al-qatif-2026.txt	sa.ummalqura	26.56	50.0	Asia/Riyadh	F+E S D A M I	daily	standard	test	Al Qatif 2026, KACST's own place, the monitor capture of 9 Oct 2026 (city points)
archive/tables/pinned/sa-ummalqura-cities/2026-10-09/al-qatif-2027.txt	sa.ummalqura	26.56	50.0	Asia/Riyadh	F+E S D A M I	daily	standard	test	Al Qatif 2027, KACST's own place, the monitor capture of 9 Oct 2026 (city points)
archive/tables/pinned/sa-ummalqura-cities/2026-10-09/ras-tanura-2026.txt	sa.ummalqura	26.71	50.07	Asia/Riyadh	F+E S D A M I	daily	standard	test	Ras Tanura 2026, KACST's own place, the monitor capture of 9 Oct 2026 (city points)
archive/tables/pinned/sa-ummalqura-cities/2026-10-09/ras-tanura-2027.txt	sa.ummalqura	26.71	50.07	Asia/Riyadh	F+E S D A M I	daily	standard	test	Ras Tanura 2027, KACST's own place, the monitor capture of 9 Oct 2026 (city points)
archive/tables/pinned/sa-ummalqura-cities/2026-10-09/dhahran-2026.txt	sa.ummalqura	26.239291	50.040259	Asia/Riyadh	F+E S D A M I	daily	standard	test	Dhahran 2026, KACST's own place, the monitor capture of 9 Oct 2026 (city points)
archive/tables/pinned/sa-ummalqura-cities/2026-10-09/dhahran-2027.txt	sa.ummalqura	26.239291	50.040259	Asia/Riyadh	F+E S D A M I	daily	standard	test	Dhahran 2027, KACST's own place, the monitor capture of 9 Oct 2026 (city points)
archive/tables/pinned/sa-ummalqura-cities/2026-10-09/tarut-2026.txt	sa.ummalqura	26.57110001	50.07269982	Asia/Riyadh	F+E S D A M I	daily	standard	test	Tarut 2026, KACST's own place, the monitor capture of 9 Oct 2026 (city points)
archive/tables/pinned/sa-ummalqura-cities/2026-10-09/tarut-2027.txt	sa.ummalqura	26.57110001	50.07269982	Asia/Riyadh	F+E S D A M I	daily	standard	test	Tarut 2027, KACST's own place, the monitor capture of 9 Oct 2026 (city points)
archive/tables/pinned/sa-ummalqura-cities/2026-10-09/al-mubarraz-2026.txt	sa.ummalqura	25.405807	49.548469	Asia/Riyadh	F+E S D A M I	daily	standard	test	Al Mubarraz 2026, KACST's own place, the monitor capture of 9 Oct 2026 (city points)
archive/tables/pinned/sa-ummalqura-cities/2026-10-09/al-mubarraz-2027.txt	sa.ummalqura	25.405807	49.548469	Asia/Riyadh	F+E S D A M I	daily	standard	test	Al Mubarraz 2027, KACST's own place, the monitor capture of 9 Oct 2026 (city points)
archive/tables/pinned/sa-ummalqura-cities/2026-10-09/al-ahsa-2026.txt	sa.ummalqura	24.1389	49.4277	Asia/Riyadh	F+E S D A M I	daily	standard	test	Al Ahsa 2026, KACST's own place, the monitor capture of 9 Oct 2026 (city points)
archive/tables/pinned/sa-ummalqura-cities/2026-10-09/al-ahsa-2027.txt	sa.ummalqura	24.1389	49.4277	Asia/Riyadh	F+E S D A M I	daily	standard	test	Al Ahsa 2027, KACST's own place, the monitor capture of 9 Oct 2026 (city points)
archive/tables/pinned/sa-ummalqura-cities/2026-10-09/al-udayd-2026.txt	sa.ummalqura	24.147	50.919	Asia/Riyadh	F+E S D A M I	daily	standard	test	Al Udayd 2026, KACST's own place, the monitor capture of 9 Oct 2026 (city points)
archive/tables/pinned/sa-ummalqura-cities/2026-10-09/al-udayd-2027.txt	sa.ummalqura	24.147	50.919	Asia/Riyadh	F+E S D A M I	daily	standard	test	Al Udayd 2027, KACST's own place, the monitor capture of 9 Oct 2026 (city points)
archive/tables/pinned/sa-ummalqura-cities/2026-10-09/al-bayda-2026.txt	sa.ummalqura	26.361417	49.969591	Asia/Riyadh	F+E S D A M I	daily	standard	test	Al Bayda 2026, KACST's own place, the monitor capture of 9 Oct 2026 (city points)
archive/tables/pinned/sa-ummalqura-cities/2026-10-09/al-bayda-2027.txt	sa.ummalqura	26.361417	49.969591	Asia/Riyadh	F+E S D A M I	daily	standard	test	Al Bayda 2027, KACST's own place, the monitor capture of 9 Oct 2026 (city points)
archive/tables/pinned/sa-ummalqura-cities/2026-10-09/ras-tannurah-2026.txt	sa.ummalqura	26.7065	50.0528	Asia/Riyadh	F+E S D A M I	daily	standard	test	Ras Tannurah 2026, KACST's own place, the monitor capture of 9 Oct 2026 (city points)
archive/tables/pinned/sa-ummalqura-cities/2026-10-09/ras-tannurah-2027.txt	sa.ummalqura	26.7065	50.0528	Asia/Riyadh	F+E S D A M I	daily	standard	test	Ras Tannurah 2027, KACST's own place, the monitor capture of 9 Oct 2026 (city points)
archive/tables/pinned/sa-ummalqura-cities/2026-10-09/ahad-rafidah-2026.txt	sa.ummalqura	18.17	42.84	Asia/Riyadh	F+E S D A M I	daily	standard	test	Ahad Rafidah 2026, KACST's own place, the monitor capture of 9 Oct 2026 (city points)
archive/tables/pinned/sa-ummalqura-cities/2026-10-09/ahad-rafidah-2027.txt	sa.ummalqura	18.17	42.84	Asia/Riyadh	F+E S D A M I	daily	standard	test	Ahad Rafidah 2027, KACST's own place, the monitor capture of 9 Oct 2026 (city points)
archive/tables/pinned/sa-ummalqura-cities/2026-10-09/almajaridah-2026.txt	sa.ummalqura	19.13	41.93	Asia/Riyadh	F+E S D A M I	daily	standard	test	Almajaridah 2026, KACST's own place, the monitor capture of 9 Oct 2026 (city points)
archive/tables/pinned/sa-ummalqura-cities/2026-10-09/almajaridah-2027.txt	sa.ummalqura	19.13	41.93	Asia/Riyadh	F+E S D A M I	daily	standard	test	Almajaridah 2027, KACST's own place, the monitor capture of 9 Oct 2026 (city points)
archive/tables/pinned/sa-ummalqura-cities/2026-10-09/al-namas-2026.txt	sa.ummalqura	19.14	42.14	Asia/Riyadh	F+E S D A M I	daily	standard	test	Al Namas 2026, KACST's own place, the monitor capture of 9 Oct 2026 (city points)
archive/tables/pinned/sa-ummalqura-cities/2026-10-09/al-namas-2027.txt	sa.ummalqura	19.14	42.14	Asia/Riyadh	F+E S D A M I	daily	standard	test	Al Namas 2027, KACST's own place, the monitor capture of 9 Oct 2026 (city points)
archive/tables/pinned/sa-ummalqura-cities/2026-10-09/belqarn-2026.txt	sa.ummalqura	19.57	41.96	Asia/Riyadh	F+E S D A M I	daily	standard	test	Belqarn 2026, KACST's own place, the monitor capture of 9 Oct 2026 (city points)
archive/tables/pinned/sa-ummalqura-cities/2026-10-09/belqarn-2027.txt	sa.ummalqura	19.57	41.96	Asia/Riyadh	F+E S D A M I	daily	standard	test	Belqarn 2027, KACST's own place, the monitor capture of 9 Oct 2026 (city points)
archive/tables/pinned/sa-ummalqura-cities/2026-10-09/bishah-2026.txt	sa.ummalqura	20.0	42.6	Asia/Riyadh	F+E S D A M I	daily	standard	test	Bishah 2026, KACST's own place, the monitor capture of 9 Oct 2026 (city points)
archive/tables/pinned/sa-ummalqura-cities/2026-10-09/bishah-2027.txt	sa.ummalqura	20.0	42.6	Asia/Riyadh	F+E S D A M I	daily	standard	test	Bishah 2027, KACST's own place, the monitor capture of 9 Oct 2026 (city points)
archive/tables/pinned/sa-ummalqura-cities/2026-10-09/dhahran-al-janub-2026.txt	sa.ummalqura	17.69	43.51	Asia/Riyadh	F+E S D A M I	daily	standard	test	Dhahran Al Janub 2026, KACST's own place, the monitor capture of 9 Oct 2026 (city points)
archive/tables/pinned/sa-ummalqura-cities/2026-10-09/dhahran-al-janub-2027.txt	sa.ummalqura	17.69	43.51	Asia/Riyadh	F+E S D A M I	daily	standard	test	Dhahran Al Janub 2027, KACST's own place, the monitor capture of 9 Oct 2026 (city points)
archive/tables/pinned/sa-ummalqura-cities/2026-10-09/khamis-mushait-2026.txt	sa.ummalqura	18.31	42.73	Asia/Riyadh	F+E S D A M I	daily	standard	test	Khamis Mushait 2026, KACST's own place, the monitor capture of 9 Oct 2026 (city points)
archive/tables/pinned/sa-ummalqura-cities/2026-10-09/khamis-mushait-2027.txt	sa.ummalqura	18.31	42.73	Asia/Riyadh	F+E S D A M I	daily	standard	test	Khamis Mushait 2027, KACST's own place, the monitor capture of 9 Oct 2026 (city points)
archive/tables/pinned/sa-ummalqura-cities/2026-10-09/muhayil-2026.txt	sa.ummalqura	18.54	42.05	Asia/Riyadh	F+E S D A M I	daily	standard	test	Muhayil 2026, KACST's own place, the monitor capture of 9 Oct 2026 (city points)
archive/tables/pinned/sa-ummalqura-cities/2026-10-09/muhayil-2027.txt	sa.ummalqura	18.54	42.05	Asia/Riyadh	F+E S D A M I	daily	standard	test	Muhayil 2027, KACST's own place, the monitor capture of 9 Oct 2026 (city points)
archive/tables/pinned/sa-ummalqura-cities/2026-10-09/rojal-2026.txt	sa.ummalqura	18.23	42.28	Asia/Riyadh	F+E S D A M I	daily	standard	test	Rojal 2026, KACST's own place, the monitor capture of 9 Oct 2026 (city points)
archive/tables/pinned/sa-ummalqura-cities/2026-10-09/rojal-2027.txt	sa.ummalqura	18.23	42.28	Asia/Riyadh	F+E S D A M I	daily	standard	test	Rojal 2027, KACST's own place, the monitor capture of 9 Oct 2026 (city points)
archive/tables/pinned/sa-ummalqura-cities/2026-10-09/sarat-abidah-2026.txt	sa.ummalqura	18.08	43.14	Asia/Riyadh	F+E S D A M I	daily	standard	test	Sarat Abidah 2026, KACST's own place, the monitor capture of 9 Oct 2026 (city points)
archive/tables/pinned/sa-ummalqura-cities/2026-10-09/sarat-abidah-2027.txt	sa.ummalqura	18.08	43.14	Asia/Riyadh	F+E S D A M I	daily	standard	test	Sarat Abidah 2027, KACST's own place, the monitor capture of 9 Oct 2026 (city points)
archive/tables/pinned/sa-ummalqura-cities/2026-10-09/tathleeth-2026.txt	sa.ummalqura	19.55	43.52	Asia/Riyadh	F+E S D A M I	daily	standard	test	Tathleeth 2026, KACST's own place, the monitor capture of 9 Oct 2026 (city points)
archive/tables/pinned/sa-ummalqura-cities/2026-10-09/tathleeth-2027.txt	sa.ummalqura	19.55	43.52	Asia/Riyadh	F+E S D A M I	daily	standard	test	Tathleeth 2027, KACST's own place, the monitor capture of 9 Oct 2026 (city points)
archive/tables/pinned/sa-ummalqura-cities/2026-10-09/bariq-2026.txt	sa.ummalqura	18.9305	41.9296	Asia/Riyadh	F+E S D A M I	daily	standard	test	Bariq 2026, KACST's own place, the monitor capture of 9 Oct 2026 (city points)
archive/tables/pinned/sa-ummalqura-cities/2026-10-09/bariq-2027.txt	sa.ummalqura	18.9305	41.9296	Asia/Riyadh	F+E S D A M I	daily	standard	test	Bariq 2027, KACST's own place, the monitor capture of 9 Oct 2026 (city points)
archive/tables/pinned/sa-ummalqura-cities/2026-10-09/tanumah-2026.txt	sa.ummalqura	18.929	42.177	Asia/Riyadh	F+E S D A M I	daily	standard	test	Tanumah 2026, KACST's own place, the monitor capture of 9 Oct 2026 (city points)
archive/tables/pinned/sa-ummalqura-cities/2026-10-09/tanumah-2027.txt	sa.ummalqura	18.929	42.177	Asia/Riyadh	F+E S D A M I	daily	standard	test	Tanumah 2027, KACST's own place, the monitor capture of 9 Oct 2026 (city points)
archive/tables/pinned/sa-ummalqura-cities/2026-10-09/tarib-2026.txt	sa.ummalqura	18.5667607	43.20690401	Asia/Riyadh	F+E S D A M I	daily	standard	test	Tarib 2026, KACST's own place, the monitor capture of 9 Oct 2026 (city points)
archive/tables/pinned/sa-ummalqura-cities/2026-10-09/tarib-2027.txt	sa.ummalqura	18.5667607	43.20690401	Asia/Riyadh	F+E S D A M I	daily	standard	test	Tarib 2027, KACST's own place, the monitor capture of 9 Oct 2026 (city points)
archive/tables/pinned/sa-ummalqura-cities/2026-10-09/al-harajah-2026.txt	sa.ummalqura	17.9204	43.3729	Asia/Riyadh	F+E S D A M I	daily	standard	test	Al Harajah 2026, KACST's own place, the monitor capture of 9 Oct 2026 (city points)
archive/tables/pinned/sa-ummalqura-cities/2026-10-09/al-harajah-2027.txt	sa.ummalqura	17.9204	43.3729	Asia/Riyadh	F+E S D A M I	daily	standard	test	Al Harajah 2027, KACST's own place, the monitor capture of 9 Oct 2026 (city points)
archive/tables/pinned/sa-ummalqura-cities/2026-10-09/al-amwah-2026.txt	sa.ummalqura	18.7141	43.6591	Asia/Riyadh	F+E S D A M I	daily	standard	test	Al Amwah 2026, KACST's own place, the monitor capture of 9 Oct 2026 (city points)
archive/tables/pinned/sa-ummalqura-cities/2026-10-09/al-amwah-2027.txt	sa.ummalqura	18.7141	43.6591	Asia/Riyadh	F+E S D A M I	daily	standard	test	Al Amwah 2027, KACST's own place, the monitor capture of 9 Oct 2026 (city points)
archive/tables/pinned/sa-ummalqura-cities/2026-10-09/al-birk-2026.txt	sa.ummalqura	18.2071	41.5363	Asia/Riyadh	F+E S D A M I	daily	standard	test	Al Birk 2026, KACST's own place, the monitor capture of 9 Oct 2026 (city points)
archive/tables/pinned/sa-ummalqura-cities/2026-10-09/al-birk-2027.txt	sa.ummalqura	18.2071	41.5363	Asia/Riyadh	F+E S D A M I	daily	standard	test	Al Birk 2027, KACST's own place, the monitor capture of 9 Oct 2026 (city points)
archive/tables/pinned/sa-ummalqura-cities/2026-10-09/al-farshah-2026.txt	sa.ummalqura	17.7532	43.1529	Asia/Riyadh	F+E S D A M I	daily	standard	test	Al Farshah 2026, KACST's own place, the monitor capture of 9 Oct 2026 (city points)
archive/tables/pinned/sa-ummalqura-cities/2026-10-09/al-farshah-2027.txt	sa.ummalqura	17.7532	43.1529	Asia/Riyadh	F+E S D A M I	daily	standard	test	Al Farshah 2027, KACST's own place, the monitor capture of 9 Oct 2026 (city points)
archive/tables/pinned/sa-ummalqura-cities/2026-10-09/al-wajh-2026.txt	sa.ummalqura	26.23	36.47	Asia/Riyadh	F+E S D A M I	daily	standard	test	Al Wajh 2026, KACST's own place, the monitor capture of 9 Oct 2026 (city points)
archive/tables/pinned/sa-ummalqura-cities/2026-10-09/al-wajh-2027.txt	sa.ummalqura	26.23	36.47	Asia/Riyadh	F+E S D A M I	daily	standard	test	Al Wajh 2027, KACST's own place, the monitor capture of 9 Oct 2026 (city points)
archive/tables/pinned/sa-ummalqura-cities/2026-10-09/umluj-2026.txt	sa.ummalqura	25.03	37.26	Asia/Riyadh	F+E S D A M I	daily	standard	test	Umluj 2026, KACST's own place, the monitor capture of 9 Oct 2026 (city points)
archive/tables/pinned/sa-ummalqura-cities/2026-10-09/umluj-2027.txt	sa.ummalqura	25.03	37.26	Asia/Riyadh	F+E S D A M I	daily	standard	test	Umluj 2027, KACST's own place, the monitor capture of 9 Oct 2026 (city points)
archive/tables/pinned/sa-ummalqura-cities/2026-10-09/duba-2026.txt	sa.ummalqura	27.35	35.69	Asia/Riyadh	F+E S D A M I	daily	standard	test	Duba 2026, KACST's own place, the monitor capture of 9 Oct 2026 (city points)
archive/tables/pinned/sa-ummalqura-cities/2026-10-09/duba-2027.txt	sa.ummalqura	27.35	35.69	Asia/Riyadh	F+E S D A M I	daily	standard	test	Duba 2027, KACST's own place, the monitor capture of 9 Oct 2026 (city points)
archive/tables/pinned/sa-ummalqura-cities/2026-10-09/tayma-2026.txt	sa.ummalqura	28.63	38.55	Asia/Riyadh	F+E S D A M I	daily	standard	test	Tayma 2026, KACST's own place, the monitor capture of 9 Oct 2026 (city points)
archive/tables/pinned/sa-ummalqura-cities/2026-10-09/tayma-2027.txt	sa.ummalqura	28.63	38.55	Asia/Riyadh	F+E S D A M I	daily	standard	test	Tayma 2027, KACST's own place, the monitor capture of 9 Oct 2026 (city points)
archive/tables/pinned/sa-ummalqura-cities/2026-10-09/al-bada-2026.txt	sa.ummalqura	28.473	35.0278	Asia/Riyadh	F+E S D A M I	daily	standard	test	Al Bada 2026, KACST's own place, the monitor capture of 9 Oct 2026 (city points)
archive/tables/pinned/sa-ummalqura-cities/2026-10-09/al-bada-2027.txt	sa.ummalqura	28.473	35.0278	Asia/Riyadh	F+E S D A M I	daily	standard	test	Al Bada 2027, KACST's own place, the monitor capture of 9 Oct 2026 (city points)
archive/tables/pinned/sa-ummalqura-cities/2026-10-09/al-ghazalah-2026.txt	sa.ummalqura	26.79	41.32	Asia/Riyadh	F+E S D A M I	daily	standard	test	Al Ghazalah 2026, KACST's own place, the monitor capture of 9 Oct 2026 (city points)
archive/tables/pinned/sa-ummalqura-cities/2026-10-09/al-ghazalah-2027.txt	sa.ummalqura	26.79	41.32	Asia/Riyadh	F+E S D A M I	daily	standard	test	Al Ghazalah 2027, KACST's own place, the monitor capture of 9 Oct 2026 (city points)
archive/tables/pinned/sa-ummalqura-cities/2026-10-09/ash-shinan-2026.txt	sa.ummalqura	27.17	42.44	Asia/Riyadh	F+E S D A M I	daily	standard	test	Ash Shinan 2026, KACST's own place, the monitor capture of 9 Oct 2026 (city points)
archive/tables/pinned/sa-ummalqura-cities/2026-10-09/ash-shinan-2027.txt	sa.ummalqura	27.17	42.44	Asia/Riyadh	F+E S D A M I	daily	standard	test	Ash Shinan 2027, KACST's own place, the monitor capture of 9 Oct 2026 (city points)
archive/tables/pinned/sa-ummalqura-cities/2026-10-09/baqaa-2026.txt	sa.ummalqura	27.9	42.4	Asia/Riyadh	F+E S D A M I	daily	standard	test	Baqaa 2026, KACST's own place, the monitor capture of 9 Oct 2026 (city points)
archive/tables/pinned/sa-ummalqura-cities/2026-10-09/baqaa-2027.txt	sa.ummalqura	27.9	42.4	Asia/Riyadh	F+E S D A M I	daily	standard	test	Baqaa 2027, KACST's own place, the monitor capture of 9 Oct 2026 (city points)
archive/tables/pinned/sa-ummalqura-cities/2026-10-09/al-hait-2026.txt	sa.ummalqura	25.9933	40.4669	Asia/Riyadh	F+E S D A M I	daily	standard	test	Al Hait 2026, KACST's own place, the monitor capture of 9 Oct 2026 (city points)
archive/tables/pinned/sa-ummalqura-cities/2026-10-09/al-hait-2027.txt	sa.ummalqura	25.9933	40.4669	Asia/Riyadh	F+E S D A M I	daily	standard	test	Al Hait 2027, KACST's own place, the monitor capture of 9 Oct 2026 (city points)
archive/tables/pinned/sa-ummalqura-cities/2026-10-09/as-sulaymi-2026.txt	sa.ummalqura	26.2896	41.3661	Asia/Riyadh	F+E S D A M I	daily	standard	test	As Sulaymi 2026, KACST's own place, the monitor capture of 9 Oct 2026 (city points)
archive/tables/pinned/sa-ummalqura-cities/2026-10-09/as-sulaymi-2027.txt	sa.ummalqura	26.2896	41.3661	Asia/Riyadh	F+E S D A M I	daily	standard	test	As Sulaymi 2027, KACST's own place, the monitor capture of 9 Oct 2026 (city points)
archive/tables/pinned/sa-ummalqura-cities/2026-10-09/mawqaq-2026.txt	sa.ummalqura	27.378545	41.179762	Asia/Riyadh	F+E S D A M I	daily	standard	test	Mawqaq 2026, KACST's own place, the monitor capture of 9 Oct 2026 (city points)
archive/tables/pinned/sa-ummalqura-cities/2026-10-09/mawqaq-2027.txt	sa.ummalqura	27.378545	41.179762	Asia/Riyadh	F+E S D A M I	daily	standard	test	Mawqaq 2027, KACST's own place, the monitor capture of 9 Oct 2026 (city points)
archive/tables/pinned/sa-ummalqura-cities/2026-10-09/simira-2026.txt	sa.ummalqura	26.49941	42.12939001	Asia/Riyadh	F+E S D A M I	daily	standard	test	Simira' 2026, KACST's own place, the monitor capture of 9 Oct 2026 (city points)
archive/tables/pinned/sa-ummalqura-cities/2026-10-09/simira-2027.txt	sa.ummalqura	26.49941	42.12939001	Asia/Riyadh	F+E S D A M I	daily	standard	test	Simira' 2027, KACST's own place, the monitor capture of 9 Oct 2026 (city points)
archive/tables/pinned/sa-ummalqura-cities/2026-10-09/ash-shamli-2026.txt	sa.ummalqura	26.858595	40.328537	Asia/Riyadh	F+E S D A M I	daily	standard	test	Ash Shamli 2026, KACST's own place, the monitor capture of 9 Oct 2026 (city points)
archive/tables/pinned/sa-ummalqura-cities/2026-10-09/ash-shamli-2027.txt	sa.ummalqura	26.858595	40.328537	Asia/Riyadh	F+E S D A M I	daily	standard	test	Ash Shamli 2027, KACST's own place, the monitor capture of 9 Oct 2026 (city points)
archive/tables/pinned/sa-ummalqura-cities/2026-10-09/hail-2026.txt	sa.ummalqura	27.52	41.7	Asia/Riyadh	F+E S D A M I	daily	standard	test	Hail 2026, KACST's own place, the monitor capture of 9 Oct 2026 (city points)
archive/tables/pinned/sa-ummalqura-cities/2026-10-09/hail-2027.txt	sa.ummalqura	27.52	41.7	Asia/Riyadh	F+E S D A M I	daily	standard	test	Hail 2027, KACST's own place, the monitor capture of 9 Oct 2026 (city points)
archive/tables/pinned/sa-ummalqura-cities/2026-10-09/rafha-2026.txt	sa.ummalqura	29.63	43.5	Asia/Riyadh	F+E S D A M I	daily	standard	test	Rafha 2026, KACST's own place, the monitor capture of 9 Oct 2026 (city points)
archive/tables/pinned/sa-ummalqura-cities/2026-10-09/rafha-2027.txt	sa.ummalqura	29.63	43.5	Asia/Riyadh	F+E S D A M I	daily	standard	test	Rafha 2027, KACST's own place, the monitor capture of 9 Oct 2026 (city points)
archive/tables/pinned/sa-ummalqura-cities/2026-10-09/al-uwayqiliyah-2026.txt	sa.ummalqura	30.361771	42.250924	Asia/Riyadh	F+E S D A M I	daily	standard	test	Al 'Uwayqiliyah 2026, KACST's own place, the monitor capture of 9 Oct 2026 (city points)
archive/tables/pinned/sa-ummalqura-cities/2026-10-09/al-uwayqiliyah-2027.txt	sa.ummalqura	30.361771	42.250924	Asia/Riyadh	F+E S D A M I	daily	standard	test	Al 'Uwayqiliyah 2027, KACST's own place, the monitor capture of 9 Oct 2026 (city points)
archive/tables/pinned/sa-ummalqura-cities/2026-10-09/arar-2026.txt	sa.ummalqura	30.99	41.02	Asia/Riyadh	F+E S D A M I	daily	standard	test	Arar 2026, KACST's own place, the monitor capture of 9 Oct 2026 (city points)
archive/tables/pinned/sa-ummalqura-cities/2026-10-09/arar-2027.txt	sa.ummalqura	30.99	41.02	Asia/Riyadh	F+E S D A M I	daily	standard	test	Arar 2027, KACST's own place, the monitor capture of 9 Oct 2026 (city points)
archive/tables/pinned/sa-ummalqura-cities/2026-10-09/abu-arish-2026.txt	sa.ummalqura	16.97	42.83	Asia/Riyadh	F+E S D A M I	daily	standard	test	Abu Arish 2026, KACST's own place, the monitor capture of 9 Oct 2026 (city points)
archive/tables/pinned/sa-ummalqura-cities/2026-10-09/abu-arish-2027.txt	sa.ummalqura	16.97	42.83	Asia/Riyadh	F+E S D A M I	daily	standard	test	Abu Arish 2027, KACST's own place, the monitor capture of 9 Oct 2026 (city points)
archive/tables/pinned/sa-ummalqura-cities/2026-10-09/ahad-al-masarihah-2026.txt	sa.ummalqura	16.7	42.95	Asia/Riyadh	F+E S D A M I	daily	standard	test	Ahad Al Masarihah 2026, KACST's own place, the monitor capture of 9 Oct 2026 (city points)
archive/tables/pinned/sa-ummalqura-cities/2026-10-09/ahad-al-masarihah-2027.txt	sa.ummalqura	16.7	42.95	Asia/Riyadh	F+E S D A M I	daily	standard	test	Ahad Al Masarihah 2027, KACST's own place, the monitor capture of 9 Oct 2026 (city points)
archive/tables/pinned/sa-ummalqura-cities/2026-10-09/al-edabi-2026.txt	sa.ummalqura	17.24	42.95	Asia/Riyadh	F+E S D A M I	daily	standard	test	Al Edabi 2026, KACST's own place, the monitor capture of 9 Oct 2026 (city points)
archive/tables/pinned/sa-ummalqura-cities/2026-10-09/al-edabi-2027.txt	sa.ummalqura	17.24	42.95	Asia/Riyadh	F+E S D A M I	daily	standard	test	Al Edabi 2027, KACST's own place, the monitor capture of 9 Oct 2026 (city points)
archive/tables/pinned/sa-ummalqura-cities/2026-10-09/al-aridhah-2026.txt	sa.ummalqura	17.04	43.09	Asia/Riyadh	F+E S D A M I	daily	standard	test	Al Aridhah 2026, KACST's own place, the monitor capture of 9 Oct 2026 (city points)
archive/tables/pinned/sa-ummalqura-cities/2026-10-09/al-aridhah-2027.txt	sa.ummalqura	17.04	43.09	Asia/Riyadh	F+E S D A M I	daily	standard	test	Al Aridhah 2027, KACST's own place, the monitor capture of 9 Oct 2026 (city points)
archive/tables/pinned/sa-ummalqura-cities/2026-10-09/addayer-2026.txt	sa.ummalqura	17.34	43.14	Asia/Riyadh	F+E S D A M I	daily	standard	test	Addayer 2026, KACST's own place, the monitor capture of 9 Oct 2026 (city points)
archive/tables/pinned/sa-ummalqura-cities/2026-10-09/addayer-2027.txt	sa.ummalqura	17.34	43.14	Asia/Riyadh	F+E S D A M I	daily	standard	test	Addayer 2027, KACST's own place, the monitor capture of 9 Oct 2026 (city points)
archive/tables/pinned/sa-ummalqura-cities/2026-10-09/alharth-2026.txt	sa.ummalqura	16.78	43.22	Asia/Riyadh	F+E S D A M I	daily	standard	test	Alharth 2026, KACST's own place, the monitor capture of 9 Oct 2026 (city points)
archive/tables/pinned/sa-ummalqura-cities/2026-10-09/alharth-2027.txt	sa.ummalqura	16.78	43.22	Asia/Riyadh	F+E S D A M I	daily	standard	test	Alharth 2027, KACST's own place, the monitor capture of 9 Oct 2026 (city points)
archive/tables/pinned/sa-ummalqura-cities/2026-10-09/aldarb-2026.txt	sa.ummalqura	17.71	42.09	Asia/Riyadh	F+E S D A M I	daily	standard	test	Aldarb 2026, KACST's own place, the monitor capture of 9 Oct 2026 (city points)
archive/tables/pinned/sa-ummalqura-cities/2026-10-09/aldarb-2027.txt	sa.ummalqura	17.71	42.09	Asia/Riyadh	F+E S D A M I	daily	standard	test	Aldarb 2027, KACST's own place, the monitor capture of 9 Oct 2026 (city points)
archive/tables/pinned/sa-ummalqura-cities/2026-10-09/al-reeth-2026.txt	sa.ummalqura	17.6	42.86	Asia/Riyadh	F+E S D A M I	daily	standard	test	Al Reeth 2026, KACST's own place, the monitor capture of 9 Oct 2026 (city points)
archive/tables/pinned/sa-ummalqura-cities/2026-10-09/al-reeth-2027.txt	sa.ummalqura	17.6	42.86	Asia/Riyadh	F+E S D A M I	daily	standard	test	Al Reeth 2027, KACST's own place, the monitor capture of 9 Oct 2026 (city points)
archive/tables/pinned/sa-ummalqura-cities/2026-10-09/baish-2026.txt	sa.ummalqura	17.378	42.538	Asia/Riyadh	F+E S D A M I	daily	standard	test	Baish 2026, KACST's own place, the monitor capture of 9 Oct 2026 (city points)
archive/tables/pinned/sa-ummalqura-cities/2026-10-09/baish-2027.txt	sa.ummalqura	17.378	42.538	Asia/Riyadh	F+E S D A M I	daily	standard	test	Baish 2027, KACST's own place, the monitor capture of 9 Oct 2026 (city points)
archive/tables/pinned/sa-ummalqura-cities/2026-10-09/damad-2026.txt	sa.ummalqura	17.1	42.78	Asia/Riyadh	F+E S D A M I	daily	standard	test	Damad 2026, KACST's own place, the monitor capture of 9 Oct 2026 (city points)
archive/tables/pinned/sa-ummalqura-cities/2026-10-09/damad-2027.txt	sa.ummalqura	17.1	42.78	Asia/Riyadh	F+E S D A M I	daily	standard	test	Damad 2027, KACST's own place, the monitor capture of 9 Oct 2026 (city points)
archive/tables/pinned/sa-ummalqura-cities/2026-10-09/farasan-island-2026.txt	sa.ummalqura	16.71	42.12	Asia/Riyadh	F+E S D A M I	daily	standard	test	Farasan Island 2026, KACST's own place, the monitor capture of 9 Oct 2026 (city points)
archive/tables/pinned/sa-ummalqura-cities/2026-10-09/farasan-island-2027.txt	sa.ummalqura	16.71	42.12	Asia/Riyadh	F+E S D A M I	daily	standard	test	Farasan Island 2027, KACST's own place, the monitor capture of 9 Oct 2026 (city points)
archive/tables/pinned/sa-ummalqura-cities/2026-10-09/sabya-2026.txt	sa.ummalqura	17.15	42.62	Asia/Riyadh	F+E S D A M I	daily	standard	test	Sabya 2026, KACST's own place, the monitor capture of 9 Oct 2026 (city points)
archive/tables/pinned/sa-ummalqura-cities/2026-10-09/sabya-2027.txt	sa.ummalqura	17.15	42.62	Asia/Riyadh	F+E S D A M I	daily	standard	test	Sabya 2027, KACST's own place, the monitor capture of 9 Oct 2026 (city points)
archive/tables/pinned/sa-ummalqura-cities/2026-10-09/samtah-2026.txt	sa.ummalqura	16.59	42.94	Asia/Riyadh	F+E S D A M I	daily	standard	test	Samtah 2026, KACST's own place, the monitor capture of 9 Oct 2026 (city points)
archive/tables/pinned/sa-ummalqura-cities/2026-10-09/samtah-2027.txt	sa.ummalqura	16.59	42.94	Asia/Riyadh	F+E S D A M I	daily	standard	test	Samtah 2027, KACST's own place, the monitor capture of 9 Oct 2026 (city points)
archive/tables/pinned/sa-ummalqura-cities/2026-10-09/fayfa-2026.txt	sa.ummalqura	17.2473	43.1069	Asia/Riyadh	F+E S D A M I	daily	standard	test	Fayfa 2026, KACST's own place, the monitor capture of 9 Oct 2026 (city points)
archive/tables/pinned/sa-ummalqura-cities/2026-10-09/fayfa-2027.txt	sa.ummalqura	17.2473	43.1069	Asia/Riyadh	F+E S D A M I	daily	standard	test	Fayfa 2027, KACST's own place, the monitor capture of 9 Oct 2026 (city points)
archive/tables/pinned/sa-ummalqura-cities/2026-10-09/harub-2026.txt	sa.ummalqura	17.435	42.8857	Asia/Riyadh	F+E S D A M I	daily	standard	test	Harub 2026, KACST's own place, the monitor capture of 9 Oct 2026 (city points)
archive/tables/pinned/sa-ummalqura-cities/2026-10-09/harub-2027.txt	sa.ummalqura	17.435	42.8857	Asia/Riyadh	F+E S D A M I	daily	standard	test	Harub 2027, KACST's own place, the monitor capture of 9 Oct 2026 (city points)
archive/tables/pinned/sa-ummalqura-cities/2026-10-09/jazan-2026.txt	sa.ummalqura	16.89	42.54	Asia/Riyadh	F+E S D A M I	daily	standard	test	Jazan 2026, KACST's own place, the monitor capture of 9 Oct 2026 (city points)
archive/tables/pinned/sa-ummalqura-cities/2026-10-09/jazan-2027.txt	sa.ummalqura	16.89	42.54	Asia/Riyadh	F+E S D A M I	daily	standard	test	Jazan 2027, KACST's own place, the monitor capture of 9 Oct 2026 (city points)
archive/tables/pinned/sa-ummalqura-cities/2026-10-09/badr-al-janoub-2026.txt	sa.ummalqura	17.88	43.72	Asia/Riyadh	F+E S D A M I	daily	standard	test	Badr Al Janoub 2026, KACST's own place, the monitor capture of 9 Oct 2026 (city points)
archive/tables/pinned/sa-ummalqura-cities/2026-10-09/badr-al-janoub-2027.txt	sa.ummalqura	17.88	43.72	Asia/Riyadh	F+E S D A M I	daily	standard	test	Badr Al Janoub 2027, KACST's own place, the monitor capture of 9 Oct 2026 (city points)
archive/tables/pinned/sa-ummalqura-cities/2026-10-09/hubuna-2026.txt	sa.ummalqura	17.85	43.02	Asia/Riyadh	F+E S D A M I	daily	standard	test	Hubuna 2026, KACST's own place, the monitor capture of 9 Oct 2026 (city points)
archive/tables/pinned/sa-ummalqura-cities/2026-10-09/hubuna-2027.txt	sa.ummalqura	17.85	43.02	Asia/Riyadh	F+E S D A M I	daily	standard	test	Hubuna 2027, KACST's own place, the monitor capture of 9 Oct 2026 (city points)
archive/tables/pinned/sa-ummalqura-cities/2026-10-09/khbash-2026.txt	sa.ummalqura	17.6	45.066	Asia/Riyadh	F+E S D A M I	daily	standard	test	Khbash 2026, KACST's own place, the monitor capture of 9 Oct 2026 (city points)
archive/tables/pinned/sa-ummalqura-cities/2026-10-09/khbash-2027.txt	sa.ummalqura	17.6	45.066	Asia/Riyadh	F+E S D A M I	daily	standard	test	Khbash 2027, KACST's own place, the monitor capture of 9 Oct 2026 (city points)
archive/tables/pinned/sa-ummalqura-cities/2026-10-09/sharorah-2026.txt	sa.ummalqura	17.49	47.11	Asia/Riyadh	F+E S D A M I	daily	standard	test	Sharorah 2026, KACST's own place, the monitor capture of 9 Oct 2026 (city points)
archive/tables/pinned/sa-ummalqura-cities/2026-10-09/sharorah-2027.txt	sa.ummalqura	17.49	47.11	Asia/Riyadh	F+E S D A M I	daily	standard	test	Sharorah 2027, KACST's own place, the monitor capture of 9 Oct 2026 (city points)
archive/tables/pinned/sa-ummalqura-cities/2026-10-09/thar-2026.txt	sa.ummalqura	17.97	44.11	Asia/Riyadh	F+E S D A M I	daily	standard	test	Thar 2026, KACST's own place, the monitor capture of 9 Oct 2026 (city points)
archive/tables/pinned/sa-ummalqura-cities/2026-10-09/thar-2027.txt	sa.ummalqura	17.97	44.11	Asia/Riyadh	F+E S D A M I	daily	standard	test	Thar 2027, KACST's own place, the monitor capture of 9 Oct 2026 (city points)
archive/tables/pinned/sa-ummalqura-cities/2026-10-09/yadamah-2026.txt	sa.ummalqura	18.53	44.21	Asia/Riyadh	F+E S D A M I	daily	standard	test	Yadamah 2026, KACST's own place, the monitor capture of 9 Oct 2026 (city points)
archive/tables/pinned/sa-ummalqura-cities/2026-10-09/yadamah-2027.txt	sa.ummalqura	18.53	44.21	Asia/Riyadh	F+E S D A M I	daily	standard	test	Yadamah 2027, KACST's own place, the monitor capture of 9 Oct 2026 (city points)
archive/tables/pinned/sa-ummalqura-cities/2026-10-09/najran-2026.txt	sa.ummalqura	17.52	44.2	Asia/Riyadh	F+E S D A M I	daily	standard	test	Najran 2026, KACST's own place, the monitor capture of 9 Oct 2026 (city points)
archive/tables/pinned/sa-ummalqura-cities/2026-10-09/najran-2027.txt	sa.ummalqura	17.52	44.2	Asia/Riyadh	F+E S D A M I	daily	standard	test	Najran 2027, KACST's own place, the monitor capture of 9 Oct 2026 (city points)
archive/tables/pinned/sa-ummalqura-cities/2026-10-09/al-aqiq-2026.txt	sa.ummalqura	20.27	41.66	Asia/Riyadh	F+E S D A M I	daily	standard	test	Al Aqiq 2026, KACST's own place, the monitor capture of 9 Oct 2026 (city points)
archive/tables/pinned/sa-ummalqura-cities/2026-10-09/al-aqiq-2027.txt	sa.ummalqura	20.27	41.66	Asia/Riyadh	F+E S D A M I	daily	standard	test	Al Aqiq 2027, KACST's own place, the monitor capture of 9 Oct 2026 (city points)
archive/tables/pinned/sa-ummalqura-cities/2026-10-09/al-makhwah-2026.txt	sa.ummalqura	19.78	41.43	Asia/Riyadh	F+E S D A M I	daily	standard	test	Al Makhwah 2026, KACST's own place, the monitor capture of 9 Oct 2026 (city points)
archive/tables/pinned/sa-ummalqura-cities/2026-10-09/al-makhwah-2027.txt	sa.ummalqura	19.78	41.43	Asia/Riyadh	F+E S D A M I	daily	standard	test	Al Makhwah 2027, KACST's own place, the monitor capture of 9 Oct 2026 (city points)
archive/tables/pinned/sa-ummalqura-cities/2026-10-09/almandaq-2026.txt	sa.ummalqura	20.16	41.29	Asia/Riyadh	F+E S D A M I	daily	standard	test	Almandaq 2026, KACST's own place, the monitor capture of 9 Oct 2026 (city points)
archive/tables/pinned/sa-ummalqura-cities/2026-10-09/almandaq-2027.txt	sa.ummalqura	20.16	41.29	Asia/Riyadh	F+E S D A M I	daily	standard	test	Almandaq 2027, KACST's own place, the monitor capture of 9 Oct 2026 (city points)
archive/tables/pinned/sa-ummalqura-cities/2026-10-09/alqura-2026.txt	sa.ummalqura	20.25	41.36	Asia/Riyadh	F+E S D A M I	daily	standard	test	Alqura 2026, KACST's own place, the monitor capture of 9 Oct 2026 (city points)
archive/tables/pinned/sa-ummalqura-cities/2026-10-09/alqura-2027.txt	sa.ummalqura	20.25	41.36	Asia/Riyadh	F+E S D A M I	daily	standard	test	Alqura 2027, KACST's own place, the monitor capture of 9 Oct 2026 (city points)
archive/tables/pinned/sa-ummalqura-cities/2026-10-09/baljurashi-2026.txt	sa.ummalqura	19.86	41.57	Asia/Riyadh	F+E S D A M I	daily	standard	test	Baljurashi 2026, KACST's own place, the monitor capture of 9 Oct 2026 (city points)
archive/tables/pinned/sa-ummalqura-cities/2026-10-09/baljurashi-2027.txt	sa.ummalqura	19.86	41.57	Asia/Riyadh	F+E S D A M I	daily	standard	test	Baljurashi 2027, KACST's own place, the monitor capture of 9 Oct 2026 (city points)
archive/tables/pinned/sa-ummalqura-cities/2026-10-09/qilwah-2026.txt	sa.ummalqura	19.95	41.24	Asia/Riyadh	F+E S D A M I	daily	standard	test	Qilwah 2026, KACST's own place, the monitor capture of 9 Oct 2026 (city points)
archive/tables/pinned/sa-ummalqura-cities/2026-10-09/qilwah-2027.txt	sa.ummalqura	19.95	41.24	Asia/Riyadh	F+E S D A M I	daily	standard	test	Qilwah 2027, KACST's own place, the monitor capture of 9 Oct 2026 (city points)
archive/tables/pinned/sa-ummalqura-cities/2026-10-09/al-hajrah-2026.txt	sa.ummalqura	20.1954	41.0722	Asia/Riyadh	F+E S D A M I	daily	standard	test	Al Hajrah 2026, KACST's own place, the monitor capture of 9 Oct 2026 (city points)
archive/tables/pinned/sa-ummalqura-cities/2026-10-09/al-hajrah-2027.txt	sa.ummalqura	20.1954	41.0722	Asia/Riyadh	F+E S D A M I	daily	standard	test	Al Hajrah 2027, KACST's own place, the monitor capture of 9 Oct 2026 (city points)
archive/tables/pinned/sa-ummalqura-cities/2026-10-09/ghamid-az-zinad-2026.txt	sa.ummalqura	19.6033	41.4813	Asia/Riyadh	F+E S D A M I	daily	standard	test	Ghamid Az Zinad 2026, KACST's own place, the monitor capture of 9 Oct 2026 (city points)
archive/tables/pinned/sa-ummalqura-cities/2026-10-09/ghamid-az-zinad-2027.txt	sa.ummalqura	19.6033	41.4813	Asia/Riyadh	F+E S D A M I	daily	standard	test	Ghamid Az Zinad 2027, KACST's own place, the monitor capture of 9 Oct 2026 (city points)
archive/tables/pinned/sa-ummalqura-cities/2026-10-09/bani-hasan-2026.txt	sa.ummalqura	20.051578	41.37405	Asia/Riyadh	F+E S D A M I	daily	standard	test	Bani Hasan 2026, KACST's own place, the monitor capture of 9 Oct 2026 (city points)
archive/tables/pinned/sa-ummalqura-cities/2026-10-09/bani-hasan-2027.txt	sa.ummalqura	20.051578	41.37405	Asia/Riyadh	F+E S D A M I	daily	standard	test	Bani Hasan 2027, KACST's own place, the monitor capture of 9 Oct 2026 (city points)
archive/tables/pinned/sa-ummalqura-cities/2026-10-09/al-bahah-2026.txt	sa.ummalqura	20.01	41.47	Asia/Riyadh	F+E S D A M I	daily	standard	test	Al Bahah 2026, KACST's own place, the monitor capture of 9 Oct 2026 (city points)
archive/tables/pinned/sa-ummalqura-cities/2026-10-09/al-bahah-2027.txt	sa.ummalqura	20.01	41.47	Asia/Riyadh	F+E S D A M I	daily	standard	test	Al Bahah 2027, KACST's own place, the monitor capture of 9 Oct 2026 (city points)
archive/tables/pinned/sa-ummalqura-cities/2026-10-09/al-qurayyat-2026.txt	sa.ummalqura	31.33	37.34	Asia/Riyadh	F+E S D A M I	daily	standard	test	Al Qurayyat 2026, KACST's own place, the monitor capture of 9 Oct 2026 (city points)
archive/tables/pinned/sa-ummalqura-cities/2026-10-09/al-qurayyat-2027.txt	sa.ummalqura	31.33	37.34	Asia/Riyadh	F+E S D A M I	daily	standard	test	Al Qurayyat 2027, KACST's own place, the monitor capture of 9 Oct 2026 (city points)
archive/tables/pinned/sa-ummalqura-cities/2026-10-09/dumah-al-jandal-2026.txt	sa.ummalqura	29.81	39.87	Asia/Riyadh	F+E S D A M I	daily	standard	test	Dumah Al Jandal 2026, KACST's own place, the monitor capture of 9 Oct 2026 (city points)
archive/tables/pinned/sa-ummalqura-cities/2026-10-09/dumah-al-jandal-2027.txt	sa.ummalqura	29.81	39.87	Asia/Riyadh	F+E S D A M I	daily	standard	test	Dumah Al Jandal 2027, KACST's own place, the monitor capture of 9 Oct 2026 (city points)
archive/tables/pinned/sa-ummalqura-cities/2026-10-09/tubarjal-2026.txt	sa.ummalqura	30.50098005	38.22183997	Asia/Riyadh	F+E S D A M I	daily	standard	test	Tubarjal 2026, KACST's own place, the monitor capture of 9 Oct 2026 (city points)
archive/tables/pinned/sa-ummalqura-cities/2026-10-09/tubarjal-2027.txt	sa.ummalqura	30.50098005	38.22183997	Asia/Riyadh	F+E S D A M I	daily	standard	test	Tubarjal 2027, KACST's own place, the monitor capture of 9 Oct 2026 (city points)
archive/tables/pinned/sa-ummalqura-cities/2026-10-09/suwayr-2026.txt	sa.ummalqura	30.1147	40.3803	Asia/Riyadh	F+E S D A M I	daily	standard	test	Suwayr 2026, KACST's own place, the monitor capture of 9 Oct 2026 (city points)
archive/tables/pinned/sa-ummalqura-cities/2026-10-09/suwayr-2027.txt	sa.ummalqura	30.1147	40.3803	Asia/Riyadh	F+E S D A M I	daily	standard	test	Suwayr 2027, KACST's own place, the monitor capture of 9 Oct 2026 (city points)
archive/tables/pinned/sa-ummalqura-cities/2026-10-09/sakaka-2026.txt	sa.ummalqura	29.97	40.2	Asia/Riyadh	F+E S D A M I	daily	standard	test	Sakaka 2026, KACST's own place, the monitor capture of 9 Oct 2026 (city points)
archive/tables/pinned/sa-ummalqura-cities/2026-10-09/sakaka-2027.txt	sa.ummalqura	29.97	40.2	Asia/Riyadh	F+E S D A M I	daily	standard	test	Sakaka 2027, KACST's own place, the monitor capture of 9 Oct 2026 (city points)
# The app's own points (9 Oct 2026): each Saudi city of the app's list (shared/.../files/cities.csv, GeoNames) is held
# out at its own point against the tables of the unit it resolves to, the nearest of KACST's places within its reach,
# as `sa.ummalqura/<unit>` (the gate checks the point resolves there): 94 of the 98. Tayma takes KACST's Tayma table,
# which KACST's list computes a degree north of the town (UmmAlQura.units). The four outside every unit (Turubah,
# King Khalid Military City, Al Mash'iliyah and one of the two Al 'Aqiq, no KACST place within a minute's reach)
# take the nearest place's table as a point table's edge (rulings R44, R45) and claim no figure.
archive/tables/round/data-umm-al-qura/off-uq-jeddah.txt	sa.ummalqura/jeddah	21.49012	39.18624	Asia/Riyadh	F+E S D A M I	daily	standard	test	Jeddah, the app's own point (2.0 km from KACST's), against Jeddah 2025–2027
archive/tables/round/data-umm-al-qura/off-uq-riyadh.txt	sa.ummalqura/riyadh	24.68773	46.72185	Asia/Riyadh	F+E S D A M I	daily	standard	test	Riyadh, the app's own point (3.8 km from KACST's), against Riyadh 2024–2030
archive/tables/round/data-umm-al-qura/off-uq-makkah.txt	sa.ummalqura/makkah	21.42664	39.82563	Asia/Riyadh	F+E S D A M I	daily	standard	test	Makkah, the app's own point (0.6 km from KACST's), against Makkah 2024–2030
archive/tables/round/data-umm-al-qura/off-uq-madinah.txt	sa.ummalqura/madinah	24.46861	39.61417	Asia/Riyadh	F+E S D A M I	daily	standard	test	Madinah, the app's own point (8.1 km from KACST's), against Madinah 2025–2027
archive/tables/round/data-umm-al-qura/off-uq-dammam.txt	sa.ummalqura/dammam	26.43442	50.10326	Asia/Riyadh	F+E S D A M I	daily	standard	test	Dammam, the app's own point (0.7 km from KACST's), against Dammam 2025–2027
archive/tables/round/data-umm-al-qura/off-uq-madinah.txt	sa.ummalqura/madinah	24.49258	39.58572	Asia/Riyadh	F+E S D A M I	daily	standard	test	Sulţānah, the app's own point (6.9 km from KACST's), against Madinah 2025–2027
archive/tables/pinned/sa-ummalqura-cities/2026-10-09/buraydah-2026.txt	sa.ummalqura/buraydah	26.32599	43.97497	Asia/Riyadh	F+E S D A M I	daily	standard	test	Buraydah, the app's own point (3.1 km from KACST's), against Buraydah 2026
archive/tables/pinned/sa-ummalqura-cities/2026-10-09/buraydah-2027.txt	sa.ummalqura/buraydah	26.32599	43.97497	Asia/Riyadh	F+E S D A M I	daily	standard	test	Buraydah, the app's own point (3.1 km from KACST's), against Buraydah 2027
archive/tables/round/data-umm-al-qura/off-uq-taif.txt	sa.ummalqura/taif	21.27028	40.41583	Asia/Riyadh	F+E S D A M I	daily	standard	test	Ta’if, the app's own point (2.8 km from KACST's), against Taif 2026
archive/tables/pinned/sa-ummalqura/2026-10-03/taif-2027.txt	sa.ummalqura/taif	21.27028	40.41583	Asia/Riyadh	F+E S D A M I	daily	standard	test	Ta’if, the app's own point (2.8 km from KACST's), against Taif 2027
archive/tables/round/data-umm-al-qura/off-uq-tabuk.txt	sa.ummalqura/tabuk	28.3998	36.57151	Asia/Riyadh	F+E S D A M I	daily	standard	test	Tabuk, the app's own point (0.8 km from KACST's), against Tabuk 2026
archive/tables/pinned/sa-ummalqura/2026-10-03/tabuk-2027.txt	sa.ummalqura/tabuk	28.3998	36.57151	Asia/Riyadh	F+E S D A M I	daily	standard	test	Tabuk, the app's own point (0.8 km from KACST's), against Tabuk 2027
archive/tables/pinned/sa-ummalqura-cities/2026-10-09/hail-2026.txt	sa.ummalqura/hail	27.52188	41.69073	Asia/Riyadh	F+E S D A M I	daily	standard	test	Ha'il, the app's own point (0.9 km from KACST's), against Hail 2026
archive/tables/pinned/sa-ummalqura-cities/2026-10-09/hail-2027.txt	sa.ummalqura/hail	27.52188	41.69073	Asia/Riyadh	F+E S D A M I	daily	standard	test	Ha'il, the app's own point (0.9 km from KACST's), against Hail 2027
archive/tables/pinned/sa-ummalqura-cities/2026-10-09/najran-2026.txt	sa.ummalqura/najran	17.49326	44.12766	Asia/Riyadh	F+E S D A M I	daily	standard	test	Najrān, the app's own point (8.2 km from KACST's), against Najran 2026
archive/tables/pinned/sa-ummalqura-cities/2026-10-09/najran-2027.txt	sa.ummalqura/najran	17.49326	44.12766	Asia/Riyadh	F+E S D A M I	daily	standard	test	Najrān, the app's own point (8.2 km from KACST's), against Najran 2027
archive/tables/pinned/sa-ummalqura-cities/2026-10-09/al-kharj-2026.txt	sa.ummalqura/al-kharj	24.15541	47.33457	Asia/Riyadh	F+E S D A M I	daily	standard	test	Al Kharj, the app's own point (1.6 km from KACST's), against Al Kharj 2026
archive/tables/pinned/sa-ummalqura-cities/2026-10-09/al-kharj-2027.txt	sa.ummalqura/al-kharj	24.15541	47.33457	Asia/Riyadh	F+E S D A M I	daily	standard	test	Al Kharj, the app's own point (1.6 km from KACST's), against Al Kharj 2027
archive/tables/pinned/sa-ummalqura-cities/2026-10-09/khamis-mushait-2026.txt	sa.ummalqura/khamis-mushait	18.3	42.73333	Asia/Riyadh	F+E S D A M I	daily	standard	test	Khamis Mushait, the app's own point (1.2 km from KACST's), against Khamis Mushait 2026
archive/tables/pinned/sa-ummalqura-cities/2026-10-09/khamis-mushait-2027.txt	sa.ummalqura/khamis-mushait	18.3	42.73333	Asia/Riyadh	F+E S D A M I	daily	standard	test	Khamis Mushait, the app's own point (1.2 km from KACST's), against Khamis Mushait 2027
archive/tables/pinned/sa-ummalqura-cities/2026-10-09/al-hofuf-2026.txt	sa.ummalqura/al-hofuf	25.36467	49.58764	Asia/Riyadh	F+E S D A M I	daily	standard	test	Al Hufūf, the app's own point (5.5 km from KACST's), against Al Hofuf 2026
archive/tables/pinned/sa-ummalqura-cities/2026-10-09/al-hofuf-2027.txt	sa.ummalqura/al-hofuf	25.36467	49.58764	Asia/Riyadh	F+E S D A M I	daily	standard	test	Al Hufūf, the app's own point (5.5 km from KACST's), against Al Hofuf 2027
archive/tables/pinned/sa-ummalqura-cities/2026-10-09/al-hofuf-2026.txt	sa.ummalqura/al-hofuf	25.40768	49.59028	Asia/Riyadh	F+E S D A M I	daily	standard	test	Al Mubarraz, the app's own point (2.3 km from KACST's), against Al Hofuf 2026
archive/tables/pinned/sa-ummalqura-cities/2026-10-09/al-hofuf-2027.txt	sa.ummalqura/al-hofuf	25.40768	49.59028	Asia/Riyadh	F+E S D A M I	daily	standard	test	Al Mubarraz, the app's own point (2.3 km from KACST's), against Al Hofuf 2027
archive/tables/pinned/sa-ummalqura-cities/2026-10-09/hafar-al-batin-2026.txt	sa.ummalqura/hafar-al-batin	28.43279	45.97077	Asia/Riyadh	F+E S D A M I	daily	standard	test	Hafar Al-Batin, the app's own point (3.6 km from KACST's), against Hafar Al Batin 2026
archive/tables/pinned/sa-ummalqura-cities/2026-10-09/hafar-al-batin-2027.txt	sa.ummalqura/hafar-al-batin	28.43279	45.97077	Asia/Riyadh	F+E S D A M I	daily	standard	test	Hafar Al-Batin, the app's own point (3.6 km from KACST's), against Hafar Al Batin 2027
archive/tables/pinned/sa-ummalqura-cities/2026-10-09/al-khobar-2026.txt	sa.ummalqura/al-khobar	26.26022	50.20486	Asia/Riyadh	F+E S D A M I	daily	standard	test	Thuqbah, the app's own point (0.5 km from KACST's), against Al Khobar 2026
archive/tables/pinned/sa-ummalqura-cities/2026-10-09/al-khobar-2027.txt	sa.ummalqura/al-khobar	26.26022	50.20486	Asia/Riyadh	F+E S D A M I	daily	standard	test	Thuqbah, the app's own point (0.5 km from KACST's), against Al Khobar 2027
archive/tables/pinned/sa-ummalqura-cities/2026-10-09/al-jubail-2026.txt	sa.ummalqura/al-jubail	27.0174	49.62251	Asia/Riyadh	F+E S D A M I	daily	standard	test	Al Jubayl, the app's own point (4.2 km from KACST's), against Al Jubail 2026
archive/tables/pinned/sa-ummalqura-cities/2026-10-09/al-jubail-2027.txt	sa.ummalqura/al-jubail	27.0174	49.62251	Asia/Riyadh	F+E S D A M I	daily	standard	test	Al Jubayl, the app's own point (4.2 km from KACST's), against Al Jubail 2027
archive/tables/pinned/sa-ummalqura-cities/2026-10-09/sabya-2026.txt	sa.ummalqura/sabya	17.1495	42.62537	Asia/Riyadh	F+E S D A M I	daily	standard	test	Şabyā, the app's own point (0.6 km from KACST's), against Sabya 2026
archive/tables/pinned/sa-ummalqura-cities/2026-10-09/sabya-2027.txt	sa.ummalqura/sabya	17.1495	42.62537	Asia/Riyadh	F+E S D A M I	daily	standard	test	Şabyā, the app's own point (0.6 km from KACST's), against Sabya 2027
archive/tables/round/data-umm-al-qura/off-uq-abha.txt	sa.ummalqura/abha	18.21639	42.50528	Asia/Riyadh	F+E S D A M I	daily	standard	test	Abha, the app's own point (0.6 km from KACST's), against Abha 2025–2027
archive/tables/pinned/sa-ummalqura-cities/2026-10-09/yanbu-2026.txt	sa.ummalqura/yanbu	24.08954	38.0618	Asia/Riyadh	F+E S D A M I	daily	standard	test	Yanbu, the app's own point (0.8 km from KACST's), against Yanbu 2026
archive/tables/pinned/sa-ummalqura-cities/2026-10-09/yanbu-2027.txt	sa.ummalqura/yanbu	24.08954	38.0618	Asia/Riyadh	F+E S D A M I	daily	standard	test	Yanbu, the app's own point (0.8 km from KACST's), against Yanbu 2027
archive/tables/pinned/sa-ummalqura-cities/2026-10-09/unayzah-2026.txt	sa.ummalqura/unayzah	26.1	44	Asia/Riyadh	F+E S D A M I	daily	standard	test	Unaizah, the app's own point (3.2 km from KACST's), against Unayzah 2026
archive/tables/pinned/sa-ummalqura-cities/2026-10-09/unayzah-2027.txt	sa.ummalqura/unayzah	26.1	44	Asia/Riyadh	F+E S D A M I	daily	standard	test	Unaizah, the app's own point (3.2 km from KACST's), against Unayzah 2027
archive/tables/pinned/sa-ummalqura-cities/2026-10-09/al-khobar-2026.txt	sa.ummalqura/al-khobar	26.27944	50.20833	Asia/Riyadh	F+E S D A M I	daily	standard	test	Khobar, the app's own point (2.2 km from KACST's), against Al Khobar 2026
archive/tables/pinned/sa-ummalqura-cities/2026-10-09/al-khobar-2027.txt	sa.ummalqura/al-khobar	26.27944	50.20833	Asia/Riyadh	F+E S D A M I	daily	standard	test	Khobar, the app's own point (2.2 km from KACST's), against Al Khobar 2027
archive/tables/pinned/sa-ummalqura-cities/2026-10-09/arar-2026.txt	sa.ummalqura/arar	30.97531	41.03808	Asia/Riyadh	F+E S D A M I	daily	standard	test	Arar, the app's own point (2.4 km from KACST's), against Arar 2026
archive/tables/pinned/sa-ummalqura-cities/2026-10-09/arar-2027.txt	sa.ummalqura/arar	30.97531	41.03808	Asia/Riyadh	F+E S D A M I	daily	standard	test	Arar, the app's own point (2.4 km from KACST's), against Arar 2027
archive/tables/pinned/sa-ummalqura-cities/2026-10-09/sakaka-2026.txt	sa.ummalqura/sakaka	29.96974	40.20641	Asia/Riyadh	F+E S D A M I	daily	standard	test	Sakakah, the app's own point (0.6 km from KACST's), against Sakaka 2026
archive/tables/pinned/sa-ummalqura-cities/2026-10-09/sakaka-2027.txt	sa.ummalqura/sakaka	29.96974	40.20641	Asia/Riyadh	F+E S D A M I	daily	standard	test	Sakakah, the app's own point (0.6 km from KACST's), against Sakaka 2027
archive/tables/pinned/sa-ummalqura-cities/2026-10-09/az-zulfi-2026.txt	sa.ummalqura/az-zulfi	26.29945	44.81542	Asia/Riyadh	F+E S D A M I	daily	standard	test	Az Zulfī, the app's own point (0.5 km from KACST's), against Az Zulfi 2026
archive/tables/pinned/sa-ummalqura-cities/2026-10-09/az-zulfi-2027.txt	sa.ummalqura/az-zulfi	26.29945	44.81542	Asia/Riyadh	F+E S D A M I	daily	standard	test	Az Zulfī, the app's own point (0.5 km from KACST's), against Az Zulfi 2027
archive/tables/pinned/sa-ummalqura-cities/2026-10-09/bishah-2026.txt	sa.ummalqura/bishah	20.00054	42.6052	Asia/Riyadh	F+E S D A M I	daily	standard	test	Bīshah, the app's own point (0.5 km from KACST's), against Bishah 2026
archive/tables/pinned/sa-ummalqura-cities/2026-10-09/bishah-2027.txt	sa.ummalqura/bishah	20.00054	42.6052	Asia/Riyadh	F+E S D A M I	daily	standard	test	Bīshah, the app's own point (0.5 km from KACST's), against Bishah 2027
archive/tables/pinned/sa-ummalqura-cities/2026-10-09/jazan-2026.txt	sa.ummalqura/jazan	16.88917	42.55111	Asia/Riyadh	F+E S D A M I	daily	standard	test	Jizan, the app's own point (1.2 km from KACST's), against Jazan 2026
archive/tables/pinned/sa-ummalqura-cities/2026-10-09/jazan-2027.txt	sa.ummalqura/jazan	16.88917	42.55111	Asia/Riyadh	F+E S D A M I	daily	standard	test	Jizan, the app's own point (1.2 km from KACST's), against Jazan 2027
archive/tables/pinned/sa-ummalqura-cities/2026-10-09/al-qurayyat-2026.txt	sa.ummalqura/al-qurayyat	31.33176	37.34282	Asia/Riyadh	F+E S D A M I	daily	standard	test	Qurayyat, the app's own point (0.3 km from KACST's), against Al Qurayyat 2026
archive/tables/pinned/sa-ummalqura-cities/2026-10-09/al-qurayyat-2027.txt	sa.ummalqura/al-qurayyat	31.33176	37.34282	Asia/Riyadh	F+E S D A M I	daily	standard	test	Qurayyat, the app's own point (0.3 km from KACST's), against Al Qurayyat 2027
archive/tables/pinned/sa-ummalqura-cities/2026-10-09/belqarn-2026.txt	sa.ummalqura/belqarn	19.5773	41.96357	Asia/Riyadh	F+E S D A M I	daily	standard	test	Sabt Alalayah, the app's own point (0.9 km from KACST's), against Belqarn 2026
archive/tables/pinned/sa-ummalqura-cities/2026-10-09/belqarn-2027.txt	sa.ummalqura/belqarn	19.5773	41.96357	Asia/Riyadh	F+E S D A M I	daily	standard	test	Sabt Alalayah, the app's own point (0.9 km from KACST's), against Belqarn 2027
archive/tables/pinned/sa-ummalqura-cities/2026-10-09/dhahran-2026.txt	sa.ummalqura/dhahran	26.28864	50.11396	Asia/Riyadh	F+E S D A M I	daily	standard	test	Dhahran, the app's own point (9.2 km from KACST's), against Dhahran 2026
archive/tables/pinned/sa-ummalqura-cities/2026-10-09/dhahran-2027.txt	sa.ummalqura/dhahran	26.28864	50.11396	Asia/Riyadh	F+E S D A M I	daily	standard	test	Dhahran, the app's own point (9.2 km from KACST's), against Dhahran 2027
archive/tables/pinned/sa-ummalqura-cities/2026-10-09/al-qatif-2026.txt	sa.ummalqura/al-qatif	26.56542	50.0089	Asia/Riyadh	F+E S D A M I	daily	standard	test	Al Qaţīf, the app's own point (1.1 km from KACST's), against Al Qatif 2026
archive/tables/pinned/sa-ummalqura-cities/2026-10-09/al-qatif-2027.txt	sa.ummalqura/al-qatif	26.56542	50.0089	Asia/Riyadh	F+E S D A M I	daily	standard	test	Al Qaţīf, the app's own point (1.1 km from KACST's), against Al Qatif 2027
archive/tables/pinned/sa-ummalqura-cities/2026-10-09/al-bahah-2026.txt	sa.ummalqura/al-bahah	20.01288	41.46767	Asia/Riyadh	F+E S D A M I	daily	standard	test	Al Bahah, the app's own point (0.4 km from KACST's), against Al Bahah 2026
archive/tables/pinned/sa-ummalqura-cities/2026-10-09/al-bahah-2027.txt	sa.ummalqura/al-bahah	20.01288	41.46767	Asia/Riyadh	F+E S D A M I	daily	standard	test	Al Bahah, the app's own point (0.4 km from KACST's), against Al Bahah 2027
archive/tables/pinned/sa-ummalqura-cities/2026-10-09/al-duwadimi-2026.txt	sa.ummalqura/al-duwadimi	24.50772	44.39237	Asia/Riyadh	F+E S D A M I	daily	standard	test	Ad Dawādimī, the app's own point (1.5 km from KACST's), against Al Duwadimi 2026
archive/tables/pinned/sa-ummalqura-cities/2026-10-09/al-duwadimi-2027.txt	sa.ummalqura/al-duwadimi	24.50772	44.39237	Asia/Riyadh	F+E S D A M I	daily	standard	test	Ad Dawādimī, the app's own point (1.5 km from KACST's), against Al Duwadimi 2027
archive/tables/pinned/sa-ummalqura-cities/2026-10-09/tarut-2026.txt	sa.ummalqura/tarut	26.5733	50.04028	Asia/Riyadh	F+E S D A M I	daily	standard	test	Tārūt, the app's own point (3.2 km from KACST's), against Tarut 2026
archive/tables/pinned/sa-ummalqura-cities/2026-10-09/tarut-2027.txt	sa.ummalqura/tarut	26.5733	50.04028	Asia/Riyadh	F+E S D A M I	daily	standard	test	Tārūt, the app's own point (3.2 km from KACST's), against Tarut 2027
archive/tables/pinned/sa-ummalqura-cities/2026-10-09/ar-rass-2026.txt	sa.ummalqura/ar-rass	25.86944	43.4973	Asia/Riyadh	F+E S D A M I	daily	standard	test	Ar Rass, the app's own point (2.0 km from KACST's), against Ar Rass 2026
archive/tables/pinned/sa-ummalqura-cities/2026-10-09/ar-rass-2027.txt	sa.ummalqura/ar-rass	25.86944	43.4973	Asia/Riyadh	F+E S D A M I	daily	standard	test	Ar Rass, the app's own point (2.0 km from KACST's), against Ar Rass 2027
archive/tables/pinned/sa-ummalqura-cities/2026-10-09/bariq-2026.txt	sa.ummalqura/bariq	18.92966	41.92953	Asia/Riyadh	F+E S D A M I	daily	standard	test	Bariq, the app's own point (0.1 km from KACST's), against Bariq 2026
archive/tables/pinned/sa-ummalqura-cities/2026-10-09/bariq-2027.txt	sa.ummalqura/bariq	18.92966	41.92953	Asia/Riyadh	F+E S D A M I	daily	standard	test	Bariq, the app's own point (0.1 km from KACST's), against Bariq 2027
archive/tables/pinned/sa-ummalqura-cities/2026-10-09/rabigh-2026.txt	sa.ummalqura/rabigh	22.79856	39.03493	Asia/Riyadh	F+E S D A M I	daily	standard	test	Rābigh, the app's own point (1.1 km from KACST's), against Rabigh 2026
archive/tables/pinned/sa-ummalqura-cities/2026-10-09/rabigh-2027.txt	sa.ummalqura/rabigh	22.79856	39.03493	Asia/Riyadh	F+E S D A M I	daily	standard	test	Rābigh, the app's own point (1.1 km from KACST's), against Rabigh 2027
archive/tables/round/data-umm-al-qura/off-uq-taif.txt	sa.ummalqura/taif	21.07268	40.31842	Asia/Riyadh	F+E S D A M I	daily	standard	test	Ash Shafā, the app's own point (21.5 km from KACST's), against Taif 2026
archive/tables/pinned/sa-ummalqura/2026-10-03/taif-2027.txt	sa.ummalqura/taif	21.07268	40.31842	Asia/Riyadh	F+E S D A M I	daily	standard	test	Ash Shafā, the app's own point (21.5 km from KACST's), against Taif 2027
archive/tables/pinned/sa-ummalqura-cities/2026-10-09/al-lith-2026.txt	sa.ummalqura/al-lith	20.14804	40.27224	Asia/Riyadh	F+E S D A M I	daily	standard	test	Al Līth, the app's own point (0.8 km from KACST's), against Al Lith 2026
archive/tables/pinned/sa-ummalqura-cities/2026-10-09/al-lith-2027.txt	sa.ummalqura/al-lith	20.14804	40.27224	Asia/Riyadh	F+E S D A M I	daily	standard	test	Al Līth, the app's own point (0.8 km from KACST's), against Al Lith 2027
archive/tables/pinned/sa-ummalqura-cities/2026-10-09/abu-arish-2026.txt	sa.ummalqura/abu-arish	16.96887	42.83251	Asia/Riyadh	F+E S D A M I	daily	standard	test	Abū ‘Arīsh, the app's own point (0.3 km from KACST's), against Abu Arish 2026
archive/tables/pinned/sa-ummalqura-cities/2026-10-09/abu-arish-2027.txt	sa.ummalqura/abu-arish	16.96887	42.83251	Asia/Riyadh	F+E S D A M I	daily	standard	test	Abū ‘Arīsh, the app's own point (0.3 km from KACST's), against Abu Arish 2027
archive/tables/round/data-umm-al-qura/off-uq-dammam.txt	sa.ummalqura/dammam	26.48345	50.04849	Asia/Riyadh	F+E S D A M I	daily	standard	test	Sayhāt, the app's own point (7.0 km from KACST's), against Dammam 2025–2027
archive/tables/round/data-umm-al-qura/off-uq-turaif.txt	sa.ummalqura/turaif	31.672	38.663	Asia/Riyadh	F+E S D A M I	daily	standard	test	Ţurayf, the app's own point (0.9 km from KACST's), against Turaif 2024 and 2026–2030
archive/tables/pinned/sa-ummalqura/2026-10-03/turaif-2027.txt	sa.ummalqura/turaif	31.672	38.663	Asia/Riyadh	F+E S D A M I	daily	standard	test	Ţurayf, the app's own point (0.9 km from KACST's), against Turaif 2027
archive/tables/pinned/sa-ummalqura-cities/2026-10-09/hafar-al-batin-2026.txt	sa.ummalqura/hafar-al-batin	28.45	45.96667	Asia/Riyadh	F+E S D A M I	daily	standard	test	King Faisal Military City, the app's own point (5.6 km from KACST's), against Hafar Al Batin 2026
archive/tables/pinned/sa-ummalqura-cities/2026-10-09/hafar-al-batin-2027.txt	sa.ummalqura/hafar-al-batin	28.45	45.96667	Asia/Riyadh	F+E S D A M I	daily	standard	test	King Faisal Military City, the app's own point (5.6 km from KACST's), against Hafar Al Batin 2027
archive/tables/pinned/sa-ummalqura-cities/2026-10-09/ras-tanura-2026.txt	sa.ummalqura/ras-tanura	26.70742	50.06735	Asia/Riyadh	F+E S D A M I	daily	standard	test	Ras Tanura, the app's own point (0.4 km from KACST's), against Ras Tanura 2026
archive/tables/pinned/sa-ummalqura-cities/2026-10-09/ras-tanura-2027.txt	sa.ummalqura/ras-tanura	26.70742	50.06735	Asia/Riyadh	F+E S D A M I	daily	standard	test	Ras Tanura, the app's own point (0.4 km from KACST's), against Ras Tanura 2027
archive/tables/pinned/sa-ummalqura-cities/2026-10-09/ad-diriyah-2026.txt	sa.ummalqura/ad-diriyah	24.75187	46.53874	Asia/Riyadh	F+E S D A M I	daily	standard	test	Ad Dir‘īyah, the app's own point (4.4 km from KACST's), against Ad Diriyah 2026
archive/tables/pinned/sa-ummalqura-cities/2026-10-09/ad-diriyah-2027.txt	sa.ummalqura/ad-diriyah	24.75187	46.53874	Asia/Riyadh	F+E S D A M I	daily	standard	test	Ad Dir‘īyah, the app's own point (4.4 km from KACST's), against Ad Diriyah 2027
archive/tables/pinned/sa-ummalqura-cities/2026-10-09/khafji-2026.txt	sa.ummalqura/khafji	28.43905	48.49132	Asia/Riyadh	F+E S D A M I	daily	standard	test	Al Khafjī, the app's own point (2.1 km from KACST's), against Khafji 2026
archive/tables/pinned/sa-ummalqura-cities/2026-10-09/khafji-2027.txt	sa.ummalqura/khafji	28.43905	48.49132	Asia/Riyadh	F+E S D A M I	daily	standard	test	Al Khafjī, the app's own point (2.1 km from KACST's), against Khafji 2027
archive/tables/pinned/sa-ummalqura-cities/2026-10-09/baljurashi-2026.txt	sa.ummalqura/baljurashi	19.85944	41.55722	Asia/Riyadh	F+E S D A M I	daily	standard	test	Baljurashi, the app's own point (1.3 km from KACST's), against Baljurashi 2026
archive/tables/pinned/sa-ummalqura-cities/2026-10-09/baljurashi-2027.txt	sa.ummalqura/baljurashi	19.85944	41.55722	Asia/Riyadh	F+E S D A M I	daily	standard	test	Baljurashi, the app's own point (1.3 km from KACST's), against Baljurashi 2027
archive/tables/pinned/sa-ummalqura-cities/2026-10-09/al-badayea-2026.txt	sa.ummalqura/al-badayea	25.98546	43.73659	Asia/Riyadh	F+E S D A M I	daily	standard	test	Al Badā’i‘ al Wusţá, the app's own point (1.7 km from KACST's), against Al Badayea 2026
archive/tables/pinned/sa-ummalqura-cities/2026-10-09/al-badayea-2027.txt	sa.ummalqura/al-badayea	25.98546	43.73659	Asia/Riyadh	F+E S D A M I	daily	standard	test	Al Badā’i‘ al Wusţá, the app's own point (1.7 km from KACST's), against Al Badayea 2027
archive/tables/pinned/sa-ummalqura-cities/2026-10-09/ranyah-2026.txt	sa.ummalqura/ranyah	21.2504	42.84751	Asia/Riyadh	F+E S D A M I	daily	standard	test	Ranyah, the app's own point (4.4 km from KACST's), against Ranyah 2026
archive/tables/pinned/sa-ummalqura-cities/2026-10-09/ranyah-2027.txt	sa.ummalqura/ranyah	21.2504	42.84751	Asia/Riyadh	F+E S D A M I	daily	standard	test	Ranyah, the app's own point (4.4 km from KACST's), against Ranyah 2027
archive/tables/pinned/sa-ummalqura-cities/2026-10-09/al-qatif-2026.txt	sa.ummalqura/al-qatif	26.6497	49.95522	Asia/Riyadh	F+E S D A M I	daily	standard	test	Şafwá, the app's own point (10.9 km from KACST's), against Al Qatif 2026
archive/tables/pinned/sa-ummalqura-cities/2026-10-09/al-qatif-2027.txt	sa.ummalqura/al-qatif	26.6497	49.95522	Asia/Riyadh	F+E S D A M I	daily	standard	test	Şafwá, the app's own point (10.9 km from KACST's), against Al Qatif 2027
archive/tables/pinned/sa-ummalqura-cities/2026-10-09/afif-2026.txt	sa.ummalqura/afif	23.9065	42.91724	Asia/Riyadh	F+E S D A M I	daily	standard	test	Afif, the app's own point (0.5 km from KACST's), against Afif 2026
archive/tables/pinned/sa-ummalqura-cities/2026-10-09/afif-2027.txt	sa.ummalqura/afif	23.9065	42.91724	Asia/Riyadh	F+E S D A M I	daily	standard	test	Afif, the app's own point (0.5 km from KACST's), against Afif 2027
archive/tables/pinned/sa-ummalqura-cities/2026-10-09/al-bukayriyah-2026.txt	sa.ummalqura/al-bukayriyah	26.13915	43.65782	Asia/Riyadh	F+E S D A M I	daily	standard	test	Al Bukayrīyah, the app's own point (1.7 km from KACST's), against Al Bukayriyah 2026
archive/tables/pinned/sa-ummalqura-cities/2026-10-09/al-bukayriyah-2027.txt	sa.ummalqura/al-bukayriyah	26.13915	43.65782	Asia/Riyadh	F+E S D A M I	daily	standard	test	Al Bukayrīyah, the app's own point (1.7 km from KACST's), against Al Bukayriyah 2027
archive/tables/pinned/sa-ummalqura-cities/2026-10-09/ad-diriyah-2026.txt	sa.ummalqura/ad-diriyah	24.68029	46.61109	Asia/Riyadh	F+E S D A M I	daily	standard	test	‘Irqah, the app's own point (7.3 km from KACST's), against Ad Diriyah 2026
archive/tables/pinned/sa-ummalqura-cities/2026-10-09/ad-diriyah-2027.txt	sa.ummalqura/ad-diriyah	24.68029	46.61109	Asia/Riyadh	F+E S D A M I	daily	standard	test	‘Irqah, the app's own point (7.3 km from KACST's), against Ad Diriyah 2027
archive/tables/pinned/sa-ummalqura-cities/2026-10-09/ras-tanura-2026.txt	sa.ummalqura/ras-tanura	26.70791	50.06194	Asia/Riyadh	F+E S D A M I	daily	standard	test	Raḩīmah, the app's own point (0.8 km from KACST's), against Ras Tanura 2026
archive/tables/pinned/sa-ummalqura-cities/2026-10-09/ras-tanura-2027.txt	sa.ummalqura/ras-tanura	26.70791	50.06194	Asia/Riyadh	F+E S D A M I	daily	standard	test	Raḩīmah, the app's own point (0.8 km from KACST's), against Ras Tanura 2027
archive/tables/round/data-umm-al-qura/off-uq-turaif.txt	sa.ummalqura/turaif	31.67252	38.66374	Asia/Riyadh	F+E S D A M I	daily	standard	test	Turaif, the app's own point (0.9 km from KACST's), against Turaif 2024 and 2026–2030
archive/tables/pinned/sa-ummalqura/2026-10-03/turaif-2027.txt	sa.ummalqura/turaif	31.67252	38.66374	Asia/Riyadh	F+E S D A M I	daily	standard	test	Turaif, the app's own point (0.9 km from KACST's), against Turaif 2027
archive/tables/pinned/sa-ummalqura-cities/2026-10-09/tubarjal-2026.txt	sa.ummalqura/tubarjal	30.49987	38.21603	Asia/Riyadh	F+E S D A M I	daily	standard	test	Ţubarjal, the app's own point (0.6 km from KACST's), against Tubarjal 2026
archive/tables/pinned/sa-ummalqura-cities/2026-10-09/tubarjal-2027.txt	sa.ummalqura/tubarjal	30.49987	38.21603	Asia/Riyadh	F+E S D A M I	daily	standard	test	Ţubarjal, the app's own point (0.6 km from KACST's), against Tubarjal 2027
archive/tables/pinned/sa-ummalqura-cities/2026-10-09/ad-dilam-2026.txt	sa.ummalqura/ad-dilam	23.99104	47.16181	Asia/Riyadh	F+E S D A M I	daily	standard	test	Ad Dilam, the app's own point (2.5 km from KACST's), against Ad Dilam 2026
archive/tables/pinned/sa-ummalqura-cities/2026-10-09/ad-dilam-2027.txt	sa.ummalqura/ad-dilam	23.99104	47.16181	Asia/Riyadh	F+E S D A M I	daily	standard	test	Ad Dilam, the app's own point (2.5 km from KACST's), against Ad Dilam 2027
archive/tables/pinned/sa-ummalqura-cities/2026-10-09/umluj-2026.txt	sa.ummalqura/umluj	25.02126	37.2685	Asia/Riyadh	F+E S D A M I	daily	standard	test	Umluj, the app's own point (1.3 km from KACST's), against Umluj 2026
archive/tables/pinned/sa-ummalqura-cities/2026-10-09/umluj-2027.txt	sa.ummalqura/umluj	25.02126	37.2685	Asia/Riyadh	F+E S D A M I	daily	standard	test	Umluj, the app's own point (1.3 km from KACST's), against Umluj 2027
archive/tables/pinned/sa-ummalqura-cities/2026-10-09/al-mithnab-2026.txt	sa.ummalqura/al-mithnab	25.86012	44.22228	Asia/Riyadh	F+E S D A M I	daily	standard	test	Al Mithnab, the app's own point (1.6 km from KACST's), against Al Mithnab 2026
archive/tables/pinned/sa-ummalqura-cities/2026-10-09/al-mithnab-2027.txt	sa.ummalqura/al-mithnab	25.86012	44.22228	Asia/Riyadh	F+E S D A M I	daily	standard	test	Al Mithnab, the app's own point (1.6 km from KACST's), against Al Mithnab 2027
archive/tables/pinned/sa-ummalqura-cities/2026-10-09/al-ula-2026.txt	sa.ummalqura/al-ula	26.60853	37.92316	Asia/Riyadh	F+E S D A M I	daily	standard	test	Al-`Ula, the app's own point (7.5 km from KACST's), against Al Ula 2026
archive/tables/pinned/sa-ummalqura-cities/2026-10-09/al-ula-2027.txt	sa.ummalqura/al-ula	26.60853	37.92316	Asia/Riyadh	F+E S D A M I	daily	standard	test	Al-`Ula, the app's own point (7.5 km from KACST's), against Al Ula 2027
archive/tables/pinned/sa-ummalqura-cities/2026-10-09/shagra-2026.txt	sa.ummalqura/shagra	25.24019	45.25104	Asia/Riyadh	F+E S D A M I	daily	standard	test	Shaqra, the app's own point (2.4 km from KACST's), against Shagra 2026
archive/tables/pinned/sa-ummalqura-cities/2026-10-09/shagra-2027.txt	sa.ummalqura/shagra	25.24019	45.25104	Asia/Riyadh	F+E S D A M I	daily	standard	test	Shaqra, the app's own point (2.4 km from KACST's), against Shagra 2027
archive/tables/pinned/sa-ummalqura-cities/2026-10-09/howtat-bani-tamim-2026.txt	sa.ummalqura/howtat-bani-tamim	23.49598	46.87801	Asia/Riyadh	F+E S D A M I	daily	standard	test	Ḥawṭah Banī Tamīm, the app's own point (2.0 km from KACST's), against Howtat Bani Tamim 2026
archive/tables/pinned/sa-ummalqura-cities/2026-10-09/howtat-bani-tamim-2027.txt	sa.ummalqura/howtat-bani-tamim	23.49598	46.87801	Asia/Riyadh	F+E S D A M I	daily	standard	test	Ḥawṭah Banī Tamīm, the app's own point (2.0 km from KACST's), against Howtat Bani Tamim 2027
archive/tables/pinned/sa-ummalqura-cities/2026-10-09/fayfa-2026.txt	sa.ummalqura/fayfa	17.2806	43.13735	Asia/Riyadh	F+E S D A M I	daily	standard	test	Fayfā’, the app's own point (4.9 km from KACST's), against Fayfa 2026
archive/tables/pinned/sa-ummalqura-cities/2026-10-09/fayfa-2027.txt	sa.ummalqura/fayfa	17.2806	43.13735	Asia/Riyadh	F+E S D A M I	daily	standard	test	Fayfā’, the app's own point (4.9 km from KACST's), against Fayfa 2027
archive/tables/pinned/sa-ummalqura-cities/2026-10-09/layla-2026.txt	sa.ummalqura/layla	22.29206	46.72376	Asia/Riyadh	F+E S D A M I	daily	standard	test	Laylá, the app's own point (0.6 km from KACST's), against Layla 2026
archive/tables/pinned/sa-ummalqura-cities/2026-10-09/layla-2027.txt	sa.ummalqura/layla	22.29206	46.72376	Asia/Riyadh	F+E S D A M I	daily	standard	test	Laylá, the app's own point (0.6 km from KACST's), against Layla 2027
archive/tables/pinned/sa-ummalqura-cities/2026-10-09/abqaiq-2026.txt	sa.ummalqura/abqaiq	25.93402	49.6688	Asia/Riyadh	F+E S D A M I	daily	standard	test	Abqaiq, the app's own point (1.0 km from KACST's), against Abqaiq 2026
archive/tables/pinned/sa-ummalqura-cities/2026-10-09/abqaiq-2027.txt	sa.ummalqura/abqaiq	25.93402	49.6688	Asia/Riyadh	F+E S D A M I	daily	standard	test	Abqaiq, the app's own point (1.0 km from KACST's), against Abqaiq 2027
archive/tables/pinned/sa-ummalqura-cities/2026-10-09/al-khurma-2026.txt	sa.ummalqura/al-khurma	21.91149	42.03092	Asia/Riyadh	F+E S D A M I	daily	standard	test	Al Khurmah, the app's own point (1.1 km from KACST's), against Al Khurma 2026
archive/tables/pinned/sa-ummalqura-cities/2026-10-09/al-khurma-2027.txt	sa.ummalqura/al-khurma	21.91149	42.03092	Asia/Riyadh	F+E S D A M I	daily	standard	test	Al Khurmah, the app's own point (1.1 km from KACST's), against Al Khurma 2027
archive/tables/pinned/sa-ummalqura-cities/2026-10-09/badr-2026.txt	sa.ummalqura/badr	23.78292	38.79047	Asia/Riyadh	F+E S D A M I	daily	standard	test	Badr Ḩunayn, the app's own point (1.0 km from KACST's), against Badr 2026
archive/tables/pinned/sa-ummalqura-cities/2026-10-09/badr-2027.txt	sa.ummalqura/badr	23.78292	38.79047	Asia/Riyadh	F+E S D A M I	daily	standard	test	Badr Ḩunayn, the app's own point (1.0 km from KACST's), against Badr 2027
archive/tables/pinned/sa-ummalqura-cities/2026-10-09/thuwal-2026.txt	sa.ummalqura/thuwal	22.28272	39.11245	Asia/Riyadh	F+E S D A M I	daily	standard	test	Thuwal, the app's own point (0.8 km from KACST's), against Thuwal 2026
archive/tables/pinned/sa-ummalqura-cities/2026-10-09/thuwal-2027.txt	sa.ummalqura/thuwal	22.28272	39.11245	Asia/Riyadh	F+E S D A M I	daily	standard	test	Thuwal, the app's own point (0.8 km from KACST's), against Thuwal 2027
archive/tables/pinned/sa-ummalqura-cities/2026-10-09/samtah-2026.txt	sa.ummalqura/samtah	16.59601	42.94435	Asia/Riyadh	F+E S D A M I	daily	standard	test	Şāmitah, the app's own point (0.8 km from KACST's), against Samtah 2026
archive/tables/pinned/sa-ummalqura-cities/2026-10-09/samtah-2027.txt	sa.ummalqura/samtah	16.59601	42.94435	Asia/Riyadh	F+E S D A M I	daily	standard	test	Şāmitah, the app's own point (0.8 km from KACST's), against Samtah 2027
archive/tables/pinned/sa-ummalqura-cities/2026-10-09/al-wajh-2026.txt	sa.ummalqura/al-wajh	26.23094	36.46492	Asia/Riyadh	F+E S D A M I	daily	standard	test	Al Wajh, the app's own point (0.5 km from KACST's), against Al Wajh 2026
archive/tables/pinned/sa-ummalqura-cities/2026-10-09/al-wajh-2027.txt	sa.ummalqura/al-wajh	26.23094	36.46492	Asia/Riyadh	F+E S D A M I	daily	standard	test	Al Wajh, the app's own point (0.5 km from KACST's), against Al Wajh 2027
archive/tables/pinned/sa-ummalqura-cities/2026-10-09/al-qatif-2026.txt	sa.ummalqura/al-qatif	26.59144	49.97951	Asia/Riyadh	F+E S D A M I	daily	standard	test	Al ‘Awwāmīyah, the app's own point (4.0 km from KACST's), against Al Qatif 2026
archive/tables/pinned/sa-ummalqura-cities/2026-10-09/al-qatif-2027.txt	sa.ummalqura/al-qatif	26.59144	49.97951	Asia/Riyadh	F+E S D A M I	daily	standard	test	Al ‘Awwāmīyah, the app's own point (4.0 km from KACST's), against Al Qatif 2027
archive/tables/pinned/sa-ummalqura-cities/2026-10-09/damad-2026.txt	sa.ummalqura/damad	17.10426	42.78155	Asia/Riyadh	F+E S D A M I	daily	standard	test	Ḑamad, the app's own point (0.5 km from KACST's), against Damad 2026
archive/tables/pinned/sa-ummalqura-cities/2026-10-09/damad-2027.txt	sa.ummalqura/damad	17.10426	42.78155	Asia/Riyadh	F+E S D A M I	daily	standard	test	Ḑamad, the app's own point (0.5 km from KACST's), against Damad 2027
archive/tables/round/data-umm-al-qura/off-uq-haql.txt	sa.ummalqura/haql	29.28627	34.94687	Asia/Riyadh	F+E S D A M I	daily	standard	test	Ḩaql, the app's own point (1.6 km from KACST's), against Haql 2026
archive/tables/pinned/sa-ummalqura/2026-10-03/haql-2027.txt	sa.ummalqura/haql	29.28627	34.94687	Asia/Riyadh	F+E S D A M I	daily	standard	test	Ḩaql, the app's own point (1.6 km from KACST's), against Haql 2027
archive/tables/pinned/sa-ummalqura-cities/2026-10-09/riyadh-al-khabra-2026.txt	sa.ummalqura/riyadh-al-khabra	26.06672	43.55344	Asia/Riyadh	F+E S D A M I	daily	standard	test	Riyāḑ al Khabrā’, the app's own point (3.0 km from KACST's), against Riyadh Al Khabra 2026
archive/tables/pinned/sa-ummalqura-cities/2026-10-09/riyadh-al-khabra-2027.txt	sa.ummalqura/riyadh-al-khabra	26.06672	43.55344	Asia/Riyadh	F+E S D A M I	daily	standard	test	Riyāḑ al Khabrā’, the app's own point (3.0 km from KACST's), against Riyadh Al Khabra 2027
archive/tables/pinned/sa-ummalqura-cities/2026-10-09/rumah-2026.txt	sa.ummalqura/rumah	25.56395	47.16408	Asia/Riyadh	F+E S D A M I	daily	standard	test	Rumāḩ, the app's own point (0.7 km from KACST's), against Rumah 2026
archive/tables/pinned/sa-ummalqura-cities/2026-10-09/rumah-2027.txt	sa.ummalqura/rumah	25.56395	47.16408	Asia/Riyadh	F+E S D A M I	daily	standard	test	Rumāḩ, the app's own point (0.7 km from KACST's), against Rumah 2027
archive/tables/pinned/sa-ummalqura-cities/2026-10-09/al-namas-2026.txt	sa.ummalqura/al-namas	19.14547	42.12009	Asia/Riyadh	F+E S D A M I	daily	standard	test	An Nimas, the app's own point (2.2 km from KACST's), against Al Namas 2026
archive/tables/pinned/sa-ummalqura-cities/2026-10-09/al-namas-2027.txt	sa.ummalqura/al-namas	19.14547	42.12009	Asia/Riyadh	F+E S D A M I	daily	standard	test	An Nimas, the app's own point (2.2 km from KACST's), against Al Namas 2027
archive/tables/pinned/sa-ummalqura-cities/2026-10-09/as-sulayyil-2026.txt	sa.ummalqura/as-sulayyil	20.46067	45.57792	Asia/Riyadh	F+E S D A M I	daily	standard	test	As Sulayyil, the app's own point (1.3 km from KACST's), against As Sulayyil 2026
archive/tables/pinned/sa-ummalqura-cities/2026-10-09/as-sulayyil-2027.txt	sa.ummalqura/as-sulayyil	20.46067	45.57792	Asia/Riyadh	F+E S D A M I	daily	standard	test	As Sulayyil, the app's own point (1.3 km from KACST's), against As Sulayyil 2027
archive/tables/pinned/sa-ummalqura-cities/2026-10-09/turbah-2026.txt	sa.ummalqura/turbah	21.21406	41.6331	Asia/Riyadh	F+E S D A M I	daily	standard	test	Turabah, the app's own point (2.5 km from KACST's), against Turbah 2026
archive/tables/pinned/sa-ummalqura-cities/2026-10-09/turbah-2027.txt	sa.ummalqura/turbah	21.21406	41.6331	Asia/Riyadh	F+E S D A M I	daily	standard	test	Turabah, the app's own point (2.5 km from KACST's), against Turbah 2027
archive/tables/pinned/sa-ummalqura-cities/2026-10-09/al-jumum-2026.txt	sa.ummalqura/al-jumum	21.61951	39.69659	Asia/Riyadh	F+E S D A M I	daily	standard	test	Al Jumūm, the app's own point (1.2 km from KACST's), against Al Jumum 2026
archive/tables/pinned/sa-ummalqura-cities/2026-10-09/al-jumum-2027.txt	sa.ummalqura/al-jumum	21.61951	39.69659	Asia/Riyadh	F+E S D A M I	daily	standard	test	Al Jumūm, the app's own point (1.2 km from KACST's), against Al Jumum 2027
archive/tables/pinned/sa-ummalqura-cities/2026-10-09/duba-2026.txt	sa.ummalqura/duba	27.35134	35.69014	Asia/Riyadh	F+E S D A M I	daily	standard	test	Duba, the app's own point (0.1 km from KACST's), against Duba 2026
archive/tables/pinned/sa-ummalqura-cities/2026-10-09/duba-2027.txt	sa.ummalqura/duba	27.35134	35.69014	Asia/Riyadh	F+E S D A M I	daily	standard	test	Duba, the app's own point (0.1 km from KACST's), against Duba 2027
archive/tables/pinned/sa-ummalqura-cities/2026-10-09/al-hofuf-2026.txt	sa.ummalqura/al-hofuf	25.36232	49.72757	Asia/Riyadh	F+E S D A M I	daily	standard	test	Aţ Ţaraf, the app's own point (12.6 km from KACST's), against Al Hofuf 2026
archive/tables/pinned/sa-ummalqura-cities/2026-10-09/al-hofuf-2027.txt	sa.ummalqura/al-hofuf	25.36232	49.72757	Asia/Riyadh	F+E S D A M I	daily	standard	test	Aţ Ţaraf, the app's own point (12.6 km from KACST's), against Al Hofuf 2027
archive/tables/pinned/sa-ummalqura-cities/2026-10-09/hafar-al-batin-2026.txt	sa.ummalqura/hafar-al-batin	28.31117	46.12729	Asia/Riyadh	F+E S D A M I	daily	standard	test	Qaisumah, the app's own point (18.3 km from KACST's), against Hafar Al Batin 2026
archive/tables/pinned/sa-ummalqura-cities/2026-10-09/hafar-al-batin-2027.txt	sa.ummalqura/hafar-al-batin	28.31117	46.12729	Asia/Riyadh	F+E S D A M I	daily	standard	test	Qaisumah, the app's own point (18.3 km from KACST's), against Hafar Al Batin 2027
archive/tables/pinned/sa-ummalqura-cities/2026-10-09/mahd-al-thahab-2026.txt	sa.ummalqura/mahd-al-thahab	23.49966	40.88408	Asia/Riyadh	F+E S D A M I	daily	standard	test	Mahd adh Dhahab, the app's own point (2.3 km from KACST's), against Mahd Al Thahab 2026
archive/tables/pinned/sa-ummalqura-cities/2026-10-09/mahd-al-thahab-2027.txt	sa.ummalqura/mahd-al-thahab	23.49966	40.88408	Asia/Riyadh	F+E S D A M I	daily	standard	test	Mahd adh Dhahab, the app's own point (2.3 km from KACST's), against Mahd Al Thahab 2027
archive/tables/pinned/sa-ummalqura-cities/2026-10-09/khulais-2026.txt	sa.ummalqura/khulais	22.15553	39.32015	Asia/Riyadh	F+E S D A M I	daily	standard	test	Khulayş, the app's own point (5.2 km from KACST's), against Khulais 2026
archive/tables/pinned/sa-ummalqura-cities/2026-10-09/khulais-2027.txt	sa.ummalqura/khulais	22.15553	39.32015	Asia/Riyadh	F+E S D A M I	daily	standard	test	Khulayş, the app's own point (5.2 km from KACST's), against Khulais 2027
archive/tables/pinned/sa-ummalqura-cities/2026-10-09/al-qatif-2026.txt	sa.ummalqura/al-qatif	26.51959	50.02715	Asia/Riyadh	F+E S D A M I	daily	standard	test	‘Inak, the app's own point (5.2 km from KACST's), against Al Qatif 2026
archive/tables/pinned/sa-ummalqura-cities/2026-10-09/al-qatif-2027.txt	sa.ummalqura/al-qatif	26.51959	50.02715	Asia/Riyadh	F+E S D A M I	daily	standard	test	‘Inak, the app's own point (5.2 km from KACST's), against Al Qatif 2027
archive/tables/pinned/sa-ummalqura-cities/2026-10-09/sarat-abidah-2026.txt	sa.ummalqura/sarat-abidah	18.089	43.132	Asia/Riyadh	F+E S D A M I	daily	standard	test	Sarāt ‘Abīdah, the app's own point (1.3 km from KACST's), against Sarat Abidah 2026
archive/tables/pinned/sa-ummalqura-cities/2026-10-09/sarat-abidah-2027.txt	sa.ummalqura/sarat-abidah	18.089	43.132	Asia/Riyadh	F+E S D A M I	daily	standard	test	Sarāt ‘Abīdah, the app's own point (1.3 km from KACST's), against Sarat Abidah 2027
archive/tables/pinned/sa-ummalqura-cities/2026-10-09/baqaa-2026.txt	sa.ummalqura/baqaa	27.90647	42.38898	Asia/Riyadh	F+E S D A M I	daily	standard	test	Baq‘ā’, the app's own point (1.3 km from KACST's), against Baqaa 2026
archive/tables/pinned/sa-ummalqura-cities/2026-10-09/baqaa-2027.txt	sa.ummalqura/baqaa	27.90647	42.38898	Asia/Riyadh	F+E S D A M I	daily	standard	test	Baq‘ā’, the app's own point (1.3 km from KACST's), against Baqaa 2027
archive/tables/pinned/sa-ummalqura-cities/2026-10-09/al-aqiq-2026.txt	sa.ummalqura/al-aqiq	20.27358	41.66434	Asia/Riyadh	F+E S D A M I	daily	standard	test	Al ‘Aqīq, the app's own point (0.6 km from KACST's), against Al Aqiq 2026
archive/tables/pinned/sa-ummalqura-cities/2026-10-09/al-aqiq-2027.txt	sa.ummalqura/al-aqiq	20.27358	41.66434	Asia/Riyadh	F+E S D A M I	daily	standard	test	Al ‘Aqīq, the app's own point (0.6 km from KACST's), against Al Aqiq 2027
archive/tables/pinned/sa-ummalqura-cities/2026-10-09/riyadh-al-khabra-2026.txt	sa.ummalqura/riyadh-al-khabra	26.07179	43.62497	Asia/Riyadh	F+E S D A M I	daily	standard	test	Al Khabrā’, the app's own point (8.3 km from KACST's), against Riyadh Al Khabra 2026
archive/tables/pinned/sa-ummalqura-cities/2026-10-09/riyadh-al-khabra-2027.txt	sa.ummalqura/riyadh-al-khabra	26.07179	43.62497	Asia/Riyadh	F+E S D A M I	daily	standard	test	Al Khabrā’, the app's own point (8.3 km from KACST's), against Riyadh Al Khabra 2027
archive/tables/pinned/sa-ummalqura-cities/2026-10-09/al-hofuf-2026.txt	sa.ummalqura/al-hofuf	25.43333	49.63333	Asia/Riyadh	F+E S D A M I	daily	standard	test	Al Baţţālīyah, the app's own point (3.5 km from KACST's), against Al Hofuf 2026
archive/tables/pinned/sa-ummalqura-cities/2026-10-09/al-hofuf-2027.txt	sa.ummalqura/al-hofuf	25.43333	49.63333	Asia/Riyadh	F+E S D A M I	daily	standard	test	Al Baţţālīyah, the app's own point (3.5 km from KACST's), against Al Hofuf 2027
archive/tables/pinned/sa-ummalqura-cities/2026-10-09/al-hofuf-2026.txt	sa.ummalqura/al-hofuf	25.38333	49.66667	Asia/Riyadh	F+E S D A M I	daily	standard	test	Al Munayzilah, the app's own point (6.0 km from KACST's), against Al Hofuf 2026
archive/tables/pinned/sa-ummalqura-cities/2026-10-09/al-hofuf-2027.txt	sa.ummalqura/al-hofuf	25.38333	49.66667	Asia/Riyadh	F+E S D A M I	daily	standard	test	Al Munayzilah, the app's own point (6.0 km from KACST's), against Al Hofuf 2027
archive/tables/pinned/sa-ummalqura-cities/2026-10-09/uyun-al-jawa-2026.txt	sa.ummalqura/uyun-al-jawa	26.49829	43.6312	Asia/Riyadh	F+E S D A M I	daily	standard	test	‘Uyūn al Jiwā’, the app's own point (1.7 km from KACST's), against Uyun Al Jawa 2026
archive/tables/pinned/sa-ummalqura-cities/2026-10-09/uyun-al-jawa-2027.txt	sa.ummalqura/uyun-al-jawa	26.49829	43.6312	Asia/Riyadh	F+E S D A M I	daily	standard	test	‘Uyūn al Jiwā’, the app's own point (1.7 km from KACST's), against Uyun Al Jawa 2027
archive/tables/pinned/sa-ummalqura-cities/2026-10-09/tayma-2026.txt	sa.ummalqura/tayma	27.62233	38.53882	Asia/Riyadh	F+E S D A M I	daily	standard	test	Taymā’, the app's own point (112.2 km from KACST's), against Tayma 2026
archive/tables/pinned/sa-ummalqura-cities/2026-10-09/tayma-2027.txt	sa.ummalqura/tayma	27.62233	38.53882	Asia/Riyadh	F+E S D A M I	daily	standard	test	Taymā’, the app's own point (112.2 km from KACST's), against Tayma 2027
